Entity,Code,Day,Weekly new hospital admissions per million
Belgium,BEL,2020-03-12,2.917
Belgium,BEL,2020-03-13,8.15
Belgium,BEL,2020-03-14,12.955
Belgium,BEL,2020-03-15,18.96
Belgium,BEL,2020-03-16,26.424
Belgium,BEL,2020-03-17,37.148
Belgium,BEL,2020-03-18,51.905
Belgium,BEL,2020-03-19,67.948
Belgium,BEL,2020-03-20,87.938
Belgium,BEL,2020-03-21,110.759
Belgium,BEL,2020-03-22,128.604
Belgium,BEL,2020-03-23,144.047
Belgium,BEL,2020-03-24,169.356
Belgium,BEL,2020-03-25,200.585
Belgium,BEL,2020-03-26,224.693
Belgium,BEL,2020-03-27,249.83
Belgium,BEL,2020-03-28,277.284
Belgium,BEL,2020-03-29,300.191
Belgium,BEL,2020-03-30,318.894
Belgium,BEL,2020-03-31,330.047
Belgium,BEL,2020-04-01,334.851
Belgium,BEL,2020-04-02,341.543
Belgium,BEL,2020-04-03,334.251
Belgium,BEL,2020-04-04,322.24
Belgium,BEL,2020-04-05,306.368
Belgium,BEL,2020-04-06,292.469
Belgium,BEL,2020-04-07,286.035
Belgium,BEL,2020-04-08,274.453
Belgium,BEL,2020-04-09,265.444
Belgium,BEL,2020-04-10,259.353
Belgium,BEL,2020-04-11,249.916
Belgium,BEL,2020-04-12,242.795
Belgium,BEL,2020-04-13,235.932
Belgium,BEL,2020-04-14,216.885
Belgium,BEL,2020-04-15,204.274
Belgium,BEL,2020-04-16,191.062
Belgium,BEL,2020-04-17,180.337
Belgium,BEL,2020-04-18,169.442
Belgium,BEL,2020-04-19,165.152
Belgium,BEL,2020-04-20,160.004
Belgium,BEL,2020-04-21,160.777
Belgium,BEL,2020-04-22,152.112
Belgium,BEL,2020-04-23,142.76
Belgium,BEL,2020-04-24,135.468
Belgium,BEL,2020-04-25,130.148
Belgium,BEL,2020-04-26,121.826
Belgium,BEL,2020-04-27,117.108
Belgium,BEL,2020-04-28,108.786
Belgium,BEL,2020-04-29,106.126
Belgium,BEL,2020-04-30,101.751
Belgium,BEL,2020-05-01,94.287
Belgium,BEL,2020-05-02,83.906
Belgium,BEL,2020-05-03,78.072
Belgium,BEL,2020-05-04,74.898
Belgium,BEL,2020-05-05,71.294
Belgium,BEL,2020-05-06,64.088
Belgium,BEL,2020-05-07,61.428
Belgium,BEL,2020-05-08,56.709
Belgium,BEL,2020-05-09,56.967
Belgium,BEL,2020-05-10,56.967
Belgium,BEL,2020-05-11,53.192
Belgium,BEL,2020-05-12,48.988
Belgium,BEL,2020-05-13,47.444
Belgium,BEL,2020-05-14,42.639
Belgium,BEL,2020-05-15,41.438
Belgium,BEL,2020-05-16,39.465
Belgium,BEL,2020-05-17,38.006
Belgium,BEL,2020-05-18,38.35
Belgium,BEL,2020-05-19,37.063
Belgium,BEL,2020-05-20,36.548
Belgium,BEL,2020-05-21,36.291
Belgium,BEL,2020-05-22,33.888
Belgium,BEL,2020-05-23,33.374
Belgium,BEL,2020-05-24,32.172
Belgium,BEL,2020-05-25,31.057
Belgium,BEL,2020-05-26,29.341
Belgium,BEL,2020-05-27,27.282
Belgium,BEL,2020-05-28,24.28
Belgium,BEL,2020-05-29,23.507
Belgium,BEL,2020-05-30,22.306
Belgium,BEL,2020-05-31,21.877
Belgium,BEL,2020-06-01,21.019
Belgium,BEL,2020-06-02,20.762
Belgium,BEL,2020-06-03,18.102
Belgium,BEL,2020-06-04,18.617
Belgium,BEL,2020-06-05,18.789
Belgium,BEL,2020-06-06,17.159
Belgium,BEL,2020-06-07,16.987
Belgium,BEL,2020-06-08,16.043
Belgium,BEL,2020-06-09,15.014
Belgium,BEL,2020-06-10,14.842
Belgium,BEL,2020-06-11,14.756
Belgium,BEL,2020-06-12,14.327
Belgium,BEL,2020-06-13,13.298
Belgium,BEL,2020-06-14,12.612
Belgium,BEL,2020-06-15,12.097
Belgium,BEL,2020-06-16,12.354
Belgium,BEL,2020-06-17,12.268
Belgium,BEL,2020-06-18,11.239
Belgium,BEL,2020-06-19,10.896
Belgium,BEL,2020-06-20,11.496
Belgium,BEL,2020-06-21,11.153
Belgium,BEL,2020-06-22,11.325
Belgium,BEL,2020-06-23,10.038
Belgium,BEL,2020-06-24,9.78
Belgium,BEL,2020-06-25,9.78
Belgium,BEL,2020-06-26,9.523
Belgium,BEL,2020-06-27,9.351
Belgium,BEL,2020-06-28,8.923
Belgium,BEL,2020-06-29,8.923
Belgium,BEL,2020-06-30,9.351
Belgium,BEL,2020-07-01,8.751
Belgium,BEL,2020-07-02,8.065
Belgium,BEL,2020-07-03,7.035
Belgium,BEL,2020-07-04,7.035
Belgium,BEL,2020-07-05,7.035
Belgium,BEL,2020-07-06,6.692
Belgium,BEL,2020-07-07,6.692
Belgium,BEL,2020-07-08,6.692
Belgium,BEL,2020-07-09,6.52
Belgium,BEL,2020-07-10,6.52
Belgium,BEL,2020-07-11,6.091
Belgium,BEL,2020-07-12,6.091
Belgium,BEL,2020-07-13,6.006
Belgium,BEL,2020-07-14,6.091
Belgium,BEL,2020-07-15,6.263
Belgium,BEL,2020-07-16,6.434
Belgium,BEL,2020-07-17,6.863
Belgium,BEL,2020-07-18,8.236
Belgium,BEL,2020-07-19,9.18
Belgium,BEL,2020-07-20,9.609
Belgium,BEL,2020-07-21,8.837
Belgium,BEL,2020-07-22,9.866
Belgium,BEL,2020-07-23,11.582
Belgium,BEL,2020-07-24,13.555
Belgium,BEL,2020-07-25,13.47
Belgium,BEL,2020-07-26,13.298
Belgium,BEL,2020-07-27,14.499
Belgium,BEL,2020-07-28,17.244
Belgium,BEL,2020-07-29,18.274
Belgium,BEL,2020-07-30,18.017
Belgium,BEL,2020-07-31,16.73
Belgium,BEL,2020-08-01,16.987
Belgium,BEL,2020-08-02,18.102
Belgium,BEL,2020-08-03,18.188
Belgium,BEL,2020-08-04,16.387
Belgium,BEL,2020-08-05,17.673
Belgium,BEL,2020-08-06,17.931
Belgium,BEL,2020-08-07,19.132
Belgium,BEL,2020-08-08,19.904
Belgium,BEL,2020-08-09,19.389
Belgium,BEL,2020-08-10,20.419
Belgium,BEL,2020-08-11,23.164
Belgium,BEL,2020-08-12,21.877
Belgium,BEL,2020-08-13,22.993
Belgium,BEL,2020-08-14,22.993
Belgium,BEL,2020-08-15,23.422
Belgium,BEL,2020-08-16,23.936
Belgium,BEL,2020-08-17,22.22
Belgium,BEL,2020-08-18,20.762
Belgium,BEL,2020-08-19,21.105
Belgium,BEL,2020-08-20,19.732
Belgium,BEL,2020-08-21,19.561
Belgium,BEL,2020-08-22,18.102
Belgium,BEL,2020-08-23,17.159
Belgium,BEL,2020-08-24,16.815
Belgium,BEL,2020-08-25,14.842
Belgium,BEL,2020-08-26,13.298
Belgium,BEL,2020-08-27,12.526
Belgium,BEL,2020-08-28,11.496
Belgium,BEL,2020-08-29,9.952
Belgium,BEL,2020-08-30,9.609
Belgium,BEL,2020-08-31,9.695
Belgium,BEL,2020-09-01,11.067
Belgium,BEL,2020-09-02,11.496
Belgium,BEL,2020-09-03,10.81
Belgium,BEL,2020-09-04,11.067
Belgium,BEL,2020-09-05,11.754
Belgium,BEL,2020-09-06,12.011
Belgium,BEL,2020-09-07,12.697
Belgium,BEL,2020-09-08,13.899
Belgium,BEL,2020-09-09,13.727
Belgium,BEL,2020-09-10,15.1
Belgium,BEL,2020-09-11,15.872
Belgium,BEL,2020-09-12,17.502
Belgium,BEL,2020-09-13,19.561
Belgium,BEL,2020-09-14,20.247
Belgium,BEL,2020-09-15,20.934
Belgium,BEL,2020-09-16,22.821
Belgium,BEL,2020-09-17,24.537
Belgium,BEL,2020-09-18,26.853
Belgium,BEL,2020-09-19,28.827
Belgium,BEL,2020-09-20,29.599
Belgium,BEL,2020-09-21,31.915
Belgium,BEL,2020-09-22,34.146
Belgium,BEL,2020-09-23,36.548
Belgium,BEL,2020-09-24,40.323
Belgium,BEL,2020-09-25,41.696
Belgium,BEL,2020-09-26,41.352
Belgium,BEL,2020-09-27,41.438
Belgium,BEL,2020-09-28,42.553
Belgium,BEL,2020-09-29,43.84
Belgium,BEL,2020-09-30,45.127
Belgium,BEL,2020-10-01,44.87
Belgium,BEL,2020-10-02,44.956
Belgium,BEL,2020-10-03,47.101
Belgium,BEL,2020-10-04,50.532
Belgium,BEL,2020-10-05,51.991
Belgium,BEL,2020-10-06,53.878
Belgium,BEL,2020-10-07,58.683
Belgium,BEL,2020-10-08,62.2
Belgium,BEL,2020-10-09,68.72
Belgium,BEL,2020-10-10,76.099
Belgium,BEL,2020-10-11,80.388
Belgium,BEL,2020-10-12,87.938
Belgium,BEL,2020-10-13,97.461
Belgium,BEL,2020-10-14,107.842
Belgium,BEL,2020-10-15,121.655
Belgium,BEL,2020-10-16,130.32
Belgium,BEL,2020-10-17,147.479
Belgium,BEL,2020-10-18,158.632
Belgium,BEL,2020-10-19,166.782
Belgium,BEL,2020-10-20,184.284
Belgium,BEL,2020-10-21,198.955
Belgium,BEL,2020-10-22,218.516
Belgium,BEL,2020-10-23,249.83
Belgium,BEL,2020-10-24,270.849
Belgium,BEL,2020-10-25,292.984
Belgium,BEL,2020-10-26,316.234
Belgium,BEL,2020-10-27,340.17
Belgium,BEL,2020-10-28,367.796
Belgium,BEL,2020-10-29,382.209
Belgium,BEL,2020-10-30,393.448
Belgium,BEL,2020-10-31,401.77
Belgium,BEL,2020-11-01,405.974
Belgium,BEL,2020-11-02,411.722
Belgium,BEL,2020-11-03,428.194
Belgium,BEL,2020-11-04,420.988
Belgium,BEL,2020-11-05,411.465
Belgium,BEL,2020-11-06,399.282
Belgium,BEL,2020-11-07,382.895
Belgium,BEL,2020-11-08,368.911
Belgium,BEL,2020-11-09,354.412
Belgium,BEL,2020-11-10,330.304
Belgium,BEL,2020-11-11,320.867
Belgium,BEL,2020-11-12,306.883
Belgium,BEL,2020-11-13,300.019
Belgium,BEL,2020-11-14,295.301
Belgium,BEL,2020-11-15,285.863
Belgium,BEL,2020-11-16,272.308
Belgium,BEL,2020-11-17,251.889
Belgium,BEL,2020-11-18,234.13
Belgium,BEL,2020-11-19,229.754
Belgium,BEL,2020-11-20,212.338
Belgium,BEL,2020-11-21,195.18
Belgium,BEL,2020-11-22,187.458
Belgium,BEL,2020-11-23,181.11
Belgium,BEL,2020-11-24,174.675
Belgium,BEL,2020-11-25,168.412
Belgium,BEL,2020-11-26,159.318
Belgium,BEL,2020-11-27,151.683
Belgium,BEL,2020-11-28,148.594
Belgium,BEL,2020-11-29,142.932
Belgium,BEL,2020-11-30,135.382
Belgium,BEL,2020-12-01,127.06
Belgium,BEL,2020-12-02,123.028
Belgium,BEL,2020-12-03,117.794
Belgium,BEL,2020-12-04,116.679
Belgium,BEL,2020-12-05,116.765
Belgium,BEL,2020-12-06,116.936
Belgium,BEL,2020-12-07,118.995
Belgium,BEL,2020-12-08,119.596
Belgium,BEL,2020-12-09,115.049
Belgium,BEL,2020-12-10,115.993
Belgium,BEL,2020-12-11,112.818
Belgium,BEL,2020-12-12,109.301
Belgium,BEL,2020-12-13,112.389
Belgium,BEL,2020-12-14,110.502
Belgium,BEL,2020-12-15,111.36
Belgium,BEL,2020-12-16,112.732
Belgium,BEL,2020-12-17,112.818
Belgium,BEL,2020-12-18,114.277
Belgium,BEL,2020-12-19,115.392
Belgium,BEL,2020-12-20,110.759
Belgium,BEL,2020-12-21,111.96
Belgium,BEL,2020-12-22,111.445
Belgium,BEL,2020-12-23,110.502
Belgium,BEL,2020-12-24,110.759
Belgium,BEL,2020-12-25,106.469
Belgium,BEL,2020-12-26,97.633
Belgium,BEL,2020-12-27,99.778
Belgium,BEL,2020-12-28,100.721
Belgium,BEL,2020-12-29,99.778
Belgium,BEL,2020-12-30,97.118
Belgium,BEL,2020-12-31,91.456
Belgium,BEL,2021-01-01,91.37
Belgium,BEL,2021-01-02,92.657
Belgium,BEL,2021-01-03,90.855
Belgium,BEL,2021-01-04,87.423
Belgium,BEL,2021-01-05,82.362
Belgium,BEL,2021-01-06,81.16
Belgium,BEL,2021-01-07,82.104
Belgium,BEL,2021-01-08,81.332
Belgium,BEL,2021-01-09,83.648
Belgium,BEL,2021-01-10,79.187
Belgium,BEL,2021-01-11,77.815
Belgium,BEL,2021-01-12,76.957
Belgium,BEL,2021-01-13,76.699
Belgium,BEL,2021-01-14,74.726
Belgium,BEL,2021-01-15,74.812
Belgium,BEL,2021-01-16,72.581
Belgium,BEL,2021-01-17,72.066
Belgium,BEL,2021-01-18,73.01
Belgium,BEL,2021-01-19,77.128
Belgium,BEL,2021-01-20,77.3
Belgium,BEL,2021-01-21,78.587
Belgium,BEL,2021-01-22,79.959
Belgium,BEL,2021-01-23,82.705
Belgium,BEL,2021-01-24,85.021
Belgium,BEL,2021-01-25,83.906
Belgium,BEL,2021-01-26,80.989
Belgium,BEL,2021-01-27,79.016
Belgium,BEL,2021-01-28,78.158
Belgium,BEL,2021-01-29,74.812
Belgium,BEL,2021-01-30,74.297
Belgium,BEL,2021-01-31,71.809
Belgium,BEL,2021-02-01,74.898
Belgium,BEL,2021-02-02,73.954
Belgium,BEL,2021-02-03,75.755
Belgium,BEL,2021-02-04,76.013
Belgium,BEL,2021-02-05,78.158
Belgium,BEL,2021-02-06,76.957
Belgium,BEL,2021-02-07,79.616
Belgium,BEL,2021-02-08,74.812
Belgium,BEL,2021-02-09,76.613
Belgium,BEL,2021-02-10,75.755
Belgium,BEL,2021-02-11,75.412
Belgium,BEL,2021-02-12,74.383
Belgium,BEL,2021-02-13,73.01
Belgium,BEL,2021-02-14,71.552
Belgium,BEL,2021-02-15,72.581
Belgium,BEL,2021-02-16,71.037
Belgium,BEL,2021-02-17,71.809
Belgium,BEL,2021-02-18,72.238
Belgium,BEL,2021-02-19,71.637
Belgium,BEL,2021-02-20,72.066
Belgium,BEL,2021-02-21,71.809
Belgium,BEL,2021-02-22,74.469
Belgium,BEL,2021-02-23,75.327
Belgium,BEL,2021-02-24,76.099
Belgium,BEL,2021-02-25,76.099
Belgium,BEL,2021-02-26,82.876
Belgium,BEL,2021-02-27,86.651
Belgium,BEL,2021-02-28,89.997
Belgium,BEL,2021-03-01,89.311
Belgium,BEL,2021-03-02,91.112
Belgium,BEL,2021-03-03,91.284
Belgium,BEL,2021-03-04,93.772
Belgium,BEL,2021-03-05,89.311
Belgium,BEL,2021-03-06,88.024
Belgium,BEL,2021-03-07,87.595
Belgium,BEL,2021-03-08,88.11
Belgium,BEL,2021-03-09,90.34
Belgium,BEL,2021-03-10,90.512
Belgium,BEL,2021-03-11,87.767
Belgium,BEL,2021-03-12,89.311
Belgium,BEL,2021-03-13,93.944
Belgium,BEL,2021-03-14,97.118
Belgium,BEL,2021-03-15,100.292
Belgium,BEL,2021-03-16,100.807
Belgium,BEL,2021-03-17,105.354
Belgium,BEL,2021-03-18,111.274
Belgium,BEL,2021-03-19,112.303
Belgium,BEL,2021-03-20,116.421
Belgium,BEL,2021-03-21,118.652
Belgium,BEL,2021-03-22,123.028
Belgium,BEL,2021-03-23,129.376
Belgium,BEL,2021-03-24,133.151
Belgium,BEL,2021-03-25,136.068
Belgium,BEL,2021-03-26,138.299
Belgium,BEL,2021-03-27,142.846
Belgium,BEL,2021-03-28,145.248
Belgium,BEL,2021-03-29,145.076
Belgium,BEL,2021-03-30,148.251
Belgium,BEL,2021-03-31,153.227
Belgium,BEL,2021-04-01,157.345
Belgium,BEL,2021-04-02,164.895
Belgium,BEL,2021-04-03,161.72
Belgium,BEL,2021-04-04,158.117
Belgium,BEL,2021-04-05,160.777
Belgium,BEL,2021-04-06,153.57
Belgium,BEL,2021-04-07,155.629
Belgium,BEL,2021-04-08,152.197
Belgium,BEL,2021-04-09,150.396
Belgium,BEL,2021-04-10,150.052
Belgium,BEL,2021-04-11,152.712
Belgium,BEL,2021-04-12,152.283
Belgium,BEL,2021-04-13,155.028
Belgium,BEL,2021-04-14,145.076
Belgium,BEL,2021-04-15,144.133
Belgium,BEL,2021-04-16,141.902
Belgium,BEL,2021-04-17,141.044
Belgium,BEL,2021-04-18,140.958
Belgium,BEL,2021-04-19,139.671
Belgium,BEL,2021-04-20,142.76
Belgium,BEL,2021-04-21,145.076
Belgium,BEL,2021-04-22,144.39
Belgium,BEL,2021-04-23,142.074
Belgium,BEL,2021-04-24,140.615
Belgium,BEL,2021-04-25,137.269
Belgium,BEL,2021-04-26,132.636
Belgium,BEL,2021-04-27,126.459
Belgium,BEL,2021-04-28,123.542
Belgium,BEL,2021-04-29,121.398
Belgium,BEL,2021-04-30,118.738
Belgium,BEL,2021-05-01,115.907
Belgium,BEL,2021-05-02,115.821
Belgium,BEL,2021-05-03,115.564
Belgium,BEL,2021-05-04,112.132
Belgium,BEL,2021-05-05,108.185
Belgium,BEL,2021-05-06,102.952
Belgium,BEL,2021-05-07,100.55
Belgium,BEL,2021-05-08,97.89
Belgium,BEL,2021-05-09,97.719
Belgium,BEL,2021-05-10,96.088
Belgium,BEL,2021-05-11,93.944
Belgium,BEL,2021-05-12,92.571
Belgium,BEL,2021-05-13,92.485
Belgium,BEL,2021-05-14,87.252
Belgium,BEL,2021-05-15,87.595
Belgium,BEL,2021-05-16,82.962
Belgium,BEL,2021-05-17,79.959
Belgium,BEL,2021-05-18,76.957
Belgium,BEL,2021-05-19,76.356
Belgium,BEL,2021-05-20,74.383
Belgium,BEL,2021-05-21,76.528
Belgium,BEL,2021-05-22,72.667
Belgium,BEL,2021-05-23,71.208
Belgium,BEL,2021-05-24,69.235
Belgium,BEL,2021-05-25,65.718
Belgium,BEL,2021-05-26,63.058
Belgium,BEL,2021-05-27,60.484
Belgium,BEL,2021-05-28,56.709
Belgium,BEL,2021-05-29,54.05
Belgium,BEL,2021-05-30,52.42
Belgium,BEL,2021-05-31,50.704
Belgium,BEL,2021-06-01,50.875
Belgium,BEL,2021-06-02,48.387
Belgium,BEL,2021-06-03,47.015
Belgium,BEL,2021-06-04,46.243
Belgium,BEL,2021-06-05,44.87
Belgium,BEL,2021-06-06,42.897
Belgium,BEL,2021-06-07,41.696
Belgium,BEL,2021-06-08,40.065
Belgium,BEL,2021-06-09,38.693
Belgium,BEL,2021-06-10,36.376
Belgium,BEL,2021-06-11,34.06
Belgium,BEL,2021-06-12,31.4
Belgium,BEL,2021-06-13,29.599
Belgium,BEL,2021-06-14,29.427
Belgium,BEL,2021-06-15,27.025
Belgium,BEL,2021-06-16,23.765
Belgium,BEL,2021-06-17,22.478
Belgium,BEL,2021-06-18,20.934
Belgium,BEL,2021-06-19,19.904
Belgium,BEL,2021-06-20,20.161
Belgium,BEL,2021-06-21,19.046
Belgium,BEL,2021-06-22,17.244
Belgium,BEL,2021-06-23,17.416
Belgium,BEL,2021-06-24,17.159
Belgium,BEL,2021-06-25,15.958
Belgium,BEL,2021-06-26,15.185
Belgium,BEL,2021-06-27,13.813
Belgium,BEL,2021-06-28,12.783
Belgium,BEL,2021-06-29,12.268
Belgium,BEL,2021-06-30,10.982
Belgium,BEL,2021-07-01,9.008
Belgium,BEL,2021-07-02,9.609
Belgium,BEL,2021-07-03,9.008
Belgium,BEL,2021-07-04,9.351
Belgium,BEL,2021-07-05,9.008
Belgium,BEL,2021-07-06,9.523
Belgium,BEL,2021-07-07,10.724
Belgium,BEL,2021-07-08,10.724
Belgium,BEL,2021-07-09,10.553
Belgium,BEL,2021-07-10,10.467
Belgium,BEL,2021-07-11,10.124
Belgium,BEL,2021-07-12,10.467
Belgium,BEL,2021-07-13,10.81
Belgium,BEL,2021-07-14,10.295
Belgium,BEL,2021-07-15,12.183
Belgium,BEL,2021-07-16,12.783
Belgium,BEL,2021-07-17,13.813
Belgium,BEL,2021-07-18,14.499
Belgium,BEL,2021-07-19,15.529
Belgium,BEL,2021-07-20,15.7
Belgium,BEL,2021-07-21,16.215
Belgium,BEL,2021-07-22,16.129
Belgium,BEL,2021-07-23,16.129
Belgium,BEL,2021-07-24,16.644
Belgium,BEL,2021-07-25,17.244
Belgium,BEL,2021-07-26,17.073
Belgium,BEL,2021-07-27,17.845
Belgium,BEL,2021-07-28,19.132
Belgium,BEL,2021-07-29,19.904
Belgium,BEL,2021-07-30,19.904
Belgium,BEL,2021-07-31,20.59
Belgium,BEL,2021-08-01,21.534
Belgium,BEL,2021-08-02,22.907
Belgium,BEL,2021-08-03,23.336
Belgium,BEL,2021-08-04,23.078
Belgium,BEL,2021-08-05,23.164
Belgium,BEL,2021-08-06,24.537
Belgium,BEL,2021-08-07,25.395
Belgium,BEL,2021-08-08,25.995
Belgium,BEL,2021-08-09,26.853
Belgium,BEL,2021-08-10,28.569
Belgium,BEL,2021-08-11,28.998
Belgium,BEL,2021-08-12,30.714
Belgium,BEL,2021-08-13,32.687
Belgium,BEL,2021-08-14,32.773
Belgium,BEL,2021-08-15,32.945
Belgium,BEL,2021-08-16,32.773
Belgium,BEL,2021-08-17,34.489
Belgium,BEL,2021-08-18,36.291
Belgium,BEL,2021-08-19,36.462
Belgium,BEL,2021-08-20,35.004
Belgium,BEL,2021-08-21,35.604
Belgium,BEL,2021-08-22,35.604
Belgium,BEL,2021-08-23,36.462
Belgium,BEL,2021-08-24,35.604
Belgium,BEL,2021-08-25,34.832
Belgium,BEL,2021-08-26,34.575
Belgium,BEL,2021-08-27,35.347
Belgium,BEL,2021-08-28,36.119
Belgium,BEL,2021-08-29,36.119
Belgium,BEL,2021-08-30,36.033
Belgium,BEL,2021-08-31,36.805
Belgium,BEL,2021-09-01,37.577
Belgium,BEL,2021-09-02,39.036
Belgium,BEL,2021-09-03,39.722
Belgium,BEL,2021-09-04,40.666
Belgium,BEL,2021-09-05,41.438
Belgium,BEL,2021-09-06,42.125
Belgium,BEL,2021-09-07,42.039
Belgium,BEL,2021-09-08,41.867
Belgium,BEL,2021-09-09,41.009
Belgium,BEL,2021-09-10,40.58
Belgium,BEL,2021-09-11,37.749
Belgium,BEL,2021-09-12,36.548
Belgium,BEL,2021-09-13,35.862
Belgium,BEL,2021-09-14,35.433
Belgium,BEL,2021-09-15,35.261
Belgium,BEL,2021-09-16,36.376
Belgium,BEL,2021-09-17,35.947
Belgium,BEL,2021-09-18,36.805
Belgium,BEL,2021-09-19,36.891
Belgium,BEL,2021-09-20,35.862
Belgium,BEL,2021-09-21,34.403
Belgium,BEL,2021-09-22,34.317
Belgium,BEL,2021-09-23,33.288
Belgium,BEL,2021-09-24,31.229
Belgium,BEL,2021-09-25,30.8
Belgium,BEL,2021-09-26,30.457
Belgium,BEL,2021-09-27,31.229
Belgium,BEL,2021-09-28,32.258
Belgium,BEL,2021-09-29,32.687
Belgium,BEL,2021-09-30,32.601
Belgium,BEL,2021-10-01,35.175
Belgium,BEL,2021-10-02,36.119
Belgium,BEL,2021-10-03,36.548
Belgium,BEL,2021-10-04,35.433
Belgium,BEL,2021-10-05,35.69
Belgium,BEL,2021-10-06,35.347
Belgium,BEL,2021-10-07,34.489
Belgium,BEL,2021-10-08,34.66
Belgium,BEL,2021-10-09,33.803
Belgium,BEL,2021-10-10,33.545
Belgium,BEL,2021-10-11,34.232
Belgium,BEL,2021-10-12,33.803
Belgium,BEL,2021-10-13,34.489
Belgium,BEL,2021-10-14,36.548
Belgium,BEL,2021-10-15,36.291
Belgium,BEL,2021-10-16,40.065
Belgium,BEL,2021-10-17,41.61
Belgium,BEL,2021-10-18,44.355
Belgium,BEL,2021-10-19,47.529
Belgium,BEL,2021-10-20,52.677
Belgium,BEL,2021-10-21,56.366
Belgium,BEL,2021-10-22,61.943
Belgium,BEL,2021-10-23,63.401
Belgium,BEL,2021-10-24,66.404
Belgium,BEL,2021-10-25,69.836
Belgium,BEL,2021-10-26,74.211
Belgium,BEL,2021-10-27,76.613
Belgium,BEL,2021-10-28,79.101
Belgium,BEL,2021-10-29,84.163
Belgium,BEL,2021-10-30,90.426
Belgium,BEL,2021-10-31,91.97
Belgium,BEL,2021-11-01,92.228
Belgium,BEL,2021-11-02,93.086
Belgium,BEL,2021-11-03,99.863
Belgium,BEL,2021-11-04,104.239
Belgium,BEL,2021-11-05,103.724
Belgium,BEL,2021-11-06,102.952
Belgium,BEL,2021-11-07,106.555
Belgium,BEL,2021-11-08,110.845
Belgium,BEL,2021-11-09,118.738
Belgium,BEL,2021-11-10,123.371
Belgium,BEL,2021-11-11,125.601
Belgium,BEL,2021-11-12,125.43
Belgium,BEL,2021-11-13,134.438
Belgium,BEL,2021-11-14,139.157
Belgium,BEL,2021-11-15,142.074
Belgium,BEL,2021-11-16,144.476
Belgium,BEL,2021-11-17,146.792
Belgium,BEL,2021-11-18,152.626
Belgium,BEL,2021-11-19,164.208
Belgium,BEL,2021-11-20,165.066
Belgium,BEL,2021-11-21,168.67
Belgium,BEL,2021-11-22,171.587
Belgium,BEL,2021-11-23,178.536
Belgium,BEL,2021-11-24,180.766
Belgium,BEL,2021-11-25,185.828
Belgium,BEL,2021-11-26,186.772
Belgium,BEL,2021-11-27,189.26
Belgium,BEL,2021-11-28,188.745
Belgium,BEL,2021-11-29,191.662
Belgium,BEL,2021-11-30,193.121
Belgium,BEL,2021-12-01,193.635
Belgium,BEL,2021-12-02,191.147
Belgium,BEL,2021-12-03,189.003
Belgium,BEL,2021-12-04,188.145
Belgium,BEL,2021-12-05,186.515
Belgium,BEL,2021-12-06,180.595
Belgium,BEL,2021-12-07,175.962
Belgium,BEL,2021-12-08,171.501
Belgium,BEL,2021-12-09,170.128
Belgium,BEL,2021-12-10,169.613
Belgium,BEL,2021-12-11,165.581
Belgium,BEL,2021-12-12,163.951
Belgium,BEL,2021-12-13,162.064
Belgium,BEL,2021-12-14,158.289
Belgium,BEL,2021-12-15,152.54
Belgium,BEL,2021-12-16,141.988
Belgium,BEL,2021-12-17,132.293
Belgium,BEL,2021-12-18,124.572
Belgium,BEL,2021-12-19,117.966
Belgium,BEL,2021-12-20,114.105
Belgium,BEL,2021-12-21,104.067
Belgium,BEL,2021-12-22,98.834
Belgium,BEL,2021-12-23,95.402
Belgium,BEL,2021-12-24,90.769
Belgium,BEL,2021-12-25,87.252
Belgium,BEL,2021-12-26,85.45
Belgium,BEL,2021-12-27,81.504
Belgium,BEL,2021-12-28,81.332
Belgium,BEL,2021-12-29,79.273
Belgium,BEL,2021-12-30,80.817
Belgium,BEL,2021-12-31,83.734
Belgium,BEL,2022-01-01,85.45
Belgium,BEL,2022-01-02,88.968
Belgium,BEL,2022-01-03,93.772
Belgium,BEL,2022-01-04,97.89
Belgium,BEL,2022-01-05,101.751
Belgium,BEL,2022-01-06,103.124
Belgium,BEL,2022-01-07,105.697
Belgium,BEL,2022-01-08,109.73
Belgium,BEL,2022-01-09,110.244
Belgium,BEL,2022-01-10,109.301
Belgium,BEL,2022-01-11,107.756
Belgium,BEL,2022-01-12,109.301
Belgium,BEL,2022-01-13,110.073
Belgium,BEL,2022-01-14,113.933
Belgium,BEL,2022-01-15,119.51
Belgium,BEL,2022-01-16,120.111
Belgium,BEL,2022-01-17,123.199
Belgium,BEL,2022-01-18,131.521
Belgium,BEL,2022-01-19,140.186
Belgium,BEL,2022-01-20,153.656
Belgium,BEL,2022-01-21,163.093
Belgium,BEL,2022-01-22,167.554
Belgium,BEL,2022-01-23,177.421
Belgium,BEL,2022-01-24,188.831
Belgium,BEL,2022-01-25,199.04
Belgium,BEL,2022-01-26,202.215
Belgium,BEL,2022-01-27,207.877
Belgium,BEL,2022-01-28,214.14
Belgium,BEL,2022-01-29,217.743
Belgium,BEL,2022-01-30,216.628
Belgium,BEL,2022-01-31,218.859
Belgium,BEL,2022-02-01,219.631
Belgium,BEL,2022-02-02,221.004
Belgium,BEL,2022-02-03,219.202
Belgium,BEL,2022-02-04,212.424
Belgium,BEL,2022-02-05,207.791
Belgium,BEL,2022-02-06,209.593
Belgium,BEL,2022-02-07,206.075
Belgium,BEL,2022-02-08,195.523
Belgium,BEL,2022-02-09,189.689
Belgium,BEL,2022-02-10,178.707
Belgium,BEL,2022-02-11,177.249
Belgium,BEL,2022-02-12,175.19
Belgium,BEL,2022-02-13,167.983
Belgium,BEL,2022-02-14,156.487
Belgium,BEL,2022-02-15,156.659
Belgium,BEL,2022-02-16,152.112
Belgium,BEL,2022-02-17,147.822
Belgium,BEL,2022-02-18,137.441
Belgium,BEL,2022-02-19,130.577
Belgium,BEL,2022-02-20,125.945
Belgium,BEL,2022-02-21,125.945
Belgium,BEL,2022-02-22,116.593
Belgium,BEL,2022-02-23,111.789
Belgium,BEL,2022-02-24,107.756
Belgium,BEL,2022-02-25,103.295
Belgium,BEL,2022-02-26,95.745
Belgium,BEL,2022-02-27,90.169
Belgium,BEL,2022-02-28,86.051
Belgium,BEL,2022-03-01,83.134
Belgium,BEL,2022-03-02,81.589
Belgium,BEL,2022-03-03,79.702
Belgium,BEL,2022-03-04,79.959
Belgium,BEL,2022-03-05,81.246
Belgium,BEL,2022-03-06,84.506
Belgium,BEL,2022-03-07,84.85
Belgium,BEL,2022-03-08,86.051
Belgium,BEL,2022-03-09,85.536
Belgium,BEL,2022-03-10,86.051
Belgium,BEL,2022-03-11,86.823
Belgium,BEL,2022-03-12,89.482
Belgium,BEL,2022-03-13,87.852
Belgium,BEL,2022-03-14,91.799
Belgium,BEL,2022-03-15,94.029
Belgium,BEL,2022-03-16,96.432
Belgium,BEL,2022-03-17,98.062
Belgium,BEL,2022-03-18,101.837
Belgium,BEL,2022-03-19,101.665
Belgium,BEL,2022-03-20,105.183
Belgium,BEL,2022-03-21,103.724
Belgium,BEL,2022-03-22,106.384
Belgium,BEL,2022-03-23,110.159
Belgium,BEL,2022-03-24,113.59
Belgium,BEL,2022-03-25,115.306
Belgium,BEL,2022-03-26,119.081
Belgium,BEL,2022-03-27,121.655
Belgium,BEL,2022-03-28,124.658
Belgium,BEL,2022-03-29,127.231
Belgium,BEL,2022-03-30,127.403
Belgium,BEL,2022-03-31,132.465
Belgium,BEL,2022-04-01,133.151
Belgium,BEL,2022-04-02,132.894
Belgium,BEL,2022-04-03,131.693
Belgium,BEL,2022-04-04,129.719
Belgium,BEL,2022-04-05,133.409
Belgium,BEL,2022-04-06,131.778
Belgium,BEL,2022-04-07,129.719
Belgium,BEL,2022-04-08,129.719
Belgium,BEL,2022-04-09,130.492
Belgium,BEL,2022-04-10,129.719
Belgium,BEL,2022-04-11,133.409
Belgium,BEL,2022-04-12,130.835
Belgium,BEL,2022-04-13,134.524
Belgium,BEL,2022-04-14,134.352
Belgium,BEL,2022-04-15,131.864
Belgium,BEL,2022-04-16,131.35
Belgium,BEL,2022-04-17,131.092
Belgium,BEL,2022-04-18,126.374
Belgium,BEL,2022-04-19,119.767
Belgium,BEL,2022-04-20,116.507
Belgium,BEL,2022-04-21,112.904
Belgium,BEL,2022-04-22,112.389
Belgium,BEL,2022-04-23,110.416
Belgium,BEL,2022-04-24,107.499
Belgium,BEL,2022-04-25,105.783
Belgium,BEL,2022-04-26,105.526
Belgium,BEL,2022-04-27,100.721
Belgium,BEL,2022-04-28,96.517
Belgium,BEL,2022-04-29,91.37
Belgium,BEL,2022-04-30,87.852
Belgium,BEL,2022-05-01,84.764
Belgium,BEL,2022-05-02,83.477
Belgium,BEL,2022-05-03,82.791
Belgium,BEL,2022-05-04,79.273
Belgium,BEL,2022-05-05,81.075
Belgium,BEL,2022-05-06,79.616
Belgium,BEL,2022-05-07,76.871
Belgium,BEL,2022-05-08,77.128
Belgium,BEL,2022-05-09,75.327
Belgium,BEL,2022-05-10,74.125
Belgium,BEL,2022-05-11,73.525
Belgium,BEL,2022-05-12,67.434
Belgium,BEL,2022-05-13,64.517
Belgium,BEL,2022-05-14,62.801
Belgium,BEL,2022-05-15,63.058
Belgium,BEL,2022-05-16,61.771
Belgium,BEL,2022-05-17,57.224
Belgium,BEL,2022-05-18,54.993
Belgium,BEL,2022-05-19,53.278
Belgium,BEL,2022-05-20,53.792
Belgium,BEL,2022-05-21,51.562
Belgium,BEL,2022-05-22,48.902
Belgium,BEL,2022-05-23,48.044
Belgium,BEL,2022-05-24,45.814
Belgium,BEL,2022-05-25,44.613
Belgium,BEL,2022-05-26,43.583
Belgium,BEL,2022-05-27,40.151
Belgium,BEL,2022-05-28,39.98
Belgium,BEL,2022-05-29,38.435
Belgium,BEL,2022-05-30,36.205
Belgium,BEL,2022-05-31,33.888
Belgium,BEL,2022-06-01,32.516
Belgium,BEL,2022-06-02,31.315
Belgium,BEL,2022-06-03,31.658
Belgium,BEL,2022-06-04,31.057
Belgium,BEL,2022-06-05,31.315
Belgium,BEL,2022-06-06,32.087
Belgium,BEL,2022-06-07,31.658
Belgium,BEL,2022-06-08,32.43
Belgium,BEL,2022-06-09,33.631
Belgium,BEL,2022-06-10,34.317
Belgium,BEL,2022-06-11,35.175
Belgium,BEL,2022-06-12,35.947
Belgium,BEL,2022-06-13,36.805
Belgium,BEL,2022-06-14,38.521
Belgium,BEL,2022-06-15,39.122
Belgium,BEL,2022-06-16,40.065
Belgium,BEL,2022-06-17,39.894
Belgium,BEL,2022-06-18,41.867
Belgium,BEL,2022-06-19,44.269
Belgium,BEL,2022-06-20,46.328
Belgium,BEL,2022-06-21,50.618
Belgium,BEL,2022-06-22,52.334
Belgium,BEL,2022-06-23,53.621
Belgium,BEL,2022-06-24,57.567
Belgium,BEL,2022-06-25,59.97
Belgium,BEL,2022-06-26,60.398
Belgium,BEL,2022-06-27,61.6
Belgium,BEL,2022-06-28,60.484
Belgium,BEL,2022-06-29,63.23
Belgium,BEL,2022-06-30,65.718
Belgium,BEL,2022-07-01,68.034
Belgium,BEL,2022-07-02,70.436
Belgium,BEL,2022-07-03,72.495
Belgium,BEL,2022-07-04,73.096
Belgium,BEL,2022-07-05,77.9
Belgium,BEL,2022-07-06,80.388
Belgium,BEL,2022-07-07,84.163
Belgium,BEL,2022-07-08,86.051
Belgium,BEL,2022-07-09,85.021
Belgium,BEL,2022-07-10,86.909
Belgium,BEL,2022-07-11,90.169
Belgium,BEL,2022-07-12,93.686
Belgium,BEL,2022-07-13,93.772
Belgium,BEL,2022-07-14,94.973
Belgium,BEL,2022-07-15,94.887
Belgium,BEL,2022-07-16,99.263
Belgium,BEL,2022-07-17,100.721
Belgium,BEL,2022-07-18,98.748
Belgium,BEL,2022-07-19,96.174
Belgium,BEL,2022-07-20,98.233
Belgium,BEL,2022-07-21,96.946
Belgium,BEL,2022-07-22,96.346
Belgium,BEL,2022-07-23,95.231
Belgium,BEL,2022-07-24,94.716
Belgium,BEL,2022-07-25,97.633
Belgium,BEL,2022-07-26,98.148
Belgium,BEL,2022-07-27,93.515
Belgium,BEL,2022-07-28,90.855
Belgium,BEL,2022-07-29,87.166
Belgium,BEL,2022-07-30,83.563
Belgium,BEL,2022-07-31,80.731
Belgium,BEL,2022-08-01,78.243
Belgium,BEL,2022-08-02,75.069
Belgium,BEL,2022-08-03,73.696
Belgium,BEL,2022-08-04,71.981
Belgium,BEL,2022-08-05,73.096
Belgium,BEL,2022-08-06,70.35
Belgium,BEL,2022-08-07,68.892
Belgium,BEL,2022-08-08,64.602
Belgium,BEL,2022-08-09,62.2
Belgium,BEL,2022-08-10,61.6
Belgium,BEL,2022-08-11,59.798
Belgium,BEL,2022-08-12,58.339
Belgium,BEL,2022-08-13,57.91
Belgium,BEL,2022-08-14,56.881
Belgium,BEL,2022-08-15,57.31
Belgium,BEL,2022-08-16,52.934
Belgium,BEL,2022-08-17,54.05
Belgium,BEL,2022-08-18,53.02
Belgium,BEL,2022-08-19,51.648
Belgium,BEL,2022-08-20,50.961
Belgium,BEL,2022-08-21,48.216
Belgium,BEL,2022-08-22,47.787
Belgium,BEL,2022-08-23,48.216
Belgium,BEL,2022-08-24,43.755
Belgium,BEL,2022-08-25,43.068
Belgium,BEL,2022-08-26,41.953
Belgium,BEL,2022-08-27,39.293
Belgium,BEL,2022-08-28,39.722
Belgium,BEL,2022-08-29,38.607
Belgium,BEL,2022-08-30,36.977
Belgium,BEL,2022-08-31,36.634
Belgium,BEL,2022-09-01,35.518
Belgium,BEL,2022-09-02,34.317
Belgium,BEL,2022-09-03,35.175
Belgium,BEL,2022-09-04,35.518
Belgium,BEL,2022-09-05,35.089
Belgium,BEL,2022-09-06,35.862
Belgium,BEL,2022-09-07,36.376
Belgium,BEL,2022-09-08,35.776
Belgium,BEL,2022-09-09,35.69
Belgium,BEL,2022-09-10,34.66
Belgium,BEL,2022-09-11,33.803
Belgium,BEL,2022-09-12,34.403
Belgium,BEL,2022-09-13,33.288
Belgium,BEL,2022-09-14,33.545
Belgium,BEL,2022-09-15,33.545
Belgium,BEL,2022-09-16,33.974
Belgium,BEL,2022-09-17,33.888
Belgium,BEL,2022-09-18,32.773
Belgium,BEL,2022-09-19,31.229
Belgium,BEL,2022-09-20,32.945
Belgium,BEL,2022-09-21,32.687
Belgium,BEL,2022-09-22,35.347
Belgium,BEL,2022-09-23,35.604
Belgium,BEL,2022-09-24,40.237
Belgium,BEL,2022-09-25,41.781
Belgium,BEL,2022-09-26,44.098
Belgium,BEL,2022-09-27,46.243
Belgium,BEL,2022-09-28,48.902
Belgium,BEL,2022-09-29,50.275
Belgium,BEL,2022-09-30,54.565
Belgium,BEL,2022-10-01,54.565
Belgium,BEL,2022-10-02,55.851
Belgium,BEL,2022-10-03,56.709
Belgium,BEL,2022-10-04,59.97
Belgium,BEL,2022-10-05,61.171
Belgium,BEL,2022-10-06,62.629
Belgium,BEL,2022-10-07,63.83
Belgium,BEL,2022-10-08,65.632
Belgium,BEL,2022-10-09,66.232
Belgium,BEL,2022-10-10,67.09
Belgium,BEL,2022-10-11,66.061
Belgium,BEL,2022-10-12,66.576
Belgium,BEL,2022-10-13,66.833
Belgium,BEL,2022-10-14,66.318
Belgium,BEL,2022-10-15,64.86
Belgium,BEL,2022-10-16,63.659
Belgium,BEL,2022-10-17,65.031
Belgium,BEL,2022-10-18,67.862
Belgium,BEL,2022-10-19,67.262
Belgium,BEL,2022-10-20,66.747
Belgium,BEL,2022-10-21,65.546
Belgium,BEL,2022-10-22,64.002
Belgium,BEL,2022-10-23,64.088
Belgium,BEL,2022-10-24,61.685
Belgium,BEL,2022-10-25,56.452
Belgium,BEL,2022-10-26,53.535
Belgium,BEL,2022-10-27,49.932
Belgium,BEL,2022-10-28,47.015
Belgium,BEL,2022-10-29,44.956
Belgium,BEL,2022-10-30,43.926
Belgium,BEL,2022-10-31,40.666
Belgium,BEL,2022-11-01,36.634
Belgium,BEL,2022-11-02,34.575
Belgium,BEL,2022-11-03,33.202
Belgium,BEL,2022-11-04,30.971
Belgium,BEL,2022-11-05,30.199
Belgium,BEL,2022-11-06,29.513
Belgium,BEL,2022-11-07,29.599
Belgium,BEL,2022-11-08,30.285
Belgium,BEL,2022-11-09,32.43
Belgium,BEL,2022-11-10,33.288
Belgium,BEL,2022-11-11,33.03
Belgium,BEL,2022-11-12,32.001
Belgium,BEL,2022-11-13,31.143
Belgium,BEL,2022-11-14,32.001
Belgium,BEL,2022-11-15,30.028
Belgium,BEL,2022-11-16,27.025
Belgium,BEL,2022-11-17,25.652
Belgium,BEL,2022-11-18,27.454
Belgium,BEL,2022-11-19,27.54
Belgium,BEL,2022-11-20,28.312
Belgium,BEL,2022-11-21,27.025
Belgium,BEL,2022-11-22,29.856
Belgium,BEL,2022-11-23,30.886
Belgium,BEL,2022-11-24,32.773
Belgium,BEL,2022-11-25,33.459
Belgium,BEL,2022-11-26,35.347
Belgium,BEL,2022-11-27,35.69
Belgium,BEL,2022-11-28,37.835
Belgium,BEL,2022-11-29,40.237
Belgium,BEL,2022-11-30,41.953
Belgium,BEL,2022-12-01,42.811
Belgium,BEL,2022-12-02,42.296
Belgium,BEL,2022-12-03,43.583
Belgium,BEL,2022-12-04,45.728
Belgium,BEL,2022-12-05,46.5
Belgium,BEL,2022-12-06,47.615
Belgium,BEL,2022-12-07,48.044
Belgium,BEL,2022-12-08,50.189
Belgium,BEL,2022-12-09,53.02
Belgium,BEL,2022-12-10,56.28
Belgium,BEL,2022-12-11,57.138
Belgium,BEL,2022-12-12,59.541
Belgium,BEL,2022-12-13,61.085
Belgium,BEL,2022-12-14,65.889
Belgium,BEL,2022-12-15,68.72
Belgium,BEL,2022-12-16,73.439
Belgium,BEL,2022-12-17,74.898
Belgium,BEL,2022-12-18,76.356
Belgium,BEL,2022-12-19,75.927
Belgium,BEL,2022-12-20,77.9
Belgium,BEL,2022-12-21,81.075
Belgium,BEL,2022-12-22,80.388
Belgium,BEL,2022-12-23,80.817
Belgium,BEL,2022-12-24,77.986
Belgium,BEL,2022-12-25,79.959
Belgium,BEL,2022-12-26,80.045
Belgium,BEL,2022-12-27,78.158
Belgium,BEL,2022-12-28,76.613
Belgium,BEL,2022-12-29,77.128
Belgium,BEL,2022-12-30,72.924
Belgium,BEL,2022-12-31,73.611
Belgium,BEL,2023-01-01,68.72
Belgium,BEL,2023-01-02,67.005
Belgium,BEL,2023-01-03,63.744
Belgium,BEL,2023-01-04,58.082
Belgium,BEL,2023-01-05,52.763
Belgium,BEL,2023-01-06,48.13
Belgium,BEL,2023-01-07,45.47
Belgium,BEL,2023-01-08,44.355
Belgium,BEL,2023-01-09,42.639
Belgium,BEL,2023-01-10,41.181
Belgium,BEL,2023-01-11,39.379
Belgium,BEL,2023-01-12,36.72
Belgium,BEL,2023-01-13,36.119
Belgium,BEL,2023-01-14,34.317
Belgium,BEL,2023-01-15,33.717
Belgium,BEL,2023-01-16,33.374
Belgium,BEL,2023-01-17,33.03
Belgium,BEL,2023-01-18,31.4
Belgium,BEL,2023-01-19,30.285
Belgium,BEL,2023-01-20,30.199
Belgium,BEL,2023-01-21,28.827
Belgium,BEL,2023-01-22,27.969
Belgium,BEL,2023-01-23,27.196
Belgium,BEL,2023-01-24,26.167
Belgium,BEL,2023-01-25,26.167
Belgium,BEL,2023-01-26,27.025
Belgium,BEL,2023-01-27,27.54
Belgium,BEL,2023-01-28,29.599
Belgium,BEL,2023-01-29,30.542
Belgium,BEL,2023-01-30,32.172
Belgium,BEL,2023-01-31,32.945
Belgium,BEL,2023-02-01,34.232
Belgium,BEL,2023-02-02,36.72
Belgium,BEL,2023-02-03,36.634
Belgium,BEL,2023-02-04,36.805
Belgium,BEL,2023-02-05,37.921
Belgium,BEL,2023-02-06,37.663
Belgium,BEL,2023-02-07,39.122
Belgium,BEL,2023-02-08,40.666
Belgium,BEL,2023-02-09,40.58
Belgium,BEL,2023-02-10,44.527
Belgium,BEL,2023-02-11,46.157
Belgium,BEL,2023-02-12,48.044
Belgium,BEL,2023-02-13,50.361
Belgium,BEL,2023-02-14,51.991
Belgium,BEL,2023-02-15,53.278
Belgium,BEL,2023-02-16,56.28
Belgium,BEL,2023-02-17,56.624
Belgium,BEL,2023-02-18,60.827
Belgium,BEL,2023-02-19,61.857
Belgium,BEL,2023-02-20,62.372
Belgium,BEL,2023-02-21,66.318
Belgium,BEL,2023-02-22,69.149
Belgium,BEL,2023-02-23,71.809
Belgium,BEL,2023-02-24,73.267
Belgium,BEL,2023-02-25,74.64
Belgium,BEL,2023-02-26,74.64
Belgium,BEL,2023-02-27,74.726
Belgium,BEL,2023-02-28,74.898
Belgium,BEL,2023-03-01,78.415
Belgium,BEL,2023-03-02,78.158
Belgium,BEL,2023-03-03,78.93
Belgium,BEL,2023-03-04,78.672
Belgium,BEL,2023-03-05,80.474
Belgium,BEL,2023-03-06,85.622
Belgium,BEL,2023-03-07,89.826
Belgium,BEL,2023-03-08,91.713
Belgium,BEL,2023-03-09,92.485
Belgium,BEL,2023-03-10,95.66
Belgium,BEL,2023-03-11,100.378
Belgium,BEL,2023-03-12,101.579
Belgium,BEL,2023-03-13,100.292
Belgium,BEL,2023-03-14,102.008
Belgium,BEL,2023-03-15,100.807
Belgium,BEL,2023-03-16,103.553
Belgium,BEL,2023-03-17,102.008
Belgium,BEL,2023-03-18,99.692
Belgium,BEL,2023-03-19,99.692
Belgium,BEL,2023-03-20,97.976
Belgium,BEL,2023-03-21,93.172
Belgium,BEL,2023-03-22,90.512
Belgium,BEL,2023-03-23,90.426
Belgium,BEL,2023-03-24,90.512
Belgium,BEL,2023-03-25,87.08
Belgium,BEL,2023-03-26,85.622
Belgium,BEL,2023-03-27,85.021
Belgium,BEL,2023-03-28,82.791
Belgium,BEL,2023-03-29,81.589
Belgium,BEL,2023-03-30,75.241
Belgium,BEL,2023-03-31,74.297
Belgium,BEL,2023-04-01,73.611
Belgium,BEL,2023-04-02,70.35
Belgium,BEL,2023-04-03,66.919
Belgium,BEL,2023-04-04,64.431
Belgium,BEL,2023-04-05,60.827
Belgium,BEL,2023-04-06,61.256
Belgium,BEL,2023-04-07,56.709
Belgium,BEL,2023-04-08,54.565
Belgium,BEL,2023-04-09,54.221
Belgium,BEL,2023-04-10,54.393
Belgium,BEL,2023-04-11,51.905
Belgium,BEL,2023-04-12,53.535
Belgium,BEL,2023-04-13,51.562
Belgium,BEL,2023-04-14,50.017
Belgium,BEL,2023-04-15,48.473
Belgium,BEL,2023-04-16,46.929
Belgium,BEL,2023-04-17,45.642
Belgium,BEL,2023-04-18,45.556
Belgium,BEL,2023-04-19,42.21
Belgium,BEL,2023-04-20,40.323
Belgium,BEL,2023-04-21,39.551
Belgium,BEL,2023-04-22,38.178
Belgium,BEL,2023-04-23,38.435
Belgium,BEL,2023-04-24,37.406
Belgium,BEL,2023-04-25,36.205
Belgium,BEL,2023-04-26,35.175
Belgium,BEL,2023-04-27,34.146
Belgium,BEL,2023-04-28,33.03
Belgium,BEL,2023-04-29,31.486
Belgium,BEL,2023-04-30,30.628
Belgium,BEL,2023-05-01,29.684
Belgium,BEL,2023-05-02,28.054
Belgium,BEL,2023-05-03,26.768
Belgium,BEL,2023-05-04,27.625
Belgium,BEL,2023-05-05,27.196
Belgium,BEL,2023-05-06,27.711
Belgium,BEL,2023-05-07,27.883
Belgium,BEL,2023-05-08,28.483
Belgium,BEL,2023-05-09,27.969
Belgium,BEL,2023-05-10,28.912
Belgium,BEL,2023-05-11,26.939
Belgium,BEL,2023-05-12,26.167
Belgium,BEL,2023-05-13,24.708
Belgium,BEL,2023-05-14,23.164
Belgium,BEL,2023-05-15,21.791
Belgium,BEL,2023-05-16,22.907
Belgium,BEL,2023-05-17,23.936
Belgium,BEL,2023-05-18,25.395
Belgium,BEL,2023-05-19,26.596
Belgium,BEL,2023-05-20,27.969
Belgium,BEL,2023-05-21,28.569
Belgium,BEL,2023-05-22,29.599
Belgium,BEL,2023-05-23,29.513
Belgium,BEL,2023-05-24,26.939
Belgium,BEL,2023-05-25,25.995
Belgium,BEL,2023-05-26,24.623
Belgium,BEL,2023-05-27,22.478
Belgium,BEL,2023-05-28,22.821
Belgium,BEL,2023-05-29,21.62
Belgium,BEL,2023-05-30,18.96
Belgium,BEL,2023-05-31,18.36
Belgium,BEL,2023-06-01,18.617
Belgium,BEL,2023-06-02,18.446
Belgium,BEL,2023-06-03,19.218
Belgium,BEL,2023-06-04,18.531
Belgium,BEL,2023-06-05,19.218
Belgium,BEL,2023-06-06,19.818
Belgium,BEL,2023-06-07,19.904
Belgium,BEL,2023-06-08,18.36
Belgium,BEL,2023-06-09,17.759
Belgium,BEL,2023-06-10,17.244
Belgium,BEL,2023-06-11,17.073
Belgium,BEL,2023-06-12,16.815
Belgium,BEL,2023-06-13,15.872
Belgium,BEL,2023-06-14,14.671
Belgium,BEL,2023-06-15,13.813
Belgium,BEL,2023-06-16,12.869
Belgium,BEL,2023-06-17,11.839
Belgium,BEL,2023-06-18,10.896
Belgium,BEL,2023-06-19,10.124
Belgium,BEL,2023-06-20,9.609
Belgium,BEL,2023-06-21,9.18
Belgium,BEL,2023-06-22,8.751
Belgium,BEL,2023-06-23,9.008
Belgium,BEL,2023-06-24,7.979
Belgium,BEL,2023-06-25,7.55
Belgium,BEL,2023-06-26,6.949
Belgium,BEL,2023-06-27,6.52
Chile,CHL,2020-04-07,33.667
Chile,CHL,2020-04-08,32.851
Chile,CHL,2020-04-09,32.443
Chile,CHL,2020-04-10,30.759
Chile,CHL,2020-04-11,29.586
Chile,CHL,2020-04-12,28.617
Chile,CHL,2020-04-13,28.464
Chile,CHL,2020-04-14,27.444
Chile,CHL,2020-04-15,28.056
Chile,CHL,2020-04-16,27.903
Chile,CHL,2020-04-17,29.484
Chile,CHL,2020-04-18,30.861
Chile,CHL,2020-04-19,31.525
Chile,CHL,2020-04-20,31.78
Chile,CHL,2020-04-21,32.392
Chile,CHL,2020-04-22,32.239
Chile,CHL,2020-04-23,32.341
Chile,CHL,2020-04-24,32.596
Chile,CHL,2020-04-25,33.361
Chile,CHL,2020-04-26,35.146
Chile,CHL,2020-04-27,36.065
Chile,CHL,2020-04-28,37.442
Chile,CHL,2020-04-29,40.605
Chile,CHL,2020-04-30,42.9
Chile,CHL,2020-05-01,45.757
Chile,CHL,2020-05-02,47.695
Chile,CHL,2020-05-03,51.674
Chile,CHL,2020-05-04,55.194
Chile,CHL,2020-05-05,60.652
Chile,CHL,2020-05-06,65.549
Chile,CHL,2020-05-07,70.14
Chile,CHL,2020-05-08,76.414
Chile,CHL,2020-05-09,81.362
Chile,CHL,2020-05-10,84.423
Chile,CHL,2020-05-11,92.533
Chile,CHL,2020-05-12,98.196
Chile,CHL,2020-05-13,102.633
Chile,CHL,2020-05-14,109.214
Chile,CHL,2020-05-15,114.315
Chile,CHL,2020-05-16,123.497
Chile,CHL,2020-05-17,130.485
Chile,CHL,2020-05-18,136.913
Chile,CHL,2020-05-19,146.554
Chile,CHL,2020-05-20,157.164
Chile,CHL,2020-05-21,164.458
Chile,CHL,2020-05-22,173.844
Chile,CHL,2020-05-23,179.252
Chile,CHL,2020-05-24,187.311
Chile,CHL,2020-05-25,197.36
Chile,CHL,2020-05-26,201.849
Chile,CHL,2020-05-27,206.44
Chile,CHL,2020-05-28,211.235
Chile,CHL,2020-05-29,211.847
Chile,CHL,2020-05-30,212.715
Chile,CHL,2020-05-31,209.705
Chile,CHL,2020-06-01,210.011
Chile,CHL,2020-06-02,209.909
Chile,CHL,2020-06-03,207.664
Chile,CHL,2020-06-04,207.511
Chile,CHL,2020-06-05,210.572
Chile,CHL,2020-06-06,213.939
Chile,CHL,2020-06-07,216.642
Chile,CHL,2020-06-08,214.806
Chile,CHL,2020-06-09,216.693
Chile,CHL,2020-06-10,220.57
Chile,CHL,2020-06-11,221.182
Chile,CHL,2020-06-12,218.275
Chile,CHL,2020-06-13,217.203
Chile,CHL,2020-06-14,214.908
Chile,CHL,2020-06-15,212.051
Chile,CHL,2020-06-16,211.031
Chile,CHL,2020-06-17,206.287
Chile,CHL,2020-06-18,205.879
Chile,CHL,2020-06-19,206.95
Chile,CHL,2020-06-20,202.716
Chile,CHL,2020-06-21,200.166
Chile,CHL,2020-06-22,200.37
Chile,CHL,2020-06-23,194.402
Chile,CHL,2020-06-24,193.484
Chile,CHL,2020-06-25,187.107
Chile,CHL,2020-06-26,183.077
Chile,CHL,2020-06-27,179.966
Chile,CHL,2020-06-28,178.435
Chile,CHL,2020-06-29,167.519
Chile,CHL,2020-06-30,162.928
Chile,CHL,2020-07-01,159.97
Chile,CHL,2020-07-02,156.552
Chile,CHL,2020-07-03,152.471
Chile,CHL,2020-07-04,147.013
Chile,CHL,2020-07-05,141.861
Chile,CHL,2020-07-06,145.125
Chile,CHL,2020-07-07,144.768
Chile,CHL,2020-07-08,138.647
Chile,CHL,2020-07-09,139.718
Chile,CHL,2020-07-10,136.148
Chile,CHL,2020-07-11,134.209
Chile,CHL,2020-07-12,132.628
Chile,CHL,2020-07-13,126.609
Chile,CHL,2020-07-14,123.293
Chile,CHL,2020-07-15,119.773
Chile,CHL,2020-07-16,112.683
Chile,CHL,2020-07-17,109.979
Chile,CHL,2020-07-18,109.163
Chile,CHL,2020-07-19,106.204
Chile,CHL,2020-07-20,105.235
Chile,CHL,2020-07-21,100.644
Chile,CHL,2020-07-22,99.726
Chile,CHL,2020-07-23,99.114
Chile,CHL,2020-07-24,95.951
Chile,CHL,2020-07-25,91.717
Chile,CHL,2020-07-26,91.717
Chile,CHL,2020-07-27,90.595
Chile,CHL,2020-07-28,92.074
Chile,CHL,2020-07-29,90.391
Chile,CHL,2020-07-30,88.555
Chile,CHL,2020-07-31,88.044
Chile,CHL,2020-08-01,89.371
Chile,CHL,2020-08-02,87.738
Chile,CHL,2020-08-03,85.953
Chile,CHL,2020-08-04,82.484
Chile,CHL,2020-08-05,80.852
Chile,CHL,2020-08-06,80.648
Chile,CHL,2020-08-07,79.22
Chile,CHL,2020-08-08,77.128
Chile,CHL,2020-08-09,76.72
Chile,CHL,2020-08-10,75.7
Chile,CHL,2020-08-11,75.19
Chile,CHL,2020-08-12,75.802
Chile,CHL,2020-08-13,74.833
Chile,CHL,2020-08-14,74.017
Chile,CHL,2020-08-15,74.833
Chile,CHL,2020-08-16,74.323
Chile,CHL,2020-08-17,73.608
Chile,CHL,2020-08-18,72.639
Chile,CHL,2020-08-19,72.945
Chile,CHL,2020-08-20,71.721
Chile,CHL,2020-08-21,71.466
Chile,CHL,2020-08-22,69.426
Chile,CHL,2020-08-23,69.375
Chile,CHL,2020-08-24,69.375
Chile,CHL,2020-08-25,70.191
Chile,CHL,2020-08-26,67.334
Chile,CHL,2020-08-27,69.528
Chile,CHL,2020-08-28,69.17
Chile,CHL,2020-08-29,70.089
Chile,CHL,2020-08-30,70.038
Chile,CHL,2020-08-31,70.956
Chile,CHL,2020-09-01,71.466
Chile,CHL,2020-09-02,72.333
Chile,CHL,2020-09-03,70.395
Chile,CHL,2020-09-04,71.415
Chile,CHL,2020-09-05,72.333
Chile,CHL,2020-09-06,72.537
Chile,CHL,2020-09-07,72.69
Chile,CHL,2020-09-08,70.548
Chile,CHL,2020-09-09,70.191
Chile,CHL,2020-09-10,69.783
Chile,CHL,2020-09-11,69.017
Chile,CHL,2020-09-12,67.64
Chile,CHL,2020-09-13,66.569
Chile,CHL,2020-09-14,64.988
Chile,CHL,2020-09-15,66.314
Chile,CHL,2020-09-16,65.753
Chile,CHL,2020-09-17,65.396
Chile,CHL,2020-09-18,63.355
Chile,CHL,2020-09-19,62.794
Chile,CHL,2020-09-20,63.049
Chile,CHL,2020-09-21,63.61
Chile,CHL,2020-09-22,61.621
Chile,CHL,2020-09-23,61.468
Chile,CHL,2020-09-24,61.621
Chile,CHL,2020-09-25,62.437
Chile,CHL,2020-09-26,62.182
Chile,CHL,2020-09-27,61.57
Chile,CHL,2020-09-28,61.519
Chile,CHL,2020-09-29,63.049
Chile,CHL,2020-09-30,64.018
Chile,CHL,2020-10-01,62.794
Chile,CHL,2020-10-02,63.661
Chile,CHL,2020-10-03,64.324
Chile,CHL,2020-10-04,64.58
Chile,CHL,2020-10-05,63.151
Chile,CHL,2020-10-06,63.253
Chile,CHL,2020-10-07,61.417
Chile,CHL,2020-10-08,61.723
Chile,CHL,2020-10-09,60.703
Chile,CHL,2020-10-10,60.805
Chile,CHL,2020-10-11,60.397
Chile,CHL,2020-10-12,58.152
Chile,CHL,2020-10-13,55.551
Chile,CHL,2020-10-14,55.092
Chile,CHL,2020-10-15,55.908
Chile,CHL,2020-10-16,55.908
Chile,CHL,2020-10-17,54.02
Chile,CHL,2020-10-18,54.071
Chile,CHL,2020-10-19,55.398
Chile,CHL,2020-10-20,55.5
Chile,CHL,2020-10-21,56.112
Chile,CHL,2020-10-22,53.714
Chile,CHL,2020-10-23,52.592
Chile,CHL,2020-10-24,52.694
Chile,CHL,2020-10-25,51.827
Chile,CHL,2020-10-26,51.419
Chile,CHL,2020-10-27,51.674
Chile,CHL,2020-10-28,49.735
Chile,CHL,2020-10-29,50.144
Chile,CHL,2020-10-30,50.399
Chile,CHL,2020-10-31,49.786
Chile,CHL,2020-11-01,48.715
Chile,CHL,2020-11-02,48.511
Chile,CHL,2020-11-03,48.205
Chile,CHL,2020-11-04,48.358
Chile,CHL,2020-11-05,47.542
Chile,CHL,2020-11-06,46.828
Chile,CHL,2020-11-07,47.491
Chile,CHL,2020-11-08,48.409
Chile,CHL,2020-11-09,48.46
Chile,CHL,2020-11-10,47.491
Chile,CHL,2020-11-11,48.205
Chile,CHL,2020-11-12,48.562
Chile,CHL,2020-11-13,48.562
Chile,CHL,2020-11-14,48.052
Chile,CHL,2020-11-15,47.593
Chile,CHL,2020-11-16,46.522
Chile,CHL,2020-11-17,46.675
Chile,CHL,2020-11-18,47.593
Chile,CHL,2020-11-19,48.307
Chile,CHL,2020-11-20,49.378
Chile,CHL,2020-11-21,50.041
Chile,CHL,2020-11-22,51.215
Chile,CHL,2020-11-23,52.184
Chile,CHL,2020-11-24,52.184
Chile,CHL,2020-11-25,52.133
Chile,CHL,2020-11-26,52.184
Chile,CHL,2020-11-27,51.368
Chile,CHL,2020-11-28,52.235
Chile,CHL,2020-11-29,51.725
Chile,CHL,2020-11-30,51.164
Chile,CHL,2020-12-01,52.184
Chile,CHL,2020-12-02,50.195
Chile,CHL,2020-12-03,48.919
Chile,CHL,2020-12-04,47.236
Chile,CHL,2020-12-05,46.012
Chile,CHL,2020-12-06,46.318
Chile,CHL,2020-12-07,48.103
Chile,CHL,2020-12-08,45.859
Chile,CHL,2020-12-09,47.848
Chile,CHL,2020-12-10,49.939
Chile,CHL,2020-12-11,52.184
Chile,CHL,2020-12-12,53.255
Chile,CHL,2020-12-13,53.153
Chile,CHL,2020-12-14,54.122
Chile,CHL,2020-12-15,55.602
Chile,CHL,2020-12-16,55.908
Chile,CHL,2020-12-17,56.775
Chile,CHL,2020-12-18,56.622
Chile,CHL,2020-12-19,57.489
Chile,CHL,2020-12-20,58.305
Chile,CHL,2020-12-21,57.897
Chile,CHL,2020-12-22,60.601
Chile,CHL,2020-12-23,62.284
Chile,CHL,2020-12-24,63.151
Chile,CHL,2020-12-25,61.825
Chile,CHL,2020-12-26,63.661
Chile,CHL,2020-12-27,66.11
Chile,CHL,2020-12-28,68.15
Chile,CHL,2020-12-29,67.334
Chile,CHL,2020-12-30,67.181
Chile,CHL,2020-12-31,67.232
Chile,CHL,2021-01-01,69.375
Chile,CHL,2021-01-02,70.446
Chile,CHL,2021-01-03,72.231
Chile,CHL,2021-01-04,73.71
Chile,CHL,2021-01-05,79.22
Chile,CHL,2021-01-06,82.535
Chile,CHL,2021-01-07,86.718
Chile,CHL,2021-01-08,92.686
Chile,CHL,2021-01-09,95.441
Chile,CHL,2021-01-10,96.206
Chile,CHL,2021-01-11,99.828
Chile,CHL,2021-01-12,101.052
Chile,CHL,2021-01-13,105.439
Chile,CHL,2021-01-14,107.684
Chile,CHL,2021-01-15,109.673
Chile,CHL,2021-01-16,112.938
Chile,CHL,2021-01-17,116.508
Chile,CHL,2021-01-18,117.733
Chile,CHL,2021-01-19,120.691
Chile,CHL,2021-01-20,121.507
Chile,CHL,2021-01-21,122.375
Chile,CHL,2021-01-22,123.701
Chile,CHL,2021-01-23,124.109
Chile,CHL,2021-01-24,125.486
Chile,CHL,2021-01-25,126.506
Chile,CHL,2021-01-26,127.629
Chile,CHL,2021-01-27,127.476
Chile,CHL,2021-01-28,130.332
Chile,CHL,2021-01-29,131.148
Chile,CHL,2021-01-30,130.485
Chile,CHL,2021-01-31,127.935
Chile,CHL,2021-02-01,128.394
Chile,CHL,2021-02-02,126.711
Chile,CHL,2021-02-03,125.792
Chile,CHL,2021-02-04,122.987
Chile,CHL,2021-02-05,121.865
Chile,CHL,2021-02-06,119.365
Chile,CHL,2021-02-07,118.804
Chile,CHL,2021-02-08,117.019
Chile,CHL,2021-02-09,115.386
Chile,CHL,2021-02-10,114.723
Chile,CHL,2021-02-11,113.754
Chile,CHL,2021-02-12,113.142
Chile,CHL,2021-02-13,112.53
Chile,CHL,2021-02-14,111.407
Chile,CHL,2021-02-15,111.305
Chile,CHL,2021-02-16,112.989
Chile,CHL,2021-02-17,113.55
Chile,CHL,2021-02-18,113.754
Chile,CHL,2021-02-19,114.366
Chile,CHL,2021-02-20,116.151
Chile,CHL,2021-02-21,119.212
Chile,CHL,2021-02-22,117.733
Chile,CHL,2021-02-23,117.784
Chile,CHL,2021-02-24,119.569
Chile,CHL,2021-02-25,119.365
Chile,CHL,2021-02-26,119.314
Chile,CHL,2021-02-27,118.6
Chile,CHL,2021-02-28,119.722
Chile,CHL,2021-03-01,121.711
Chile,CHL,2021-03-02,122.273
Chile,CHL,2021-03-03,124.415
Chile,CHL,2021-03-04,130.791
Chile,CHL,2021-03-05,132.832
Chile,CHL,2021-03-06,138.035
Chile,CHL,2021-03-07,139.259
Chile,CHL,2021-03-08,142.473
Chile,CHL,2021-03-09,149.767
Chile,CHL,2021-03-10,150.379
Chile,CHL,2021-03-11,150.277
Chile,CHL,2021-03-12,152.471
Chile,CHL,2021-03-13,154.664
Chile,CHL,2021-03-14,156.348
Chile,CHL,2021-03-15,160.939
Chile,CHL,2021-03-16,158.337
Chile,CHL,2021-03-17,163.387
Chile,CHL,2021-03-18,166.856
Chile,CHL,2021-03-19,170.07
Chile,CHL,2021-03-20,175.375
Chile,CHL,2021-03-21,179.303
Chile,CHL,2021-03-22,181.904
Chile,CHL,2021-03-23,189.097
Chile,CHL,2021-03-24,189.709
Chile,CHL,2021-03-25,194.402
Chile,CHL,2021-03-26,198.789
Chile,CHL,2021-03-27,197.768
Chile,CHL,2021-03-28,202.257
Chile,CHL,2021-03-29,204.706
Chile,CHL,2021-03-30,206.389
Chile,CHL,2021-03-31,211.643
Chile,CHL,2021-04-01,212.46
Chile,CHL,2021-04-02,212.153
Chile,CHL,2021-04-03,216.081
Chile,CHL,2021-04-04,215.877
Chile,CHL,2021-04-05,218.836
Chile,CHL,2021-04-06,222.764
Chile,CHL,2021-04-07,222.458
Chile,CHL,2021-04-08,225.059
Chile,CHL,2021-04-09,228.834
Chile,CHL,2021-04-10,226.896
Chile,CHL,2021-04-11,226.487
Chile,CHL,2021-04-12,224.753
Chile,CHL,2021-04-13,220.111
Chile,CHL,2021-04-14,220.162
Chile,CHL,2021-04-15,216.489
Chile,CHL,2021-04-16,213.48
Chile,CHL,2021-04-17,213.48
Chile,CHL,2021-04-18,211.184
Chile,CHL,2021-04-19,210.521
Chile,CHL,2021-04-20,208.328
Chile,CHL,2021-04-21,205.165
Chile,CHL,2021-04-22,203.176
Chile,CHL,2021-04-23,200.931
Chile,CHL,2021-04-24,199.503
Chile,CHL,2021-04-25,200.217
Chile,CHL,2021-04-26,197.768
Chile,CHL,2021-04-27,196.085
Chile,CHL,2021-04-28,194.861
Chile,CHL,2021-04-29,194.453
Chile,CHL,2021-04-30,194.861
Chile,CHL,2021-05-01,188.995
Chile,CHL,2021-05-02,185.73
Chile,CHL,2021-05-03,182.261
Chile,CHL,2021-05-04,179.507
Chile,CHL,2021-05-05,178.486
Chile,CHL,2021-05-06,176.089
Chile,CHL,2021-05-07,173.283
Chile,CHL,2021-05-08,172.263
Chile,CHL,2021-05-09,168.437
Chile,CHL,2021-05-10,167.978
Chile,CHL,2021-05-11,169.866
Chile,CHL,2021-05-12,166.499
Chile,CHL,2021-05-13,166.244
Chile,CHL,2021-05-14,167.417
Chile,CHL,2021-05-15,170.325
Chile,CHL,2021-05-16,173.589
Chile,CHL,2021-05-17,175.528
Chile,CHL,2021-05-18,175.885
Chile,CHL,2021-05-19,178.843
Chile,CHL,2021-05-20,181.037
Chile,CHL,2021-05-21,180.272
Chile,CHL,2021-05-22,181.139
Chile,CHL,2021-05-23,184.914
Chile,CHL,2021-05-24,187.617
Chile,CHL,2021-05-25,191.137
Chile,CHL,2021-05-26,195.014
Chile,CHL,2021-05-27,199.503
Chile,CHL,2021-05-28,203.737
Chile,CHL,2021-05-29,206.491
Chile,CHL,2021-05-30,207.971
Chile,CHL,2021-05-31,207.052
Chile,CHL,2021-06-01,206.695
Chile,CHL,2021-06-02,206.848
Chile,CHL,2021-06-03,208.226
Chile,CHL,2021-06-04,210.878
Chile,CHL,2021-06-05,210.164
Chile,CHL,2021-06-06,207.409
Chile,CHL,2021-06-07,211.082
Chile,CHL,2021-06-08,214.602
Chile,CHL,2021-06-09,215.265
Chile,CHL,2021-06-10,211.694
Chile,CHL,2021-06-11,209.348
Chile,CHL,2021-06-12,211.337
Chile,CHL,2021-06-13,212.613
Chile,CHL,2021-06-14,209.246
Chile,CHL,2021-06-15,207.716
Chile,CHL,2021-06-16,205.726
Chile,CHL,2021-06-17,203.992
Chile,CHL,2021-06-18,199.401
Chile,CHL,2021-06-19,195.626
Chile,CHL,2021-06-20,191.647
Chile,CHL,2021-06-21,185.016
Chile,CHL,2021-06-22,175.885
Chile,CHL,2021-06-23,171.804
Chile,CHL,2021-06-24,165.53
Chile,CHL,2021-06-25,161.755
Chile,CHL,2021-06-26,157.674
Chile,CHL,2021-06-27,154.001
Chile,CHL,2021-06-28,148.135
Chile,CHL,2021-06-29,144.105
Chile,CHL,2021-06-30,139.004
Chile,CHL,2021-07-01,136.352
Chile,CHL,2021-07-02,131.199
Chile,CHL,2021-07-03,125.894
Chile,CHL,2021-07-04,120.487
Chile,CHL,2021-07-05,120.13
Chile,CHL,2021-07-06,116.049
Chile,CHL,2021-07-07,111.713
Chile,CHL,2021-07-08,107.531
Chile,CHL,2021-07-09,106.102
Chile,CHL,2021-07-10,102.123
Chile,CHL,2021-07-11,101.562
Chile,CHL,2021-07-12,99.012
Chile,CHL,2021-07-13,95.594
Chile,CHL,2021-07-14,91.105
Chile,CHL,2021-07-15,86.208
Chile,CHL,2021-07-16,81.209
Chile,CHL,2021-07-17,78.76
Chile,CHL,2021-07-18,73.965
Chile,CHL,2021-07-19,71.517
Chile,CHL,2021-07-20,69.834
Chile,CHL,2021-07-21,67.997
Chile,CHL,2021-07-22,67.385
Chile,CHL,2021-07-23,66.977
Chile,CHL,2021-07-24,64.988
Chile,CHL,2021-07-25,63.151
Chile,CHL,2021-07-26,59.836
Chile,CHL,2021-07-27,58.713
Chile,CHL,2021-07-28,55.5
Chile,CHL,2021-07-29,53.102
Chile,CHL,2021-07-30,50.144
Chile,CHL,2021-07-31,49.99
Chile,CHL,2021-08-01,49.48
Chile,CHL,2021-08-02,49.123
Chile,CHL,2021-08-03,48.256
Chile,CHL,2021-08-04,48.511
Chile,CHL,2021-08-05,47.491
Chile,CHL,2021-08-06,46.573
Chile,CHL,2021-08-07,44.787
Chile,CHL,2021-08-08,44.583
Chile,CHL,2021-08-09,43.359
Chile,CHL,2021-08-10,41.064
Chile,CHL,2021-08-11,40.4
Chile,CHL,2021-08-12,39.89
Chile,CHL,2021-08-13,39.329
Chile,CHL,2021-08-14,38.972
Chile,CHL,2021-08-15,37.391
Chile,CHL,2021-08-16,37.289
Chile,CHL,2021-08-17,37.85
Chile,CHL,2021-08-18,36.014
Chile,CHL,2021-08-19,34.483
Chile,CHL,2021-08-20,33.565
Chile,CHL,2021-08-21,33.157
Chile,CHL,2021-08-22,32.8
Chile,CHL,2021-08-23,31.27
Chile,CHL,2021-08-24,28.872
Chile,CHL,2021-08-25,28.26
Chile,CHL,2021-08-26,27.597
Chile,CHL,2021-08-27,26.373
Chile,CHL,2021-08-28,25.301
Chile,CHL,2021-08-29,24.383
Chile,CHL,2021-08-30,23.414
Chile,CHL,2021-08-31,22.088
Chile,CHL,2021-09-01,22.496
Chile,CHL,2021-09-02,21.68
Chile,CHL,2021-09-03,21.424
Chile,CHL,2021-09-04,21.373
Chile,CHL,2021-09-05,21.424
Chile,CHL,2021-09-06,20.914
Chile,CHL,2021-09-07,20.965
Chile,CHL,2021-09-08,19.384
Chile,CHL,2021-09-09,19.027
Chile,CHL,2021-09-10,17.956
Chile,CHL,2021-09-11,17.191
Chile,CHL,2021-09-12,16.578
Chile,CHL,2021-09-13,16.425
Chile,CHL,2021-09-14,16.527
Chile,CHL,2021-09-15,16.527
Chile,CHL,2021-09-16,16.425
Chile,CHL,2021-09-17,16.834
Chile,CHL,2021-09-18,16.374
Chile,CHL,2021-09-19,16.476
Chile,CHL,2021-09-20,16.425
Chile,CHL,2021-09-21,16.221
Chile,CHL,2021-09-22,16.17
Chile,CHL,2021-09-23,15.711
Chile,CHL,2021-09-24,16.221
Chile,CHL,2021-09-25,16.527
Chile,CHL,2021-09-26,16.885
Chile,CHL,2021-09-27,17.089
Chile,CHL,2021-09-28,16.68
Chile,CHL,2021-09-29,17.854
Chile,CHL,2021-09-30,18.568
Chile,CHL,2021-10-01,18.16
Chile,CHL,2021-10-02,18.925
Chile,CHL,2021-10-03,18.415
Chile,CHL,2021-10-04,19.078
Chile,CHL,2021-10-05,20.251
Chile,CHL,2021-10-06,20.2
Chile,CHL,2021-10-07,20.557
Chile,CHL,2021-10-08,21.067
Chile,CHL,2021-10-09,22.394
Chile,CHL,2021-10-10,24.026
Chile,CHL,2021-10-11,24.74
Chile,CHL,2021-10-12,24.893
Chile,CHL,2021-10-13,25.556
Chile,CHL,2021-10-14,25.556
Chile,CHL,2021-10-15,27.291
Chile,CHL,2021-10-16,26.577
Chile,CHL,2021-10-17,26.883
Chile,CHL,2021-10-18,27.342
Chile,CHL,2021-10-19,29.127
Chile,CHL,2021-10-20,29.331
Chile,CHL,2021-10-21,31.525
Chile,CHL,2021-10-22,31.168
Chile,CHL,2021-10-23,32.392
Chile,CHL,2021-10-24,33.412
Chile,CHL,2021-10-25,34.381
Chile,CHL,2021-10-26,33.82
Chile,CHL,2021-10-27,34.738
Chile,CHL,2021-10-28,34.228
Chile,CHL,2021-10-29,34.279
Chile,CHL,2021-10-30,35.197
Chile,CHL,2021-10-31,34.789
Chile,CHL,2021-11-01,34.942
Chile,CHL,2021-11-02,35.605
Chile,CHL,2021-11-03,36.932
Chile,CHL,2021-11-04,38.156
Chile,CHL,2021-11-05,39.635
Chile,CHL,2021-11-06,39.89
Chile,CHL,2021-11-07,40.911
Chile,CHL,2021-11-08,42.135
Chile,CHL,2021-11-09,42.951
Chile,CHL,2021-11-10,42.951
Chile,CHL,2021-11-11,42.849
Chile,CHL,2021-11-12,43.563
Chile,CHL,2021-11-13,43.512
Chile,CHL,2021-11-14,43.512
Chile,CHL,2021-11-15,44.022
Chile,CHL,2021-11-16,44.838
Chile,CHL,2021-11-17,43.92
Chile,CHL,2021-11-18,45.093
Chile,CHL,2021-11-19,45.195
Chile,CHL,2021-11-20,45.451
Chile,CHL,2021-11-21,46.165
Chile,CHL,2021-11-22,44.991
Chile,CHL,2021-11-23,44.991
Chile,CHL,2021-11-24,46.216
Chile,CHL,2021-11-25,45.757
Chile,CHL,2021-11-26,46.165
Chile,CHL,2021-11-27,46.216
Chile,CHL,2021-11-28,45.604
Chile,CHL,2021-11-29,45.4
Chile,CHL,2021-11-30,44.736
Chile,CHL,2021-12-01,45.093
Chile,CHL,2021-12-02,45.297
Chile,CHL,2021-12-03,44.226
Chile,CHL,2021-12-04,42.696
Chile,CHL,2021-12-05,42.645
Chile,CHL,2021-12-06,42.186
Chile,CHL,2021-12-07,42.135
Chile,CHL,2021-12-08,39.635
Chile,CHL,2021-12-09,38.258
Chile,CHL,2021-12-10,36.932
Chile,CHL,2021-12-11,37.136
Chile,CHL,2021-12-12,35.81
Chile,CHL,2021-12-13,35.503
Chile,CHL,2021-12-14,34.891
Chile,CHL,2021-12-15,34.381
Chile,CHL,2021-12-16,33.157
Chile,CHL,2021-12-17,33.157
Chile,CHL,2021-12-18,32.851
Chile,CHL,2021-12-19,32.035
Chile,CHL,2021-12-20,31.627
Chile,CHL,2021-12-21,30.81
Chile,CHL,2021-12-22,31.219
Chile,CHL,2021-12-23,31.27
Chile,CHL,2021-12-24,30.861
Chile,CHL,2021-12-25,29.433
Chile,CHL,2021-12-26,30.453
Chile,CHL,2021-12-27,30.351
Chile,CHL,2021-12-28,29.841
Chile,CHL,2021-12-29,30.198
Chile,CHL,2021-12-30,30.351
Chile,CHL,2021-12-31,30.096
Chile,CHL,2022-01-01,30.963
Chile,CHL,2022-01-02,31.014
Chile,CHL,2022-01-03,30.81
Chile,CHL,2022-01-04,31.678
Chile,CHL,2022-01-05,32.494
Chile,CHL,2022-01-06,34.687
Chile,CHL,2022-01-07,36.575
Chile,CHL,2022-01-08,38.207
Chile,CHL,2022-01-09,37.289
Chile,CHL,2022-01-10,38.819
Chile,CHL,2022-01-11,40.605
Chile,CHL,2022-01-12,41.166
Chile,CHL,2022-01-13,43.104
Chile,CHL,2022-01-14,45.91
Chile,CHL,2022-01-15,47.695
Chile,CHL,2022-01-16,49.939
Chile,CHL,2022-01-17,52.031
Chile,CHL,2022-01-18,54.734
Chile,CHL,2022-01-19,58.356
Chile,CHL,2022-01-20,60.907
Chile,CHL,2022-01-21,64.069
Chile,CHL,2022-01-22,66.263
Chile,CHL,2022-01-23,71.67
Chile,CHL,2022-01-24,77.995
Chile,CHL,2022-01-25,83.964
Chile,CHL,2022-01-26,90.085
Chile,CHL,2022-01-27,97.379
Chile,CHL,2022-01-28,102.991
Chile,CHL,2022-01-29,110.897
Chile,CHL,2022-01-30,117.07
Chile,CHL,2022-01-31,122.63
Chile,CHL,2022-02-01,128.241
Chile,CHL,2022-02-02,136.352
Chile,CHL,2022-02-03,140.687
Chile,CHL,2022-02-04,146.809
Chile,CHL,2022-02-05,150.124
Chile,CHL,2022-02-06,154.205
Chile,CHL,2022-02-07,160.429
Chile,CHL,2022-02-08,168.641
Chile,CHL,2022-02-09,173.64
Chile,CHL,2022-02-10,177.007
Chile,CHL,2022-02-11,177.823
Chile,CHL,2022-02-12,180.374
Chile,CHL,2022-02-13,180.476
Chile,CHL,2022-02-14,179.354
Chile,CHL,2022-02-15,177.058
Chile,CHL,2022-02-16,174.967
Chile,CHL,2022-02-17,173.691
Chile,CHL,2022-02-18,172.875
Chile,CHL,2022-02-19,170.835
Chile,CHL,2022-02-20,169.049
Chile,CHL,2022-02-21,165.173
Chile,CHL,2022-02-22,162.571
Chile,CHL,2022-02-23,158.133
Chile,CHL,2022-02-24,153.44
Chile,CHL,2022-02-25,150.431
Chile,CHL,2022-02-26,148.951
Chile,CHL,2022-02-27,146.758
Chile,CHL,2022-02-28,143.289
Chile,CHL,2022-03-01,137.933
Chile,CHL,2022-03-02,133.546
Chile,CHL,2022-03-03,130.128
Chile,CHL,2022-03-04,124.517
Chile,CHL,2022-03-05,119.314
Chile,CHL,2022-03-06,114.672
Chile,CHL,2022-03-07,110.54
Chile,CHL,2022-03-08,105.541
Chile,CHL,2022-03-09,99.879
Chile,CHL,2022-03-10,96.053
Chile,CHL,2022-03-11,91.921
Chile,CHL,2022-03-12,87.789
Chile,CHL,2022-03-13,83.3
Chile,CHL,2022-03-14,79.475
Chile,CHL,2022-03-15,77.281
Chile,CHL,2022-03-16,74.425
Chile,CHL,2022-03-17,69.885
Chile,CHL,2022-03-18,67.691
Chile,CHL,2022-03-19,64.835
Chile,CHL,2022-03-20,62.539
Chile,CHL,2022-03-21,60.805
Chile,CHL,2022-03-22,56.061
Chile,CHL,2022-03-23,54.224
Chile,CHL,2022-03-24,51.521
Chile,CHL,2022-03-25,48.664
Chile,CHL,2022-03-26,46.471
Chile,CHL,2022-03-27,45.093
Chile,CHL,2022-03-28,42.645
Chile,CHL,2022-03-29,40.298
Chile,CHL,2022-03-30,37.289
Chile,CHL,2022-03-31,36.014
Chile,CHL,2022-04-01,36.065
Chile,CHL,2022-04-02,34.075
Chile,CHL,2022-04-03,32.494
Chile,CHL,2022-04-04,31.168
Chile,CHL,2022-04-05,30.249
Chile,CHL,2022-04-06,28.974
Chile,CHL,2022-04-07,28.719
Chile,CHL,2022-04-08,25.658
Chile,CHL,2022-04-09,25.658
Chile,CHL,2022-04-10,25.199
Chile,CHL,2022-04-11,24.383
Chile,CHL,2022-04-12,24.383
Chile,CHL,2022-04-13,23.618
Chile,CHL,2022-04-14,22.547
Chile,CHL,2022-04-15,22.139
Chile,CHL,2022-04-16,21.22
Chile,CHL,2022-04-17,21.22
Chile,CHL,2022-04-18,20.455
Chile,CHL,2022-04-19,19.639
Chile,CHL,2022-04-20,19.69
Chile,CHL,2022-04-21,19.843
Chile,CHL,2022-04-22,19.537
Chile,CHL,2022-04-23,19.333
Chile,CHL,2022-04-24,19.231
Chile,CHL,2022-04-25,18.976
Chile,CHL,2022-04-26,18.109
Chile,CHL,2022-04-27,17.548
Chile,CHL,2022-04-28,16.783
Chile,CHL,2022-04-29,16.834
Chile,CHL,2022-04-30,16.68
Chile,CHL,2022-05-01,15.762
Chile,CHL,2022-05-02,15.762
Chile,CHL,2022-05-03,16.17
Chile,CHL,2022-05-04,16.578
Chile,CHL,2022-05-05,16.68
Chile,CHL,2022-05-06,17.089
Chile,CHL,2022-05-07,17.701
Chile,CHL,2022-05-08,18.925
Chile,CHL,2022-05-09,19.588
Chile,CHL,2022-05-10,20.2
Chile,CHL,2022-05-11,20.659
Chile,CHL,2022-05-12,21.169
Chile,CHL,2022-05-13,21.731
Chile,CHL,2022-05-14,22.598
Chile,CHL,2022-05-15,23.312
Chile,CHL,2022-05-16,24.536
Chile,CHL,2022-05-17,25.556
Chile,CHL,2022-05-18,26.015
Chile,CHL,2022-05-19,27.189
Chile,CHL,2022-05-20,29.178
Chile,CHL,2022-05-21,29.484
Chile,CHL,2022-05-22,29.127
Chile,CHL,2022-05-23,29.076
Chile,CHL,2022-05-24,30.096
Chile,CHL,2022-05-25,31.117
Chile,CHL,2022-05-26,31.831
Chile,CHL,2022-05-27,31.984
Chile,CHL,2022-05-28,32.035
Chile,CHL,2022-05-29,33.106
Chile,CHL,2022-05-30,35.656
Chile,CHL,2022-05-31,36.728
Chile,CHL,2022-06-01,38.513
Chile,CHL,2022-06-02,39.737
Chile,CHL,2022-06-03,41.625
Chile,CHL,2022-06-04,43.512
Chile,CHL,2022-06-05,45.042
Chile,CHL,2022-06-06,46.165
Chile,CHL,2022-06-07,47.389
Chile,CHL,2022-06-08,47.899
Chile,CHL,2022-06-09,48.613
Chile,CHL,2022-06-10,49.531
Chile,CHL,2022-06-11,50.45
Chile,CHL,2022-06-12,50.348
Chile,CHL,2022-06-13,48.868
Chile,CHL,2022-06-14,48.358
Chile,CHL,2022-06-15,48.154
Chile,CHL,2022-06-16,49.684
Chile,CHL,2022-06-17,49.786
Chile,CHL,2022-06-18,49.684
Chile,CHL,2022-06-19,50.96
Chile,CHL,2022-06-20,52.184
Chile,CHL,2022-06-21,51.266
Chile,CHL,2022-06-22,52.745
Chile,CHL,2022-06-23,53.051
Chile,CHL,2022-06-24,53
Chile,CHL,2022-06-25,53.459
Chile,CHL,2022-06-26,53.816
Chile,CHL,2022-06-27,51.827
Chile,CHL,2022-06-28,53.459
Chile,CHL,2022-06-29,53.918
Chile,CHL,2022-06-30,53.408
Chile,CHL,2022-07-01,53.969
Chile,CHL,2022-07-02,55.398
Chile,CHL,2022-07-03,54.377
Chile,CHL,2022-07-04,57.081
Chile,CHL,2022-07-05,59.58
Chile,CHL,2022-07-06,58.611
Chile,CHL,2022-07-07,58.407
Chile,CHL,2022-07-08,56.775
Chile,CHL,2022-07-09,55.806
Chile,CHL,2022-07-10,56.724
Chile,CHL,2022-07-11,57.234
Chile,CHL,2022-07-12,55.5
Chile,CHL,2022-07-13,56.265
Chile,CHL,2022-07-14,56.673
Chile,CHL,2022-07-15,56.469
Chile,CHL,2022-07-16,55.704
Chile,CHL,2022-07-17,54.122
Chile,CHL,2022-07-18,52.898
Chile,CHL,2022-07-19,51.521
Chile,CHL,2022-07-20,51.113
Chile,CHL,2022-07-21,50.654
Chile,CHL,2022-07-22,51.062
Chile,CHL,2022-07-23,50.041
Chile,CHL,2022-07-24,50.807
Chile,CHL,2022-07-25,50.348
Chile,CHL,2022-07-26,50.246
Chile,CHL,2022-07-27,49.48
Chile,CHL,2022-07-28,48.103
Chile,CHL,2022-07-29,46.981
Chile,CHL,2022-07-30,46.879
Chile,CHL,2022-07-31,46.522
Chile,CHL,2022-08-01,46.114
Chile,CHL,2022-08-02,46.114
Chile,CHL,2022-08-03,46.777
Chile,CHL,2022-08-04,47.338
Chile,CHL,2022-08-05,47.695
Chile,CHL,2022-08-06,46.93
Chile,CHL,2022-08-07,45.808
Chile,CHL,2022-08-08,45.961
Chile,CHL,2022-08-09,45.808
Chile,CHL,2022-08-10,45.348
Chile,CHL,2022-08-11,44.277
Chile,CHL,2022-08-12,43.665
Chile,CHL,2022-08-13,43.971
Chile,CHL,2022-08-14,43.512
Chile,CHL,2022-08-15,41.88
Chile,CHL,2022-08-16,40.656
Chile,CHL,2022-08-17,40.451
Chile,CHL,2022-08-18,42.492
Chile,CHL,2022-08-19,44.022
Chile,CHL,2022-08-20,45.808
Chile,CHL,2022-08-21,46.318
Chile,CHL,2022-08-22,47.644
Chile,CHL,2022-08-23,48.103
Chile,CHL,2022-08-24,47.746
Chile,CHL,2022-08-25,46.012
Chile,CHL,2022-08-26,44.532
Chile,CHL,2022-08-27,42.696
Chile,CHL,2022-08-28,41.982
Chile,CHL,2022-08-29,40.451
Chile,CHL,2022-08-30,40.4
Chile,CHL,2022-08-31,39.533
Chile,CHL,2022-09-01,38.513
Chile,CHL,2022-09-02,38.411
Chile,CHL,2022-09-03,38.258
Chile,CHL,2022-09-04,38.462
Chile,CHL,2022-09-05,38.054
Chile,CHL,2022-09-06,37.544
Chile,CHL,2022-09-07,36.269
Chile,CHL,2022-09-08,35.963
Chile,CHL,2022-09-09,35.912
Chile,CHL,2022-09-10,34.279
Chile,CHL,2022-09-11,33.718
Chile,CHL,2022-09-12,33.718
Chile,CHL,2022-09-13,33.31
Chile,CHL,2022-09-14,33.565
Chile,CHL,2022-09-15,32.953
Chile,CHL,2022-09-16,30.249
Chile,CHL,2022-09-17,30.861
Chile,CHL,2022-09-18,30.351
Chile,CHL,2022-09-19,29.025
Chile,CHL,2022-09-20,28.056
Chile,CHL,2022-09-21,29.178
Chile,CHL,2022-09-22,29.943
Chile,CHL,2022-09-23,30.963
Chile,CHL,2022-09-24,30.657
Chile,CHL,2022-09-25,30.81
Chile,CHL,2022-09-26,32.596
Chile,CHL,2022-09-27,33.463
Chile,CHL,2022-09-28,31.882
Chile,CHL,2022-09-29,31.219
Chile,CHL,2022-09-30,30.3
Chile,CHL,2022-10-01,29.586
Chile,CHL,2022-10-02,29.331
Chile,CHL,2022-10-03,28.107
Chile,CHL,2022-10-04,26.73
Chile,CHL,2022-10-05,26.015
Chile,CHL,2022-10-06,25.199
Chile,CHL,2022-10-07,25.403
Chile,CHL,2022-10-08,25.403
Chile,CHL,2022-10-09,25.25
Chile,CHL,2022-10-10,24.587
Chile,CHL,2022-10-11,24.587
Chile,CHL,2022-10-12,24.587
Chile,CHL,2022-10-13,25.046
Chile,CHL,2022-10-14,25.148
Chile,CHL,2022-10-15,26.322
Chile,CHL,2022-10-16,26.577
Chile,CHL,2022-10-17,28.566
Chile,CHL,2022-10-18,30.657
Chile,CHL,2022-10-19,31.78
Chile,CHL,2022-10-20,33.004
Chile,CHL,2022-10-21,33.616
Chile,CHL,2022-10-22,34.177
Chile,CHL,2022-10-23,34.483
Chile,CHL,2022-10-24,35.401
Chile,CHL,2022-10-25,34.33
Chile,CHL,2022-10-26,34.126
Chile,CHL,2022-10-27,32.749
Chile,CHL,2022-10-28,34.024
Chile,CHL,2022-10-29,33.769
Chile,CHL,2022-10-30,33.973
Chile,CHL,2022-10-31,31.831
Chile,CHL,2022-11-01,32.698
Chile,CHL,2022-11-02,34.687
Chile,CHL,2022-11-03,37.136
Chile,CHL,2022-11-04,38.36
Chile,CHL,2022-11-05,40.247
Chile,CHL,2022-11-06,41.421
Chile,CHL,2022-11-07,43.665
Chile,CHL,2022-11-08,44.43
Chile,CHL,2022-11-09,43.716
Chile,CHL,2022-11-10,43.155
Chile,CHL,2022-11-11,42.033
Chile,CHL,2022-11-12,41.88
Chile,CHL,2022-11-13,41.268
Chile,CHL,2022-11-14,40.809
Chile,CHL,2022-11-15,41.064
Chile,CHL,2022-11-16,40.809
Chile,CHL,2022-11-17,40.707
Chile,CHL,2022-11-18,41.166
Chile,CHL,2022-11-19,40.451
Chile,CHL,2022-11-20,40.094
Chile,CHL,2022-11-21,39.533
Chile,CHL,2022-11-22,37.595
Chile,CHL,2022-11-23,37.238
Chile,CHL,2022-11-24,36.371
Chile,CHL,2022-11-25,35.146
Chile,CHL,2022-11-26,33.82
Chile,CHL,2022-11-27,32.8
Chile,CHL,2022-11-28,32.902
Chile,CHL,2022-11-29,32.392
Chile,CHL,2022-11-30,31.168
Chile,CHL,2022-12-01,30.402
Chile,CHL,2022-12-02,31.168
Chile,CHL,2022-12-03,30.963
Chile,CHL,2022-12-04,31.525
Chile,CHL,2022-12-05,29.79
Chile,CHL,2022-12-06,30.555
Chile,CHL,2022-12-07,30.912
Chile,CHL,2022-12-08,29.535
Chile,CHL,2022-12-09,27.75
Chile,CHL,2022-12-10,27.444
Chile,CHL,2022-12-11,26.066
Chile,CHL,2022-12-12,27.291
Chile,CHL,2022-12-13,26.219
Chile,CHL,2022-12-14,25.505
Chile,CHL,2022-12-15,26.73
Chile,CHL,2022-12-16,27.852
Chile,CHL,2022-12-17,28.668
Chile,CHL,2022-12-18,29.025
Chile,CHL,2022-12-19,28.821
Chile,CHL,2022-12-20,28.413
Chile,CHL,2022-12-21,29.025
Chile,CHL,2022-12-22,29.688
Chile,CHL,2022-12-23,29.484
Chile,CHL,2022-12-24,28.413
Chile,CHL,2022-12-25,29.382
Chile,CHL,2022-12-26,30.606
Chile,CHL,2022-12-27,32.902
Chile,CHL,2022-12-28,33.361
Chile,CHL,2022-12-29,34.534
Chile,CHL,2022-12-30,34.432
Chile,CHL,2022-12-31,35.707
Chile,CHL,2023-01-01,36.269
Chile,CHL,2023-01-02,34.024
Chile,CHL,2023-01-03,33.157
Chile,CHL,2023-01-04,34.381
Chile,CHL,2023-01-05,35.146
Chile,CHL,2023-01-06,36.779
Chile,CHL,2023-01-07,36.422
Chile,CHL,2023-01-08,36.218
Chile,CHL,2023-01-09,38.003
Chile,CHL,2023-01-10,38.717
Chile,CHL,2023-01-11,37.85
Chile,CHL,2023-01-12,35.146
Chile,CHL,2023-01-13,34.381
Chile,CHL,2023-01-14,34.33
Chile,CHL,2023-01-15,33.412
Chile,CHL,2023-01-16,31.984
Chile,CHL,2023-01-17,30.198
Chile,CHL,2023-01-18,29.382
Chile,CHL,2023-01-19,30.147
Chile,CHL,2023-01-20,28.872
Chile,CHL,2023-01-21,28.158
Chile,CHL,2023-01-22,27.903
Chile,CHL,2023-01-23,27.138
Chile,CHL,2023-01-24,27.087
Chile,CHL,2023-01-25,25.76
Chile,CHL,2023-01-26,24.179
Chile,CHL,2023-01-27,22.853
Chile,CHL,2023-01-28,22.955
Chile,CHL,2023-01-29,22.19
Chile,CHL,2023-01-30,22.292
Chile,CHL,2023-01-31,22.037
Chile,CHL,2023-02-01,22.037
Chile,CHL,2023-02-02,21.629
Chile,CHL,2023-02-03,21.68
Chile,CHL,2023-02-04,21.271
Chile,CHL,2023-02-05,21.527
Chile,CHL,2023-02-06,21.68
Chile,CHL,2023-02-07,21.271
Chile,CHL,2023-02-08,20.914
Chile,CHL,2023-02-09,21.527
Chile,CHL,2023-02-10,21.527
Chile,CHL,2023-02-11,20.863
Chile,CHL,2023-02-12,20.302
Chile,CHL,2023-02-13,19.486
Chile,CHL,2023-02-14,18.721
Chile,CHL,2023-02-15,18.313
Chile,CHL,2023-02-16,17.344
Chile,CHL,2023-02-17,16.936
Chile,CHL,2023-02-18,17.038
Chile,CHL,2023-02-19,17.497
Chile,CHL,2023-02-20,18.517
Chile,CHL,2023-02-21,18.772
Chile,CHL,2023-02-22,19.843
Chile,CHL,2023-02-23,20.404
Chile,CHL,2023-02-24,20.914
Chile,CHL,2023-02-25,21.322
Chile,CHL,2023-02-26,21.986
Chile,CHL,2023-02-27,21.016
Chile,CHL,2023-02-28,20.557
Chile,CHL,2023-03-01,20.353
Chile,CHL,2023-03-02,20.608
Chile,CHL,2023-03-03,20.71
Chile,CHL,2023-03-04,21.475
Chile,CHL,2023-03-05,21.68
Chile,CHL,2023-03-06,22.955
Chile,CHL,2023-03-07,24.383
Chile,CHL,2023-03-08,24.791
Chile,CHL,2023-03-09,24.995
Chile,CHL,2023-03-10,26.015
Chile,CHL,2023-03-11,25.199
Chile,CHL,2023-03-12,25.046
Chile,CHL,2023-03-13,24.74
Chile,CHL,2023-03-14,24.638
Chile,CHL,2023-03-15,24.74
Chile,CHL,2023-03-16,25.403
Chile,CHL,2023-03-17,25.403
Chile,CHL,2023-03-18,25.607
Chile,CHL,2023-03-19,25.964
Chile,CHL,2023-03-20,25.658
Chile,CHL,2023-03-21,25.607
Chile,CHL,2023-03-22,25.556
Chile,CHL,2023-03-23,25.25
Chile,CHL,2023-03-24,23.516
Chile,CHL,2023-03-25,22.7
Chile,CHL,2023-03-26,22.394
Chile,CHL,2023-03-27,22.904
Chile,CHL,2023-03-28,22.445
Chile,CHL,2023-03-29,21.527
Chile,CHL,2023-03-30,20.506
Chile,CHL,2023-03-31,21.527
Chile,CHL,2023-04-01,21.68
Chile,CHL,2023-04-02,20.608
Chile,CHL,2023-04-03,19.282
Chile,CHL,2023-04-04,18.619
Chile,CHL,2023-04-05,17.293
Chile,CHL,2023-04-06,16.272
Chile,CHL,2023-04-07,14.232
Chile,CHL,2023-04-08,13.569
Chile,CHL,2023-04-09,13.314
Chile,CHL,2023-04-10,13.059
Chile,CHL,2023-04-11,12.243
Chile,CHL,2023-04-12,12.702
Chile,CHL,2023-04-13,12.651
Chile,CHL,2023-04-14,12.6
Croatia,HRV,2020-04-26,25.27
Croatia,HRV,2020-05-03,5.946
Croatia,HRV,2020-05-10,9.91
Croatia,HRV,2020-05-17,3.716
Croatia,HRV,2020-05-24,3.716
Croatia,HRV,2020-05-31,0.248
Croatia,HRV,2020-06-07,0
Croatia,HRV,2020-06-14,0.743
Croatia,HRV,2020-06-21,1.486
Croatia,HRV,2020-06-28,14.122
Croatia,HRV,2020-07-05,16.599
Croatia,HRV,2020-07-12,23.536
Croatia,HRV,2020-07-19,24.775
Croatia,HRV,2020-07-26,20.315
Croatia,HRV,2020-08-02,18.829
Croatia,HRV,2020-08-09,15.856
Croatia,HRV,2020-08-16,17.342
Croatia,HRV,2020-08-23,24.279
Croatia,HRV,2020-08-30,46.824
Croatia,HRV,2020-09-06,57.973
Croatia,HRV,2020-09-13,54.257
Croatia,HRV,2020-09-20,42.365
Croatia,HRV,2020-09-27,50.788
Croatia,HRV,2020-10-04,57.478
Croatia,HRV,2020-10-11,83.987
Croatia,HRV,2020-10-18,129.572
Croatia,HRV,2020-10-25,203.401
Croatia,HRV,2020-11-01,268.559
Croatia,HRV,2020-11-08,322.073
Croatia,HRV,2020-11-15,375.339
Croatia,HRV,2020-11-22,398.131
Croatia,HRV,2020-11-29,446.69
Croatia,HRV,2020-12-06,543.064
Croatia,HRV,2020-12-13,578.244
Croatia,HRV,2020-12-20,536.871
Croatia,HRV,2020-12-27,417.456
Croatia,HRV,2021-01-03,376.577
Croatia,HRV,2021-01-10,298.041
Croatia,HRV,2021-01-17,240.811
Croatia,HRV,2021-01-24,203.154
Croatia,HRV,2021-01-31,177.14
Croatia,HRV,2021-02-07,160.045
Croatia,HRV,2021-02-14,115.698
Croatia,HRV,2021-02-21,115.451
Croatia,HRV,2021-02-28,114.955
Croatia,HRV,2021-03-07,128.334
Croatia,HRV,2021-03-14,150.135
Croatia,HRV,2021-03-21,175.654
Croatia,HRV,2021-03-28,231.892
Croatia,HRV,2021-04-04,310.924
Croatia,HRV,2021-04-11,375.339
Croatia,HRV,2021-04-18,400.857
Croatia,HRV,2021-04-25,425.384
Croatia,HRV,2021-05-02,381.037
Croatia,HRV,2021-05-09,308.447
Croatia,HRV,2021-05-16,245.766
Croatia,HRV,2021-05-23,157.072
Croatia,HRV,2021-05-30,113.716
Croatia,HRV,2021-06-06,66.397
Croatia,HRV,2021-06-13,50.788
Croatia,HRV,2021-06-20,39.392
Croatia,HRV,2021-06-27,23.288
Croatia,HRV,2021-07-04,21.059
Croatia,HRV,2021-07-11,19.82
Croatia,HRV,2021-07-18,21.802
Croatia,HRV,2021-07-25,23.041
Croatia,HRV,2021-08-01,31.216
Croatia,HRV,2021-08-08,36.171
Croatia,HRV,2021-08-15,43.356
Croatia,HRV,2021-08-22,59.707
Croatia,HRV,2021-08-29,83.739
Croatia,HRV,2021-09-05,100.09
Croatia,HRV,2021-09-12,108.761
Croatia,HRV,2021-09-19,127.59
Croatia,HRV,2021-09-26,125.608
Croatia,HRV,2021-10-03,138.987
Croatia,HRV,2021-10-10,153.604
Croatia,HRV,2021-10-17,162.275
Croatia,HRV,2021-10-24,200.924
Croatia,HRV,2021-10-31,277.478
Croatia,HRV,2021-11-07,399.37
Croatia,HRV,2021-11-14,415.226
Croatia,HRV,2021-11-21,464.28
Croatia,HRV,2021-11-28,426.375
Croatia,HRV,2021-12-05,370.384
Croatia,HRV,2021-12-12,355.767
Croatia,HRV,2021-12-19,315.879
Croatia,HRV,2021-12-26,253.942
Croatia,HRV,2022-01-02,276.735
Croatia,HRV,2022-01-09,294.325
Croatia,HRV,2022-01-16,281.442
Croatia,HRV,2022-01-23,348.334
Croatia,HRV,2022-01-30,404.325
Croatia,HRV,2022-02-06,415.474
Croatia,HRV,2022-02-13,392.681
Croatia,HRV,2022-02-20,284.663
Croatia,HRV,2022-02-27,217.275
Croatia,HRV,2022-03-06,140.721
Croatia,HRV,2022-03-13,122.388
Croatia,HRV,2022-03-20,115.946
Croatia,HRV,2022-03-27,120.653
Croatia,HRV,2022-04-03,121.892
Croatia,HRV,2022-04-10,92.658
Croatia,HRV,2022-04-17,82.996
Croatia,HRV,2022-04-24,89.933
Croatia,HRV,2022-05-01,88.198
Croatia,HRV,2022-05-08,75.811
Croatia,HRV,2022-05-15,61.194
Croatia,HRV,2022-05-22,42.365
Croatia,HRV,2022-05-29,35.18
Croatia,HRV,2022-06-05,33.942
Croatia,HRV,2022-06-12,28.739
Croatia,HRV,2022-06-19,28.987
Croatia,HRV,2022-06-26,42.613
Croatia,HRV,2022-07-03,60.451
Croatia,HRV,2022-07-10,85.969
Croatia,HRV,2022-07-17,113.469
Croatia,HRV,2022-07-24,140.473
Croatia,HRV,2022-07-31,149.64
Croatia,HRV,2022-08-07,120.653
Croatia,HRV,2022-08-14,144.933
Croatia,HRV,2022-08-21,127.838
Cyprus,CYP,2020-03-15,7.737
Cyprus,CYP,2020-03-22,19.896
Cyprus,CYP,2020-03-29,56.372
Cyprus,CYP,2020-04-05,50.845
Cyprus,CYP,2020-04-12,23.212
Cyprus,CYP,2020-04-19,13.264
Cyprus,CYP,2020-04-26,6.632
Cyprus,CYP,2020-05-03,6.632
Cyprus,CYP,2020-05-10,6.632
Cyprus,CYP,2020-05-24,2.211
Cyprus,CYP,2020-05-31,1.105
Cyprus,CYP,2020-06-07,1.105
Cyprus,CYP,2020-06-14,1.105
Cyprus,CYP,2020-06-21,1.105
Cyprus,CYP,2020-06-28,2.211
Cyprus,CYP,2020-07-26,1.105
Cyprus,CYP,2020-08-02,8.843
Cyprus,CYP,2020-08-09,4.421
Cyprus,CYP,2020-08-16,2.211
Cyprus,CYP,2020-08-23,3.316
Cyprus,CYP,2020-08-30,6.632
Cyprus,CYP,2020-09-06,1.105
Cyprus,CYP,2020-09-13,2.211
Cyprus,CYP,2020-09-20,6.632
Cyprus,CYP,2020-09-27,16.58
Cyprus,CYP,2020-10-04,4.421
Cyprus,CYP,2020-10-11,5.527
Cyprus,CYP,2020-10-18,32.055
Cyprus,CYP,2020-10-25,35.371
Cyprus,CYP,2020-11-01,39.792
Cyprus,CYP,2020-11-08,74.057
Cyprus,CYP,2020-11-15,65.215
Cyprus,CYP,2020-11-22,79.584
Cyprus,CYP,2020-11-29,90.637
Cyprus,CYP,2020-12-06,80.689
Cyprus,CYP,2020-12-13,82.9
Cyprus,CYP,2020-12-20,106.112
Cyprus,CYP,2020-12-27,118.271
Cyprus,CYP,2021-01-03,140.377
Cyprus,CYP,2021-01-10,155.852
Cyprus,CYP,2021-01-17,133.745
Cyprus,CYP,2021-01-24,102.796
Cyprus,CYP,2021-01-31,77.373
Cyprus,CYP,2021-02-07,77.373
Cyprus,CYP,2021-02-14,61.899
Cyprus,CYP,2021-02-21,71.847
Cyprus,CYP,2021-02-28,60.793
Cyprus,CYP,2021-03-07,113.849
Cyprus,CYP,2021-03-14,186.801
Cyprus,CYP,2021-03-21,176.853
Cyprus,CYP,2021-03-28,152.536
Cyprus,CYP,2021-04-04,177.959
Cyprus,CYP,2021-04-11,190.117
Cyprus,CYP,2021-04-18,223.277
Cyprus,CYP,2021-04-25,273.017
Cyprus,CYP,2021-05-02,238.752
Cyprus,CYP,2021-05-09,194.539
Cyprus,CYP,2021-05-16,118.271
Cyprus,CYP,2021-05-23,74.057
Cyprus,CYP,2021-05-30,42.003
Cyprus,CYP,2021-06-06,24.317
Cyprus,CYP,2021-06-13,22.107
Cyprus,CYP,2021-06-20,37.581
Cyprus,CYP,2021-06-27,35.371
Cyprus,CYP,2021-07-04,81.795
Cyprus,CYP,2021-07-11,141.483
Cyprus,CYP,2021-07-18,201.171
Cyprus,CYP,2021-07-25,245.384
Cyprus,CYP,2021-08-01,236.541
Cyprus,CYP,2021-08-08,202.276
Cyprus,CYP,2021-08-15,147.009
Cyprus,CYP,2021-08-22,130.429
Cyprus,CYP,2021-08-29,98.375
Cyprus,CYP,2021-09-05,98.375
Cyprus,CYP,2021-09-12,81.795
Cyprus,CYP,2021-09-19,58.583
Cyprus,CYP,2021-09-26,43.108
Cyprus,CYP,2021-10-03,30.949
Cyprus,CYP,2021-10-10,25.423
Cyprus,CYP,2021-10-17,33.16
Cyprus,CYP,2021-10-24,30.949
Cyprus,CYP,2021-10-31,35.371
Cyprus,CYP,2021-11-07,40.897
Cyprus,CYP,2021-11-14,55.267
Cyprus,CYP,2021-11-21,58.583
Cyprus,CYP,2021-11-28,69.636
Cyprus,CYP,2021-12-05,77.373
Cyprus,CYP,2021-12-12,97.269
Cyprus,CYP,2021-12-19,105.007
Cyprus,CYP,2021-12-26,81.795
Cyprus,CYP,2022-01-02,101.691
Cyprus,CYP,2022-01-09,127.113
Cyprus,CYP,2022-01-16,137.061
Cyprus,CYP,2022-01-23,109.428
Cyprus,CYP,2022-01-30,76.268
Cyprus,CYP,2022-02-06,87.321
Cyprus,CYP,2022-02-13,77.373
Cyprus,CYP,2022-02-20,57.477
Cyprus,CYP,2022-02-27,51.951
Cyprus,CYP,2022-03-06,58.583
Cyprus,CYP,2022-03-13,43.108
Cyprus,CYP,2022-03-20,54.161
Cyprus,CYP,2022-03-27,74.057
Cyprus,CYP,2022-04-03,59.688
Cyprus,CYP,2022-04-10,48.635
Cyprus,CYP,2022-04-17,18.791
Cyprus,CYP,2022-04-24,21.001
Cyprus,CYP,2022-05-01,22.107
Cyprus,CYP,2022-05-08,17.685
Cyprus,CYP,2022-05-15,11.053
Cyprus,CYP,2022-05-22,6.632
Cyprus,CYP,2022-05-29,12.159
Cyprus,CYP,2022-06-05,17.685
Cyprus,CYP,2022-06-12,7.737
Cyprus,CYP,2022-06-19,11.053
Cyprus,CYP,2022-06-26,34.265
Cyprus,CYP,2022-07-03,32.055
Cyprus,CYP,2022-07-10,36.476
Cyprus,CYP,2022-07-17,23.212
Cyprus,CYP,2022-07-24,9.948
Cyprus,CYP,2022-07-31,6.632
Cyprus,CYP,2022-08-07,3.316
Cyprus,CYP,2022-08-14,8.843
Cyprus,CYP,2022-08-21,29.844
Cyprus,CYP,2022-08-28,6.632
Cyprus,CYP,2022-09-04,3.316
Cyprus,CYP,2022-09-11,6.632
Cyprus,CYP,2022-09-18,11.053
Cyprus,CYP,2022-09-25,11.053
Cyprus,CYP,2022-10-02,11.053
Cyprus,CYP,2022-10-09,3.316
Cyprus,CYP,2022-10-16,9.948
Cyprus,CYP,2022-10-23,9.948
Cyprus,CYP,2022-10-30,18.791
Cyprus,CYP,2022-11-06,27.633
Cyprus,CYP,2022-11-13,17.685
Cyprus,CYP,2022-11-20,23.212
Cyprus,CYP,2022-11-27,24.317
Cyprus,CYP,2022-12-04,24.317
Cyprus,CYP,2022-12-11,17.685
Cyprus,CYP,2022-12-18,19.896
Cyprus,CYP,2022-12-25,15.475
Cyprus,CYP,2023-01-01,9.948
Cyprus,CYP,2023-01-08,13.264
Cyprus,CYP,2023-01-15,8.843
Cyprus,CYP,2023-01-22,8.843
Cyprus,CYP,2023-01-29,3.316
Cyprus,CYP,2023-02-05,4.421
Cyprus,CYP,2023-02-12,7.737
Cyprus,CYP,2023-02-19,3.316
Cyprus,CYP,2023-02-26,7.737
Cyprus,CYP,2023-03-05,7.737
Cyprus,CYP,2023-03-12,3.316
Cyprus,CYP,2023-03-26,1.105
Czechia,CZE,2020-03-07,0
Czechia,CZE,2020-03-08,0
Czechia,CZE,2020-03-09,0
Czechia,CZE,2020-03-10,0
Czechia,CZE,2020-03-11,0.191
Czechia,CZE,2020-03-12,0.286
Czechia,CZE,2020-03-13,0.572
Czechia,CZE,2020-03-14,0.667
Czechia,CZE,2020-03-15,0.858
Czechia,CZE,2020-03-16,2.287
Czechia,CZE,2020-03-17,5.908
Czechia,CZE,2020-03-18,6.194
Czechia,CZE,2020-03-19,7.052
Czechia,CZE,2020-03-20,8.672
Czechia,CZE,2020-03-21,10.577
Czechia,CZE,2020-03-22,12.769
Czechia,CZE,2020-03-23,14.103
Czechia,CZE,2020-03-24,13.246
Czechia,CZE,2020-03-25,18.01
Czechia,CZE,2020-03-26,22.203
Czechia,CZE,2020-03-27,24.395
Czechia,CZE,2020-03-28,27.254
Czechia,CZE,2020-03-29,27.73
Czechia,CZE,2020-03-30,27.54
Czechia,CZE,2020-03-31,29.445
Czechia,CZE,2020-04-01,28.778
Czechia,CZE,2020-04-02,27.54
Czechia,CZE,2020-04-03,28.111
Czechia,CZE,2020-04-04,26.205
Czechia,CZE,2020-04-05,26.301
Czechia,CZE,2020-04-06,28.397
Czechia,CZE,2020-04-07,28.683
Czechia,CZE,2020-04-08,27.73
Czechia,CZE,2020-04-09,27.635
Czechia,CZE,2020-04-10,25.92
Czechia,CZE,2020-04-11,25.634
Czechia,CZE,2020-04-12,24.395
Czechia,CZE,2020-04-13,21.25
Czechia,CZE,2020-04-14,17.343
Czechia,CZE,2020-04-15,16.2
Czechia,CZE,2020-04-16,14.58
Czechia,CZE,2020-04-17,14.675
Czechia,CZE,2020-04-18,14.199
Czechia,CZE,2020-04-19,14.866
Czechia,CZE,2020-04-20,16.486
Czechia,CZE,2020-04-21,20.107
Czechia,CZE,2020-04-22,19.249
Czechia,CZE,2020-04-23,19.726
Czechia,CZE,2020-04-24,19.154
Czechia,CZE,2020-04-25,18.201
Czechia,CZE,2020-04-26,16.962
Czechia,CZE,2020-04-27,15.437
Czechia,CZE,2020-04-28,12.674
Czechia,CZE,2020-04-29,11.53
Czechia,CZE,2020-04-30,10.863
Czechia,CZE,2020-05-01,9.339
Czechia,CZE,2020-05-02,9.243
Czechia,CZE,2020-05-03,8.672
Czechia,CZE,2020-05-04,9.053
Czechia,CZE,2020-05-05,8.29
Czechia,CZE,2020-05-06,8.481
Czechia,CZE,2020-05-07,7.528
Czechia,CZE,2020-05-08,7.719
Czechia,CZE,2020-05-09,7.433
Czechia,CZE,2020-05-10,7.338
Czechia,CZE,2020-05-11,6.003
Czechia,CZE,2020-05-12,5.908
Czechia,CZE,2020-05-13,6.003
Czechia,CZE,2020-05-14,5.432
Czechia,CZE,2020-05-15,4.574
Czechia,CZE,2020-05-16,4.193
Czechia,CZE,2020-05-17,4.574
Czechia,CZE,2020-05-18,5.146
Czechia,CZE,2020-05-19,4.479
Czechia,CZE,2020-05-20,4.193
Czechia,CZE,2020-05-21,4.479
Czechia,CZE,2020-05-22,4.765
Czechia,CZE,2020-05-23,4.669
Czechia,CZE,2020-05-24,4.383
Czechia,CZE,2020-05-25,3.812
Czechia,CZE,2020-05-26,4.383
Czechia,CZE,2020-05-27,4.288
Czechia,CZE,2020-05-28,4.002
Czechia,CZE,2020-05-29,3.716
Czechia,CZE,2020-05-30,4.098
Czechia,CZE,2020-05-31,3.716
Czechia,CZE,2020-06-01,3.621
Czechia,CZE,2020-06-02,3.145
Czechia,CZE,2020-06-03,2.859
Czechia,CZE,2020-06-04,2.859
Czechia,CZE,2020-06-05,3.431
Czechia,CZE,2020-06-06,3.049
Czechia,CZE,2020-06-07,3.24
Czechia,CZE,2020-06-08,3.049
Czechia,CZE,2020-06-09,3.145
Czechia,CZE,2020-06-10,3.812
Czechia,CZE,2020-06-11,3.812
Czechia,CZE,2020-06-12,3.716
Czechia,CZE,2020-06-13,3.716
Czechia,CZE,2020-06-14,3.907
Czechia,CZE,2020-06-15,4.574
Czechia,CZE,2020-06-16,4.765
Czechia,CZE,2020-06-17,4.86
Czechia,CZE,2020-06-18,5.146
Czechia,CZE,2020-06-19,5.241
Czechia,CZE,2020-06-20,5.622
Czechia,CZE,2020-06-21,5.241
Czechia,CZE,2020-06-22,4.86
Czechia,CZE,2020-06-23,4.765
Czechia,CZE,2020-06-24,4.86
Czechia,CZE,2020-06-25,4.288
Czechia,CZE,2020-06-26,4.002
Czechia,CZE,2020-06-27,3.621
Czechia,CZE,2020-06-28,4.193
Czechia,CZE,2020-06-29,4.098
Czechia,CZE,2020-06-30,3.812
Czechia,CZE,2020-07-01,3.812
Czechia,CZE,2020-07-02,4.098
Czechia,CZE,2020-07-03,4.288
Czechia,CZE,2020-07-04,4.193
Czechia,CZE,2020-07-05,4.383
Czechia,CZE,2020-07-06,4.098
Czechia,CZE,2020-07-07,5.146
Czechia,CZE,2020-07-08,5.146
Czechia,CZE,2020-07-09,5.146
Czechia,CZE,2020-07-10,4.955
Czechia,CZE,2020-07-11,4.955
Czechia,CZE,2020-07-12,4.288
Czechia,CZE,2020-07-13,4.765
Czechia,CZE,2020-07-14,3.526
Czechia,CZE,2020-07-15,3.907
Czechia,CZE,2020-07-16,4.002
Czechia,CZE,2020-07-17,4.098
Czechia,CZE,2020-07-18,4.86
Czechia,CZE,2020-07-19,4.955
Czechia,CZE,2020-07-20,4.574
Czechia,CZE,2020-07-21,5.527
Czechia,CZE,2020-07-22,6.003
Czechia,CZE,2020-07-23,6.48
Czechia,CZE,2020-07-24,6.67
Czechia,CZE,2020-07-25,6.48
Czechia,CZE,2020-07-26,6.575
Czechia,CZE,2020-07-27,8.29
Czechia,CZE,2020-07-28,8.386
Czechia,CZE,2020-07-29,8.481
Czechia,CZE,2020-07-30,8.862
Czechia,CZE,2020-07-31,9.339
Czechia,CZE,2020-08-01,9.529
Czechia,CZE,2020-08-02,9.339
Czechia,CZE,2020-08-03,8.481
Czechia,CZE,2020-08-04,8.576
Czechia,CZE,2020-08-05,7.814
Czechia,CZE,2020-08-06,6.766
Czechia,CZE,2020-08-07,6.766
Czechia,CZE,2020-08-08,6.861
Czechia,CZE,2020-08-09,8.29
Czechia,CZE,2020-08-10,8.195
Czechia,CZE,2020-08-11,7.909
Czechia,CZE,2020-08-12,8.1
Czechia,CZE,2020-08-13,9.434
Czechia,CZE,2020-08-14,10.482
Czechia,CZE,2020-08-15,10.673
Czechia,CZE,2020-08-16,10.006
Czechia,CZE,2020-08-17,10.577
Czechia,CZE,2020-08-18,10.196
Czechia,CZE,2020-08-19,10.387
Czechia,CZE,2020-08-20,10.959
Czechia,CZE,2020-08-21,11.054
Czechia,CZE,2020-08-22,11.912
Czechia,CZE,2020-08-23,12.293
Czechia,CZE,2020-08-24,12.102
Czechia,CZE,2020-08-25,13.246
Czechia,CZE,2020-08-26,13.722
Czechia,CZE,2020-08-27,14.008
Czechia,CZE,2020-08-28,14.008
Czechia,CZE,2020-08-29,13.341
Czechia,CZE,2020-08-30,13.627
Czechia,CZE,2020-08-31,14.77
Czechia,CZE,2020-09-01,15.152
Czechia,CZE,2020-09-02,15.152
Czechia,CZE,2020-09-03,16.676
Czechia,CZE,2020-09-04,18.106
Czechia,CZE,2020-09-05,20.297
Czechia,CZE,2020-09-06,20.774
Czechia,CZE,2020-09-07,23.251
Czechia,CZE,2020-09-08,24.204
Czechia,CZE,2020-09-09,27.063
Czechia,CZE,2020-09-10,26.968
Czechia,CZE,2020-09-11,29.445
Czechia,CZE,2020-09-12,29.064
Czechia,CZE,2020-09-13,32.114
Czechia,CZE,2020-09-14,32.59
Czechia,CZE,2020-09-15,37.926
Czechia,CZE,2020-09-16,40.785
Czechia,CZE,2020-09-17,51.267
Czechia,CZE,2020-09-18,54.412
Czechia,CZE,2020-09-19,59.748
Czechia,CZE,2020-09-20,61.273
Czechia,CZE,2020-09-21,66.991
Czechia,CZE,2020-09-22,70.421
Czechia,CZE,2020-09-23,78.235
Czechia,CZE,2020-09-24,79.283
Czechia,CZE,2020-09-25,83.476
Czechia,CZE,2020-09-26,86.526
Czechia,CZE,2020-09-27,92.624
Czechia,CZE,2020-09-28,91.576
Czechia,CZE,2020-09-29,100.82
Czechia,CZE,2020-09-30,107.014
Czechia,CZE,2020-10-01,113.494
Czechia,CZE,2020-10-02,122.642
Czechia,CZE,2020-10-03,127.12
Czechia,CZE,2020-10-04,132.838
Czechia,CZE,2020-10-05,155.136
Czechia,CZE,2020-10-06,166.381
Czechia,CZE,2020-10-07,180.675
Czechia,CZE,2020-10-08,196.017
Czechia,CZE,2020-10-09,211.931
Czechia,CZE,2020-10-10,225.367
Czechia,CZE,2020-10-11,232.8
Czechia,CZE,2020-10-12,253.86
Czechia,CZE,2020-10-13,271.012
Czechia,CZE,2020-10-14,292.167
Czechia,CZE,2020-10-15,308.081
Czechia,CZE,2020-10-16,331.237
Czechia,CZE,2020-10-17,353.726
Czechia,CZE,2020-10-18,379.455
Czechia,CZE,2020-10-19,401.373
Czechia,CZE,2020-10-20,433.582
Czechia,CZE,2020-10-21,473.033
Czechia,CZE,2020-10-22,509.434
Czechia,CZE,2020-10-23,546.122
Czechia,CZE,2020-10-24,568.23
Czechia,CZE,2020-10-25,593.578
Czechia,CZE,2020-10-26,633.982
Czechia,CZE,2020-10-27,667.811
Czechia,CZE,2020-10-28,658.663
Czechia,CZE,2020-10-29,686.488
Czechia,CZE,2020-10-30,715.076
Czechia,CZE,2020-10-31,715.171
Czechia,CZE,2020-11-01,704.403
Czechia,CZE,2020-11-02,705.737
Czechia,CZE,2020-11-03,700.306
Czechia,CZE,2020-11-04,717.077
Czechia,CZE,2020-11-05,695.732
Czechia,CZE,2020-11-06,667.239
Czechia,CZE,2020-11-07,651.516
Czechia,CZE,2020-11-08,639.985
Czechia,CZE,2020-11-09,617.877
Czechia,CZE,2020-11-10,598.628
Czechia,CZE,2020-11-11,573.471
Czechia,CZE,2020-11-12,551.268
Czechia,CZE,2020-11-13,538.308
Czechia,CZE,2020-11-14,528.207
Czechia,CZE,2020-11-15,512.484
Czechia,CZE,2020-11-16,494.092
Czechia,CZE,2020-11-17,449.019
Czechia,CZE,2020-11-18,446.351
Czechia,CZE,2020-11-19,433.01
Czechia,CZE,2020-11-20,403.278
Czechia,CZE,2020-11-21,390.605
Czechia,CZE,2020-11-22,381.933
Czechia,CZE,2020-11-23,368.687
Czechia,CZE,2020-11-24,392.034
Czechia,CZE,2020-11-25,368.211
Czechia,CZE,2020-11-26,356.204
Czechia,CZE,2020-11-27,347.151
Czechia,CZE,2020-11-28,341.148
Czechia,CZE,2020-11-29,344.959
Czechia,CZE,2020-11-30,338.098
Czechia,CZE,2020-12-01,319.993
Czechia,CZE,2020-12-02,316.372
Czechia,CZE,2020-12-03,324.09
Czechia,CZE,2020-12-04,330.951
Czechia,CZE,2020-12-05,332.095
Czechia,CZE,2020-12-06,330.189
Czechia,CZE,2020-12-07,330.094
Czechia,CZE,2020-12-08,332
Czechia,CZE,2020-12-09,341.815
Czechia,CZE,2020-12-10,339.623
Czechia,CZE,2020-12-11,337.241
Czechia,CZE,2020-12-12,345.817
Czechia,CZE,2020-12-13,349.152
Czechia,CZE,2020-12-14,353.345
Czechia,CZE,2020-12-15,362.112
Czechia,CZE,2020-12-16,354.584
Czechia,CZE,2020-12-17,359.158
Czechia,CZE,2020-12-18,363.827
Czechia,CZE,2020-12-19,359.73
Czechia,CZE,2020-12-20,364.208
Czechia,CZE,2020-12-21,365.257
Czechia,CZE,2020-12-22,370.498
Czechia,CZE,2020-12-23,389.842
Czechia,CZE,2020-12-24,370.593
Czechia,CZE,2020-12-25,365.638
Czechia,CZE,2020-12-26,385.745
Czechia,CZE,2020-12-27,411.474
Czechia,CZE,2020-12-28,456.833
Czechia,CZE,2020-12-29,488.184
Czechia,CZE,2020-12-30,507.433
Czechia,CZE,2020-12-31,550.315
Czechia,CZE,2021-01-01,560.702
Czechia,CZE,2021-01-02,581.095
Czechia,CZE,2021-01-03,586.05
Czechia,CZE,2021-01-04,610.635
Czechia,CZE,2021-01-05,621.784
Czechia,CZE,2021-01-06,630.742
Czechia,CZE,2021-01-07,647.99
Czechia,CZE,2021-01-08,674.672
Czechia,CZE,2021-01-09,661.045
Czechia,CZE,2021-01-10,647.418
Czechia,CZE,2021-01-11,613.208
Czechia,CZE,2021-01-12,607.681
Czechia,CZE,2021-01-13,583.953
Czechia,CZE,2021-01-14,561.56
Czechia,CZE,2021-01-15,551.363
Czechia,CZE,2021-01-16,538.213
Czechia,CZE,2021-01-17,524.395
Czechia,CZE,2021-01-18,513.341
Czechia,CZE,2021-01-19,486.85
Czechia,CZE,2021-01-20,485.04
Czechia,CZE,2021-01-21,470.746
Czechia,CZE,2021-01-22,468.268
Czechia,CZE,2021-01-23,468.077
Czechia,CZE,2021-01-24,466.553
Czechia,CZE,2021-01-25,454.165
Czechia,CZE,2021-01-26,454.069
Czechia,CZE,2021-01-27,446.541
Czechia,CZE,2021-01-28,444.064
Czechia,CZE,2021-01-29,435.869
Czechia,CZE,2021-01-30,431.39
Czechia,CZE,2021-01-31,430.818
Czechia,CZE,2021-02-01,440.633
Czechia,CZE,2021-02-02,433.486
Czechia,CZE,2021-02-03,435.201
Czechia,CZE,2021-02-04,446.351
Czechia,CZE,2021-02-05,443.968
Czechia,CZE,2021-02-06,449.686
Czechia,CZE,2021-02-07,455.689
Czechia,CZE,2021-02-08,448.352
Czechia,CZE,2021-02-09,450.448
Czechia,CZE,2021-02-10,451.973
Czechia,CZE,2021-02-11,447.59
Czechia,CZE,2021-02-12,450.067
Czechia,CZE,2021-02-13,452.735
Czechia,CZE,2021-02-14,462.836
Czechia,CZE,2021-02-15,470.746
Czechia,CZE,2021-02-16,482.753
Czechia,CZE,2021-02-17,499.333
Czechia,CZE,2021-02-18,510.292
Czechia,CZE,2021-02-19,526.778
Czechia,CZE,2021-02-20,533.353
Czechia,CZE,2021-02-21,539.356
Czechia,CZE,2021-02-22,562.989
Czechia,CZE,2021-02-23,574.996
Czechia,CZE,2021-02-24,580.999
Czechia,CZE,2021-02-25,603.869
Czechia,CZE,2021-02-26,617.115
Czechia,CZE,2021-02-27,633.505
Czechia,CZE,2021-02-28,641.987
Czechia,CZE,2021-03-01,662.284
Czechia,CZE,2021-03-02,683.725
Czechia,CZE,2021-03-03,688.68
Czechia,CZE,2021-03-04,687.536
Czechia,CZE,2021-03-05,686.774
Czechia,CZE,2021-03-06,690.776
Czechia,CZE,2021-03-07,696.113
Czechia,CZE,2021-03-08,683.82
Czechia,CZE,2021-03-09,678.96
Czechia,CZE,2021-03-10,694.493
Czechia,CZE,2021-03-11,694.779
Czechia,CZE,2021-03-12,704.117
Czechia,CZE,2021-03-13,703.069
Czechia,CZE,2021-03-14,694.969
Czechia,CZE,2021-03-15,699.829
Czechia,CZE,2021-03-16,690.109
Czechia,CZE,2021-03-17,678.198
Czechia,CZE,2021-03-18,668.383
Czechia,CZE,2021-03-19,652.755
Czechia,CZE,2021-03-20,634.935
Czechia,CZE,2021-03-21,626.549
Czechia,CZE,2021-03-22,617.401
Czechia,CZE,2021-03-23,600.82
Czechia,CZE,2021-03-24,580.999
Czechia,CZE,2021-03-25,572.709
Czechia,CZE,2021-03-26,560.607
Czechia,CZE,2021-03-27,559.654
Czechia,CZE,2021-03-28,552.697
Czechia,CZE,2021-03-29,531.352
Czechia,CZE,2021-03-30,518.868
Czechia,CZE,2021-03-31,512.007
Czechia,CZE,2021-04-01,498.476
Czechia,CZE,2021-04-02,477.988
Czechia,CZE,2021-04-03,469.316
Czechia,CZE,2021-04-04,463.885
Czechia,CZE,2021-04-05,417.668
Czechia,CZE,2021-04-06,452.164
Czechia,CZE,2021-04-07,437.87
Czechia,CZE,2021-04-08,415.952
Czechia,CZE,2021-04-09,410.711
Czechia,CZE,2021-04-10,392.415
Czechia,CZE,2021-04-11,375.548
Czechia,CZE,2021-04-12,385.268
Czechia,CZE,2021-04-13,318.277
Czechia,CZE,2021-04-14,301.887
Czechia,CZE,2021-04-15,295.788
Czechia,CZE,2021-04-16,281.494
Czechia,CZE,2021-04-17,277.492
Czechia,CZE,2021-04-18,272.06
Czechia,CZE,2021-04-19,266.819
Czechia,CZE,2021-04-20,265.295
Czechia,CZE,2021-04-21,260.625
Czechia,CZE,2021-04-22,252.525
Czechia,CZE,2021-04-23,243.092
Czechia,CZE,2021-04-24,232.8
Czechia,CZE,2021-04-25,224.986
Czechia,CZE,2021-04-26,207.071
Czechia,CZE,2021-04-27,196.017
Czechia,CZE,2021-04-28,184.296
Czechia,CZE,2021-04-29,179.817
Czechia,CZE,2021-04-30,175.624
Czechia,CZE,2021-05-01,174.576
Czechia,CZE,2021-05-02,172.384
Czechia,CZE,2021-05-03,175.243
Czechia,CZE,2021-05-04,167.715
Czechia,CZE,2021-05-05,161.616
Czechia,CZE,2021-05-06,152.468
Czechia,CZE,2021-05-07,148.942
Czechia,CZE,2021-05-08,140.652
Czechia,CZE,2021-05-09,136.173
Czechia,CZE,2021-05-10,124.452
Czechia,CZE,2021-05-11,118.735
Czechia,CZE,2021-05-12,115.304
Czechia,CZE,2021-05-13,110.921
Czechia,CZE,2021-05-14,101.773
Czechia,CZE,2021-05-15,99.581
Czechia,CZE,2021-05-16,95.007
Czechia,CZE,2021-05-17,86.621
Czechia,CZE,2021-05-18,82.238
Czechia,CZE,2021-05-19,73.566
Czechia,CZE,2021-05-20,67.086
Czechia,CZE,2021-05-21,66.991
Czechia,CZE,2021-05-22,63.56
Czechia,CZE,2021-05-23,59.844
Czechia,CZE,2021-05-24,52.887
Czechia,CZE,2021-05-25,48.313
Czechia,CZE,2021-05-26,48.885
Czechia,CZE,2021-05-27,45.836
Czechia,CZE,2021-05-28,39.261
Czechia,CZE,2021-05-29,37.641
Czechia,CZE,2021-05-30,37.545
Czechia,CZE,2021-05-31,37.545
Czechia,CZE,2021-06-01,34.401
Czechia,CZE,2021-06-02,30.494
Czechia,CZE,2021-06-03,28.111
Czechia,CZE,2021-06-04,26.396
Czechia,CZE,2021-06-05,25.824
Czechia,CZE,2021-06-06,23.918
Czechia,CZE,2021-06-07,19.249
Czechia,CZE,2021-06-08,19.059
Czechia,CZE,2021-06-09,16.009
Czechia,CZE,2021-06-10,16.2
Czechia,CZE,2021-06-11,14.103
Czechia,CZE,2021-06-12,13.532
Czechia,CZE,2021-06-13,12.769
Czechia,CZE,2021-06-14,13.341
Czechia,CZE,2021-06-15,10.959
Czechia,CZE,2021-06-16,9.815
Czechia,CZE,2021-06-17,9.529
Czechia,CZE,2021-06-18,9.434
Czechia,CZE,2021-06-19,9.434
Czechia,CZE,2021-06-20,9.148
Czechia,CZE,2021-06-21,7.719
Czechia,CZE,2021-06-22,7.528
Czechia,CZE,2021-06-23,7.814
Czechia,CZE,2021-06-24,6.194
Czechia,CZE,2021-06-25,5.622
Czechia,CZE,2021-06-26,4.765
Czechia,CZE,2021-06-27,4.955
Czechia,CZE,2021-06-28,4.574
Czechia,CZE,2021-06-29,4.002
Czechia,CZE,2021-06-30,4.479
Czechia,CZE,2021-07-01,4.479
Czechia,CZE,2021-07-02,4.288
Czechia,CZE,2021-07-03,4.288
Czechia,CZE,2021-07-04,4.288
Czechia,CZE,2021-07-05,4.002
Czechia,CZE,2021-07-06,3.621
Czechia,CZE,2021-07-07,3.526
Czechia,CZE,2021-07-08,3.145
Czechia,CZE,2021-07-09,3.24
Czechia,CZE,2021-07-10,3.335
Czechia,CZE,2021-07-11,3.431
Czechia,CZE,2021-07-12,4.002
Czechia,CZE,2021-07-13,4.098
Czechia,CZE,2021-07-14,3.621
Czechia,CZE,2021-07-15,4.288
Czechia,CZE,2021-07-16,4.86
Czechia,CZE,2021-07-17,5.051
Czechia,CZE,2021-07-18,4.86
Czechia,CZE,2021-07-19,5.813
Czechia,CZE,2021-07-20,6.575
Czechia,CZE,2021-07-21,6.861
Czechia,CZE,2021-07-22,6.48
Czechia,CZE,2021-07-23,6.003
Czechia,CZE,2021-07-24,6.289
Czechia,CZE,2021-07-25,6.766
Czechia,CZE,2021-07-26,6.385
Czechia,CZE,2021-07-27,6.099
Czechia,CZE,2021-07-28,6.099
Czechia,CZE,2021-07-29,6.48
Czechia,CZE,2021-07-30,6.48
Czechia,CZE,2021-07-31,6.575
Czechia,CZE,2021-08-01,6.289
Czechia,CZE,2021-08-02,6.194
Czechia,CZE,2021-08-03,6.48
Czechia,CZE,2021-08-04,6.67
Czechia,CZE,2021-08-05,6.289
Czechia,CZE,2021-08-06,6.861
Czechia,CZE,2021-08-07,6.67
Czechia,CZE,2021-08-08,6.385
Czechia,CZE,2021-08-09,6.194
Czechia,CZE,2021-08-10,6.289
Czechia,CZE,2021-08-11,5.813
Czechia,CZE,2021-08-12,5.622
Czechia,CZE,2021-08-13,5.336
Czechia,CZE,2021-08-14,5.718
Czechia,CZE,2021-08-15,6.003
Czechia,CZE,2021-08-16,6.575
Czechia,CZE,2021-08-17,6.48
Czechia,CZE,2021-08-18,6.861
Czechia,CZE,2021-08-19,7.528
Czechia,CZE,2021-08-20,7.814
Czechia,CZE,2021-08-21,7.433
Czechia,CZE,2021-08-22,7.719
Czechia,CZE,2021-08-23,6.575
Czechia,CZE,2021-08-24,7.052
Czechia,CZE,2021-08-25,7.719
Czechia,CZE,2021-08-26,7.338
Czechia,CZE,2021-08-27,7.052
Czechia,CZE,2021-08-28,6.956
Czechia,CZE,2021-08-29,6.48
Czechia,CZE,2021-08-30,6.766
Czechia,CZE,2021-08-31,6.385
Czechia,CZE,2021-09-01,6.003
Czechia,CZE,2021-09-02,6.385
Czechia,CZE,2021-09-03,7.242
Czechia,CZE,2021-09-04,7.433
Czechia,CZE,2021-09-05,8.195
Czechia,CZE,2021-09-06,10.196
Czechia,CZE,2021-09-07,10.863
Czechia,CZE,2021-09-08,11.149
Czechia,CZE,2021-09-09,11.816
Czechia,CZE,2021-09-10,11.626
Czechia,CZE,2021-09-11,12.102
Czechia,CZE,2021-09-12,12.674
Czechia,CZE,2021-09-13,12.96
Czechia,CZE,2021-09-14,14.199
Czechia,CZE,2021-09-15,14.484
Czechia,CZE,2021-09-16,15.056
Czechia,CZE,2021-09-17,17.343
Czechia,CZE,2021-09-18,17.153
Czechia,CZE,2021-09-19,16.867
Czechia,CZE,2021-09-20,16.676
Czechia,CZE,2021-09-21,16.2
Czechia,CZE,2021-09-22,16.104
Czechia,CZE,2021-09-23,15.914
Czechia,CZE,2021-09-24,14.961
Czechia,CZE,2021-09-25,15.914
Czechia,CZE,2021-09-26,16.2
Czechia,CZE,2021-09-27,16.676
Czechia,CZE,2021-09-28,16.104
Czechia,CZE,2021-09-29,18.296
Czechia,CZE,2021-09-30,19.916
Czechia,CZE,2021-10-01,21.06
Czechia,CZE,2021-10-02,22.013
Czechia,CZE,2021-10-03,23.442
Czechia,CZE,2021-10-04,27.349
Czechia,CZE,2021-10-05,29.922
Czechia,CZE,2021-10-06,31.637
Czechia,CZE,2021-10-07,32.209
Czechia,CZE,2021-10-08,33.924
Czechia,CZE,2021-10-09,34.019
Czechia,CZE,2021-10-10,34.687
Czechia,CZE,2021-10-11,37.259
Czechia,CZE,2021-10-12,39.737
Czechia,CZE,2021-10-13,40.595
Czechia,CZE,2021-10-14,42.786
Czechia,CZE,2021-10-15,46.122
Czechia,CZE,2021-10-16,50.41
Czechia,CZE,2021-10-17,52.697
Czechia,CZE,2021-10-18,57.557
Czechia,CZE,2021-10-19,66.61
Czechia,CZE,2021-10-20,74.424
Czechia,CZE,2021-10-21,81.952
Czechia,CZE,2021-10-22,90.814
Czechia,CZE,2021-10-23,95.293
Czechia,CZE,2021-10-24,101.105
Czechia,CZE,2021-10-25,109.587
Czechia,CZE,2021-10-26,121.498
Czechia,CZE,2021-10-27,132.647
Czechia,CZE,2021-10-28,136.078
Czechia,CZE,2021-10-29,148.371
Czechia,CZE,2021-10-30,155.994
Czechia,CZE,2021-10-31,167.048
Czechia,CZE,2021-11-01,192.205
Czechia,CZE,2021-11-02,207.547
Czechia,CZE,2021-11-03,223.366
Czechia,CZE,2021-11-04,247.094
Czechia,CZE,2021-11-05,256.432
Czechia,CZE,2021-11-06,267.391
Czechia,CZE,2021-11-07,275.491
Czechia,CZE,2021-11-08,287.021
Czechia,CZE,2021-11-09,304.174
Czechia,CZE,2021-11-10,315.609
Czechia,CZE,2021-11-11,326.473
Czechia,CZE,2021-11-12,345.055
Czechia,CZE,2021-11-13,354.87
Czechia,CZE,2021-11-14,360.587
Czechia,CZE,2021-11-15,385.459
Czechia,CZE,2021-11-16,397.942
Czechia,CZE,2021-11-17,396.036
Czechia,CZE,2021-11-18,414.809
Czechia,CZE,2021-11-19,434.63
Czechia,CZE,2021-11-20,447.78
Czechia,CZE,2021-11-21,465.219
Czechia,CZE,2021-11-22,472.461
Czechia,CZE,2021-11-23,482.467
Czechia,CZE,2021-11-24,513.341
Czechia,CZE,2021-11-25,521.537
Czechia,CZE,2021-11-26,531.066
Czechia,CZE,2021-11-27,534.401
Czechia,CZE,2021-11-28,533.162
Czechia,CZE,2021-11-29,542.596
Czechia,CZE,2021-11-30,542.12
Czechia,CZE,2021-12-01,537.355
Czechia,CZE,2021-12-02,542.406
Czechia,CZE,2021-12-03,527.445
Czechia,CZE,2021-12-04,520.012
Czechia,CZE,2021-12-05,517.058
Czechia,CZE,2021-12-06,499.619
Czechia,CZE,2021-12-07,489.614
Czechia,CZE,2021-12-08,484.372
Czechia,CZE,2021-12-09,463.218
Czechia,CZE,2021-12-10,462.646
Czechia,CZE,2021-12-11,453.116
Czechia,CZE,2021-12-12,438.918
Czechia,CZE,2021-12-13,432.057
Czechia,CZE,2021-12-14,419.669
Czechia,CZE,2021-12-15,401.944
Czechia,CZE,2021-12-16,390.414
Czechia,CZE,2021-12-17,370.021
Czechia,CZE,2021-12-18,356.776
Czechia,CZE,2021-12-19,350.772
Czechia,CZE,2021-12-20,330.57
Czechia,CZE,2021-12-21,317.706
Czechia,CZE,2021-12-22,303.888
Czechia,CZE,2021-12-23,285.592
Czechia,CZE,2021-12-24,255.67
Czechia,CZE,2021-12-25,250.715
Czechia,CZE,2021-12-26,245.569
Czechia,CZE,2021-12-27,244.14
Czechia,CZE,2021-12-28,237.279
Czechia,CZE,2021-12-29,233.943
Czechia,CZE,2021-12-30,230.703
Czechia,CZE,2021-12-31,234.515
Czechia,CZE,2022-01-01,231.847
Czechia,CZE,2022-01-02,224.795
Czechia,CZE,2022-01-03,201.544
Czechia,CZE,2022-01-04,191.919
Czechia,CZE,2022-01-05,183.057
Czechia,CZE,2022-01-06,175.053
Czechia,CZE,2022-01-07,170.955
Czechia,CZE,2022-01-08,169.049
Czechia,CZE,2022-01-09,163.903
Czechia,CZE,2022-01-10,152.182
Czechia,CZE,2022-01-11,144.75
Czechia,CZE,2022-01-12,131.885
Czechia,CZE,2022-01-13,127.216
Czechia,CZE,2022-01-14,121.117
Czechia,CZE,2022-01-15,113.779
Czechia,CZE,2022-01-16,112.159
Czechia,CZE,2022-01-17,116.638
Czechia,CZE,2022-01-18,116.162
Czechia,CZE,2022-01-19,125.5
Czechia,CZE,2022-01-20,134.839
Czechia,CZE,2022-01-21,146.179
Czechia,CZE,2022-01-22,155.803
Czechia,CZE,2022-01-23,167.524
Czechia,CZE,2022-01-24,183.438
Czechia,CZE,2022-01-25,197.732
Czechia,CZE,2022-01-26,213.17
Czechia,CZE,2022-01-27,235.087
Czechia,CZE,2022-01-28,257.576
Czechia,CZE,2022-01-29,267.677
Czechia,CZE,2022-01-30,280.065
Czechia,CZE,2022-01-31,304.651
Czechia,CZE,2022-02-01,337.145
Czechia,CZE,2022-02-02,361.064
Czechia,CZE,2022-02-03,370.784
Czechia,CZE,2022-02-04,383.267
Czechia,CZE,2022-02-05,394.512
Czechia,CZE,2022-02-06,396.322
Czechia,CZE,2022-02-07,419.859
Czechia,CZE,2022-02-08,424.91
Czechia,CZE,2022-02-09,436.631
Czechia,CZE,2022-02-10,444.921
Czechia,CZE,2022-02-11,448.066
Czechia,CZE,2022-02-12,442.73
Czechia,CZE,2022-02-13,441.205
Czechia,CZE,2022-02-14,433.582
Czechia,CZE,2022-02-15,425.768
Czechia,CZE,2022-02-16,411.092
Czechia,CZE,2022-02-17,400.896
Czechia,CZE,2022-02-18,389.366
Czechia,CZE,2022-02-19,385.363
Czechia,CZE,2022-02-20,382.6
Czechia,CZE,2022-02-21,368.878
Czechia,CZE,2022-02-22,358.205
Czechia,CZE,2022-02-23,348.866
Czechia,CZE,2022-02-24,341.052
Czechia,CZE,2022-02-25,330.475
Czechia,CZE,2022-02-26,323.042
Czechia,CZE,2022-02-27,315.8
Czechia,CZE,2022-02-28,299.695
Czechia,CZE,2022-03-01,287.307
Czechia,CZE,2022-03-02,268.916
Czechia,CZE,2022-03-03,255.384
Czechia,CZE,2022-03-04,256.051
Czechia,CZE,2022-03-05,254.241
Czechia,CZE,2022-03-06,252.716
Czechia,CZE,2022-03-07,247.475
Czechia,CZE,2022-03-08,244.33
Czechia,CZE,2022-03-09,251.001
Czechia,CZE,2022-03-10,249.953
Czechia,CZE,2022-03-11,242.043
Czechia,CZE,2022-03-12,244.235
Czechia,CZE,2022-03-13,242.996
Czechia,CZE,2022-03-14,242.329
Czechia,CZE,2022-03-15,244.616
Czechia,CZE,2022-03-16,247.951
Czechia,CZE,2022-03-17,245.474
Czechia,CZE,2022-03-18,245.664
Czechia,CZE,2022-03-19,240.804
Czechia,CZE,2022-03-20,238.613
Czechia,CZE,2022-03-21,233.848
Czechia,CZE,2022-03-22,226.129
Czechia,CZE,2022-03-23,211.168
Czechia,CZE,2022-03-24,206.594
Czechia,CZE,2022-03-25,204.784
Czechia,CZE,2022-03-26,200.4
Czechia,CZE,2022-03-27,197.256
Czechia,CZE,2022-03-28,199.924
Czechia,CZE,2022-03-29,195.159
Czechia,CZE,2022-03-30,195.255
Czechia,CZE,2022-03-31,193.349
Czechia,CZE,2022-04-01,184.772
Czechia,CZE,2022-04-02,186.678
Czechia,CZE,2022-04-03,182.2
Czechia,CZE,2022-04-04,172.575
Czechia,CZE,2022-04-05,171.336
Czechia,CZE,2022-04-06,171.431
Czechia,CZE,2022-04-07,165.237
Czechia,CZE,2022-04-08,160.663
Czechia,CZE,2022-04-09,157.138
Czechia,CZE,2022-04-10,157.233
Czechia,CZE,2022-04-11,147.322
Czechia,CZE,2022-04-12,139.699
Czechia,CZE,2022-04-13,133.124
Czechia,CZE,2022-04-14,132.838
Czechia,CZE,2022-04-15,120.069
Czechia,CZE,2022-04-16,114.256
Czechia,CZE,2022-04-17,110.063
Czechia,CZE,2022-04-18,97.961
Czechia,CZE,2022-04-19,106.823
Czechia,CZE,2022-04-20,100.248
Czechia,CZE,2022-04-21,98.533
Czechia,CZE,2022-04-22,103.774
Czechia,CZE,2022-04-23,101.868
Czechia,CZE,2022-04-24,100.153
Czechia,CZE,2022-04-25,104.917
Czechia,CZE,2022-04-26,91.576
Czechia,CZE,2022-04-27,85.477
Czechia,CZE,2022-04-28,79.665
Czechia,CZE,2022-04-29,77.473
Czechia,CZE,2022-04-30,77.664
Czechia,CZE,2022-05-01,76.044
Czechia,CZE,2022-05-02,69.278
Czechia,CZE,2022-05-03,61.94
Czechia,CZE,2022-05-04,60.13
Czechia,CZE,2022-05-05,56.509
Czechia,CZE,2022-05-06,51.649
Czechia,CZE,2022-05-07,48.504
Czechia,CZE,2022-05-08,47.646
Czechia,CZE,2022-05-09,43.835
Czechia,CZE,2022-05-10,39.07
Czechia,CZE,2022-05-11,35.925
Czechia,CZE,2022-05-12,31.161
Czechia,CZE,2022-05-13,27.825
Czechia,CZE,2022-05-14,27.825
Czechia,CZE,2022-05-15,25.538
Czechia,CZE,2022-05-16,23.061
Czechia,CZE,2022-05-17,22.394
Czechia,CZE,2022-05-18,21.631
Czechia,CZE,2022-05-19,22.394
Czechia,CZE,2022-05-20,23.633
Czechia,CZE,2022-05-21,22.013
Czechia,CZE,2022-05-22,21.346
Czechia,CZE,2022-05-23,20.297
Czechia,CZE,2022-05-24,17.629
Czechia,CZE,2022-05-25,16.772
Czechia,CZE,2022-05-26,15.628
Czechia,CZE,2022-05-27,12.96
Czechia,CZE,2022-05-28,13.15
Czechia,CZE,2022-05-29,13.055
Czechia,CZE,2022-05-30,12.674
Czechia,CZE,2022-05-31,12.96
Czechia,CZE,2022-06-01,12.197
Czechia,CZE,2022-06-02,10.577
Czechia,CZE,2022-06-03,12.293
Czechia,CZE,2022-06-04,11.53
Czechia,CZE,2022-06-05,11.245
Czechia,CZE,2022-06-06,10.959
Czechia,CZE,2022-06-07,10.863
Czechia,CZE,2022-06-08,10.387
Czechia,CZE,2022-06-09,12.483
Czechia,CZE,2022-06-10,11.245
Czechia,CZE,2022-06-11,11.721
Czechia,CZE,2022-06-12,11.53
Czechia,CZE,2022-06-13,11.245
Czechia,CZE,2022-06-14,12.102
Czechia,CZE,2022-06-15,12.007
Czechia,CZE,2022-06-16,11.912
Czechia,CZE,2022-06-17,12.388
Czechia,CZE,2022-06-18,11.721
Czechia,CZE,2022-06-19,12.96
Czechia,CZE,2022-06-20,13.722
Czechia,CZE,2022-06-21,14.199
Czechia,CZE,2022-06-22,14.961
Czechia,CZE,2022-06-23,15.152
Czechia,CZE,2022-06-24,15.342
Czechia,CZE,2022-06-25,16.39
Czechia,CZE,2022-06-26,17.248
Czechia,CZE,2022-06-27,21.25
Czechia,CZE,2022-06-28,23.728
Czechia,CZE,2022-06-29,26.396
Czechia,CZE,2022-06-30,28.492
Czechia,CZE,2022-07-01,30.97
Czechia,CZE,2022-07-02,33.257
Czechia,CZE,2022-07-03,33.067
Czechia,CZE,2022-07-04,33.638
Czechia,CZE,2022-07-05,31.637
Czechia,CZE,2022-07-06,30.494
Czechia,CZE,2022-07-07,33.638
Czechia,CZE,2022-07-08,36.021
Czechia,CZE,2022-07-09,35.639
Czechia,CZE,2022-07-10,36.688
Czechia,CZE,2022-07-11,40.595
Czechia,CZE,2022-07-12,50.696
Czechia,CZE,2022-07-13,56.032
Czechia,CZE,2022-07-14,59.748
Czechia,CZE,2022-07-15,67.753
Czechia,CZE,2022-07-16,71.755
Czechia,CZE,2022-07-17,76.234
Czechia,CZE,2022-07-18,81.856
Czechia,CZE,2022-07-19,84.048
Czechia,CZE,2022-07-20,94.53
Czechia,CZE,2022-07-21,102.535
Czechia,CZE,2022-07-22,114.256
Czechia,CZE,2022-07-23,119.973
Czechia,CZE,2022-07-24,126.167
Czechia,CZE,2022-07-25,140.08
Czechia,CZE,2022-07-26,151.039
Czechia,CZE,2022-07-27,153.516
Czechia,CZE,2022-07-28,158.472
Czechia,CZE,2022-07-29,150.658
Czechia,CZE,2022-07-30,149.895
Czechia,CZE,2022-07-31,148.942
Czechia,CZE,2022-08-01,147.037
Czechia,CZE,2022-08-02,142.272
Czechia,CZE,2022-08-03,139.508
Czechia,CZE,2022-08-04,136.268
Czechia,CZE,2022-08-05,141.795
Czechia,CZE,2022-08-06,140.938
Czechia,CZE,2022-08-07,139.794
Czechia,CZE,2022-08-08,137.317
Czechia,CZE,2022-08-09,132.266
Czechia,CZE,2022-08-10,137.031
Czechia,CZE,2022-08-11,134.077
Czechia,CZE,2022-08-12,130.551
Czechia,CZE,2022-08-13,130.932
Czechia,CZE,2022-08-14,129.598
Czechia,CZE,2022-08-15,126.835
Czechia,CZE,2022-08-16,126.93
Czechia,CZE,2022-08-17,122.546
Czechia,CZE,2022-08-18,119.021
Czechia,CZE,2022-08-19,117.019
Czechia,CZE,2022-08-20,115.781
Czechia,CZE,2022-08-21,113.208
Czechia,CZE,2022-08-22,107.109
Czechia,CZE,2022-08-23,105.298
Czechia,CZE,2022-08-24,98.437
Czechia,CZE,2022-08-25,96.817
Czechia,CZE,2022-08-26,92.529
Czechia,CZE,2022-08-27,90.337
Czechia,CZE,2022-08-28,89.384
Czechia,CZE,2022-08-29,91.862
Czechia,CZE,2022-08-30,91.481
Czechia,CZE,2022-08-31,91.957
Czechia,CZE,2022-09-01,91.004
Czechia,CZE,2022-09-02,88.05
Czechia,CZE,2022-09-03,85.287
Czechia,CZE,2022-09-04,85.477
Czechia,CZE,2022-09-05,84.429
Czechia,CZE,2022-09-06,84.81
Czechia,CZE,2022-09-07,85.001
Czechia,CZE,2022-09-08,88.527
Czechia,CZE,2022-09-09,90.719
Czechia,CZE,2022-09-10,93.387
Czechia,CZE,2022-09-11,97.008
Czechia,CZE,2022-09-12,97.77
Czechia,CZE,2022-09-13,100.153
Czechia,CZE,2022-09-14,103.964
Czechia,CZE,2022-09-15,105.68
Czechia,CZE,2022-09-16,109.015
Czechia,CZE,2022-09-17,110.349
Czechia,CZE,2022-09-18,112.255
Czechia,CZE,2022-09-19,114.161
Czechia,CZE,2022-09-20,117.21
Czechia,CZE,2022-09-21,118.449
Czechia,CZE,2022-09-22,122.356
Czechia,CZE,2022-09-23,129.884
Czechia,CZE,2022-09-24,136.745
Czechia,CZE,2022-09-25,142.844
Czechia,CZE,2022-09-26,168.001
Czechia,CZE,2022-09-27,184.582
Czechia,CZE,2022-09-28,185.154
Czechia,CZE,2022-09-29,203.354
Czechia,CZE,2022-09-30,209.93
Czechia,CZE,2022-10-01,214.123
Czechia,CZE,2022-10-02,215.743
Czechia,CZE,2022-10-03,212.788
Czechia,CZE,2022-10-04,217.363
Czechia,CZE,2022-10-05,228.893
Czechia,CZE,2022-10-06,217.839
Czechia,CZE,2022-10-07,218.601
Czechia,CZE,2022-10-08,217.648
Czechia,CZE,2022-10-09,218.506
Czechia,CZE,2022-10-10,214.408
Czechia,CZE,2022-10-11,203.926
Czechia,CZE,2022-10-12,201.83
Czechia,CZE,2022-10-13,199.447
Czechia,CZE,2022-10-14,189.537
Czechia,CZE,2022-10-15,180.389
Czechia,CZE,2022-10-16,174.004
Czechia,CZE,2022-10-17,169.049
Czechia,CZE,2022-10-18,163.999
Czechia,CZE,2022-10-19,155.422
Czechia,CZE,2022-10-20,145.988
Czechia,CZE,2022-10-21,138.651
Czechia,CZE,2022-10-22,138.079
Czechia,CZE,2022-10-23,131.885
Czechia,CZE,2022-10-24,121.879
Czechia,CZE,2022-10-25,115.304
Czechia,CZE,2022-10-26,112.255
Czechia,CZE,2022-10-27,109.015
Czechia,CZE,2022-10-28,100.82
Czechia,CZE,2022-10-29,97.77
Czechia,CZE,2022-10-30,96.341
Czechia,CZE,2022-10-31,88.717
Czechia,CZE,2022-11-01,83.476
Czechia,CZE,2022-11-02,82.238
Czechia,CZE,2022-11-03,79.665
Czechia,CZE,2022-11-04,83.858
Czechia,CZE,2022-11-05,81.856
Czechia,CZE,2022-11-06,80.141
Czechia,CZE,2022-11-07,75.091
Czechia,CZE,2022-11-08,72.041
Czechia,CZE,2022-11-09,65.752
Czechia,CZE,2022-11-10,61.75
Czechia,CZE,2022-11-11,62.988
Czechia,CZE,2022-11-12,63.084
Czechia,CZE,2022-11-13,62.893
Czechia,CZE,2022-11-14,61.75
Czechia,CZE,2022-11-15,62.417
Czechia,CZE,2022-11-16,62.798
Czechia,CZE,2022-11-17,60.892
Czechia,CZE,2022-11-18,57.08
Czechia,CZE,2022-11-19,57.557
Czechia,CZE,2022-11-20,59.748
Czechia,CZE,2022-11-21,62.703
Czechia,CZE,2022-11-22,62.321
Czechia,CZE,2022-11-23,63.084
Czechia,CZE,2022-11-24,68.801
Czechia,CZE,2022-11-25,70.135
Czechia,CZE,2022-11-26,69.564
Czechia,CZE,2022-11-27,66.705
Czechia,CZE,2022-11-28,71.755
Czechia,CZE,2022-11-29,74.042
Czechia,CZE,2022-11-30,77.378
Czechia,CZE,2022-12-01,79.188
Czechia,CZE,2022-12-02,79.951
Czechia,CZE,2022-12-03,81.38
Czechia,CZE,2022-12-04,84.143
Czechia,CZE,2022-12-05,81.952
Czechia,CZE,2022-12-06,85.477
Czechia,CZE,2022-12-07,89.67
Czechia,CZE,2022-12-08,90.052
Czechia,CZE,2022-12-09,96.055
Czechia,CZE,2022-12-10,95.293
Czechia,CZE,2022-12-11,94.435
Czechia,CZE,2022-12-12,95.483
Czechia,CZE,2022-12-13,93.673
Czechia,CZE,2022-12-14,88.336
Czechia,CZE,2022-12-15,91.1
Czechia,CZE,2022-12-16,90.147
Czechia,CZE,2022-12-17,94.435
Czechia,CZE,2022-12-18,97.389
Czechia,CZE,2022-12-19,99.009
Czechia,CZE,2022-12-20,100.724
Czechia,CZE,2022-12-21,101.201
Czechia,CZE,2022-12-22,97.484
Czechia,CZE,2022-12-23,92.815
Czechia,CZE,2022-12-24,89.099
Czechia,CZE,2022-12-25,87.574
Czechia,CZE,2022-12-26,75.662
Czechia,CZE,2022-12-27,77.664
Czechia,CZE,2022-12-28,77.092
Czechia,CZE,2022-12-29,76.615
Czechia,CZE,2022-12-30,77.378
Czechia,CZE,2022-12-31,77.759
Czechia,CZE,2023-01-01,77.092
Czechia,CZE,2023-01-02,83.19
Czechia,CZE,2023-01-03,74.805
Czechia,CZE,2023-01-04,74.138
Czechia,CZE,2023-01-05,71.851
Czechia,CZE,2023-01-06,67.277
Czechia,CZE,2023-01-07,64.608
Czechia,CZE,2023-01-08,62.036
Czechia,CZE,2023-01-09,59.177
Czechia,CZE,2023-01-10,56.413
Czechia,CZE,2023-01-11,48.313
Czechia,CZE,2023-01-12,44.597
Czechia,CZE,2023-01-13,42.786
Czechia,CZE,2023-01-14,41.357
Czechia,CZE,2023-01-15,38.594
Czechia,CZE,2023-01-16,34.591
Czechia,CZE,2023-01-17,33.352
Czechia,CZE,2023-01-18,35.068
Czechia,CZE,2023-01-19,34.496
Czechia,CZE,2023-01-20,33.829
Czechia,CZE,2023-01-21,34.401
Czechia,CZE,2023-01-22,35.258
Czechia,CZE,2023-01-23,34.782
Czechia,CZE,2023-01-24,34.401
Czechia,CZE,2023-01-25,33.067
Czechia,CZE,2023-01-26,32.781
Czechia,CZE,2023-01-27,33.448
Czechia,CZE,2023-01-28,34.21
Czechia,CZE,2023-01-29,35.068
Czechia,CZE,2023-01-30,38.498
Czechia,CZE,2023-01-31,39.451
Czechia,CZE,2023-02-01,41.833
Czechia,CZE,2023-02-02,41.548
Czechia,CZE,2023-02-03,43.168
Czechia,CZE,2023-02-04,43.549
Czechia,CZE,2023-02-05,43.93
Czechia,CZE,2023-02-06,44.883
Czechia,CZE,2023-02-07,43.93
Czechia,CZE,2023-02-08,44.788
Czechia,CZE,2023-02-09,51.172
Czechia,CZE,2023-02-10,54.507
Czechia,CZE,2023-02-11,56.985
Czechia,CZE,2023-02-12,59.653
Czechia,CZE,2023-02-13,63.274
Czechia,CZE,2023-02-14,69.087
Czechia,CZE,2023-02-15,74.614
Czechia,CZE,2023-02-16,74.519
Czechia,CZE,2023-02-17,77.282
Czechia,CZE,2023-02-18,78.426
Czechia,CZE,2023-02-19,78.902
Czechia,CZE,2023-02-20,84.334
Czechia,CZE,2023-02-21,87.955
Czechia,CZE,2023-02-22,90.814
Czechia,CZE,2023-02-23,95.293
Czechia,CZE,2023-02-24,98.914
Czechia,CZE,2023-02-25,98.247
Czechia,CZE,2023-02-26,97.484
Czechia,CZE,2023-02-27,95.102
Czechia,CZE,2023-02-28,92.91
Czechia,CZE,2023-03-01,88.717
Czechia,CZE,2023-03-02,90.909
Czechia,CZE,2023-03-03,87.288
Czechia,CZE,2023-03-04,86.716
Czechia,CZE,2023-03-05,88.336
Czechia,CZE,2023-03-06,89.48
Czechia,CZE,2023-03-07,94.816
Czechia,CZE,2023-03-08,98.628
Czechia,CZE,2023-03-09,93.577
Czechia,CZE,2023-03-10,95.674
Czechia,CZE,2023-03-11,98.151
Czechia,CZE,2023-03-12,98.628
Czechia,CZE,2023-03-13,101.868
Czechia,CZE,2023-03-14,97.58
Czechia,CZE,2023-03-15,99.676
Czechia,CZE,2023-03-16,100.534
Czechia,CZE,2023-03-17,99.676
Czechia,CZE,2023-03-18,98.247
Czechia,CZE,2023-03-19,98.914
Czechia,CZE,2023-03-20,94.054
Czechia,CZE,2023-03-21,93.959
Czechia,CZE,2023-03-22,90.433
Czechia,CZE,2023-03-23,89.575
Czechia,CZE,2023-03-24,84.62
Czechia,CZE,2023-03-25,83.286
Czechia,CZE,2023-03-26,79.569
Czechia,CZE,2023-03-27,75.281
Czechia,CZE,2023-03-28,71.946
Czechia,CZE,2023-03-29,69.182
Czechia,CZE,2023-03-30,63.465
Czechia,CZE,2023-03-31,62.417
Czechia,CZE,2023-04-01,61.559
Czechia,CZE,2023-04-02,62.417
Czechia,CZE,2023-04-03,58.414
Czechia,CZE,2023-04-04,55.079
Czechia,CZE,2023-04-05,51.172
Czechia,CZE,2023-04-06,52.506
Czechia,CZE,2023-04-07,47.742
Czechia,CZE,2023-04-08,46.693
Czechia,CZE,2023-04-09,44.406
Czechia,CZE,2023-04-10,42.215
Czechia,CZE,2023-04-11,47.17
Czechia,CZE,2023-04-12,46.884
Czechia,CZE,2023-04-13,44.216
Czechia,CZE,2023-04-14,48.027
Czechia,CZE,2023-04-15,47.36
Czechia,CZE,2023-04-16,46.503
Czechia,CZE,2023-04-17,44.978
Czechia,CZE,2023-04-18,35.925
Czechia,CZE,2023-04-19,32.876
Czechia,CZE,2023-04-20,31.542
Czechia,CZE,2023-04-21,27.158
Czechia,CZE,2023-04-22,25.348
Czechia,CZE,2023-04-23,24.014
Czechia,CZE,2023-04-24,26.205
Czechia,CZE,2023-04-25,25.729
Czechia,CZE,2023-04-26,24.871
Czechia,CZE,2023-04-27,23.918
Czechia,CZE,2023-04-28,23.918
Czechia,CZE,2023-04-29,23.442
Czechia,CZE,2023-04-30,22.298
Czechia,CZE,2023-05-01,16.581
Czechia,CZE,2023-05-02,16.772
Czechia,CZE,2023-05-03,16.581
Czechia,CZE,2023-05-04,16.295
Czechia,CZE,2023-05-05,15.914
Czechia,CZE,2023-05-06,15.342
Czechia,CZE,2023-05-07,14.77
Czechia,CZE,2023-05-08,14.484
Czechia,CZE,2023-05-09,14.199
Czechia,CZE,2023-05-10,14.484
Czechia,CZE,2023-05-11,13.15
Czechia,CZE,2023-05-12,12.197
Czechia,CZE,2023-05-13,12.769
Czechia,CZE,2023-05-14,13.15
Czechia,CZE,2023-05-15,14.484
Czechia,CZE,2023-05-16,13.436
Czechia,CZE,2023-05-17,12.197
Czechia,CZE,2023-05-18,12.293
Czechia,CZE,2023-05-19,11.721
Czechia,CZE,2023-05-20,10.482
Czechia,CZE,2023-05-21,10.387
Czechia,CZE,2023-05-22,8.862
Czechia,CZE,2023-05-23,7.338
Czechia,CZE,2023-05-24,7.052
Czechia,CZE,2023-05-25,6.003
Czechia,CZE,2023-05-26,5.718
Czechia,CZE,2023-05-27,5.813
Czechia,CZE,2023-05-28,5.432
Czechia,CZE,2023-05-29,5.813
Czechia,CZE,2023-05-30,6.289
Czechia,CZE,2023-05-31,5.336
Czechia,CZE,2023-06-01,5.336
Czechia,CZE,2023-06-02,5.718
Czechia,CZE,2023-06-03,5.718
Czechia,CZE,2023-06-04,5.432
Czechia,CZE,2023-06-05,4.955
Czechia,CZE,2023-06-06,4.574
Czechia,CZE,2023-06-07,4.86
Czechia,CZE,2023-06-08,4.383
Czechia,CZE,2023-06-09,3.716
Czechia,CZE,2023-06-10,3.621
Czechia,CZE,2023-06-11,3.526
Czechia,CZE,2023-06-12,3.24
Czechia,CZE,2023-06-13,2.763
Czechia,CZE,2023-06-14,1.906
Czechia,CZE,2023-06-15,2.096
Czechia,CZE,2023-06-16,2.001
Czechia,CZE,2023-06-17,2.096
Czechia,CZE,2023-06-18,2.001
Czechia,CZE,2023-06-19,2.096
Czechia,CZE,2023-06-20,2.096
Czechia,CZE,2023-06-21,2.763
Czechia,CZE,2023-06-22,2.668
Czechia,CZE,2023-06-23,2.478
Czechia,CZE,2023-06-24,2.382
Czechia,CZE,2023-06-25,2.287
Czechia,CZE,2023-06-26,1.811
Czechia,CZE,2023-06-27,1.429
Czechia,CZE,2023-06-28,0.572
Czechia,CZE,2023-06-29,0.953
Czechia,CZE,2023-06-30,0.762
Czechia,CZE,2023-07-01,1.048
Czechia,CZE,2023-07-02,1.048
Czechia,CZE,2023-07-03,1.048
Czechia,CZE,2023-07-04,1.429
Czechia,CZE,2023-07-05,1.429
Czechia,CZE,2023-07-06,1.144
Czechia,CZE,2023-07-07,1.811
Czechia,CZE,2023-07-08,1.429
Czechia,CZE,2023-07-09,1.525
Czechia,CZE,2023-07-10,1.811
Czechia,CZE,2023-07-11,1.62
Czechia,CZE,2023-07-12,1.811
Czechia,CZE,2023-07-13,2.096
Czechia,CZE,2023-07-14,1.525
Czechia,CZE,2023-07-15,1.525
Czechia,CZE,2023-07-16,1.429
Czechia,CZE,2023-07-17,1.144
Czechia,CZE,2023-07-18,1.144
Czechia,CZE,2023-07-19,0.953
Czechia,CZE,2023-07-20,0.762
Czechia,CZE,2023-07-21,0.858
Czechia,CZE,2023-07-22,0.858
Czechia,CZE,2023-07-23,0.858
Czechia,CZE,2023-07-24,1.525
Czechia,CZE,2023-07-25,1.239
Czechia,CZE,2023-07-26,1.239
Czechia,CZE,2023-07-27,1.239
Czechia,CZE,2023-07-28,1.048
Czechia,CZE,2023-07-29,1.048
Czechia,CZE,2023-07-30,1.048
Czechia,CZE,2023-07-31,0.667
Czechia,CZE,2023-08-01,0.572
Czechia,CZE,2023-08-02,0.858
Czechia,CZE,2023-08-03,0.572
Czechia,CZE,2023-08-04,1.144
Czechia,CZE,2023-08-05,1.334
Czechia,CZE,2023-08-06,1.429
Czechia,CZE,2023-08-07,1.429
Czechia,CZE,2023-08-08,1.811
Czechia,CZE,2023-08-09,1.811
Czechia,CZE,2023-08-10,2.096
Czechia,CZE,2023-08-11,2.287
Czechia,CZE,2023-08-12,2.382
Czechia,CZE,2023-08-13,2.573
Czechia,CZE,2023-08-14,2.763
Czechia,CZE,2023-08-15,2.668
Czechia,CZE,2023-08-16,2.859
Czechia,CZE,2023-08-17,3.431
Czechia,CZE,2023-08-18,3.049
Czechia,CZE,2023-08-19,2.954
Czechia,CZE,2023-08-20,2.859
Czechia,CZE,2023-08-21,3.907
Czechia,CZE,2023-08-22,4.765
Czechia,CZE,2023-08-23,5.718
Czechia,CZE,2023-08-24,5.527
Czechia,CZE,2023-08-25,5.527
Czechia,CZE,2023-08-26,5.813
Czechia,CZE,2023-08-27,6.099
Czechia,CZE,2023-08-28,5.718
Czechia,CZE,2023-08-29,5.241
Czechia,CZE,2023-08-30,4.669
Czechia,CZE,2023-08-31,5.146
Czechia,CZE,2023-09-01,5.336
Czechia,CZE,2023-09-02,5.241
Czechia,CZE,2023-09-03,5.146
Czechia,CZE,2023-09-04,5.051
Czechia,CZE,2023-09-05,5.813
Czechia,CZE,2023-09-06,6.956
Czechia,CZE,2023-09-07,7.338
Czechia,CZE,2023-09-08,8.386
Czechia,CZE,2023-09-09,9.148
Czechia,CZE,2023-09-10,10.673
Czechia,CZE,2023-09-11,13.532
Czechia,CZE,2023-09-12,14.675
Czechia,CZE,2023-09-13,15.152
Czechia,CZE,2023-09-14,16.39
Czechia,CZE,2023-09-15,18.296
Czechia,CZE,2023-09-16,19.63
Czechia,CZE,2023-09-17,20.488
Czechia,CZE,2023-09-18,21.155
Czechia,CZE,2023-09-19,22.489
Czechia,CZE,2023-09-20,24.586
Czechia,CZE,2023-09-21,24.204
Czechia,CZE,2023-09-22,23.156
Czechia,CZE,2023-09-23,22.584
Czechia,CZE,2023-09-24,22.394
Czechia,CZE,2023-09-25,23.633
Czechia,CZE,2023-09-26,23.633
Czechia,CZE,2023-09-27,25.062
Czechia,CZE,2023-09-28,25.92
Czechia,CZE,2023-09-29,30.017
Czechia,CZE,2023-09-30,30.78
Czechia,CZE,2023-10-01,31.447
Czechia,CZE,2023-10-02,34.115
Czechia,CZE,2023-10-03,35.83
Czechia,CZE,2023-10-04,34.877
Czechia,CZE,2023-10-05,34.401
Czechia,CZE,2023-10-06,32.971
Czechia,CZE,2023-10-07,33.257
Czechia,CZE,2023-10-08,32.685
Czechia,CZE,2023-10-09,31.732
Czechia,CZE,2023-10-10,31.923
Czechia,CZE,2023-10-11,33.734
Czechia,CZE,2023-10-12,36.974
Czechia,CZE,2023-10-13,37.736
Czechia,CZE,2023-10-14,38.212
Czechia,CZE,2023-10-15,39.451
Czechia,CZE,2023-10-16,41.833
Czechia,CZE,2023-10-17,43.453
Czechia,CZE,2023-10-18,42.977
Czechia,CZE,2023-10-19,45.645
Czechia,CZE,2023-10-20,47.075
Czechia,CZE,2023-10-21,49.076
Czechia,CZE,2023-10-22,50.696
Czechia,CZE,2023-10-23,52.887
Czechia,CZE,2023-10-24,53.84
Czechia,CZE,2023-10-25,59.463
Czechia,CZE,2023-10-26,58.986
Czechia,CZE,2023-10-27,66.038
Czechia,CZE,2023-10-28,67.181
Czechia,CZE,2023-10-29,67.372
Czechia,CZE,2023-10-30,72.804
Czechia,CZE,2023-10-31,76.711
Czechia,CZE,2023-11-01,77.378
Czechia,CZE,2023-11-02,77.854
Czechia,CZE,2023-11-03,73.566
Czechia,CZE,2023-11-04,72.518
Czechia,CZE,2023-11-05,72.327
Czechia,CZE,2023-11-06,68.706
Czechia,CZE,2023-11-07,64.704
Czechia,CZE,2023-11-08,60.987
Czechia,CZE,2023-11-09,61.94
Czechia,CZE,2023-11-10,62.512
Czechia,CZE,2023-11-11,63.56
Czechia,CZE,2023-11-12,64.037
Czechia,CZE,2023-11-13,63.655
Czechia,CZE,2023-11-14,71.851
Czechia,CZE,2023-11-15,75.472
Czechia,CZE,2023-11-16,77.759
Czechia,CZE,2023-11-17,74.709
Czechia,CZE,2023-11-18,76.044
Czechia,CZE,2023-11-19,77.282
Czechia,CZE,2023-11-20,88.336
Czechia,CZE,2023-11-21,92.72
Czechia,CZE,2023-11-22,94.34
Czechia,CZE,2023-11-23,93.673
Czechia,CZE,2023-11-24,101.773
Czechia,CZE,2023-11-25,102.821
Czechia,CZE,2023-11-26,104.727
Czechia,CZE,2023-11-27,103.202
Czechia,CZE,2023-11-28,102.63
Czechia,CZE,2023-11-29,104.155
Czechia,CZE,2023-11-30,107.395
Czechia,CZE,2023-12-01,110.635
Czechia,CZE,2023-12-02,112.445
Czechia,CZE,2023-12-03,113.779
Czechia,CZE,2023-12-04,118.163
Czechia,CZE,2023-12-05,121.308
Czechia,CZE,2023-12-06,124.357
Czechia,CZE,2023-12-07,129.693
Czechia,CZE,2023-12-08,131.599
Czechia,CZE,2023-12-09,134.934
Czechia,CZE,2023-12-10,141.605
Czechia,CZE,2023-12-11,153.898
Czechia,CZE,2023-12-12,157.042
Czechia,CZE,2023-12-13,165.237
Czechia,CZE,2023-12-14,166.095
Czechia,CZE,2023-12-15,166.857
Czechia,CZE,2023-12-16,166.667
Czechia,CZE,2023-12-17,163.046
Czechia,CZE,2023-12-18,150.086
Czechia,CZE,2023-12-19,144.368
Czechia,CZE,2023-12-20,135.22
Czechia,CZE,2023-12-21,133.791
Czechia,CZE,2023-12-22,128.264
Czechia,CZE,2023-12-23,127.978
Czechia,CZE,2023-12-24,123.118
Czechia,CZE,2023-12-25,109.968
Czechia,CZE,2023-12-26,104.727
Czechia,CZE,2023-12-27,109.587
Czechia,CZE,2023-12-28,108.443
Czechia,CZE,2023-12-29,108.634
Czechia,CZE,2023-12-30,102.725
Czechia,CZE,2023-12-31,101.677
Czechia,CZE,2024-01-01,95.96
Czechia,CZE,2024-01-02,103.202
Czechia,CZE,2024-01-03,90.814
Czechia,CZE,2024-01-04,83.953
Czechia,CZE,2024-01-05,77.473
Czechia,CZE,2024-01-06,74.138
Czechia,CZE,2024-01-07,71.279
Czechia,CZE,2024-01-08,71.469
Czechia,CZE,2024-01-09,55.079
Czechia,CZE,2024-01-10,51.267
Czechia,CZE,2024-01-11,44.883
Czechia,CZE,2024-01-12,39.737
Czechia,CZE,2024-01-13,38.212
Czechia,CZE,2024-01-14,37.45
Czechia,CZE,2024-01-15,34.877
Czechia,CZE,2024-01-16,33.448
Czechia,CZE,2024-01-17,32.399
Czechia,CZE,2024-01-18,30.589
Czechia,CZE,2024-01-19,30.875
Czechia,CZE,2024-01-20,29.16
Czechia,CZE,2024-01-21,27.825
Czechia,CZE,2024-01-22,27.54
Czechia,CZE,2024-01-23,25.157
Czechia,CZE,2024-01-24,23.537
Czechia,CZE,2024-01-25,22.966
Czechia,CZE,2024-01-26,20.679
Czechia,CZE,2024-01-27,20.679
Czechia,CZE,2024-01-28,19.154
Czechia,CZE,2024-01-29,17.439
Czechia,CZE,2024-01-30,16.962
Czechia,CZE,2024-01-31,14.294
Czechia,CZE,2024-02-01,13.341
Czechia,CZE,2024-02-02,12.579
Czechia,CZE,2024-02-03,12.388
Czechia,CZE,2024-02-04,12.769
Czechia,CZE,2024-02-05,12.388
Czechia,CZE,2024-02-06,12.769
Czechia,CZE,2024-02-07,13.341
Czechia,CZE,2024-02-08,13.532
Czechia,CZE,2024-02-09,12.579
Czechia,CZE,2024-02-10,11.816
Czechia,CZE,2024-02-11,10.673
Czechia,CZE,2024-02-12,9.148
Czechia,CZE,2024-02-13,9.053
Czechia,CZE,2024-02-14,8.005
Czechia,CZE,2024-02-15,7.433
Czechia,CZE,2024-02-16,7.814
Czechia,CZE,2024-02-17,7.909
Czechia,CZE,2024-02-18,8.1
Czechia,CZE,2024-02-19,7.623
Czechia,CZE,2024-02-20,5.908
Czechia,CZE,2024-02-21,6.385
Czechia,CZE,2024-02-22,6.194
Czechia,CZE,2024-02-23,4.955
Czechia,CZE,2024-02-24,5.432
Czechia,CZE,2024-02-25,5.241
Czechia,CZE,2024-02-26,4.955
Czechia,CZE,2024-02-27,4.86
Czechia,CZE,2024-02-28,4.288
Czechia,CZE,2024-02-29,3.621
Czechia,CZE,2024-03-01,3.621
Czechia,CZE,2024-03-02,3.145
Czechia,CZE,2024-03-03,2.954
Czechia,CZE,2024-03-04,2.573
Czechia,CZE,2024-03-05,2.192
Czechia,CZE,2024-03-06,2.192
Czechia,CZE,2024-03-07,2.096
Czechia,CZE,2024-03-08,2.192
Czechia,CZE,2024-03-09,2.192
Czechia,CZE,2024-03-10,2.192
Czechia,CZE,2024-03-11,2.478
Czechia,CZE,2024-03-12,2.192
Czechia,CZE,2024-03-13,1.715
Czechia,CZE,2024-03-14,1.715
Czechia,CZE,2024-03-15,2.001
Czechia,CZE,2024-03-16,1.811
Czechia,CZE,2024-03-17,1.62
Czechia,CZE,2024-03-18,1.048
Czechia,CZE,2024-03-19,1.239
Czechia,CZE,2024-03-20,1.811
Czechia,CZE,2024-03-21,2.001
Czechia,CZE,2024-03-22,1.62
Czechia,CZE,2024-03-23,1.715
Czechia,CZE,2024-03-24,1.811
Czechia,CZE,2024-03-25,1.906
Czechia,CZE,2024-03-26,2.192
Czechia,CZE,2024-03-27,1.525
Czechia,CZE,2024-03-28,1.334
Czechia,CZE,2024-03-29,1.334
Czechia,CZE,2024-03-30,1.239
Czechia,CZE,2024-03-31,1.144
Czechia,CZE,2024-04-01,1.048
Czechia,CZE,2024-04-02,0.953
Czechia,CZE,2024-04-03,1.239
Czechia,CZE,2024-04-04,1.334
Czechia,CZE,2024-04-05,1.525
Czechia,CZE,2024-04-06,1.811
Czechia,CZE,2024-04-07,1.811
Czechia,CZE,2024-04-08,1.906
Czechia,CZE,2024-04-09,1.811
Czechia,CZE,2024-04-10,1.62
Czechia,CZE,2024-04-11,1.62
Czechia,CZE,2024-04-12,1.62
Czechia,CZE,2024-04-13,1.239
Czechia,CZE,2024-04-14,1.239
Czechia,CZE,2024-04-15,1.811
Czechia,CZE,2024-04-16,1.715
Czechia,CZE,2024-04-17,1.62
Czechia,CZE,2024-04-18,1.334
Czechia,CZE,2024-04-19,1.048
Czechia,CZE,2024-04-20,1.239
Czechia,CZE,2024-04-21,1.429
Czechia,CZE,2024-04-22,0.572
Czechia,CZE,2024-04-23,0.572
Czechia,CZE,2024-04-24,0.572
Czechia,CZE,2024-04-25,0.572
Czechia,CZE,2024-04-26,0.572
Czechia,CZE,2024-04-27,0.381
Czechia,CZE,2024-04-28,0.381
Czechia,CZE,2024-04-29,0.381
Czechia,CZE,2024-04-30,0.381
Czechia,CZE,2024-05-01,0.572
Czechia,CZE,2024-05-02,1.048
Czechia,CZE,2024-05-03,1.048
Czechia,CZE,2024-05-04,1.048
Czechia,CZE,2024-05-05,0.953
Czechia,CZE,2024-05-06,0.953
Czechia,CZE,2024-05-07,1.048
Czechia,CZE,2024-05-08,0.858
Czechia,CZE,2024-05-09,0.476
Czechia,CZE,2024-05-10,0.476
Czechia,CZE,2024-05-11,0.476
Czechia,CZE,2024-05-12,0.381
Czechia,CZE,2024-05-13,0.476
Czechia,CZE,2024-05-14,0.191
Czechia,CZE,2024-05-15,0.191
Czechia,CZE,2024-05-16,0.095
Czechia,CZE,2024-05-17,0.286
Czechia,CZE,2024-05-18,0.286
Czechia,CZE,2024-05-19,0.476
Czechia,CZE,2024-05-20,1.144
Czechia,CZE,2024-05-21,1.239
Czechia,CZE,2024-05-22,1.334
Czechia,CZE,2024-05-23,1.334
Czechia,CZE,2024-05-24,1.239
Czechia,CZE,2024-05-25,1.239
Czechia,CZE,2024-05-26,1.239
Czechia,CZE,2024-05-27,0.572
Czechia,CZE,2024-05-28,0.858
Czechia,CZE,2024-05-29,0.762
Czechia,CZE,2024-05-30,0.858
Czechia,CZE,2024-05-31,1.048
Czechia,CZE,2024-06-01,1.048
Czechia,CZE,2024-06-02,0.858
Czechia,CZE,2024-06-03,0.858
Czechia,CZE,2024-06-04,0.476
Czechia,CZE,2024-06-05,0.572
Czechia,CZE,2024-06-06,0.476
Czechia,CZE,2024-06-07,0.191
Czechia,CZE,2024-06-08,0.191
Czechia,CZE,2024-06-09,0.381
Czechia,CZE,2024-06-10,0.762
Czechia,CZE,2024-06-11,0.953
Czechia,CZE,2024-06-12,1.048
Czechia,CZE,2024-06-13,1.048
Czechia,CZE,2024-06-14,1.048
Czechia,CZE,2024-06-15,1.048
Czechia,CZE,2024-06-16,0.953
Czechia,CZE,2024-06-17,0.476
Czechia,CZE,2024-06-18,0.286
Czechia,CZE,2024-06-19,0.095
Czechia,CZE,2024-06-20,0.667
Czechia,CZE,2024-06-21,1.048
Czechia,CZE,2024-06-22,1.144
Czechia,CZE,2024-06-23,1.048
Czechia,CZE,2024-06-24,1.239
Czechia,CZE,2024-06-25,1.334
Czechia,CZE,2024-06-26,1.62
Czechia,CZE,2024-06-27,1.334
Czechia,CZE,2024-06-28,1.048
Czechia,CZE,2024-06-29,1.144
Czechia,CZE,2024-06-30,1.144
Czechia,CZE,2024-07-01,1.048
Czechia,CZE,2024-07-02,0.953
Czechia,CZE,2024-07-03,0.762
Czechia,CZE,2024-07-04,0.762
Czechia,CZE,2024-07-05,0.667
Czechia,CZE,2024-07-06,0.572
Czechia,CZE,2024-07-07,0.572
Czechia,CZE,2024-07-08,0.572
Czechia,CZE,2024-07-09,1.239
Czechia,CZE,2024-07-10,1.239
Czechia,CZE,2024-07-11,1.048
Czechia,CZE,2024-07-12,1.239
Czechia,CZE,2024-07-13,1.239
Czechia,CZE,2024-07-14,1.525
Czechia,CZE,2024-07-15,1.62
Czechia,CZE,2024-07-16,1.144
Czechia,CZE,2024-07-17,1.429
Czechia,CZE,2024-07-18,1.906
Czechia,CZE,2024-07-19,1.715
Czechia,CZE,2024-07-20,1.715
Czechia,CZE,2024-07-21,1.525
Czechia,CZE,2024-07-22,2.001
Czechia,CZE,2024-07-23,2.287
Czechia,CZE,2024-07-24,2.382
Czechia,CZE,2024-07-25,2.478
Czechia,CZE,2024-07-26,2.859
Czechia,CZE,2024-07-27,3.716
Czechia,CZE,2024-07-28,3.907
Czechia,CZE,2024-07-29,4.479
Czechia,CZE,2024-07-30,4.669
Czechia,CZE,2024-07-31,4.383
Czechia,CZE,2024-08-01,4.193
Czechia,CZE,2024-08-02,4.479
Czechia,CZE,2024-08-03,3.621
Czechia,CZE,2024-08-04,3.716
Czechia,CZE,2024-08-05,3.049
Czechia,CZE,2024-08-06,3.049
Czechia,CZE,2024-08-07,3.621
Czechia,CZE,2024-08-08,4.288
Czechia,CZE,2024-08-09,4.479
Czechia,CZE,2024-08-10,4.383
Denmark,DNK,2020-03-10,5.78
Denmark,DNK,2020-03-11,7.31
Denmark,DNK,2020-03-12,10.2
Denmark,DNK,2020-03-13,14.45
Denmark,DNK,2020-03-14,17.85
Denmark,DNK,2020-03-15,22.95
Denmark,DNK,2020-03-16,29.07
Denmark,DNK,2020-03-17,34.511
Denmark,DNK,2020-03-18,40.801
Denmark,DNK,2020-03-19,46.241
Denmark,DNK,2020-03-20,52.701
Denmark,DNK,2020-03-21,54.401
Denmark,DNK,2020-03-22,55.931
Denmark,DNK,2020-03-23,62.731
Denmark,DNK,2020-03-24,68.511
Denmark,DNK,2020-03-25,75.821
Denmark,DNK,2020-03-26,80.581
Denmark,DNK,2020-03-27,84.491
Denmark,DNK,2020-03-28,92.821
Denmark,DNK,2020-03-29,94.352
Denmark,DNK,2020-03-30,91.461
Denmark,DNK,2020-03-31,86.361
Denmark,DNK,2020-04-01,81.261
Denmark,DNK,2020-04-02,80.241
Denmark,DNK,2020-04-03,77.691
Denmark,DNK,2020-04-04,70.891
Denmark,DNK,2020-04-05,68.171
Denmark,DNK,2020-04-06,65.111
Denmark,DNK,2020-04-07,65.961
Denmark,DNK,2020-04-08,60.521
Denmark,DNK,2020-04-09,54.061
Denmark,DNK,2020-04-10,47.431
Denmark,DNK,2020-04-11,45.391
Denmark,DNK,2020-04-12,44.031
Denmark,DNK,2020-04-13,40.631
Denmark,DNK,2020-04-14,38.591
Denmark,DNK,2020-04-15,38.931
Denmark,DNK,2020-04-16,38.761
Denmark,DNK,2020-04-17,37.741
Denmark,DNK,2020-04-18,37.061
Denmark,DNK,2020-04-19,38.081
Denmark,DNK,2020-04-20,38.591
Denmark,DNK,2020-04-21,37.571
Denmark,DNK,2020-04-22,37.401
Denmark,DNK,2020-04-23,37.231
Denmark,DNK,2020-04-24,36.381
Denmark,DNK,2020-04-25,36.381
Denmark,DNK,2020-04-26,35.191
Denmark,DNK,2020-04-27,33.151
Denmark,DNK,2020-04-28,29.24
Denmark,DNK,2020-04-29,26.86
Denmark,DNK,2020-04-30,24.14
Denmark,DNK,2020-05-01,23.12
Denmark,DNK,2020-05-02,22.61
Denmark,DNK,2020-05-03,20.91
Denmark,DNK,2020-05-04,19.72
Denmark,DNK,2020-05-05,20.06
Denmark,DNK,2020-05-06,18.53
Denmark,DNK,2020-05-07,18.36
Denmark,DNK,2020-05-08,17.17
Denmark,DNK,2020-05-09,14.79
Denmark,DNK,2020-05-10,13.77
Denmark,DNK,2020-05-11,12.75
Denmark,DNK,2020-05-12,11.22
Denmark,DNK,2020-05-13,11.22
Denmark,DNK,2020-05-14,10.88
Denmark,DNK,2020-05-15,12.24
Denmark,DNK,2020-05-16,11.39
Denmark,DNK,2020-05-17,10.37
Denmark,DNK,2020-05-18,11.39
Denmark,DNK,2020-05-19,11.39
Denmark,DNK,2020-05-20,11.56
Denmark,DNK,2020-05-21,10.37
Denmark,DNK,2020-05-22,9.69
Denmark,DNK,2020-05-23,10.71
Denmark,DNK,2020-05-24,10.37
Denmark,DNK,2020-05-25,9.01
Denmark,DNK,2020-05-26,9.52
Denmark,DNK,2020-05-27,9.52
Denmark,DNK,2020-05-28,9.35
Denmark,DNK,2020-05-29,8.67
Denmark,DNK,2020-05-30,7.99
Denmark,DNK,2020-05-31,8.33
Denmark,DNK,2020-06-01,8.16
Denmark,DNK,2020-06-02,7.31
Denmark,DNK,2020-06-03,6.63
Denmark,DNK,2020-06-04,6.8
Denmark,DNK,2020-06-05,6.8
Denmark,DNK,2020-06-06,5.95
Denmark,DNK,2020-06-07,5.95
Denmark,DNK,2020-06-08,5.78
Denmark,DNK,2020-06-09,4.93
Denmark,DNK,2020-06-10,4.59
Denmark,DNK,2020-06-11,3.74
Denmark,DNK,2020-06-12,3.23
Denmark,DNK,2020-06-13,3.74
Denmark,DNK,2020-06-14,3.4
Denmark,DNK,2020-06-15,3.4
Denmark,DNK,2020-06-16,4.42
Denmark,DNK,2020-06-17,5.1
Denmark,DNK,2020-06-18,5.78
Denmark,DNK,2020-06-19,5.44
Denmark,DNK,2020-06-20,5.27
Denmark,DNK,2020-06-21,5.61
Denmark,DNK,2020-06-22,5.95
Denmark,DNK,2020-06-23,5.44
Denmark,DNK,2020-06-24,5.61
Denmark,DNK,2020-06-25,5.61
Denmark,DNK,2020-06-26,5.1
Denmark,DNK,2020-06-27,5.1
Denmark,DNK,2020-06-28,5.44
Denmark,DNK,2020-06-29,4.93
Denmark,DNK,2020-07-01,4.59
Denmark,DNK,2020-07-02,4.25
Denmark,DNK,2020-07-03,3.91
Denmark,DNK,2020-07-05,4.25
Denmark,DNK,2020-07-06,4.25
Denmark,DNK,2020-07-07,3.57
Denmark,DNK,2020-07-08,3.23
Denmark,DNK,2020-07-09,3.4
Denmark,DNK,2020-07-10,3.23
Denmark,DNK,2020-07-11,3.57
Denmark,DNK,2020-07-12,3.23
Denmark,DNK,2020-07-14,3.23
Denmark,DNK,2020-07-15,3.74
Denmark,DNK,2020-07-16,3.74
Denmark,DNK,2020-07-17,3.91
Denmark,DNK,2020-07-18,3.74
Denmark,DNK,2020-07-19,3.23
Denmark,DNK,2020-07-20,3.74
Denmark,DNK,2020-07-21,3.4
Denmark,DNK,2020-07-22,3.23
Denmark,DNK,2020-07-23,3.4
Denmark,DNK,2020-07-24,3.06
Denmark,DNK,2020-07-25,3.57
Denmark,DNK,2020-07-26,3.74
Denmark,DNK,2020-07-27,3.57
Denmark,DNK,2020-07-28,3.57
Denmark,DNK,2020-07-29,4.08
Denmark,DNK,2020-07-30,4.59
Denmark,DNK,2020-07-31,4.76
Denmark,DNK,2020-08-01,4.59
Denmark,DNK,2020-08-02,4.42
Denmark,DNK,2020-08-03,5.1
Denmark,DNK,2020-08-04,5.61
Denmark,DNK,2020-08-05,5.61
Denmark,DNK,2020-08-06,5.44
Denmark,DNK,2020-08-07,5.78
Denmark,DNK,2020-08-08,5.61
Denmark,DNK,2020-08-09,5.78
Denmark,DNK,2020-08-10,5.27
Denmark,DNK,2020-08-11,4.93
Denmark,DNK,2020-08-12,4.25
Denmark,DNK,2020-08-13,4.08
Denmark,DNK,2020-08-14,4.08
Denmark,DNK,2020-08-15,3.91
Denmark,DNK,2020-08-16,4.25
Denmark,DNK,2020-08-17,4.93
Denmark,DNK,2020-08-18,4.59
Denmark,DNK,2020-08-19,4.93
Denmark,DNK,2020-08-20,5.78
Denmark,DNK,2020-08-21,5.78
Denmark,DNK,2020-08-22,5.95
Denmark,DNK,2020-08-23,5.78
Denmark,DNK,2020-08-24,4.76
Denmark,DNK,2020-08-25,5.27
Denmark,DNK,2020-08-26,5.61
Denmark,DNK,2020-08-27,4.42
Denmark,DNK,2020-08-28,4.25
Denmark,DNK,2020-08-29,4.08
Denmark,DNK,2020-08-30,4.08
Denmark,DNK,2020-08-31,4.76
Denmark,DNK,2020-09-01,4.25
Denmark,DNK,2020-09-02,3.74
Denmark,DNK,2020-09-03,4.08
Denmark,DNK,2020-09-04,4.76
Denmark,DNK,2020-09-05,6.63
Denmark,DNK,2020-09-06,7.48
Denmark,DNK,2020-09-07,7.65
Denmark,DNK,2020-09-08,8.5
Denmark,DNK,2020-09-09,10.03
Denmark,DNK,2020-09-10,11.9
Denmark,DNK,2020-09-11,12.41
Denmark,DNK,2020-09-12,13.09
Denmark,DNK,2020-09-13,13.26
Denmark,DNK,2020-09-14,14.28
Denmark,DNK,2020-09-15,15.47
Denmark,DNK,2020-09-16,16.66
Denmark,DNK,2020-09-17,16.32
Denmark,DNK,2020-09-18,16.66
Denmark,DNK,2020-09-19,17.85
Denmark,DNK,2020-09-20,19.38
Denmark,DNK,2020-09-21,20.57
Denmark,DNK,2020-09-22,20.74
Denmark,DNK,2020-09-23,21.42
Denmark,DNK,2020-09-24,23.8
Denmark,DNK,2020-09-25,24.65
Denmark,DNK,2020-09-26,22.61
Denmark,DNK,2020-09-27,22.78
Denmark,DNK,2020-09-28,22.95
Denmark,DNK,2020-09-29,22.95
Denmark,DNK,2020-09-30,22.1
Denmark,DNK,2020-10-01,21.59
Denmark,DNK,2020-10-02,21.76
Denmark,DNK,2020-10-03,21.59
Denmark,DNK,2020-10-04,21.59
Denmark,DNK,2020-10-05,23.12
Denmark,DNK,2020-10-06,22.44
Denmark,DNK,2020-10-07,21.93
Denmark,DNK,2020-10-08,19.55
Denmark,DNK,2020-10-09,18.7
Denmark,DNK,2020-10-10,19.21
Denmark,DNK,2020-10-11,18.19
Denmark,DNK,2020-10-12,17.17
Denmark,DNK,2020-10-13,18.36
Denmark,DNK,2020-10-14,19.04
Denmark,DNK,2020-10-15,21.08
Denmark,DNK,2020-10-16,21.76
Denmark,DNK,2020-10-17,21.93
Denmark,DNK,2020-10-18,23.63
Denmark,DNK,2020-10-19,23.63
Denmark,DNK,2020-10-20,23.97
Denmark,DNK,2020-10-21,24.82
Denmark,DNK,2020-10-22,24.31
Denmark,DNK,2020-10-23,25.5
Denmark,DNK,2020-10-24,26.69
Denmark,DNK,2020-10-25,27.03
Denmark,DNK,2020-10-26,28.22
Denmark,DNK,2020-10-27,30.77
Denmark,DNK,2020-10-28,31.621
Denmark,DNK,2020-10-29,34.851
Denmark,DNK,2020-10-30,36.211
Denmark,DNK,2020-10-31,39.271
Denmark,DNK,2020-11-01,40.971
Denmark,DNK,2020-11-02,42.501
Denmark,DNK,2020-11-03,43.691
Denmark,DNK,2020-11-04,47.431
Denmark,DNK,2020-11-05,48.961
Denmark,DNK,2020-11-06,48.791
Denmark,DNK,2020-11-07,46.751
Denmark,DNK,2020-11-08,47.091
Denmark,DNK,2020-11-09,49.811
Denmark,DNK,2020-11-10,49.131
Denmark,DNK,2020-11-11,48.111
Denmark,DNK,2020-11-12,45.731
Denmark,DNK,2020-11-13,46.921
Denmark,DNK,2020-11-14,47.771
Denmark,DNK,2020-11-15,46.751
Denmark,DNK,2020-11-16,45.901
Denmark,DNK,2020-11-17,49.811
Denmark,DNK,2020-11-18,49.811
Denmark,DNK,2020-11-19,51.341
Denmark,DNK,2020-11-20,51.681
Denmark,DNK,2020-11-21,51.171
Denmark,DNK,2020-11-22,52.361
Denmark,DNK,2020-11-23,51.681
Denmark,DNK,2020-11-24,48.281
Denmark,DNK,2020-11-25,48.621
Denmark,DNK,2020-11-26,49.131
Denmark,DNK,2020-11-27,47.091
Denmark,DNK,2020-11-28,47.091
Denmark,DNK,2020-11-29,46.241
Denmark,DNK,2020-11-30,45.731
Denmark,DNK,2020-12-01,47.431
Denmark,DNK,2020-12-02,47.771
Denmark,DNK,2020-12-03,49.641
Denmark,DNK,2020-12-04,54.231
Denmark,DNK,2020-12-05,60.521
Denmark,DNK,2020-12-06,66.471
Denmark,DNK,2020-12-07,74.461
Denmark,DNK,2020-12-08,76.501
Denmark,DNK,2020-12-09,80.751
Denmark,DNK,2020-12-10,88.231
Denmark,DNK,2020-12-11,94.692
Denmark,DNK,2020-12-12,97.412
Denmark,DNK,2020-12-13,103.192
Denmark,DNK,2020-12-14,109.312
Denmark,DNK,2020-12-15,123.762
Denmark,DNK,2020-12-16,134.642
Denmark,DNK,2020-12-17,142.632
Denmark,DNK,2020-12-18,151.812
Denmark,DNK,2020-12-19,163.543
Denmark,DNK,2020-12-20,167.793
Denmark,DNK,2020-12-21,177.143
Denmark,DNK,2020-12-22,177.313
Denmark,DNK,2020-12-23,179.693
Denmark,DNK,2020-12-24,175.443
Denmark,DNK,2020-12-25,178.673
Denmark,DNK,2020-12-26,177.313
Denmark,DNK,2020-12-27,179.013
Denmark,DNK,2020-12-28,183.603
Denmark,DNK,2020-12-29,182.753
Denmark,DNK,2020-12-30,178.333
Denmark,DNK,2020-12-31,178.333
Denmark,DNK,2021-01-01,175.103
Denmark,DNK,2021-01-02,173.913
Denmark,DNK,2021-01-03,170.003
Denmark,DNK,2021-01-04,161.163
Denmark,DNK,2021-01-05,154.702
Denmark,DNK,2021-01-06,155.892
Denmark,DNK,2021-01-07,158.953
Denmark,DNK,2021-01-08,153.852
Denmark,DNK,2021-01-09,149.772
Denmark,DNK,2021-01-10,148.412
Denmark,DNK,2021-01-11,142.632
Denmark,DNK,2021-01-12,141.442
Denmark,DNK,2021-01-13,136.682
Denmark,DNK,2021-01-14,128.012
Denmark,DNK,2021-01-15,125.122
Denmark,DNK,2021-01-16,119.172
Denmark,DNK,2021-01-17,114.752
Denmark,DNK,2021-01-18,115.602
Denmark,DNK,2021-01-19,117.132
Denmark,DNK,2021-01-20,110.502
Denmark,DNK,2021-01-21,110.672
Denmark,DNK,2021-01-22,107.102
Denmark,DNK,2021-01-23,103.702
Denmark,DNK,2021-01-24,100.302
Denmark,DNK,2021-01-25,90.951
Denmark,DNK,2021-01-26,81.261
Denmark,DNK,2021-01-27,79.731
Denmark,DNK,2021-01-28,73.271
Denmark,DNK,2021-01-29,68.001
Denmark,DNK,2021-01-30,63.071
Denmark,DNK,2021-01-31,59.671
Denmark,DNK,2021-02-01,55.251
Denmark,DNK,2021-02-02,53.211
Denmark,DNK,2021-02-03,48.451
Denmark,DNK,2021-02-04,45.391
Denmark,DNK,2021-02-05,44.031
Denmark,DNK,2021-02-06,42.501
Denmark,DNK,2021-02-07,40.801
Denmark,DNK,2021-02-08,38.761
Denmark,DNK,2021-02-09,39.271
Denmark,DNK,2021-02-10,40.291
Denmark,DNK,2021-02-11,39.101
Denmark,DNK,2021-02-12,35.701
Denmark,DNK,2021-02-13,37.911
Denmark,DNK,2021-02-14,36.211
Denmark,DNK,2021-02-15,35.021
Denmark,DNK,2021-02-16,31.621
Denmark,DNK,2021-02-17,29.41
Denmark,DNK,2021-02-18,30.94
Denmark,DNK,2021-02-19,32.811
Denmark,DNK,2021-02-20,31.28
Denmark,DNK,2021-02-21,31.451
Denmark,DNK,2021-02-22,31.961
Denmark,DNK,2021-02-23,32.981
Denmark,DNK,2021-02-24,34.851
Denmark,DNK,2021-02-25,34.681
Denmark,DNK,2021-02-26,33.661
Denmark,DNK,2021-02-27,34.171
Denmark,DNK,2021-02-28,34.341
Denmark,DNK,2021-03-01,33.151
Denmark,DNK,2021-03-02,35.021
Denmark,DNK,2021-03-03,34.511
Denmark,DNK,2021-03-04,34.001
Denmark,DNK,2021-03-05,33.491
Denmark,DNK,2021-03-06,36.211
Denmark,DNK,2021-03-07,36.891
Denmark,DNK,2021-03-08,37.231
Denmark,DNK,2021-03-09,36.891
Denmark,DNK,2021-03-10,37.061
Denmark,DNK,2021-03-11,37.231
Denmark,DNK,2021-03-12,36.721
Denmark,DNK,2021-03-13,34.681
Denmark,DNK,2021-03-14,34.511
Denmark,DNK,2021-03-15,35.021
Denmark,DNK,2021-03-16,35.191
Denmark,DNK,2021-03-17,34.681
Denmark,DNK,2021-03-18,34.341
Denmark,DNK,2021-03-19,34.341
Denmark,DNK,2021-03-20,32.981
Denmark,DNK,2021-03-21,34.171
Denmark,DNK,2021-03-22,36.891
Denmark,DNK,2021-03-23,34.851
Denmark,DNK,2021-03-24,35.531
Denmark,DNK,2021-03-25,37.741
Denmark,DNK,2021-03-26,39.781
Denmark,DNK,2021-03-27,42.501
Denmark,DNK,2021-03-28,42.671
Denmark,DNK,2021-03-29,43.521
Denmark,DNK,2021-03-30,45.221
Denmark,DNK,2021-03-31,47.601
Denmark,DNK,2021-04-01,46.411
Denmark,DNK,2021-04-02,46.921
Denmark,DNK,2021-04-03,45.561
Denmark,DNK,2021-04-04,44.711
Denmark,DNK,2021-04-05,40.631
Denmark,DNK,2021-04-06,42.161
Denmark,DNK,2021-04-07,39.611
Denmark,DNK,2021-04-08,39.271
Denmark,DNK,2021-04-09,38.761
Denmark,DNK,2021-04-10,38.251
Denmark,DNK,2021-04-11,37.571
Denmark,DNK,2021-04-12,38.931
Denmark,DNK,2021-04-13,36.551
Denmark,DNK,2021-04-14,35.871
Denmark,DNK,2021-04-15,36.041
Denmark,DNK,2021-04-16,35.191
Denmark,DNK,2021-04-17,36.381
Denmark,DNK,2021-04-18,38.421
Denmark,DNK,2021-04-19,39.951
Denmark,DNK,2021-04-20,40.971
Denmark,DNK,2021-04-21,41.481
Denmark,DNK,2021-04-22,40.291
Denmark,DNK,2021-04-23,40.801
Denmark,DNK,2021-04-24,40.121
Denmark,DNK,2021-04-25,36.381
Denmark,DNK,2021-04-26,33.661
Denmark,DNK,2021-04-27,34.511
Denmark,DNK,2021-04-28,34.851
Denmark,DNK,2021-04-29,36.721
Denmark,DNK,2021-04-30,35.021
Denmark,DNK,2021-05-01,34.001
Denmark,DNK,2021-05-02,36.211
Denmark,DNK,2021-05-03,36.551
Denmark,DNK,2021-05-04,34.171
Denmark,DNK,2021-05-05,32.471
Denmark,DNK,2021-05-06,30.26
Denmark,DNK,2021-05-07,33.491
Denmark,DNK,2021-05-08,35.191
Denmark,DNK,2021-05-09,35.021
Denmark,DNK,2021-05-10,38.251
Denmark,DNK,2021-05-11,37.401
Denmark,DNK,2021-05-12,40.121
Denmark,DNK,2021-05-13,42.161
Denmark,DNK,2021-05-14,43.011
Denmark,DNK,2021-05-15,42.331
Denmark,DNK,2021-05-16,43.011
Denmark,DNK,2021-05-17,39.441
Denmark,DNK,2021-05-18,39.781
Denmark,DNK,2021-05-19,39.611
Denmark,DNK,2021-05-20,36.891
Denmark,DNK,2021-05-21,36.551
Denmark,DNK,2021-05-22,35.191
Denmark,DNK,2021-05-23,34.681
Denmark,DNK,2021-05-24,34.001
Denmark,DNK,2021-05-25,35.021
Denmark,DNK,2021-05-26,33.831
Denmark,DNK,2021-05-27,36.381
Denmark,DNK,2021-05-28,34.681
Denmark,DNK,2021-05-29,35.021
Denmark,DNK,2021-05-30,33.661
Denmark,DNK,2021-05-31,36.041
Denmark,DNK,2021-06-01,35.871
Denmark,DNK,2021-06-02,34.851
Denmark,DNK,2021-06-03,32.981
Denmark,DNK,2021-06-04,31.28
Denmark,DNK,2021-06-05,29.41
Denmark,DNK,2021-06-06,28.39
Denmark,DNK,2021-06-07,26.52
Denmark,DNK,2021-06-08,24.14
Denmark,DNK,2021-06-09,24.99
Denmark,DNK,2021-06-10,23.46
Denmark,DNK,2021-06-11,22.1
Denmark,DNK,2021-06-12,21.42
Denmark,DNK,2021-06-13,22.27
Denmark,DNK,2021-06-14,20.91
Denmark,DNK,2021-06-15,20.4
Denmark,DNK,2021-06-16,17.17
Denmark,DNK,2021-06-17,15.47
Denmark,DNK,2021-06-18,14.96
Denmark,DNK,2021-06-19,15.3
Denmark,DNK,2021-06-20,14.11
Denmark,DNK,2021-06-21,12.07
Denmark,DNK,2021-06-22,11.39
Denmark,DNK,2021-06-23,11.22
Denmark,DNK,2021-06-24,11.39
Denmark,DNK,2021-06-25,10.71
Denmark,DNK,2021-06-26,9.69
Denmark,DNK,2021-06-27,8.5
Denmark,DNK,2021-06-28,7.99
Denmark,DNK,2021-06-29,7.14
Denmark,DNK,2021-06-30,6.8
Denmark,DNK,2021-07-01,7.31
Denmark,DNK,2021-07-02,7.14
Denmark,DNK,2021-07-03,6.63
Denmark,DNK,2021-07-04,6.63
Denmark,DNK,2021-07-05,7.82
Denmark,DNK,2021-07-06,8.5
Denmark,DNK,2021-07-07,8.5
Denmark,DNK,2021-07-08,8.67
Denmark,DNK,2021-07-09,8.84
Denmark,DNK,2021-07-10,9.69
Denmark,DNK,2021-07-11,11.05
Denmark,DNK,2021-07-12,11.9
Denmark,DNK,2021-07-13,13.94
Denmark,DNK,2021-07-14,15.13
Denmark,DNK,2021-07-15,15.81
Denmark,DNK,2021-07-16,17.17
Denmark,DNK,2021-07-17,17.34
Denmark,DNK,2021-07-18,17.17
Denmark,DNK,2021-07-19,17.68
Denmark,DNK,2021-07-20,16.83
Denmark,DNK,2021-07-21,16.66
Denmark,DNK,2021-07-22,16.32
Denmark,DNK,2021-07-23,15.98
Denmark,DNK,2021-07-24,15.81
Denmark,DNK,2021-07-25,16.83
Denmark,DNK,2021-07-26,16.66
Denmark,DNK,2021-07-27,18.36
Denmark,DNK,2021-07-28,18.7
Denmark,DNK,2021-07-29,19.21
Denmark,DNK,2021-07-30,20.57
Denmark,DNK,2021-07-31,20.91
Denmark,DNK,2021-08-01,19.72
Denmark,DNK,2021-08-02,18.87
Denmark,DNK,2021-08-03,17.85
Denmark,DNK,2021-08-04,17.17
Denmark,DNK,2021-08-05,18.53
Denmark,DNK,2021-08-06,18.02
Denmark,DNK,2021-08-07,20.06
Denmark,DNK,2021-08-08,20.91
Denmark,DNK,2021-08-09,23.12
Denmark,DNK,2021-08-10,24.99
Denmark,DNK,2021-08-11,28.22
Denmark,DNK,2021-08-12,28.22
Denmark,DNK,2021-08-13,28.9
Denmark,DNK,2021-08-14,29.41
Denmark,DNK,2021-08-15,31.961
Denmark,DNK,2021-08-16,32.811
Denmark,DNK,2021-08-17,32.471
Denmark,DNK,2021-08-18,32.981
Denmark,DNK,2021-08-19,34.001
Denmark,DNK,2021-08-20,35.191
Denmark,DNK,2021-08-21,37.571
Denmark,DNK,2021-08-22,38.081
Denmark,DNK,2021-08-23,37.231
Denmark,DNK,2021-08-24,38.421
Denmark,DNK,2021-08-25,38.081
Denmark,DNK,2021-08-26,37.401
Denmark,DNK,2021-08-27,38.761
Denmark,DNK,2021-08-28,36.721
Denmark,DNK,2021-08-29,34.001
Denmark,DNK,2021-08-30,36.211
Denmark,DNK,2021-08-31,35.361
Denmark,DNK,2021-09-01,34.851
Denmark,DNK,2021-09-02,34.851
Denmark,DNK,2021-09-03,31.621
Denmark,DNK,2021-09-04,31.451
Denmark,DNK,2021-09-05,32.131
Denmark,DNK,2021-09-06,30.6
Denmark,DNK,2021-09-07,30.77
Denmark,DNK,2021-09-08,29.75
Denmark,DNK,2021-09-09,29.58
Denmark,DNK,2021-09-10,29.92
Denmark,DNK,2021-09-11,27.37
Denmark,DNK,2021-09-12,26.52
Denmark,DNK,2021-09-13,25.33
Denmark,DNK,2021-09-14,21.93
Denmark,DNK,2021-09-15,20.4
Denmark,DNK,2021-09-16,18.53
Denmark,DNK,2021-09-17,17
Denmark,DNK,2021-09-18,16.66
Denmark,DNK,2021-09-19,15.3
Denmark,DNK,2021-09-20,14.28
Denmark,DNK,2021-09-21,14.79
Denmark,DNK,2021-09-22,14.28
Denmark,DNK,2021-09-23,13.43
Denmark,DNK,2021-09-24,13.6
Denmark,DNK,2021-09-25,14.11
Denmark,DNK,2021-09-26,15.81
Denmark,DNK,2021-09-27,15.13
Denmark,DNK,2021-09-28,14.45
Denmark,DNK,2021-09-29,15.47
Denmark,DNK,2021-09-30,15.98
Denmark,DNK,2021-10-01,17.34
Denmark,DNK,2021-10-02,16.32
Denmark,DNK,2021-10-03,14.45
Denmark,DNK,2021-10-04,15.47
Denmark,DNK,2021-10-05,17.68
Denmark,DNK,2021-10-06,18.36
Denmark,DNK,2021-10-07,17.85
Denmark,DNK,2021-10-08,16.32
Denmark,DNK,2021-10-09,18.02
Denmark,DNK,2021-10-10,19.21
Denmark,DNK,2021-10-11,19.04
Denmark,DNK,2021-10-12,17.68
Denmark,DNK,2021-10-13,20.23
Denmark,DNK,2021-10-14,22.61
Denmark,DNK,2021-10-15,26.01
Denmark,DNK,2021-10-16,27.2
Denmark,DNK,2021-10-17,28.05
Denmark,DNK,2021-10-18,31.11
Denmark,DNK,2021-10-19,32.471
Denmark,DNK,2021-10-20,32.641
Denmark,DNK,2021-10-21,34.511
Denmark,DNK,2021-10-22,36.211
Denmark,DNK,2021-10-23,38.081
Denmark,DNK,2021-10-24,42.331
Denmark,DNK,2021-10-25,42.501
Denmark,DNK,2021-10-26,45.051
Denmark,DNK,2021-10-27,47.601
Denmark,DNK,2021-10-28,48.791
Denmark,DNK,2021-10-29,49.811
Denmark,DNK,2021-10-30,51.171
Denmark,DNK,2021-10-31,51.341
Denmark,DNK,2021-11-01,55.931
Denmark,DNK,2021-11-02,59.331
Denmark,DNK,2021-11-03,59.161
Denmark,DNK,2021-11-04,62.731
Denmark,DNK,2021-11-05,62.561
Denmark,DNK,2021-11-06,62.561
Denmark,DNK,2021-11-07,64.261
Denmark,DNK,2021-11-08,64.261
Denmark,DNK,2021-11-09,63.411
Denmark,DNK,2021-11-10,66.471
Denmark,DNK,2021-11-11,67.321
Denmark,DNK,2021-11-12,72.421
Denmark,DNK,2021-11-13,75.991
Denmark,DNK,2021-11-14,77.861
Denmark,DNK,2021-11-15,82.451
Denmark,DNK,2021-11-16,87.891
Denmark,DNK,2021-11-17,89.421
Denmark,DNK,2021-11-18,91.631
Denmark,DNK,2021-11-19,91.461
Denmark,DNK,2021-11-20,94.862
Denmark,DNK,2021-11-21,95.542
Denmark,DNK,2021-11-22,95.202
Denmark,DNK,2021-11-23,94.692
Denmark,DNK,2021-11-24,93.671
Denmark,DNK,2021-11-25,94.352
Denmark,DNK,2021-11-26,96.392
Denmark,DNK,2021-11-27,94.692
Denmark,DNK,2021-11-28,95.712
Denmark,DNK,2021-11-29,95.032
Denmark,DNK,2021-11-30,97.242
Denmark,DNK,2021-12-01,99.112
Denmark,DNK,2021-12-02,99.792
Denmark,DNK,2021-12-03,102.002
Denmark,DNK,2021-12-04,105.062
Denmark,DNK,2021-12-05,105.572
Denmark,DNK,2021-12-06,110.332
Denmark,DNK,2021-12-07,110.502
Denmark,DNK,2021-12-08,113.732
Denmark,DNK,2021-12-09,113.222
Denmark,DNK,2021-12-10,116.112
Denmark,DNK,2021-12-11,114.242
Denmark,DNK,2021-12-12,116.622
Denmark,DNK,2021-12-13,118.152
Denmark,DNK,2021-12-14,120.192
Denmark,DNK,2021-12-15,126.142
Denmark,DNK,2021-12-16,131.242
Denmark,DNK,2021-12-17,132.942
Denmark,DNK,2021-12-18,137.192
Denmark,DNK,2021-12-19,137.702
Denmark,DNK,2021-12-20,137.872
Denmark,DNK,2021-12-21,142.122
Denmark,DNK,2021-12-22,143.312
Denmark,DNK,2021-12-23,147.562
Denmark,DNK,2021-12-24,141.272
Denmark,DNK,2021-12-25,144.162
Denmark,DNK,2021-12-26,146.542
Denmark,DNK,2021-12-27,156.232
Denmark,DNK,2021-12-28,163.203
Denmark,DNK,2021-12-29,170.003
Denmark,DNK,2021-12-30,175.273
Denmark,DNK,2021-12-31,180.543
Denmark,DNK,2022-01-01,189.383
Denmark,DNK,2022-01-02,201.453
Denmark,DNK,2022-01-03,209.103
Denmark,DNK,2022-01-04,211.143
Denmark,DNK,2022-01-05,207.063
Denmark,DNK,2022-01-06,208.083
Denmark,DNK,2022-01-07,212.673
Denmark,DNK,2022-01-08,205.363
Denmark,DNK,2022-01-09,201.623
Denmark,DNK,2022-01-10,197.033
Denmark,DNK,2022-01-11,201.113
Denmark,DNK,2022-01-12,206.723
Denmark,DNK,2022-01-13,212.843
Denmark,DNK,2022-01-14,219.814
Denmark,DNK,2022-01-15,226.274
Denmark,DNK,2022-01-16,234.094
Denmark,DNK,2022-01-17,244.804
Denmark,DNK,2022-01-18,252.114
Denmark,DNK,2022-01-19,257.894
Denmark,DNK,2022-01-20,260.444
Denmark,DNK,2022-01-21,268.264
Denmark,DNK,2022-01-22,276.764
Denmark,DNK,2022-01-23,283.905
Denmark,DNK,2022-01-24,291.385
Denmark,DNK,2022-01-25,300.055
Denmark,DNK,2022-01-26,311.615
Denmark,DNK,2022-01-27,325.385
Denmark,DNK,2022-01-28,330.995
Denmark,DNK,2022-01-29,334.225
Denmark,DNK,2022-01-30,335.245
Denmark,DNK,2022-01-31,341.705
Denmark,DNK,2022-02-01,349.866
Denmark,DNK,2022-02-02,362.616
Denmark,DNK,2022-02-03,369.586
Denmark,DNK,2022-02-04,386.926
Denmark,DNK,2022-02-05,397.296
Denmark,DNK,2022-02-06,408.687
Denmark,DNK,2022-02-07,427.047
Denmark,DNK,2022-02-08,438.097
Denmark,DNK,2022-02-09,450.167
Denmark,DNK,2022-02-10,460.027
Denmark,DNK,2022-02-11,466.997
Denmark,DNK,2022-02-12,466.487
Denmark,DNK,2022-02-13,473.458
Denmark,DNK,2022-02-14,478.218
Denmark,DNK,2022-02-15,483.488
Denmark,DNK,2022-02-16,485.868
Denmark,DNK,2022-02-17,494.878
Denmark,DNK,2022-02-18,492.328
Denmark,DNK,2022-02-19,493.858
Denmark,DNK,2022-02-20,492.668
Denmark,DNK,2022-02-21,494.198
Denmark,DNK,2022-02-22,487.568
Denmark,DNK,2022-02-23,476.178
Denmark,DNK,2022-02-24,464.107
Denmark,DNK,2022-02-25,457.477
Denmark,DNK,2022-02-26,447.447
Denmark,DNK,2022-02-27,432.827
Denmark,DNK,2022-02-28,420.417
Denmark,DNK,2022-03-01,409.707
Denmark,DNK,2022-03-02,394.576
Denmark,DNK,2022-03-03,380.976
Denmark,DNK,2022-03-04,380.976
Denmark,DNK,2022-03-05,375.706
Denmark,DNK,2022-03-06,371.286
Denmark,DNK,2022-03-07,353.776
Denmark,DNK,2022-03-08,343.235
Denmark,DNK,2022-03-09,340.175
Denmark,DNK,2022-03-10,328.955
Denmark,DNK,2022-03-11,310.765
Denmark,DNK,2022-03-12,307.875
Denmark,DNK,2022-03-13,298.525
Denmark,DNK,2022-03-14,294.785
Denmark,DNK,2022-03-15,288.835
Denmark,DNK,2022-03-16,279.484
Denmark,DNK,2022-03-17,275.064
Denmark,DNK,2022-03-18,264.524
Denmark,DNK,2022-03-19,259.594
Denmark,DNK,2022-03-20,253.474
Denmark,DNK,2022-03-21,241.234
Denmark,DNK,2022-03-22,232.054
Denmark,DNK,2022-03-23,233.754
Denmark,DNK,2022-03-24,223.044
Denmark,DNK,2022-03-25,217.943
Denmark,DNK,2022-03-26,207.913
Denmark,DNK,2022-03-27,201.793
Denmark,DNK,2022-03-28,195.673
Denmark,DNK,2022-03-29,188.873
Denmark,DNK,2022-03-30,174.763
Denmark,DNK,2022-03-31,172.553
Denmark,DNK,2022-04-01,168.813
Denmark,DNK,2022-04-02,166.433
Denmark,DNK,2022-04-03,164.733
Denmark,DNK,2022-04-04,159.973
Denmark,DNK,2022-04-05,157.423
Denmark,DNK,2022-04-06,154.702
Denmark,DNK,2022-04-07,149.772
Denmark,DNK,2022-04-08,146.032
Denmark,DNK,2022-04-09,146.032
Denmark,DNK,2022-04-10,143.312
Denmark,DNK,2022-04-11,137.702
Denmark,DNK,2022-04-12,131.922
Denmark,DNK,2022-04-13,128.182
Denmark,DNK,2022-04-14,122.912
Denmark,DNK,2022-04-15,118.152
Denmark,DNK,2022-04-16,115.772
Denmark,DNK,2022-04-17,115.602
Denmark,DNK,2022-04-18,109.992
Denmark,DNK,2022-04-19,109.142
Denmark,DNK,2022-04-20,106.762
Denmark,DNK,2022-04-21,108.292
Denmark,DNK,2022-04-22,107.782
Denmark,DNK,2022-04-23,103.192
Denmark,DNK,2022-04-24,99.962
Denmark,DNK,2022-04-25,100.132
Denmark,DNK,2022-04-26,97.752
Denmark,DNK,2022-04-27,91.121
Denmark,DNK,2022-04-28,86.191
Denmark,DNK,2022-04-29,82.791
Denmark,DNK,2022-04-30,81.771
Denmark,DNK,2022-05-01,77.861
Denmark,DNK,2022-05-02,72.761
Denmark,DNK,2022-05-03,68.341
Denmark,DNK,2022-05-04,67.491
Denmark,DNK,2022-05-05,64.771
Denmark,DNK,2022-05-06,64.261
Denmark,DNK,2022-05-07,62.051
Denmark,DNK,2022-05-08,62.051
Denmark,DNK,2022-05-09,61.031
Denmark,DNK,2022-05-10,59.331
Denmark,DNK,2022-05-11,55.591
Denmark,DNK,2022-05-12,54.401
Denmark,DNK,2022-05-13,50.661
Denmark,DNK,2022-05-14,48.621
Denmark,DNK,2022-05-15,47.091
Denmark,DNK,2022-05-16,46.751
Denmark,DNK,2022-05-17,44.201
Denmark,DNK,2022-05-18,43.861
Denmark,DNK,2022-05-19,44.541
Denmark,DNK,2022-05-20,43.011
Denmark,DNK,2022-05-21,44.711
Denmark,DNK,2022-05-22,42.161
Denmark,DNK,2022-05-23,40.631
Denmark,DNK,2022-05-24,38.931
Denmark,DNK,2022-05-25,39.611
Denmark,DNK,2022-05-26,35.361
Denmark,DNK,2022-05-27,35.191
Denmark,DNK,2022-05-28,32.641
Denmark,DNK,2022-05-29,33.661
Denmark,DNK,2022-05-30,31.791
Denmark,DNK,2022-05-31,31.791
Denmark,DNK,2022-06-01,30.26
Denmark,DNK,2022-06-02,31.791
Denmark,DNK,2022-06-03,32.811
Denmark,DNK,2022-06-04,32.471
Denmark,DNK,2022-06-05,34.001
Denmark,DNK,2022-06-06,33.491
Denmark,DNK,2022-06-07,34.851
Denmark,DNK,2022-06-08,34.851
Denmark,DNK,2022-06-09,35.021
Denmark,DNK,2022-06-10,35.361
Denmark,DNK,2022-06-11,38.251
Denmark,DNK,2022-06-12,37.401
Denmark,DNK,2022-06-13,42.331
Denmark,DNK,2022-06-14,44.541
Denmark,DNK,2022-06-15,45.221
Denmark,DNK,2022-06-16,48.451
Denmark,DNK,2022-06-17,49.301
Denmark,DNK,2022-06-18,52.021
Denmark,DNK,2022-06-19,53.721
Denmark,DNK,2022-06-20,52.531
Denmark,DNK,2022-06-21,57.121
Denmark,DNK,2022-06-22,64.771
Denmark,DNK,2022-06-23,67.661
Denmark,DNK,2022-06-24,73.611
Denmark,DNK,2022-06-25,74.121
Denmark,DNK,2022-06-26,78.881
Denmark,DNK,2022-06-27,84.831
Denmark,DNK,2022-06-28,86.021
Denmark,DNK,2022-06-29,86.021
Denmark,DNK,2022-06-30,86.191
Denmark,DNK,2022-07-01,85.511
Denmark,DNK,2022-07-02,86.191
Denmark,DNK,2022-07-03,85.511
Denmark,DNK,2022-07-04,85.171
Denmark,DNK,2022-07-05,84.151
Denmark,DNK,2022-07-06,85.171
Denmark,DNK,2022-07-07,89.251
Denmark,DNK,2022-07-08,94.522
Denmark,DNK,2022-07-09,97.412
Denmark,DNK,2022-07-10,100.982
Denmark,DNK,2022-07-11,106.592
Denmark,DNK,2022-07-12,112.032
Denmark,DNK,2022-07-13,120.532
Denmark,DNK,2022-07-14,122.912
Denmark,DNK,2022-07-15,122.572
Denmark,DNK,2022-07-16,124.782
Denmark,DNK,2022-07-17,128.522
Denmark,DNK,2022-07-18,134.642
Denmark,DNK,2022-07-19,136.682
Denmark,DNK,2022-07-20,135.492
Denmark,DNK,2022-07-21,135.492
Denmark,DNK,2022-07-22,136.342
Denmark,DNK,2022-07-23,134.302
Denmark,DNK,2022-07-24,128.522
Denmark,DNK,2022-07-25,119.172
Denmark,DNK,2022-07-26,113.392
Denmark,DNK,2022-07-27,104.722
Denmark,DNK,2022-07-28,100.982
Denmark,DNK,2022-07-29,98.942
Denmark,DNK,2022-07-30,98.772
Denmark,DNK,2022-07-31,98.942
Denmark,DNK,2022-08-01,97.922
Denmark,DNK,2022-08-02,96.392
Denmark,DNK,2022-08-03,97.582
Denmark,DNK,2022-08-04,97.582
Denmark,DNK,2022-08-05,95.882
Denmark,DNK,2022-08-06,92.821
Denmark,DNK,2022-08-07,91.121
Denmark,DNK,2022-08-08,86.871
Denmark,DNK,2022-08-09,87.721
Denmark,DNK,2022-08-10,88.401
Denmark,DNK,2022-08-11,87.381
Denmark,DNK,2022-08-12,86.361
Denmark,DNK,2022-08-13,91.631
Denmark,DNK,2022-08-14,93.671
Denmark,DNK,2022-08-15,100.302
Denmark,DNK,2022-08-16,103.192
Denmark,DNK,2022-08-17,101.832
Denmark,DNK,2022-08-18,101.152
Denmark,DNK,2022-08-19,98.092
Denmark,DNK,2022-08-20,91.801
Denmark,DNK,2022-08-21,85.511
Denmark,DNK,2022-08-22,76.501
Denmark,DNK,2022-08-23,69.871
Denmark,DNK,2022-08-24,67.321
Denmark,DNK,2022-08-25,66.131
Denmark,DNK,2022-08-26,66.641
Denmark,DNK,2022-08-27,65.961
Denmark,DNK,2022-08-28,65.621
Denmark,DNK,2022-08-29,66.131
Denmark,DNK,2022-08-30,62.221
Denmark,DNK,2022-08-31,58.821
Denmark,DNK,2022-09-01,54.911
Denmark,DNK,2022-09-02,53.211
Denmark,DNK,2022-09-03,51.681
Denmark,DNK,2022-09-04,50.661
Denmark,DNK,2022-09-05,50.321
Denmark,DNK,2022-09-06,52.701
Denmark,DNK,2022-09-07,55.081
Denmark,DNK,2022-09-08,56.271
Denmark,DNK,2022-09-09,54.911
Denmark,DNK,2022-09-10,53.211
Denmark,DNK,2022-09-11,53.721
Denmark,DNK,2022-09-12,54.231
Denmark,DNK,2022-09-13,55.421
Denmark,DNK,2022-09-14,53.891
Denmark,DNK,2022-09-15,53.211
Denmark,DNK,2022-09-16,52.021
Denmark,DNK,2022-09-17,54.571
Denmark,DNK,2022-09-18,56.951
Denmark,DNK,2022-09-19,59.331
Denmark,DNK,2022-09-20,60.521
Denmark,DNK,2022-09-21,63.751
Denmark,DNK,2022-09-22,66.131
Denmark,DNK,2022-09-23,71.911
Denmark,DNK,2022-09-24,74.631
Denmark,DNK,2022-09-25,79.051
Denmark,DNK,2022-09-26,83.471
Denmark,DNK,2022-09-27,88.401
Denmark,DNK,2022-09-28,89.931
Denmark,DNK,2022-09-29,94.012
Denmark,DNK,2022-09-30,96.222
Denmark,DNK,2022-10-01,98.942
Denmark,DNK,2022-10-02,99.282
Denmark,DNK,2022-10-03,101.322
Denmark,DNK,2022-10-04,103.702
Denmark,DNK,2022-10-05,105.402
Denmark,DNK,2022-10-06,106.082
Denmark,DNK,2022-10-07,107.442
Denmark,DNK,2022-10-08,107.782
Denmark,DNK,2022-10-09,107.272
Denmark,DNK,2022-10-10,113.562
Denmark,DNK,2022-10-11,116.452
Denmark,DNK,2022-10-12,118.322
Denmark,DNK,2022-10-13,119.852
Denmark,DNK,2022-10-14,122.912
Denmark,DNK,2022-10-15,126.142
Denmark,DNK,2022-10-16,130.052
Denmark,DNK,2022-10-17,122.742
Denmark,DNK,2022-10-18,119.682
Denmark,DNK,2022-10-19,118.322
Denmark,DNK,2022-10-20,117.132
Denmark,DNK,2022-10-21,111.352
Denmark,DNK,2022-10-22,108.122
Denmark,DNK,2022-10-23,105.402
Denmark,DNK,2022-10-24,103.872
Denmark,DNK,2022-10-25,98.772
Denmark,DNK,2022-10-26,97.072
Denmark,DNK,2022-10-27,93.841
Denmark,DNK,2022-10-28,91.801
Denmark,DNK,2022-10-29,87.041
Denmark,DNK,2022-10-30,79.391
Denmark,DNK,2022-10-31,75.311
Denmark,DNK,2022-11-01,71.401
Denmark,DNK,2022-11-02,66.641
Denmark,DNK,2022-11-03,64.261
Denmark,DNK,2022-11-04,60.011
Denmark,DNK,2022-11-05,56.441
Denmark,DNK,2022-11-06,56.611
Denmark,DNK,2022-11-07,53.891
Denmark,DNK,2022-11-08,53.551
Denmark,DNK,2022-11-09,50.151
Denmark,DNK,2022-11-10,47.941
Denmark,DNK,2022-11-11,48.451
Denmark,DNK,2022-11-12,47.941
Denmark,DNK,2022-11-13,47.431
Denmark,DNK,2022-11-14,45.731
Denmark,DNK,2022-11-15,43.011
Denmark,DNK,2022-11-16,44.711
Denmark,DNK,2022-11-17,43.691
Denmark,DNK,2022-11-18,42.161
Denmark,DNK,2022-11-19,41.821
Denmark,DNK,2022-11-20,41.821
Denmark,DNK,2022-11-21,40.631
Denmark,DNK,2022-11-22,42.331
Denmark,DNK,2022-11-23,41.821
Denmark,DNK,2022-11-24,45.051
Denmark,DNK,2022-11-25,47.091
Denmark,DNK,2022-11-26,49.301
Denmark,DNK,2022-11-27,51.001
Denmark,DNK,2022-11-28,57.801
Denmark,DNK,2022-11-29,61.881
Denmark,DNK,2022-11-30,65.451
Denmark,DNK,2022-12-01,67.831
Denmark,DNK,2022-12-02,70.381
Denmark,DNK,2022-12-03,73.271
Denmark,DNK,2022-12-04,75.481
Denmark,DNK,2022-12-05,76.161
Denmark,DNK,2022-12-06,78.201
Denmark,DNK,2022-12-07,80.241
Denmark,DNK,2022-12-08,80.921
Denmark,DNK,2022-12-09,81.941
Denmark,DNK,2022-12-10,84.491
Denmark,DNK,2022-12-11,89.081
Denmark,DNK,2022-12-12,92.481
Denmark,DNK,2022-12-13,94.522
Denmark,DNK,2022-12-14,102.512
Denmark,DNK,2022-12-15,106.252
Denmark,DNK,2022-12-16,112.712
Denmark,DNK,2022-12-17,115.602
Denmark,DNK,2022-12-18,118.832
Denmark,DNK,2022-12-19,125.972
Denmark,DNK,2022-12-20,132.432
Denmark,DNK,2022-12-21,133.962
Denmark,DNK,2022-12-22,139.912
Denmark,DNK,2022-12-23,141.782
Denmark,DNK,2022-12-24,141.102
Denmark,DNK,2022-12-25,142.802
Denmark,DNK,2022-12-26,136.172
Denmark,DNK,2022-12-27,137.872
Denmark,DNK,2022-12-28,140.252
Denmark,DNK,2022-12-29,141.102
Denmark,DNK,2022-12-30,138.552
Denmark,DNK,2022-12-31,139.402
Denmark,DNK,2023-01-01,136.682
Denmark,DNK,2023-01-02,139.912
Denmark,DNK,2023-01-03,137.022
Denmark,DNK,2023-01-04,130.052
Denmark,DNK,2023-01-05,124.612
Denmark,DNK,2023-01-06,122.572
Denmark,DNK,2023-01-07,116.792
Denmark,DNK,2023-01-08,109.482
Denmark,DNK,2023-01-09,99.962
Denmark,DNK,2023-01-10,90.101
Denmark,DNK,2023-01-11,83.811
Denmark,DNK,2023-01-12,76.841
Denmark,DNK,2023-01-13,70.041
Denmark,DNK,2023-01-14,67.151
Denmark,DNK,2023-01-15,66.471
Denmark,DNK,2023-01-16,64.091
Denmark,DNK,2023-01-17,58.651
Denmark,DNK,2023-01-18,53.211
Denmark,DNK,2023-01-19,49.131
Denmark,DNK,2023-01-20,45.051
Denmark,DNK,2023-01-21,42.671
Denmark,DNK,2023-01-22,38.931
Denmark,DNK,2023-01-23,33.491
Denmark,DNK,2023-01-24,32.301
Denmark,DNK,2023-01-25,30.43
Denmark,DNK,2023-01-26,27.37
Denmark,DNK,2023-01-27,27.03
Denmark,DNK,2023-01-28,26.35
Denmark,DNK,2023-01-29,24.82
Denmark,DNK,2023-01-30,26.35
Denmark,DNK,2023-01-31,26.86
Denmark,DNK,2023-02-01,28.05
Denmark,DNK,2023-02-02,28.56
Denmark,DNK,2023-02-03,29.07
Denmark,DNK,2023-02-04,29.07
Denmark,DNK,2023-02-05,30.26
Denmark,DNK,2023-02-06,31.11
Denmark,DNK,2023-02-07,32.641
Denmark,DNK,2023-02-08,31.791
Denmark,DNK,2023-02-09,31.961
Denmark,DNK,2023-02-10,32.131
Denmark,DNK,2023-02-11,32.811
Denmark,DNK,2023-02-12,31.28
Denmark,DNK,2023-02-13,31.28
Denmark,DNK,2023-02-14,30.09
Denmark,DNK,2023-02-15,31.28
Denmark,DNK,2023-02-16,30.77
Denmark,DNK,2023-02-17,30.43
Denmark,DNK,2023-02-18,32.131
Denmark,DNK,2023-02-19,32.981
Denmark,DNK,2023-02-20,31.791
Denmark,DNK,2023-02-21,31.451
Denmark,DNK,2023-02-22,31.28
Denmark,DNK,2023-02-23,33.321
Denmark,DNK,2023-02-24,33.491
Denmark,DNK,2023-02-25,31.621
Denmark,DNK,2023-02-26,31.621
Denmark,DNK,2023-02-27,32.641
Denmark,DNK,2023-02-28,32.811
Denmark,DNK,2023-03-01,33.151
Denmark,DNK,2023-03-02,33.321
Denmark,DNK,2023-03-03,33.321
Denmark,DNK,2023-03-04,35.531
Denmark,DNK,2023-03-05,37.061
Denmark,DNK,2023-03-06,39.611
Denmark,DNK,2023-03-07,42.671
Denmark,DNK,2023-03-08,44.201
Denmark,DNK,2023-03-09,43.351
Denmark,DNK,2023-03-10,45.051
Denmark,DNK,2023-03-11,45.561
Denmark,DNK,2023-03-12,43.181
Denmark,DNK,2023-03-13,43.691
Denmark,DNK,2023-03-14,45.391
Denmark,DNK,2023-03-15,51.511
Denmark,DNK,2023-03-16,57.121
Denmark,DNK,2023-03-17,61.371
Denmark,DNK,2023-03-18,65.281
Denmark,DNK,2023-03-19,72.081
Denmark,DNK,2023-03-20,76.501
Denmark,DNK,2023-03-21,79.561
Denmark,DNK,2023-03-22,78.031
Denmark,DNK,2023-03-23,77.351
Denmark,DNK,2023-03-24,79.221
Denmark,DNK,2023-03-25,80.581
Denmark,DNK,2023-03-26,80.581
Denmark,DNK,2023-03-27,82.961
Denmark,DNK,2023-03-28,80.581
Denmark,DNK,2023-03-29,81.431
Denmark,DNK,2023-03-30,79.731
Denmark,DNK,2023-03-31,77.521
Denmark,DNK,2023-04-01,78.201
Denmark,DNK,2023-04-02,77.351
Denmark,DNK,2023-04-03,74.631
Denmark,DNK,2023-04-04,75.311
Denmark,DNK,2023-04-05,73.611
Denmark,DNK,2023-04-06,77.861
Denmark,DNK,2023-04-07,79.391
Denmark,DNK,2023-04-08,79.901
Denmark,DNK,2023-04-09,83.301
Denmark,DNK,2023-04-10,81.771
Denmark,DNK,2023-04-11,83.301
Denmark,DNK,2023-04-12,86.361
Denmark,DNK,2023-04-13,85.681
Denmark,DNK,2023-04-14,84.831
Denmark,DNK,2023-04-15,81.431
Denmark,DNK,2023-04-16,77.861
Denmark,DNK,2023-04-17,76.671
Denmark,DNK,2023-04-18,72.251
Denmark,DNK,2023-04-19,68.681
Denmark,DNK,2023-04-20,66.981
Denmark,DNK,2023-04-21,66.471
Denmark,DNK,2023-04-22,65.111
Denmark,DNK,2023-04-23,65.111
Denmark,DNK,2023-04-24,66.131
Denmark,DNK,2023-04-25,67.321
Denmark,DNK,2023-04-26,63.411
Denmark,DNK,2023-04-27,63.071
Denmark,DNK,2023-04-28,59.331
Denmark,DNK,2023-04-29,57.971
Denmark,DNK,2023-04-30,55.251
Denmark,DNK,2023-05-01,54.231
Denmark,DNK,2023-05-02,52.871
Denmark,DNK,2023-05-03,55.251
Denmark,DNK,2023-05-04,53.041
Denmark,DNK,2023-05-05,52.361
Denmark,DNK,2023-05-06,52.701
Denmark,DNK,2023-05-07,55.591
Denmark,DNK,2023-05-08,56.101
Denmark,DNK,2023-05-09,57.291
Denmark,DNK,2023-05-10,57.971
Denmark,DNK,2023-05-11,59.161
Denmark,DNK,2023-05-12,59.501
Denmark,DNK,2023-05-13,58.821
Denmark,DNK,2023-05-14,56.101
Denmark,DNK,2023-05-15,54.911
Denmark,DNK,2023-05-16,51.171
Denmark,DNK,2023-05-17,46.241
Denmark,DNK,2023-05-18,42.501
Denmark,DNK,2023-05-19,42.161
Denmark,DNK,2023-05-20,40.461
Denmark,DNK,2023-05-21,40.801
Denmark,DNK,2023-05-22,36.041
Denmark,DNK,2023-05-23,34.511
Denmark,DNK,2023-05-24,34.851
Denmark,DNK,2023-05-25,33.661
Denmark,DNK,2023-05-26,30.94
Denmark,DNK,2023-05-27,28.9
Denmark,DNK,2023-05-28,25.33
Denmark,DNK,2023-05-29,24.31
Denmark,DNK,2023-05-30,24.14
Denmark,DNK,2023-05-31,22.95
Denmark,DNK,2023-06-01,21.59
Denmark,DNK,2023-06-02,21.08
Denmark,DNK,2023-06-03,21.42
Denmark,DNK,2023-06-04,20.4
Denmark,DNK,2023-06-05,19.21
Denmark,DNK,2023-06-06,17.85
Denmark,DNK,2023-06-07,16.83
Denmark,DNK,2023-06-08,16.66
Denmark,DNK,2023-06-09,15.98
Denmark,DNK,2023-06-10,15.98
Denmark,DNK,2023-06-11,15.64
Denmark,DNK,2023-06-12,15.13
England,,2020-03-25,129.797
England,,2020-03-26,148.417
England,,2020-03-27,170.345
England,,2020-03-28,189.726
England,,2020-03-29,213.192
England,,2020-03-30,243.059
England,,2020-03-31,259.027
England,,2020-04-01,282.794
England,,2020-04-02,305.659
England,,2020-04-03,316.852
England,,2020-04-04,329.584
England,,2020-04-05,336.764
England,,2020-04-06,334.324
England,,2020-04-07,339.576
England,,2020-04-08,331.088
England,,2020-04-09,320.619
England,,2020-04-10,314.111
England,,2020-04-11,302.829
England,,2020-04-12,288.665
England,,2020-04-13,275.102
England,,2020-04-14,259.452
England,,2020-04-15,241.574
England,,2020-04-16,231.618
England,,2020-04-17,222.387
England,,2020-04-18,212.767
England,,2020-04-19,207.179
England,,2020-04-20,200.283
England,,2020-04-21,193.846
England,,2020-04-22,188.576
England,,2020-04-23,179.947
England,,2020-04-24,172.927
England,,2020-04-25,167.073
England,,2020-04-26,162.352
England,,2020-04-27,159.204
England,,2020-04-28,155.685
England,,2020-04-29,155.42
England,,2020-04-30,154.324
England,,2020-05-01,150.858
England,,2020-05-02,149.089
England,,2020-05-03,146.189
England,,2020-05-04,141.22
England,,2020-05-05,135.261
England,,2020-05-06,130.752
England,,2020-05-07,126.702
England,,2020-05-08,120.725
England,,2020-05-09,117.507
England,,2020-05-10,112.414
England,,2020-05-11,108.93
England,,2020-05-12,106.897
England,,2020-05-13,102.723
England,,2020-05-14,98.568
England,,2020-05-15,98.479
England,,2020-05-16,96.233
England,,2020-05-17,94.766
England,,2020-05-18,92.414
England,,2020-05-19,90.787
England,,2020-05-20,89.514
England,,2020-05-21,88.665
England,,2020-05-22,86.897
England,,2020-05-23,83.943
England,,2020-05-24,80.831
England,,2020-05-25,76.676
England,,2020-05-26,73.599
England,,2020-05-27,71.07
England,,2020-05-28,68.506
England,,2020-05-29,66.048
England,,2020-05-30,65.376
England,,2020-05-31,64.474
England,,2020-06-01,64.898
England,,2020-06-02,64.456
England,,2020-06-03,62.723
England,,2020-06-04,60.743
England,,2020-06-05,58.638
England,,2020-06-06,55.809
England,,2020-06-07,53.634
England,,2020-06-08,50.557
England,,2020-06-09,47.798
England,,2020-06-10,46.225
England,,2020-06-11,43.961
England,,2020-06-12,42.511
England,,2020-06-13,41.786
England,,2020-06-14,41.485
England,,2020-06-15,41.786
England,,2020-06-16,41.026
England,,2020-06-17,39.823
England,,2020-06-18,39.505
England,,2020-06-19,38.709
England,,2020-06-20,37.277
England,,2020-06-21,35.668
England,,2020-06-22,34.836
England,,2020-06-23,33.439
England,,2020-06-24,32.166
England,,2020-06-25,31.176
England,,2020-06-26,31.088
England,,2020-06-27,31.53
England,,2020-06-28,30.469
England,,2020-06-29,27.887
England,,2020-06-30,26.366
England,,2020-07-01,25.287
England,,2020-07-02,23.395
England,,2020-07-03,21.592
England,,2020-07-04,20.018
England,,2020-07-05,19.593
England,,2020-07-06,19.204
England,,2020-07-07,18.479
England,,2020-07-08,17.418
England,,2020-07-09,17.188
England,,2020-07-10,16.446
England,,2020-07-11,16.039
England,,2020-07-12,14.996
England,,2020-07-13,14.766
England,,2020-07-14,14.306
England,,2020-07-15,13.864
England,,2020-07-16,13.475
England,,2020-07-17,13.103
England,,2020-07-18,12.237
England,,2020-07-19,12.237
England,,2020-07-20,11.335
England,,2020-07-21,10.575
England,,2020-07-22,9.973
England,,2020-07-23,9.885
England,,2020-07-24,10.062
England,,2020-07-25,10.363
England,,2020-07-26,10.221
England,,2020-07-27,10.15
England,,2020-07-28,9.973
England,,2020-07-29,9.637
England,,2020-07-30,9.036
England,,2020-07-31,8.364
England,,2020-08-01,8.099
England,,2020-08-02,7.975
England,,2020-08-03,7.834
England,,2020-08-04,7.639
England,,2020-08-05,7.586
England,,2020-08-06,7.179
England,,2020-08-07,7.268
England,,2020-08-08,7.763
England,,2020-08-09,7.692
England,,2020-08-10,7.268
England,,2020-08-11,7.356
England,,2020-08-12,7.197
England,,2020-08-13,7.339
England,,2020-08-14,7.25
England,,2020-08-15,6.543
England,,2020-08-16,6.295
England,,2020-08-17,6.225
England,,2020-08-18,6.101
England,,2020-08-19,6.225
England,,2020-08-20,5.959
England,,2020-08-21,5.853
England,,2020-08-22,5.623
England,,2020-08-23,5.712
England,,2020-08-24,5.623
England,,2020-08-25,5.694
England,,2020-08-26,5.588
England,,2020-08-27,6.012
England,,2020-08-28,5.924
England,,2020-08-29,6.401
England,,2020-08-30,6.295
England,,2020-08-31,6.49
England,,2020-09-01,6.454
England,,2020-09-02,6.932
England,,2020-09-03,6.932
England,,2020-09-04,7.339
England,,2020-09-05,8.081
England,,2020-09-06,8.912
England,,2020-09-07,9.478
England,,2020-09-08,10.203
England,,2020-09-09,11.211
England,,2020-09-10,12.52
England,,2020-09-11,13.722
England,,2020-09-12,14.589
England,,2020-09-13,15.791
England,,2020-09-14,17.347
England,,2020-09-15,19.027
England,,2020-09-16,19.859
England,,2020-09-17,20.849
England,,2020-09-18,22.087
England,,2020-09-19,23.165
England,,2020-09-20,24.651
England,,2020-09-21,26.472
England,,2020-09-22,27.781
England,,2020-09-23,30.097
England,,2020-09-24,31.671
England,,2020-09-25,32.891
England,,2020-09-26,33.616
England,,2020-09-27,33.687
England,,2020-09-28,34.271
England,,2020-09-29,35.013
England,,2020-09-30,35.261
England,,2020-10-01,36.676
England,,2020-10-02,38.391
England,,2020-10-03,40.884
England,,2020-10-04,45.075
England,,2020-10-05,47.975
England,,2020-10-06,51.76
England,,2020-10-07,54.642
England,,2020-10-08,57.206
England,,2020-10-09,60.265
England,,2020-10-10,62.546
England,,2020-10-11,65.199
England,,2020-10-12,68.594
England,,2020-10-13,72.838
England,,2020-10-14,76.64
England,,2020-10-15,81.574
England,,2020-10-16,83.13
England,,2020-10-17,87.905
England,,2020-10-18,92.184
England,,2020-10-19,95.668
England,,2020-10-20,98.515
England,,2020-10-21,103.66
England,,2020-10-22,107.109
England,,2020-10-23,113.563
England,,2020-10-24,117.188
England,,2020-10-25,122.776
England,,2020-10-26,130.168
England,,2020-10-27,134.854
England,,2020-10-28,139.134
England,,2020-10-29,145.464
England,,2020-10-30,147.445
England,,2020-10-31,151.866
England,,2020-11-01,153.528
England,,2020-11-02,154.447
England,,2020-11-03,155.438
England,,2020-11-04,157.966
England,,2020-11-05,157.984
England,,2020-11-06,159.275
England,,2020-11-07,160.672
England,,2020-11-08,164.35
England,,2020-11-09,168.24
England,,2020-11-10,174.359
England,,2020-11-11,180.177
England,,2020-11-12,185.836
England,,2020-11-13,190.274
England,,2020-11-14,191.494
England,,2020-11-15,191.123
England,,2020-11-16,191.282
England,,2020-11-17,189.496
England,,2020-11-18,187.02
England,,2020-11-19,183.802
England,,2020-11-20,181.733
England,,2020-11-21,179.381
England,,2020-11-22,177.011
England,,2020-11-23,173.917
England,,2020-11-24,170.133
England,,2020-11-25,167.374
England,,2020-11-26,162.317
England,,2020-11-27,157.701
England,,2020-11-28,154.341
England,,2020-11-29,152.255
England,,2020-11-30,149.266
England,,2020-12-01,149.16
England,,2020-12-02,146.454
England,,2020-12-03,148.912
England,,2020-12-04,152.325
England,,2020-12-05,154.465
England,,2020-12-06,156.163
England,,2020-12-07,160.584
England,,2020-12-08,165.128
England,,2020-12-09,170.221
England,,2020-12-10,173.528
England,,2020-12-11,177.1
England,,2020-12-12,184.191
England,,2020-12-13,188.966
England,,2020-12-14,193.917
England,,2020-12-15,197.489
England,,2020-12-16,201.839
England,,2020-12-17,208.011
England,,2020-12-18,211.936
England,,2020-12-19,215.915
England,,2020-12-20,222.9
England,,2020-12-21,229.425
England,,2020-12-22,237.79
England,,2020-12-23,241.043
England,,2020-12-24,239.664
England,,2020-12-25,244.615
England,,2020-12-26,253.21
England,,2020-12-27,263.749
England,,2020-12-28,275.774
England,,2020-12-29,287.851
England,,2020-12-30,303.431
England,,2020-12-31,316.534
England,,2021-01-01,335.243
England,,2021-01-02,350.221
England,,2021-01-03,363.996
England,,2021-01-04,378.002
England,,2021-01-05,392.343
England,,2021-01-06,411.901
England,,2021-01-07,435.119
England,,2021-01-08,444.651
England,,2021-01-09,454.783
England,,2021-01-10,458.674
England,,2021-01-11,464.103
England,,2021-01-12,471.83
England,,2021-01-13,469.584
England,,2021-01-14,466.561
England,,2021-01-15,462.069
England,,2021-01-16,459.434
England,,2021-01-17,456.835
England,,2021-01-18,453.599
England,,2021-01-19,447.126
England,,2021-01-20,444.279
England,,2021-01-21,436.481
England,,2021-01-22,431.547
England,,2021-01-23,417.595
England,,2021-01-24,406.985
England,,2021-01-25,388.187
England,,2021-01-26,371.052
England,,2021-01-27,354.483
England,,2021-01-28,345.323
England,,2021-01-29,334.058
England,,2021-01-30,323.678
England,,2021-01-31,312.343
England,,2021-02-01,307.02
England,,2021-02-02,296.817
England,,2021-02-03,285.393
England,,2021-02-04,271.034
England,,2021-02-05,260.035
England,,2021-02-06,250.946
England,,2021-02-07,241.963
England,,2021-02-08,231.211
England,,2021-02-09,218.992
England,,2021-02-10,209.072
England,,2021-02-11,200.813
England,,2021-02-12,193.05
England,,2021-02-13,185.287
England,,2021-02-14,179.788
England,,2021-02-15,172.414
England,,2021-02-16,168.523
England,,2021-02-17,163.183
England,,2021-02-18,158.037
England,,2021-02-19,153.616
England,,2021-02-20,147.675
England,,2021-02-21,141.379
England,,2021-02-22,135.332
England,,2021-02-23,129.408
England,,2021-02-24,123.059
England,,2021-02-25,117.454
England,,2021-02-26,111.264
England,,2021-02-27,106.313
England,,2021-02-28,100.195
England,,2021-03-01,95.314
England,,2021-03-02,90.133
England,,2021-03-03,85.411
England,,2021-03-04,81.238
England,,2021-03-05,77.153
England,,2021-03-06,75.455
England,,2021-03-07,71.901
England,,2021-03-08,68.311
England,,2021-03-09,64.775
England,,2021-03-10,62.776
England,,2021-03-11,60.177
England,,2021-03-12,58.391
England,,2021-03-13,55.862
England,,2021-03-14,54.023
England,,2021-03-15,52.785
England,,2021-03-16,50.681
England,,2021-03-17,48.011
England,,2021-03-18,46.278
England,,2021-03-19,44.456
England,,2021-03-20,42.723
England,,2021-03-21,41.344
England,,2021-03-22,38.921
England,,2021-03-23,37.701
England,,2021-03-24,36.534
England,,2021-03-25,35.42
England,,2021-03-26,34.748
England,,2021-03-27,33.51
England,,2021-03-28,32.485
England,,2021-03-29,30.928
England,,2021-03-30,29.549
England,,2021-03-31,28.63
England,,2021-04-01,26.72
England,,2021-04-02,25.535
England,,2021-04-03,24.863
England,,2021-04-04,23.714
England,,2021-04-05,23.395
England,,2021-04-06,22.794
England,,2021-04-07,22.157
England,,2021-04-08,21.927
England,,2021-04-09,21.733
England,,2021-04-10,21.238
England,,2021-04-11,21.574
England,,2021-04-12,21.309
England,,2021-04-13,20.778
England,,2021-04-14,20.195
England,,2021-04-15,19.487
England,,2021-04-16,18.621
England,,2021-04-17,18.338
England,,2021-04-18,17.224
England,,2021-04-19,16.605
England,,2021-04-20,15.632
England,,2021-04-21,15.102
England,,2021-04-22,14.483
England,,2021-04-23,14.589
England,,2021-04-24,13.952
England,,2021-04-25,13.864
England,,2021-04-26,13.333
England,,2021-04-27,13.864
England,,2021-04-28,13.21
England,,2021-04-29,12.997
England,,2021-04-30,12.255
England,,2021-05-01,11.706
England,,2021-05-02,11.441
England,,2021-05-03,11.264
England,,2021-05-04,10.345
England,,2021-05-05,10.469
England,,2021-05-06,10.61
England,,2021-05-07,10.522
England,,2021-05-08,10.734
England,,2021-05-09,10.451
England,,2021-05-10,10.062
England,,2021-05-11,10.115
England,,2021-05-12,10.062
England,,2021-05-13,9.814
England,,2021-05-14,9.726
England,,2021-05-15,9.549
England,,2021-05-16,9.248
England,,2021-05-17,9.213
England,,2021-05-18,9.408
England,,2021-05-19,9.408
England,,2021-05-20,9.832
England,,2021-05-21,10.062
England,,2021-05-22,10.15
England,,2021-05-23,10.469
England,,2021-05-24,10.893
England,,2021-05-25,10.858
England,,2021-05-26,10.893
England,,2021-05-27,10.628
England,,2021-05-28,10.752
England,,2021-05-29,10.645
England,,2021-05-30,10.698
England,,2021-05-31,10.698
England,,2021-06-01,11.176
England,,2021-06-02,11.282
England,,2021-06-03,11.459
England,,2021-06-04,11.53
England,,2021-06-05,12.007
England,,2021-06-06,12.732
England,,2021-06-07,13.316
England,,2021-06-08,13.882
England,,2021-06-09,14.889
England,,2021-06-10,16.11
England,,2021-06-11,16.958
England,,2021-06-12,17.683
England,,2021-06-13,18.851
England,,2021-06-14,19.805
England,,2021-06-15,20.531
England,,2021-06-16,20.866
England,,2021-06-17,21.574
England,,2021-06-18,22.299
England,,2021-06-19,23.024
England,,2021-06-20,22.741
England,,2021-06-21,22.67
England,,2021-06-22,22.564
England,,2021-06-23,23.218
England,,2021-06-24,23.077
England,,2021-06-25,23.448
England,,2021-06-26,24.244
England,,2021-06-27,25.217
England,,2021-06-28,26.331
England,,2021-06-29,28.117
England,,2021-06-30,30.186
England,,2021-07-01,31.972
England,,2021-07-02,33.758
England,,2021-07-03,35.526
England,,2021-07-04,38.426
England,,2021-07-05,41.468
England,,2021-07-06,44.562
England,,2021-07-07,46.861
England,,2021-07-08,50.274
England,,2021-07-09,52.821
England,,2021-07-10,54.925
England,,2021-07-11,56.905
England,,2021-07-12,60.336
England,,2021-07-13,63.218
England,,2021-07-14,66.313
England,,2021-07-15,69.319
England,,2021-07-16,71.83
England,,2021-07-17,75.013
England,,2021-07-18,78.479
England,,2021-07-19,80.99
England,,2021-07-20,84.244
England,,2021-07-21,86.844
England,,2021-07-22,89.832
England,,2021-07-23,92.166
England,,2021-07-24,94.147
England,,2021-07-25,96.587
England,,2021-07-26,97.966
England,,2021-07-27,98.161
England,,2021-07-28,97.188
England,,2021-07-29,95.968
England,,2021-07-30,94.642
England,,2021-07-31,92.149
England,,2021-08-01,88.771
England,,2021-08-02,86.225
England,,2021-08-03,83.82
England,,2021-08-04,84.156
England,,2021-08-05,83.006
England,,2021-08-06,83.13
England,,2021-08-07,83.784
England,,2021-08-08,83.89
England,,2021-08-09,83.519
England,,2021-08-10,84.934
England,,2021-08-11,84.934
England,,2021-08-12,86.083
England,,2021-08-13,86.737
England,,2021-08-14,87.781
England,,2021-08-15,88.983
England,,2021-08-16,90.946
England,,2021-08-17,92.219
England,,2021-08-18,93.068
England,,2021-08-19,94.235
England,,2021-08-20,94.925
England,,2021-08-21,96.127
England,,2021-08-22,96.251
England,,2021-08-23,97.224
England,,2021-08-24,96.976
England,,2021-08-25,97.825
England,,2021-08-26,96.994
England,,2021-08-27,97.277
England,,2021-08-28,96.057
England,,2021-08-29,95.615
England,,2021-08-30,95.208
England,,2021-08-31,94.854
England,,2021-09-01,94.713
England,,2021-09-02,94.907
England,,2021-09-03,93.828
England,,2021-09-04,94.96
England,,2021-09-05,94.783
England,,2021-09-06,95.19
England,,2021-09-07,95.243
England,,2021-09-08,96.393
England,,2021-09-09,96.428
England,,2021-09-10,96.286
England,,2021-09-11,94.465
England,,2021-09-12,93.882
England,,2021-09-13,91.353
England,,2021-09-14,89.584
England,,2021-09-15,85.889
England,,2021-09-16,83.802
England,,2021-09-17,81.326
England,,2021-09-18,79.752
England,,2021-09-19,78.232
England,,2021-09-20,76.782
England,,2021-09-21,75.031
England,,2021-09-22,72.927
England,,2021-09-23,71.247
England,,2021-09-24,71.547
England,,2021-09-25,70.84
England,,2021-09-26,70.186
England,,2021-09-27,70.38
England,,2021-09-28,70.274
England,,2021-09-29,71.211
England,,2021-09-30,70.769
England,,2021-10-01,70.115
England,,2021-10-02,70.628
England,,2021-10-03,71.37
England,,2021-10-04,71.547
England,,2021-10-05,72.644
England,,2021-10-06,72.767
England,,2021-10-07,74.218
England,,2021-10-08,75.968
England,,2021-10-09,77.1
England,,2021-10-10,77.613
England,,2021-10-11,78.638
England,,2021-10-12,80.442
England,,2021-10-13,82.564
England,,2021-10-14,84.262
England,,2021-10-15,86.614
England,,2021-10-16,88.912
England,,2021-10-17,92.838
England,,2021-10-18,96.569
England,,2021-10-19,98.939
England,,2021-10-20,101.609
England,,2021-10-21,102.829
England,,2021-10-22,102.971
England,,2021-10-23,103.201
England,,2021-10-24,103.218
England,,2021-10-25,102.67
England,,2021-10-26,102.971
England,,2021-10-27,103.89
England,,2021-10-28,105.464
England,,2021-10-29,106.879
England,,2021-10-30,106.614
England,,2021-10-31,107.162
England,,2021-11-01,107.763
England,,2021-11-02,107.409
England,,2021-11-03,104.792
England,,2021-11-04,101.768
England,,2021-11-05,99.045
England,,2021-11-06,98.108
England,,2021-11-07,95.968
England,,2021-11-08,95.102
England,,2021-11-09,93.634
England,,2021-11-10,93.882
England,,2021-11-11,95.296
England,,2021-11-12,96.057
England,,2021-11-13,95.473
England,,2021-11-14,94.394
England,,2021-11-15,91.653
England,,2021-11-16,89.973
England,,2021-11-17,88.311
England,,2021-11-18,86.543
England,,2021-11-19,84.916
England,,2021-11-20,84.138
England,,2021-11-21,83.607
England,,2021-11-22,81.963
England,,2021-11-23,81.008
England,,2021-11-24,81.45
England,,2021-11-25,80.619
England,,2021-11-26,80.318
England,,2021-11-27,80.283
England,,2021-11-28,79.558
England,,2021-11-29,80.743
England,,2021-11-30,81.45
England,,2021-12-01,80.495
England,,2021-12-02,81.715
England,,2021-12-03,81.786
England,,2021-12-04,82.246
England,,2021-12-05,84.385
England,,2021-12-06,85.57
England,,2021-12-07,87.339
England,,2021-12-08,88.329
England,,2021-12-09,89.744
England,,2021-12-10,91.211
England,,2021-12-11,92.29
England,,2021-12-12,93.068
England,,2021-12-13,94.094
England,,2021-12-14,94.377
England,,2021-12-15,95.279
England,,2021-12-16,94.889
England,,2021-12-17,95.526
England,,2021-12-18,96.216
England,,2021-12-19,98.939
England,,2021-12-20,103.66
England,,2021-12-21,108.665
England,,2021-12-22,116.463
England,,2021-12-23,124.863
England,,2021-12-24,129.761
England,,2021-12-25,139.416
England,,2021-12-26,147.339
England,,2021-12-27,159.54
England,,2021-12-28,176.941
England,,2021-12-29,196.817
England,,2021-12-30,212.06
England,,2021-12-31,225.517
England,,2022-01-01,235.031
England,,2022-01-02,243.996
England,,2022-01-03,252.272
England,,2022-01-04,252.608
England,,2022-01-05,248.523
England,,2022-01-06,247.268
England,,2022-01-07,247.109
England,,2022-01-08,247.869
England,,2022-01-09,249.531
England,,2022-01-10,248.842
England,,2022-01-11,249.302
England,,2022-01-12,246.048
England,,2022-01-13,243.802
England,,2022-01-14,242.387
England,,2022-01-15,237.825
England,,2022-01-16,234.164
England,,2022-01-17,227.586
England,,2022-01-18,221.698
England,,2022-01-19,218.568
England,,2022-01-20,214.713
England,,2022-01-21,210.486
England,,2022-01-22,204.704
England,,2022-01-23,200.584
England,,2022-01-24,196.782
England,,2022-01-25,194.783
England,,2022-01-26,193.21
England,,2022-01-27,189.761
England,,2022-01-28,187.798
England,,2022-01-29,188.647
England,,2022-01-30,184.226
England,,2022-01-31,181.715
England,,2022-02-01,179.169
England,,2022-02-02,174.96
England,,2022-02-03,171.229
England,,2022-02-04,168.47
England,,2022-02-05,164.085
England,,2022-02-06,162.776
England,,2022-02-07,158.939
England,,2022-02-08,154.147
England,,2022-02-09,150.062
England,,2022-02-10,147.851
England,,2022-02-11,144.492
England,,2022-02-12,142.935
England,,2022-02-13,139.717
England,,2022-02-14,137.913
England,,2022-02-15,135.756
England,,2022-02-16,133.988
England,,2022-02-17,130.522
England,,2022-02-18,128.824
England,,2022-02-19,126.083
England,,2022-02-20,125.057
England,,2022-02-21,123.254
England,,2022-02-22,120.283
England,,2022-02-23,117.737
England,,2022-02-24,117.966
England,,2022-02-25,116.923
England,,2022-02-26,117.878
England,,2022-02-27,117.489
England,,2022-02-28,119.523
England,,2022-03-01,121.91
England,,2022-03-02,125.588
England,,2022-03-03,129.867
England,,2022-03-04,133.457
England,,2022-03-05,136.322
England,,2022-03-06,141.821
England,,2022-03-07,144.173
England,,2022-03-08,149.089
England,,2022-03-09,155.049
England,,2022-03-10,158.373
England,,2022-03-11,164.881
England,,2022-03-12,170.504
England,,2022-03-13,176.357
England,,2022-03-14,182.953
England,,2022-03-15,190.221
England,,2022-03-16,195.561
England,,2022-03-17,201.291
England,,2022-03-18,205.128
England,,2022-03-19,212.997
England,,2022-03-20,216.569
England,,2022-03-21,222.458
England,,2022-03-22,227.728
England,,2022-03-23,233.28
England,,2022-03-24,238.019
England,,2022-03-25,243.254
England,,2022-03-26,244.244
England,,2022-03-27,248.559
England,,2022-03-28,253.793
England,,2022-03-29,255.933
England,,2022-03-30,259.788
England,,2022-03-31,261.874
England,,2022-04-01,260.477
England,,2022-04-02,259.717
England,,2022-04-03,260.884
England,,2022-04-04,258.833
England,,2022-04-05,260.407
England,,2022-04-06,257.241
England,,2022-04-07,255.031
England,,2022-04-08,253.351
England,,2022-04-09,251.158
England,,2022-04-10,245.659
England,,2022-04-11,241.149
England,,2022-04-12,235.756
England,,2022-04-13,230.84
England,,2022-04-14,224.881
England,,2022-04-15,218.957
England,,2022-04-16,211.636
England,,2022-04-17,203.767
England,,2022-04-18,196.64
England,,2022-04-19,186.596
England,,2022-04-20,176.41
England,,2022-04-21,169.372
England,,2022-04-22,165.27
England,,2022-04-23,161.715
England,,2022-04-24,156.941
England,,2022-04-25,150.433
England,,2022-04-26,144.509
England,,2022-04-27,140.265
England,,2022-04-28,134.465
England,,2022-04-29,128.948
England,,2022-04-30,122.423
England,,2022-05-01,117.648
England,,2022-05-02,112.166
England,,2022-05-03,108.506
England,,2022-05-04,104.81
England,,2022-05-05,101.998
England,,2022-05-06,99.328
England,,2022-05-07,97.365
England,,2022-05-08,94.925
England,,2022-05-09,93.21
England,,2022-05-10,90.256
England,,2022-05-11,86.684
England,,2022-05-12,84.969
England,,2022-05-13,81.804
England,,2022-05-14,80.849
England,,2022-05-15,79.027
England,,2022-05-16,76.516
England,,2022-05-17,73.864
England,,2022-05-18,73.068
England,,2022-05-19,71.176
England,,2022-05-20,69.549
England,,2022-05-21,66.614
England,,2022-05-22,64.792
England,,2022-05-23,63.307
England,,2022-05-24,61.273
England,,2022-05-25,58.603
England,,2022-05-26,55.915
England,,2022-05-27,55.774
England,,2022-05-28,55.685
England,,2022-05-29,55.066
England,,2022-05-30,54.359
England,,2022-05-31,55.084
England,,2022-06-01,55.172
England,,2022-06-02,55.013
England,,2022-06-03,54.341
England,,2022-06-04,55.42
England,,2022-06-05,57.241
England,,2022-06-06,59.735
England,,2022-06-07,61.061
England,,2022-06-08,64.315
England,,2022-06-09,68.117
England,,2022-06-10,71.388
England,,2022-06-11,73.864
England,,2022-06-12,76.127
England,,2022-06-13,78.179
England,,2022-06-14,81.468
England,,2022-06-15,84.615
England,,2022-06-16,88.064
England,,2022-06-17,92.308
England,,2022-06-18,96.092
England,,2022-06-19,101.096
England,,2022-06-20,106.985
England,,2022-06-21,113.917
England,,2022-06-22,119.063
England,,2022-06-23,125.924
England,,2022-06-24,130.221
England,,2022-06-25,134.005
England,,2022-06-26,139.912
England,,2022-06-27,146.684
England,,2022-06-28,151.972
England,,2022-06-29,159.735
England,,2022-06-30,166.561
England,,2022-07-01,171.052
England,,2022-07-02,177.471
England,,2022-07-03,186.649
England,,2022-07-04,195.013
England,,2022-07-05,203.36
England,,2022-07-06,209.956
England,,2022-07-07,216.516
England,,2022-07-08,223.059
England,,2022-07-09,227.073
England,,2022-07-10,228.736
England,,2022-07-11,230.398
England,,2022-07-12,230.734
England,,2022-07-13,230.752
England,,2022-07-14,228.488
England,,2022-07-15,224.792
England,,2022-07-16,220.76
England,,2022-07-17,217.312
England,,2022-07-18,212.874
England,,2022-07-19,210.911
England,,2022-07-20,206.826
England,,2022-07-21,201.715
England,,2022-07-22,197.188
England,,2022-07-23,193.05
England,,2022-07-24,186.207
England,,2022-07-25,178.974
England,,2022-07-26,169.85
England,,2022-07-27,160.69
England,,2022-07-28,153.882
England,,2022-07-29,149.726
England,,2022-07-30,146.136
England,,2022-07-31,143.148
England,,2022-08-01,139.169
England,,2022-08-02,134.642
England,,2022-08-03,132.202
England,,2022-08-04,129.584
England,,2022-08-05,128.064
England,,2022-08-06,125.217
England,,2022-08-07,120.99
England,,2022-08-08,118.426
England,,2022-08-09,116.852
England,,2022-08-10,115.968
England,,2022-08-11,113.917
England,,2022-08-12,110.911
England,,2022-08-13,110.681
England,,2022-08-14,108.205
England,,2022-08-15,106.189
England,,2022-08-16,103.448
England,,2022-08-17,99.54
England,,2022-08-18,95.844
England,,2022-08-19,94.218
England,,2022-08-20,91.088
England,,2022-08-21,88.364
England,,2022-08-22,84.987
England,,2022-08-23,83.024
England,,2022-08-24,80.46
England,,2022-08-25,79.646
England,,2022-08-26,77.241
England,,2022-08-27,75.296
England,,2022-08-28,74.129
England,,2022-08-29,72.927
England,,2022-08-30,71.247
England,,2022-08-31,70.133
England,,2022-09-01,68.152
England,,2022-09-02,67.339
England,,2022-09-03,66.702
England,,2022-09-04,65.5
England,,2022-09-05,64.156
England,,2022-09-06,62.829
England,,2022-09-07,62.14
England,,2022-09-08,61.68
England,,2022-09-09,60.902
England,,2022-09-10,60.354
England,,2022-09-11,60.849
England,,2022-09-12,60.725
England,,2022-09-13,61.485
England,,2022-09-14,62.281
England,,2022-09-15,63.077
England,,2022-09-16,64.032
England,,2022-09-17,65.376
England,,2022-09-18,66.366
England,,2022-09-19,70.999
England,,2022-09-20,75.349
England,,2022-09-21,80.159
England,,2022-09-22,85.34
England,,2022-09-23,89.372
England,,2022-09-24,93.669
England,,2022-09-25,101.026
England,,2022-09-26,104.863
England,,2022-09-27,108.736
England,,2022-09-28,113.616
England,,2022-09-29,119.134
England,,2022-09-30,122.069
England,,2022-10-01,128.506
England,,2022-10-02,133.652
England,,2022-10-03,139.77
England,,2022-10-04,146.366
England,,2022-10-05,148.576
England,,2022-10-06,148.665
England,,2022-10-07,150.009
England,,2022-10-08,146.366
England,,2022-10-09,146.189
England,,2022-10-10,144.969
England,,2022-10-11,141.238
England,,2022-10-12,139.31
England,,2022-10-13,140.796
England,,2022-10-14,141.362
England,,2022-10-15,141.627
England,,2022-10-16,140.813
England,,2022-10-17,138.09
England,,2022-10-18,136.216
England,,2022-10-19,134.695
England,,2022-10-20,131.264
England,,2022-10-21,128.665
England,,2022-10-22,126.631
England,,2022-10-23,120.937
England,,2022-10-24,116.499
England,,2022-10-25,112.29
England,,2022-10-26,108.63
England,,2022-10-27,103.678
England,,2022-10-28,98.851
England,,2022-10-29,94.129
England,,2022-10-30,89.814
England,,2022-10-31,85.57
England,,2022-11-01,82.493
England,,2022-11-02,77.436
England,,2022-11-03,73.811
England,,2022-11-04,71.194
England,,2022-11-05,69.036
England,,2022-11-06,66.561
England,,2022-11-07,65.995
England,,2022-11-08,63.537
England,,2022-11-09,62.9
England,,2022-11-10,62.582
England,,2022-11-11,63.024
England,,2022-11-12,62.564
England,,2022-11-13,61.592
England,,2022-11-14,60.248
England,,2022-11-15,59.257
England,,2022-11-16,59.381
England,,2022-11-17,58.78
England,,2022-11-18,58.815
England,,2022-11-19,59.257
England,,2022-11-20,59.063
England,,2022-11-21,58.727
England,,2022-11-22,59.664
England,,2022-11-23,59.558
England,,2022-11-24,59.664
England,,2022-11-25,59.77
England,,2022-11-26,60.531
England,,2022-11-27,62.706
England,,2022-11-28,65.111
England,,2022-11-29,67.126
England,,2022-11-30,68.081
England,,2022-12-01,69.16
England,,2022-12-02,69.602
England,,2022-12-03,70.663
England,,2022-12-04,71.229
England,,2022-12-05,72.732
England,,2022-12-06,74.819
England,,2022-12-07,77.613
England,,2022-12-08,79.629
England,,2022-12-09,82.087
England,,2022-12-10,83.572
England,,2022-12-11,88.576
England,,2022-12-12,92.838
England,,2022-12-13,97.206
England,,2022-12-14,101.008
England,,2022-12-15,107.498
England,,2022-12-16,111.512
England,,2022-12-17,115.349
England,,2022-12-18,120.725
England,,2022-12-19,126.578
England,,2022-12-20,132.767
England,,2022-12-21,138.603
England,,2022-12-22,141.645
England,,2022-12-23,142.794
England,,2022-12-24,142.458
England,,2022-12-25,136.587
England,,2022-12-26,131.141
England,,2022-12-27,126.861
England,,2022-12-28,126.012
England,,2022-12-29,125.818
England,,2022-12-30,126.543
England,,2022-12-31,125.535
England,,2023-01-01,124.474
England,,2023-01-02,123.201
England,,2023-01-03,120.69
England,,2023-01-04,114.978
England,,2023-01-05,109.213
England,,2023-01-06,105.057
England,,2023-01-07,103.378
England,,2023-01-08,103.236
England,,2023-01-09,100.071
England,,2023-01-10,94.218
England,,2023-01-11,90.15
England,,2023-01-12,85.995
England,,2023-01-13,82.546
England,,2023-01-14,78.815
England,,2023-01-15,75.119
England,,2023-01-16,72.679
England,,2023-01-17,70.981
England,,2023-01-18,69.266
England,,2023-01-19,68.453
England,,2023-01-20,67.339
England,,2023-01-21,68.683
England,,2023-01-22,69.089
England,,2023-01-23,69.408
England,,2023-01-24,71.706
England,,2023-01-25,73.669
England,,2023-01-26,74.306
England,,2023-01-27,76.269
England,,2023-01-28,77.489
England,,2023-01-29,79.523
England,,2023-01-30,81.715
England,,2023-01-31,82.723
England,,2023-02-01,84.032
England,,2023-02-02,85.075
England,,2023-02-03,85.34
England,,2023-02-04,87.215
England,,2023-02-05,87.958
England,,2023-02-06,89.443
England,,2023-02-07,90.592
England,,2023-02-08,90.38
England,,2023-02-09,92.237
England,,2023-02-10,93.475
England,,2023-02-11,94.801
England,,2023-02-12,96.905
England,,2023-02-13,99.098
England,,2023-02-14,100.778
England,,2023-02-15,104.492
England,,2023-02-16,106.985
England,,2023-02-17,109.496
England,,2023-02-18,109.602
England,,2023-02-19,110.416
England,,2023-02-20,111.017
England,,2023-02-21,111.989
England,,2023-02-22,110.239
England,,2023-02-23,108.223
England,,2023-02-24,106.101
England,,2023-02-25,105.747
England,,2023-02-26,105.411
England,,2023-02-27,104.527
England,,2023-02-28,104.085
England,,2023-03-01,106.101
England,,2023-03-02,107.905
England,,2023-03-03,109.408
England,,2023-03-04,109.655
England,,2023-03-05,109.319
England,,2023-03-06,111.194
England,,2023-03-07,113.015
England,,2023-03-08,115.296
England,,2023-03-09,115.844
England,,2023-03-10,116.428
England,,2023-03-11,118.674
England,,2023-03-12,122.157
England,,2023-03-13,124.81
England,,2023-03-14,125.782
England,,2023-03-15,123.82
England,,2023-03-16,125.553
England,,2023-03-17,126.596
England,,2023-03-18,126.295
England,,2023-03-19,125.906
England,,2023-03-20,122.9
England,,2023-03-21,122.281
England,,2023-03-22,122.582
England,,2023-03-23,121.432
England,,2023-03-24,120.018
England,,2023-03-25,117.843
England,,2023-03-26,113.882
England,,2023-03-27,111.53
England,,2023-03-28,109.213
England,,2023-03-29,109.089
England,,2023-03-30,106.189
England,,2023-03-31,105.075
England,,2023-04-01,104.863
England,,2023-04-02,103.908
England,,2023-04-03,101.857
England,,2023-04-04,99.24
England,,2023-04-05,94.872
England,,2023-04-06,90.84
England,,2023-04-07,87.675
England,,2023-04-08,84.279
England,,2023-04-09,81.468
England,,2023-04-10,80.566
England,,2023-04-11,79.452
England,,2023-04-12,76.87
England,,2023-04-13,76.888
England,,2023-04-14,76.393
England,,2023-04-15,76.092
England,,2023-04-16,75.455
England,,2023-04-17,74.394
England,,2023-04-18,71.459
England,,2023-04-19,70.363
England,,2023-04-20,68.117
England,,2023-04-21,66.985
England,,2023-04-22,65.252
England,,2023-04-23,65.146
England,,2023-04-24,62.776
England,,2023-04-25,61.963
England,,2023-04-26,61.485
England,,2023-04-27,62.051
England,,2023-04-28,61.627
England,,2023-04-29,61.326
England,,2023-04-30,58.815
England,,2023-05-01,58.674
England,,2023-05-02,58.568
England,,2023-05-03,56.994
England,,2023-05-04,55.544
England,,2023-05-05,55.579
England,,2023-05-06,55.367
England,,2023-05-07,54.164
England,,2023-05-08,53.086
England,,2023-05-09,52.237
England,,2023-05-10,52.396
England,,2023-05-11,51.742
England,,2023-05-12,50.027
England,,2023-05-13,48.064
England,,2023-05-14,47.798
England,,2023-05-15,46.348
England,,2023-05-16,45.04
England,,2023-05-17,43.112
England,,2023-05-18,41.998
England,,2023-05-19,41.008
England,,2023-05-20,40.584
England,,2023-05-21,40.283
England,,2023-05-22,40.106
England,,2023-05-23,40.071
England,,2023-05-24,39.894
England,,2023-05-25,39.523
England,,2023-05-26,39.399
England,,2023-05-27,38.904
England,,2023-05-28,37.648
England,,2023-05-29,36.499
England,,2023-05-30,35.367
England,,2023-05-31,34.483
England,,2023-06-01,33.97
England,,2023-06-02,33.015
England,,2023-06-03,32.272
England,,2023-06-04,32.237
England,,2023-06-05,31.83
England,,2023-06-06,31.353
England,,2023-06-07,31.034
England,,2023-06-08,30.363
England,,2023-06-09,30.203
England,,2023-06-10,30.256
England,,2023-06-11,30.203
England,,2023-06-12,29.266
England,,2023-06-13,28.488
England,,2023-06-14,27.427
England,,2023-06-15,25.747
England,,2023-06-16,24.545
England,,2023-06-17,23.554
England,,2023-06-18,21.68
England,,2023-06-19,20.389
England,,2023-06-20,18.992
England,,2023-06-21,17.454
England,,2023-06-22,16.817
England,,2023-06-23,16.198
England,,2023-06-24,15.685
England,,2023-06-25,14.907
England,,2023-06-26,14.147
England,,2023-06-27,12.909
England,,2023-06-28,12.838
England,,2023-06-29,12.52
England,,2023-06-30,12.75
England,,2023-07-01,12.308
England,,2023-07-02,12.219
England,,2023-07-03,12.361
England,,2023-07-04,13.156
England,,2023-07-05,13.015
England,,2023-07-06,13.263
England,,2023-07-07,13.386
England,,2023-07-08,14.129
England,,2023-07-09,14.677
England,,2023-07-10,15.491
England,,2023-07-11,15.756
England,,2023-07-12,16.216
England,,2023-07-13,16.446
England,,2023-07-14,16.463
England,,2023-07-15,16.693
England,,2023-07-16,16.764
England,,2023-07-17,16.446
England,,2023-07-18,16.18
England,,2023-07-19,16.976
England,,2023-07-20,17.613
England,,2023-07-21,18.161
England,,2023-07-22,18.568
England,,2023-07-23,19.823
England,,2023-07-24,21.68
England,,2023-07-25,22.776
England,,2023-07-26,23.236
England,,2023-07-27,24.721
England,,2023-07-28,25.411
England,,2023-07-29,25.995
England,,2023-07-30,27.586
England,,2023-07-31,27.763
England,,2023-08-01,28.983
England,,2023-08-02,30.451
England,,2023-08-03,30.875
England,,2023-08-04,31.901
England,,2023-08-05,32.431
England,,2023-08-06,32.714
England,,2023-08-07,34.536
England,,2023-08-08,36.021
England,,2023-08-09,36.782
England,,2023-08-10,37.418
England,,2023-08-11,37.966
England,,2023-08-12,38.709
England,,2023-08-13,39.77
England,,2023-08-14,39.77
England,,2023-08-15,39.788
England,,2023-08-16,39.77
England,,2023-08-17,39.664
England,,2023-08-18,39.859
England,,2023-08-19,39.452
England,,2023-08-20,38.939
England,,2023-08-21,39.293
England,,2023-08-22,39.611
England,,2023-08-23,39.576
England,,2023-08-24,40.336
England,,2023-08-25,40.354
England,,2023-08-26,40.778
England,,2023-08-27,39.805
England,,2023-08-28,40.371
England,,2023-08-29,41.043
England,,2023-08-30,43.059
England,,2023-08-31,43.271
England,,2023-09-01,44.828
England,,2023-09-02,46.737
England,,2023-09-03,51.176
England,,2023-09-04,53.492
England,,2023-09-05,54.925
England,,2023-09-06,55.738
England,,2023-09-07,57.737
England,,2023-09-08,58.126
England,,2023-09-09,58.585
England,,2023-09-10,57.082
England,,2023-09-11,55.332
England,,2023-09-12,54.43
England,,2023-09-13,52.166
England,,2023-09-14,49.85
England,,2023-09-15,48.912
England,,2023-09-16,48.559
England,,2023-09-17,48.4
England,,2023-09-18,48.665
England,,2023-09-19,49.019
England,,2023-09-20,50.893
England,,2023-09-21,52.52
England,,2023-09-22,54.111
England,,2023-09-23,54.713
England,,2023-09-24,56.198
England,,2023-09-25,58.78
England,,2023-09-26,61.751
England,,2023-09-27,64.368
England,,2023-09-28,66.596
England,,2023-09-29,67.728
England,,2023-09-30,68.912
England,,2023-10-01,71.37
England,,2023-10-02,72.732
England,,2023-10-03,73.917
England,,2023-10-04,74.023
England,,2023-10-05,76.163
England,,2023-10-06,76.251
England,,2023-10-07,76.746
England,,2023-10-08,76.605
England,,2023-10-09,75.933
England,,2023-10-10,75.491
England,,2023-10-11,74.182
England,,2023-10-12,71.353
England,,2023-10-13,70.186
England,,2023-10-14,68.205
England,,2023-10-15,65.8
England,,2023-10-16,62.352
England,,2023-10-17,60.159
England,,2023-10-18,60.124
England,,2023-10-19,59.841
England,,2023-10-20,59.735
England,,2023-10-21,59.31
England,,2023-10-22,59.257
England,,2023-10-23,59.416
England,,2023-10-24,58.532
England,,2023-10-25,56.393
England,,2023-10-26,55.314
England,,2023-10-27,54.147
England,,2023-10-28,53.422
England,,2023-10-29,50.681
England,,2023-10-30,49.673
England,,2023-10-31,47.462
England,,2023-11-01,46.578
England,,2023-11-02,45.393
England,,2023-11-03,44.315
England,,2023-11-04,43.855
England,,2023-11-05,43.837
England,,2023-11-06,43.112
England,,2023-11-07,42.776
England,,2023-11-08,42.069
England,,2023-11-09,41.574
England,,2023-11-10,40.672
England,,2023-11-11,39.912
England,,2023-11-12,38.868
England,,2023-11-13,38.037
England,,2023-11-14,37.277
England,,2023-11-15,36.888
England,,2023-11-16,35.668
England,,2023-11-17,35.579
England,,2023-11-18,34.96
England,,2023-11-19,34.571
England,,2023-11-20,33.97
England,,2023-11-21,33.652
England,,2023-11-22,33.21
England,,2023-11-23,33.227
England,,2023-11-24,33.192
England,,2023-11-25,33.174
England,,2023-11-26,33.546
England,,2023-11-27,34.377
England,,2023-11-28,35.031
England,,2023-11-29,35.615
England,,2023-11-30,36.021
England,,2023-12-01,36.446
England,,2023-12-02,37.294
England,,2023-12-03,38.674
England,,2023-12-04,40.531
England,,2023-12-05,42.087
England,,2023-12-06,44.403
England,,2023-12-07,45.429
England,,2023-12-08,46.366
Estonia,EST,2020-03-29,393.454
Estonia,EST,2020-04-26,18.021
Estonia,EST,2020-05-03,18.021
Estonia,EST,2020-05-10,3.754
Estonia,EST,2020-05-17,7.509
Estonia,EST,2020-05-24,20.273
Estonia,EST,2020-05-31,6.758
Estonia,EST,2020-06-07,3.003
Estonia,EST,2020-06-14,6.007
Estonia,EST,2020-06-28,1.502
Estonia,EST,2020-07-05,0.751
Estonia,EST,2020-07-12,1.502
Estonia,EST,2020-07-19,0
Estonia,EST,2020-07-26,0.751
Estonia,EST,2020-08-02,1.502
Estonia,EST,2020-08-09,3.754
Estonia,EST,2020-08-16,2.253
Estonia,EST,2020-08-23,6.007
Estonia,EST,2020-08-30,6.758
Estonia,EST,2020-09-06,3.754
Estonia,EST,2020-09-13,9.01
Estonia,EST,2020-09-20,20.273
Estonia,EST,2020-09-27,24.779
Estonia,EST,2020-10-04,22.526
Estonia,EST,2020-10-11,11.263
Estonia,EST,2020-10-18,15.768
Estonia,EST,2020-10-25,13.516
Estonia,EST,2020-11-01,24.028
Estonia,EST,2020-11-08,32.287
Estonia,EST,2020-11-15,45.052
Estonia,EST,2020-11-22,96.111
Estonia,EST,2020-11-29,117.886
Estonia,EST,2020-12-06,143.415
Estonia,EST,2020-12-13,140.412
Estonia,EST,2020-12-20,182.46
Estonia,EST,2020-12-27,205.737
Estonia,EST,2021-01-03,212.495
Estonia,EST,2021-01-10,207.99
Estonia,EST,2021-01-17,223.758
Estonia,EST,2021-01-24,221.505
Estonia,EST,2021-01-31,223.758
Estonia,EST,2021-02-07,243.281
Estonia,EST,2021-02-14,274.066
Estonia,EST,2021-02-21,277.82
Estonia,EST,2021-02-28,309.357
Estonia,EST,2021-03-07,409.973
Estonia,EST,2021-03-14,427.993
Estonia,EST,2021-03-21,415.98
Estonia,EST,2021-03-28,427.993
Estonia,EST,2021-04-11,296.592
Estonia,EST,2021-04-18,223.007
Estonia,EST,2021-04-25,199.73
Estonia,EST,2021-05-02,162.938
Estonia,EST,2021-05-09,147.921
Estonia,EST,2021-05-16,107.374
Estonia,EST,2021-05-23,101.367
Estonia,EST,2021-05-30,61.571
Estonia,EST,2021-06-06,35.291
Estonia,EST,2021-06-13,30.785
Estonia,EST,2021-06-20,30.035
Estonia,EST,2021-06-27,18.021
Estonia,EST,2021-07-04,12.765
Estonia,EST,2021-07-11,16.519
Estonia,EST,2021-07-18,12.014
Estonia,EST,2021-07-25,21.775
Estonia,EST,2021-08-01,31.536
Estonia,EST,2021-08-08,36.042
Estonia,EST,2021-08-15,50.308
Estonia,EST,2021-08-22,51.81
Estonia,EST,2021-08-29,84.097
Estonia,EST,2021-09-05,86.35
Estonia,EST,2021-09-12,108.125
Estonia,EST,2021-09-19,100.616
Estonia,EST,2021-09-26,111.128
Estonia,EST,2021-10-03,149.422
Estonia,EST,2021-10-10,181.71
Estonia,EST,2021-10-17,261.301
Estonia,EST,2021-10-24,322.121
Estonia,EST,2021-10-31,345.398
Estonia,EST,2021-11-14,275.568
Estonia,EST,2021-11-21,192.222
Estonia,EST,2021-11-28,153.927
Estonia,EST,2021-12-05,112.63
Estonia,EST,2021-12-12,166.692
Estonia,EST,2021-12-19,129.9
Estonia,EST,2021-12-26,135.156
Estonia,EST,2022-01-02,120.889
Estonia,EST,2022-01-09,147.921
Estonia,EST,2022-01-16,195.225
Estonia,EST,2022-01-23,207.99
Estonia,EST,2022-01-30,239.526
Estonia,EST,2022-02-06,277.069
Estonia,EST,2022-02-13,364.17
Estonia,EST,2022-02-20,457.277
Estonia,EST,2022-02-27,424.239
Estonia,EST,2022-03-06,412.225
Estonia,EST,2022-03-13,372.429
Estonia,EST,2022-03-20,259.8
Estonia,EST,2022-03-27,256.796
Estonia,EST,2022-04-03,180.208
Estonia,EST,2022-04-10,185.464
Estonia,EST,2022-04-17,101.367
Estonia,EST,2022-04-24,105.872
Estonia,EST,2022-05-01,82.595
Estonia,EST,2022-05-08,99.114
Estonia,EST,2022-05-15,73.585
Estonia,EST,2022-05-22,60.82
Estonia,EST,2022-05-29,62.322
Estonia,EST,2022-06-05,57.066
Estonia,EST,2022-06-12,44.301
Estonia,EST,2022-06-19,48.055
Estonia,EST,2022-06-26,60.069
Estonia,EST,2022-07-03,72.834
Estonia,EST,2022-07-10,59.318
Estonia,EST,2022-07-17,72.834
Estonia,EST,2022-07-24,87.851
Estonia,EST,2022-07-31,107.374
Estonia,EST,2022-08-07,91.606
Estonia,EST,2022-08-14,96.862
Estonia,EST,2022-08-21,67.578
Estonia,EST,2022-08-28,71.332
Estonia,EST,2022-09-04,56.315
Estonia,EST,2022-09-11,75.837
Estonia,EST,2022-09-18,112.63
Estonia,EST,2022-09-25,112.63
Estonia,EST,2022-10-02,112.63
Estonia,EST,2022-10-09,150.924
Estonia,EST,2022-10-16,132.152
Estonia,EST,2022-10-23,163.689
Estonia,EST,2022-10-30,130.651
Estonia,EST,2022-11-06,134.405
Estonia,EST,2022-11-13,123.142
Estonia,EST,2022-11-20,123.142
Estonia,EST,2022-11-27,120.889
Estonia,EST,2022-12-04,142.664
Estonia,EST,2022-12-11,174.201
Estonia,EST,2022-12-18,195.225
Estonia,EST,2022-12-25,183.962
Estonia,EST,2023-01-01,176.453
Estonia,EST,2023-01-08,111.879
Estonia,EST,2023-01-15,102.118
Estonia,EST,2023-01-22,81.094
Estonia,EST,2023-01-29,99.114
Estonia,EST,2023-02-05,81.844
Estonia,EST,2023-02-12,84.848
Estonia,EST,2023-02-19,81.094
Estonia,EST,2023-02-26,86.35
Estonia,EST,2023-03-05,90.104
Estonia,EST,2023-03-12,75.087
Estonia,EST,2023-03-19,86.35
Estonia,EST,2023-03-26,99.114
Estonia,EST,2023-04-02,122.391
Estonia,EST,2023-04-09,108.876
Estonia,EST,2023-04-16,84.097
Estonia,EST,2023-04-23,107.374
Estonia,EST,2023-04-30,73.585
Estonia,EST,2023-05-07,39.796
Estonia,EST,2023-05-14,60.069
Estonia,EST,2023-05-21,30.035
Estonia,EST,2023-05-28,28.533
Estonia,EST,2023-06-04,24.028
Estonia,EST,2023-06-11,21.775
Estonia,EST,2023-06-18,10.512
Estonia,EST,2023-06-25,11.263
Estonia,EST,2023-07-02,6.758
Estonia,EST,2023-07-09,4.505
Estonia,EST,2023-07-16,9.761
Estonia,EST,2023-07-23,6.758
Estonia,EST,2023-08-06,7.509
Estonia,EST,2023-08-13,4.505
Estonia,EST,2023-08-20,3.754
Estonia,EST,2023-08-27,4.505
Estonia,EST,2023-09-03,14.266
Estonia,EST,2023-09-10,12.765
Estonia,EST,2023-09-17,21.024
Estonia,EST,2023-09-24,15.017
Estonia,EST,2023-10-01,19.523
Estonia,EST,2023-10-08,15.768
Estonia,EST,2023-10-15,15.768
Estonia,EST,2023-10-22,31.536
Estonia,EST,2023-10-29,64.574
Estonia,EST,2023-11-05,111.879
Estonia,EST,2023-11-12,58.568
Estonia,EST,2023-11-19,84.097
Estonia,EST,2023-11-26,90.855
France,FRA,2020-03-25,212.29
France,FRA,2020-03-26,225.09
France,FRA,2020-03-27,251.677
France,FRA,2020-03-28,278.413
France,FRA,2020-03-29,295.386
France,FRA,2020-03-30,310.943
France,FRA,2020-03-31,333.476
France,FRA,2020-04-01,349.918
France,FRA,2020-04-02,360.948
France,FRA,2020-04-03,369.324
France,FRA,2020-04-04,361.494
France,FRA,2020-04-05,350.375
France,FRA,2020-04-06,345.155
France,FRA,2020-04-07,332.34
France,FRA,2020-04-08,315.5
France,FRA,2020-04-09,302.892
France,FRA,2020-04-10,296.02
France,FRA,2020-04-11,284.547
France,FRA,2020-04-12,280.964
France,FRA,2020-04-13,258.888
France,FRA,2020-04-14,239.541
France,FRA,2020-04-15,228.865
France,FRA,2020-04-16,215.504
France,FRA,2020-04-17,200.832
France,FRA,2020-04-18,193.768
France,FRA,2020-04-19,182.001
France,FRA,2020-04-20,185.053
France,FRA,2020-04-21,183.873
France,FRA,2020-04-22,172.135
France,FRA,2020-04-23,162.196
France,FRA,2020-04-24,150.104
France,FRA,2020-04-25,141.757
France,FRA,2020-04-26,135.726
France,FRA,2020-04-27,128.353
France,FRA,2020-04-28,120.036
France,FRA,2020-04-29,111.94
France,FRA,2020-04-30,106.602
France,FRA,2020-05-01,96.604
France,FRA,2020-05-02,88.552
France,FRA,2020-05-03,86.547
France,FRA,2020-05-04,82.492
France,FRA,2020-05-05,77.566
France,FRA,2020-05-06,74.071
France,FRA,2020-05-07,69.352
France,FRA,2020-05-08,67.023
France,FRA,2020-05-09,64.25
France,FRA,2020-05-10,62.894
France,FRA,2020-05-11,60.446
France,FRA,2020-05-12,55.771
France,FRA,2020-05-13,51.495
France,FRA,2020-05-14,48.752
France,FRA,2020-05-15,47.69
France,FRA,2020-05-16,48.943
France,FRA,2020-05-17,47.454
France,FRA,2020-05-18,45.272
France,FRA,2020-05-19,42.853
France,FRA,2020-05-20,41.216
France,FRA,2020-05-21,37.22
France,FRA,2020-05-22,34.639
France,FRA,2020-05-23,32.914
France,FRA,2020-05-24,32.457
France,FRA,2020-05-25,31.97
France,FRA,2020-05-26,29.198
France,FRA,2020-05-27,26.824
France,FRA,2020-05-28,26.558
France,FRA,2020-05-29,26.44
France,FRA,2020-05-30,26.352
France,FRA,2020-05-31,25.629
France,FRA,2020-06-01,21.898
France,FRA,2020-06-02,20.586
France,FRA,2020-06-03,20.276
France,FRA,2020-06-04,19.421
France,FRA,2020-06-05,18.802
France,FRA,2020-06-06,17.563
France,FRA,2020-06-07,17.047
France,FRA,2020-06-08,17.873
France,FRA,2020-06-09,16.988
France,FRA,2020-06-10,15.218
France,FRA,2020-06-11,14.452
France,FRA,2020-06-12,13.316
France,FRA,2020-06-13,12.21
France,FRA,2020-06-14,12.151
France,FRA,2020-06-15,11.694
France,FRA,2020-06-16,11.311
France,FRA,2020-06-17,11.104
France,FRA,2020-06-18,11.001
France,FRA,2020-06-19,10.706
France,FRA,2020-06-20,11.03
France,FRA,2020-06-21,11.252
France,FRA,2020-06-22,11.664
France,FRA,2020-06-23,11.281
France,FRA,2020-06-24,11.001
France,FRA,2020-06-25,10.824
France,FRA,2020-06-26,10.396
France,FRA,2020-06-27,9.88
France,FRA,2020-06-28,9.821
France,FRA,2020-06-29,9.231
France,FRA,2020-06-30,9.747
France,FRA,2020-07-01,9.88
France,FRA,2020-07-02,9.423
France,FRA,2020-07-03,9.983
France,FRA,2020-07-04,9.865
France,FRA,2020-07-05,9.526
France,FRA,2020-07-06,9.467
France,FRA,2020-07-07,9.099
France,FRA,2020-07-08,8.759
France,FRA,2020-07-09,8.553
France,FRA,2020-07-10,8.715
France,FRA,2020-07-11,8.863
France,FRA,2020-07-12,8.936
France,FRA,2020-07-13,8.494
France,FRA,2020-07-14,7.521
France,FRA,2020-07-15,8.258
France,FRA,2020-07-16,8.848
France,FRA,2020-07-17,8.597
France,FRA,2020-07-18,8.759
France,FRA,2020-07-19,8.907
France,FRA,2020-07-20,9.924
France,FRA,2020-07-21,10.632
France,FRA,2020-07-22,10.617
France,FRA,2020-07-23,10.676
France,FRA,2020-07-24,10.78
France,FRA,2020-07-25,11.045
France,FRA,2020-07-26,11.045
France,FRA,2020-07-27,10.765
France,FRA,2020-07-28,11.694
France,FRA,2020-07-29,11.487
France,FRA,2020-07-30,11.384
France,FRA,2020-07-31,11.768
France,FRA,2020-08-01,11.635
France,FRA,2020-08-02,11.473
France,FRA,2020-08-03,11.827
France,FRA,2020-08-04,11.34
France,FRA,2020-08-05,11.62
France,FRA,2020-08-06,11.989
France,FRA,2020-08-07,11.753
France,FRA,2020-08-08,11.694
France,FRA,2020-08-09,11.532
France,FRA,2020-08-10,12.092
France,FRA,2020-08-11,12.859
France,FRA,2020-08-12,12.947
France,FRA,2020-08-13,13.832
France,FRA,2020-08-14,14.378
France,FRA,2020-08-15,14.584
France,FRA,2020-08-16,14.864
France,FRA,2020-08-17,15.661
France,FRA,2020-08-18,15.572
France,FRA,2020-08-19,15.852
France,FRA,2020-08-20,15.086
France,FRA,2020-08-21,15.631
France,FRA,2020-08-22,16.029
France,FRA,2020-08-23,15.97
France,FRA,2020-08-24,15.956
France,FRA,2020-08-25,17.135
France,FRA,2020-08-26,17.917
France,FRA,2020-08-27,19.038
France,FRA,2020-08-28,19.495
France,FRA,2020-08-29,19.804
France,FRA,2020-08-30,19.716
France,FRA,2020-08-31,20.026
France,FRA,2020-09-01,20.542
France,FRA,2020-09-02,22.046
France,FRA,2020-09-03,23.255
France,FRA,2020-09-04,24.007
France,FRA,2020-09-05,24.494
France,FRA,2020-09-06,25.128
France,FRA,2020-09-07,27.989
France,FRA,2020-09-08,30.791
France,FRA,2020-09-09,31.808
France,FRA,2020-09-10,32.472
France,FRA,2020-09-11,34.757
France,FRA,2020-09-12,35.863
France,FRA,2020-09-13,36.335
France,FRA,2020-09-14,37.766
France,FRA,2020-09-15,40.007
France,FRA,2020-09-16,43.885
France,FRA,2020-09-17,47.528
France,FRA,2020-09-18,53.471
France,FRA,2020-09-19,56.818
France,FRA,2020-09-20,57.423
France,FRA,2020-09-21,60.505
France,FRA,2020-09-22,62.584
France,FRA,2020-09-23,62.584
France,FRA,2020-09-24,62.79
France,FRA,2020-09-25,60.003
France,FRA,2020-09-26,60.49
France,FRA,2020-09-27,61.994
France,FRA,2020-09-28,60.003
France,FRA,2020-09-29,58.75
France,FRA,2020-09-30,58.765
France,FRA,2020-10-01,58.956
France,FRA,2020-10-02,59.841
France,FRA,2020-10-03,60.269
France,FRA,2020-10-04,62.879
France,FRA,2020-10-05,64.221
France,FRA,2020-10-06,66.153
France,FRA,2020-10-07,68.202
France,FRA,2020-10-08,69.456
France,FRA,2020-10-09,71.329
France,FRA,2020-10-10,73.717
France,FRA,2020-10-11,74.971
France,FRA,2020-10-12,78.893
France,FRA,2020-10-13,83.892
France,FRA,2020-10-14,88.965
France,FRA,2020-10-15,96.279
France,FRA,2020-10-16,101.839
France,FRA,2020-10-17,106.145
France,FRA,2020-10-18,111.041
France,FRA,2020-10-19,117.647
France,FRA,2020-10-20,129.076
France,FRA,2020-10-21,138.233
France,FRA,2020-10-22,149.898
France,FRA,2020-10-23,162.668
France,FRA,2020-10-24,172.71
France,FRA,2020-10-25,179.538
France,FRA,2020-10-26,192.662
France,FRA,2020-10-27,208.072
France,FRA,2020-10-28,223.807
France,FRA,2020-10-29,232.787
France,FRA,2020-10-30,239.748
France,FRA,2020-10-31,248.699
France,FRA,2020-11-01,257.325
France,FRA,2020-11-02,260.761
France,FRA,2020-11-03,265.524
France,FRA,2020-11-04,278.206
France,FRA,2020-11-05,283.839
France,FRA,2020-11-06,292.348
France,FRA,2020-11-07,295.061
France,FRA,2020-11-08,294.044
France,FRA,2020-11-09,295.858
France,FRA,2020-11-10,293.749
France,FRA,2020-11-11,277.631
France,FRA,2020-11-12,268.518
France,FRA,2020-11-13,264.109
France,FRA,2020-11-14,260.334
France,FRA,2020-11-15,256.794
France,FRA,2020-11-16,247.873
France,FRA,2020-11-17,238.214
France,FRA,2020-11-18,235.958
France,FRA,2020-11-19,233.746
France,FRA,2020-11-20,220.872
France,FRA,2020-11-21,210.741
France,FRA,2020-11-22,200.891
France,FRA,2020-11-23,190.789
France,FRA,2020-11-24,180.069
France,FRA,2020-11-25,168.891
France,FRA,2020-11-26,157.669
France,FRA,2020-11-27,150.34
France,FRA,2020-11-28,142.392
France,FRA,2020-11-29,138.646
France,FRA,2020-11-30,136.832
France,FRA,2020-12-01,133.676
France,FRA,2020-12-02,127.424
France,FRA,2020-12-03,127.276
France,FRA,2020-12-04,126.229
France,FRA,2020-12-05,126.864
France,FRA,2020-12-06,126.495
France,FRA,2020-12-07,125.743
France,FRA,2020-12-08,126.112
France,FRA,2020-12-09,127.984
France,FRA,2020-12-10,127.911
France,FRA,2020-12-11,127.026
France,FRA,2020-12-12,128.176
France,FRA,2020-12-13,128.795
France,FRA,2020-12-14,130.535
France,FRA,2020-12-15,130.019
France,FRA,2020-12-16,134.207
France,FRA,2020-12-17,133.013
France,FRA,2020-12-18,132.202
France,FRA,2020-12-19,130.83
France,FRA,2020-12-20,129.798
France,FRA,2020-12-21,129.208
France,FRA,2020-12-22,132.467
France,FRA,2020-12-23,128.958
France,FRA,2020-12-24,130.285
France,FRA,2020-12-25,122.292
France,FRA,2020-12-26,115.052
France,FRA,2020-12-27,114.904
France,FRA,2020-12-28,113.916
France,FRA,2020-12-29,111.616
France,FRA,2020-12-30,111.291
France,FRA,2020-12-31,109.271
France,FRA,2021-01-01,108.298
France,FRA,2021-01-02,110.259
France,FRA,2021-01-03,111.262
France,FRA,2021-01-04,111.925
France,FRA,2021-01-05,113.695
France,FRA,2021-01-06,114.196
France,FRA,2021-01-07,116.025
France,FRA,2021-01-08,127.35
France,FRA,2021-01-09,131.745
France,FRA,2021-01-10,132.806
France,FRA,2021-01-11,133.205
France,FRA,2021-01-12,131.922
France,FRA,2021-01-13,134.134
France,FRA,2021-01-14,137.82
France,FRA,2021-01-15,140.607
France,FRA,2021-01-16,144.368
France,FRA,2021-01-17,143.91
France,FRA,2021-01-18,149.47
France,FRA,2021-01-19,154.41
France,FRA,2021-01-20,159.173
France,FRA,2021-01-21,160.176
France,FRA,2021-01-22,163.523
France,FRA,2021-01-23,163.155
France,FRA,2021-01-24,166.399
France,FRA,2021-01-25,167.977
France,FRA,2021-01-26,168.139
France,FRA,2021-01-27,168.463
France,FRA,2021-01-28,167.977
France,FRA,2021-01-29,167.416
France,FRA,2021-01-30,167.446
France,FRA,2021-01-31,165.942
France,FRA,2021-02-01,165.602
France,FRA,2021-02-02,168.301
France,FRA,2021-02-03,167.549
France,FRA,2021-02-04,167.932
France,FRA,2021-02-05,166.399
France,FRA,2021-02-06,165.661
France,FRA,2021-02-07,165.278
France,FRA,2021-02-08,167.387
France,FRA,2021-02-09,163.582
France,FRA,2021-02-10,158.318
France,FRA,2021-02-11,156.342
France,FRA,2021-02-12,151.711
France,FRA,2021-02-13,151.107
France,FRA,2021-02-14,149.057
France,FRA,2021-02-15,142.244
France,FRA,2021-02-16,141.153
France,FRA,2021-02-17,141.654
France,FRA,2021-02-18,139.767
France,FRA,2021-02-19,141.802
France,FRA,2021-02-20,140.976
France,FRA,2021-02-21,140.121
France,FRA,2021-02-22,141.566
France,FRA,2021-02-23,140.43
France,FRA,2021-02-24,141.566
France,FRA,2021-02-25,141.035
France,FRA,2021-02-26,142.377
France,FRA,2021-02-27,142.052
France,FRA,2021-02-28,144.043
France,FRA,2021-03-01,142.038
France,FRA,2021-03-02,140.932
France,FRA,2021-03-03,140.725
France,FRA,2021-03-04,141.964
France,FRA,2021-03-05,138.469
France,FRA,2021-03-06,139.796
France,FRA,2021-03-07,139.678
France,FRA,2021-03-08,142.495
France,FRA,2021-03-09,144.043
France,FRA,2021-03-10,143.335
France,FRA,2021-03-11,144.382
France,FRA,2021-03-12,145.134
France,FRA,2021-03-13,144.987
France,FRA,2021-03-14,146.476
France,FRA,2021-03-15,147.833
France,FRA,2021-03-16,150.709
France,FRA,2021-03-17,153.23
France,FRA,2021-03-18,153.997
France,FRA,2021-03-19,157.698
France,FRA,2021-03-20,161.547
France,FRA,2021-03-21,163.096
France,FRA,2021-03-22,166.428
France,FRA,2021-03-23,170.572
France,FRA,2021-03-24,176.249
France,FRA,2021-03-25,179.184
France,FRA,2021-03-26,184.33
France,FRA,2021-03-27,187.56
France,FRA,2021-03-28,188.902
France,FRA,2021-03-29,191.807
France,FRA,2021-03-30,196.128
France,FRA,2021-03-31,197.293
France,FRA,2021-04-01,199.873
France,FRA,2021-04-02,200.522
France,FRA,2021-04-03,202.926
France,FRA,2021-04-04,205.978
France,FRA,2021-04-05,193.001
France,FRA,2021-04-06,191.232
France,FRA,2021-04-07,204.828
France,FRA,2021-04-08,206.612
France,FRA,2021-04-09,207.025
France,FRA,2021-04-10,205.831
France,FRA,2021-04-11,207.025
France,FRA,2021-04-12,221.079
France,FRA,2021-04-13,221.698
France,FRA,2021-04-14,206.081
France,FRA,2021-04-15,204.695
France,FRA,2021-04-16,203.575
France,FRA,2021-04-17,200.95
France,FRA,2021-04-18,198.089
France,FRA,2021-04-19,196.526
France,FRA,2021-04-20,195.095
France,FRA,2021-04-21,195.435
France,FRA,2021-04-22,192.721
France,FRA,2021-04-23,191.07
France,FRA,2021-04-24,189.551
France,FRA,2021-04-25,186.159
France,FRA,2021-04-26,184.36
France,FRA,2021-04-27,180.01
France,FRA,2021-04-28,174.303
France,FRA,2021-04-29,171.84
France,FRA,2021-04-30,164.482
France,FRA,2021-05-01,162.683
France,FRA,2021-05-02,161.459
France,FRA,2021-05-03,154.838
France,FRA,2021-05-04,147.199
France,FRA,2021-05-05,143.527
France,FRA,2021-05-06,135.269
France,FRA,2021-05-07,130.948
France,FRA,2021-05-08,125.02
France,FRA,2021-05-09,121.024
France,FRA,2021-05-10,115.568
France,FRA,2021-05-11,110.377
France,FRA,2021-05-12,103.092
France,FRA,2021-05-13,95.232
France,FRA,2021-05-14,89.231
France,FRA,2021-05-15,85.338
France,FRA,2021-05-16,83.701
France,FRA,2021-05-17,79.955
France,FRA,2021-05-18,76.372
France,FRA,2021-05-19,72.641
France,FRA,2021-05-20,73.983
France,FRA,2021-05-21,72.39
France,FRA,2021-05-22,70.739
France,FRA,2021-05-23,69.382
France,FRA,2021-05-24,60.372
France,FRA,2021-05-25,57.423
France,FRA,2021-05-26,56.818
France,FRA,2021-05-27,53.721
France,FRA,2021-05-28,52.453
France,FRA,2021-05-29,50.477
France,FRA,2021-05-30,48.634
France,FRA,2021-05-31,52.601
France,FRA,2021-06-01,49.651
France,FRA,2021-06-02,46.997
France,FRA,2021-06-03,46.392
France,FRA,2021-06-04,44.461
France,FRA,2021-06-05,43.472
France,FRA,2021-06-06,42.809
France,FRA,2021-06-07,40.656
France,FRA,2021-06-08,37.839
France,FRA,2021-06-09,36.365
France,FRA,2021-06-10,33.991
France,FRA,2021-06-11,32.59
France,FRA,2021-06-12,31.572
France,FRA,2021-06-13,30.938
France,FRA,2021-06-14,30.083
France,FRA,2021-06-15,28.534
France,FRA,2021-06-16,25.688
France,FRA,2021-06-17,24.627
France,FRA,2021-06-18,22.533
France,FRA,2021-06-19,21.117
France,FRA,2021-06-20,20.232
France,FRA,2021-06-21,18.625
France,FRA,2021-06-22,16.87
France,FRA,2021-06-23,16.413
France,FRA,2021-06-24,15.159
France,FRA,2021-06-25,14.82
France,FRA,2021-06-26,14.51
France,FRA,2021-06-27,14.378
France,FRA,2021-06-28,13.788
France,FRA,2021-06-29,13.095
France,FRA,2021-06-30,12.962
France,FRA,2021-07-01,12.505
France,FRA,2021-07-02,12.063
France,FRA,2021-07-03,12.033
France,FRA,2021-07-04,12.018
France,FRA,2021-07-05,11.443
France,FRA,2021-07-06,11.664
France,FRA,2021-07-07,11.399
France,FRA,2021-07-08,11.266
France,FRA,2021-07-09,11.694
France,FRA,2021-07-10,12.018
France,FRA,2021-07-11,11.753
France,FRA,2021-07-12,13.67
France,FRA,2021-07-13,15.1
France,FRA,2021-07-14,14.732
France,FRA,2021-07-15,16.398
France,FRA,2021-07-16,17.475
France,FRA,2021-07-17,17.666
France,FRA,2021-07-18,18.123
France,FRA,2021-07-19,19.495
France,FRA,2021-07-20,20.689
France,FRA,2021-07-21,23.137
France,FRA,2021-07-22,24.302
France,FRA,2021-07-23,25.924
France,FRA,2021-07-24,26.927
France,FRA,2021-07-25,27.487
France,FRA,2021-07-26,31.13
France,FRA,2021-07-27,34.521
France,FRA,2021-07-28,37.603
France,FRA,2021-07-29,40.685
France,FRA,2021-07-30,45.257
France,FRA,2021-07-31,49.46
France,FRA,2021-08-01,52.704
France,FRA,2021-08-02,53.898
France,FRA,2021-08-03,57.747
France,FRA,2021-08-04,61.906
France,FRA,2021-08-05,65.017
France,FRA,2021-08-06,68.291
France,FRA,2021-08-07,68.512
France,FRA,2021-08-08,71.255
France,FRA,2021-08-09,73.393
France,FRA,2021-08-10,75.251
France,FRA,2021-08-11,75.266
France,FRA,2021-08-12,77.95
France,FRA,2021-08-13,77.566
France,FRA,2021-08-14,79.395
France,FRA,2021-08-15,77.935
France,FRA,2021-08-16,79.66
France,FRA,2021-08-17,81.592
France,FRA,2021-08-18,85.47
France,FRA,2021-08-19,86.68
France,FRA,2021-08-20,87.432
France,FRA,2021-08-21,90.366
France,FRA,2021-08-22,92.475
France,FRA,2021-08-23,92.372
France,FRA,2021-08-24,93.404
France,FRA,2021-08-25,91.148
France,FRA,2021-08-26,87.682
France,FRA,2021-08-27,87.992
France,FRA,2021-08-28,82.978
France,FRA,2021-08-29,79.572
France,FRA,2021-08-30,76.357
France,FRA,2021-08-31,73.349
France,FRA,2021-09-01,71.27
France,FRA,2021-09-02,69.898
France,FRA,2021-09-03,65.71
France,FRA,2021-09-04,65.106
France,FRA,2021-09-05,63.867
France,FRA,2021-09-06,62.923
France,FRA,2021-09-07,60.269
France,FRA,2021-09-08,58.101
France,FRA,2021-09-09,56.715
France,FRA,2021-09-10,54.96
France,FRA,2021-09-11,53.456
France,FRA,2021-09-12,52.866
France,FRA,2021-09-13,49.695
France,FRA,2021-09-14,46.982
France,FRA,2021-09-15,44.873
France,FRA,2021-09-16,42.337
France,FRA,2021-09-17,40.361
France,FRA,2021-09-18,39.196
France,FRA,2021-09-19,38.105
France,FRA,2021-09-20,37.028
France,FRA,2021-09-21,35.937
France,FRA,2021-09-22,34.595
France,FRA,2021-09-23,33.401
France,FRA,2021-09-24,32.295
France,FRA,2021-09-25,31.602
France,FRA,2021-09-26,31.248
France,FRA,2021-09-27,30.805
France,FRA,2021-09-28,27.871
France,FRA,2021-09-29,26.293
France,FRA,2021-09-30,25.364
France,FRA,2021-10-01,24.155
France,FRA,2021-10-02,23.344
France,FRA,2021-10-03,23.152
France,FRA,2021-10-04,22.267
France,FRA,2021-10-05,22.061
France,FRA,2021-10-06,21.294
France,FRA,2021-10-07,20.645
France,FRA,2021-10-08,20.704
France,FRA,2021-10-09,20.512
France,FRA,2021-10-10,20.733
France,FRA,2021-10-11,19.893
France,FRA,2021-10-12,19.362
France,FRA,2021-10-13,19.613
France,FRA,2021-10-14,19.79
France,FRA,2021-10-15,19.745
France,FRA,2021-10-16,19.465
France,FRA,2021-10-17,19.17
France,FRA,2021-10-18,19.922
France,FRA,2021-10-19,20.394
France,FRA,2021-10-20,21.043
France,FRA,2021-10-21,22.031
France,FRA,2021-10-22,21.854
France,FRA,2021-10-23,22.96
France,FRA,2021-10-24,22.842
France,FRA,2021-10-25,22.724
France,FRA,2021-10-26,23.167
France,FRA,2021-10-27,23.462
France,FRA,2021-10-28,23.432
France,FRA,2021-10-29,24.612
France,FRA,2021-10-30,24.494
France,FRA,2021-10-31,25.113
France,FRA,2021-11-01,22.665
France,FRA,2021-11-02,24.14
France,FRA,2021-11-03,26.558
France,FRA,2021-11-04,27.487
France,FRA,2021-11-05,28.239
France,FRA,2021-11-06,28.446
France,FRA,2021-11-07,28.372
France,FRA,2021-11-08,33.976
France,FRA,2021-11-09,33.873
France,FRA,2021-11-10,33.135
France,FRA,2021-11-11,31.336
France,FRA,2021-11-12,31.749
France,FRA,2021-11-13,32.398
France,FRA,2021-11-14,32.767
France,FRA,2021-11-15,34.949
France,FRA,2021-11-16,38.459
France,FRA,2021-11-17,40.346
France,FRA,2021-11-18,44.918
France,FRA,2021-11-19,47.882
France,FRA,2021-11-20,48.398
France,FRA,2021-11-21,48.884
France,FRA,2021-11-22,52.335
France,FRA,2021-11-23,53.987
France,FRA,2021-11-24,57.6
France,FRA,2021-11-25,61.375
France,FRA,2021-11-26,64.044
France,FRA,2021-11-27,65.799
France,FRA,2021-11-28,66.772
France,FRA,2021-11-29,69.397
France,FRA,2021-11-30,75.708
France,FRA,2021-12-01,78.982
France,FRA,2021-12-02,81.518
France,FRA,2021-12-03,87.55
France,FRA,2021-12-04,92.062
France,FRA,2021-12-05,94.2
France,FRA,2021-12-06,99.819
France,FRA,2021-12-07,106.867
France,FRA,2021-12-08,111.232
France,FRA,2021-12-09,115.656
France,FRA,2021-12-10,117.721
France,FRA,2021-12-11,119.092
France,FRA,2021-12-12,120.611
France,FRA,2021-12-13,121.806
France,FRA,2021-12-14,121.761
France,FRA,2021-12-15,124.194
France,FRA,2021-12-16,125.551
France,FRA,2021-12-17,127.852
France,FRA,2021-12-18,128.279
France,FRA,2021-12-19,128.471
France,FRA,2021-12-20,127.896
France,FRA,2021-12-21,127.881
France,FRA,2021-12-22,127.159
France,FRA,2021-12-23,127.232
France,FRA,2021-12-24,126.48
France,FRA,2021-12-25,125.654
France,FRA,2021-12-26,125.964
France,FRA,2021-12-27,128.441
France,FRA,2021-12-28,135.063
France,FRA,2021-12-29,143.099
France,FRA,2021-12-30,151.579
France,FRA,2021-12-31,159.394
France,FRA,2022-01-01,164.437
France,FRA,2022-01-02,166.59
France,FRA,2022-01-03,174.347
France,FRA,2022-01-04,185.717
France,FRA,2022-01-05,193.591
France,FRA,2022-01-06,200.655
France,FRA,2022-01-07,206.258
France,FRA,2022-01-08,211.906
France,FRA,2022-01-09,214.708
France,FRA,2022-01-10,220.356
France,FRA,2022-01-11,224.308
France,FRA,2022-01-12,229.071
France,FRA,2022-01-13,230.723
France,FRA,2022-01-14,233.348
France,FRA,2022-01-15,236.371
France,FRA,2022-01-16,239.128
France,FRA,2022-01-17,243.139
France,FRA,2022-01-18,248.448
France,FRA,2022-01-19,254.066
France,FRA,2022-01-20,262.029
France,FRA,2022-01-21,270.745
France,FRA,2022-01-22,275.227
France,FRA,2022-01-23,276.186
France,FRA,2022-01-24,284.12
France,FRA,2022-01-25,289.03
France,FRA,2022-01-26,290.652
France,FRA,2022-01-27,291.272
France,FRA,2022-01-28,291.581
France,FRA,2022-01-29,290.357
France,FRA,2022-01-30,290.298
France,FRA,2022-01-31,287.261
France,FRA,2022-02-01,288.367
France,FRA,2022-02-02,287.379
France,FRA,2022-02-03,287.32
France,FRA,2022-02-04,301.107
France,FRA,2022-02-05,299.707
France,FRA,2022-02-06,296.934
France,FRA,2022-02-07,292.26
France,FRA,2022-02-08,279.622
France,FRA,2022-02-09,270.538
France,FRA,2022-02-10,260.643
France,FRA,2022-02-11,236.223
France,FRA,2022-02-12,229.042
France,FRA,2022-02-13,226.019
France,FRA,2022-02-14,216.95
France,FRA,2022-02-15,208.013
France,FRA,2022-02-16,198.59
France,FRA,2022-02-17,190.657
France,FRA,2022-02-18,182.074
France,FRA,2022-02-19,176.898
France,FRA,2022-02-20,173.919
France,FRA,2022-02-21,164.408
France,FRA,2022-02-22,155.265
France,FRA,2022-02-23,149.617
France,FRA,2022-02-24,141.802
France,FRA,2022-02-25,134.281
France,FRA,2022-02-26,130.358
France,FRA,2022-02-27,128.722
France,FRA,2022-02-28,123.413
France,FRA,2022-03-01,115.981
France,FRA,2022-03-02,110.923
France,FRA,2022-03-03,106.278
France,FRA,2022-03-04,102.252
France,FRA,2022-03-05,99.745
France,FRA,2022-03-06,97.857
France,FRA,2022-03-07,98.801
France,FRA,2022-03-08,98.536
France,FRA,2022-03-09,97.032
France,FRA,2022-03-10,98.285
France,FRA,2022-03-11,99.568
France,FRA,2022-03-12,100.084
France,FRA,2022-03-13,100.512
France,FRA,2022-03-14,101.161
France,FRA,2022-03-15,104.714
France,FRA,2022-03-16,107.162
France,FRA,2022-03-17,107.782
France,FRA,2022-03-18,109.006
France,FRA,2022-03-19,109.64
France,FRA,2022-03-20,110.2
France,FRA,2022-03-21,111.424
France,FRA,2022-03-22,111.557
France,FRA,2022-03-23,112.442
France,FRA,2022-03-24,115.007
France,FRA,2022-03-25,119.52
France,FRA,2022-03-26,119.505
France,FRA,2022-03-27,119.048
France,FRA,2022-03-28,123.369
France,FRA,2022-03-29,128.235
France,FRA,2022-03-30,135.888
France,FRA,2022-03-31,142.156
France,FRA,2022-04-01,145.016
France,FRA,2022-04-02,150.178
France,FRA,2022-04-03,150.989
France,FRA,2022-04-04,155.811
France,FRA,2022-04-05,158.17
France,FRA,2022-04-06,158.996
France,FRA,2022-04-07,158.952
France,FRA,2022-04-08,162.211
France,FRA,2022-04-09,164.187
France,FRA,2022-04-10,164.983
France,FRA,2022-04-11,166.133
France,FRA,2022-04-12,174.495
France,FRA,2022-04-13,176.279
France,FRA,2022-04-14,177.4
France,FRA,2022-04-15,178.137
France,FRA,2022-04-16,174.922
France,FRA,2022-04-17,173.654
France,FRA,2022-04-18,147.73
France,FRA,2022-04-19,141.477
France,FRA,2022-04-20,148.379
France,FRA,2022-04-21,148.467
France,FRA,2022-04-22,146.639
France,FRA,2022-04-23,147.096
France,FRA,2022-04-24,147.936
France,FRA,2022-04-25,169.967
France,FRA,2022-04-26,166.089
France,FRA,2022-04-27,151.977
France,FRA,2022-04-28,145.503
France,FRA,2022-04-29,138.086
France,FRA,2022-04-30,132.806
France,FRA,2022-05-01,130.388
France,FRA,2022-05-02,124.593
France,FRA,2022-05-03,117.677
France,FRA,2022-05-04,108.991
France,FRA,2022-05-05,104.759
France,FRA,2022-05-06,99.052
France,FRA,2022-05-07,108.888
France,FRA,2022-05-08,108.666
France,FRA,2022-05-09,102.576
France,FRA,2022-05-10,98.211
France,FRA,2022-05-11,98.241
France,FRA,2022-05-12,94.023
France,FRA,2022-05-13,91.325
France,FRA,2022-05-14,78.967
France,FRA,2022-05-15,78.259
France,FRA,2022-05-16,76.357
France,FRA,2022-05-17,72.169
France,FRA,2022-05-18,67.48
France,FRA,2022-05-19,63.955
France,FRA,2022-05-20,61.522
France,FRA,2022-05-21,59.988
France,FRA,2022-05-22,59.074
France,FRA,2022-05-23,55.093
France,FRA,2022-05-24,51.893
France,FRA,2022-05-25,50.551
France,FRA,2022-05-26,46.009
France,FRA,2022-05-27,43.251
France,FRA,2022-05-28,41.482
France,FRA,2022-05-29,41.334
France,FRA,2022-05-30,41.408
France,FRA,2022-05-31,40.818
France,FRA,2022-06-01,38.975
France,FRA,2022-06-02,41.482
France,FRA,2022-06-03,41.275
France,FRA,2022-06-04,42.072
France,FRA,2022-06-05,42.16
France,FRA,2022-06-06,33.946
France,FRA,2022-06-07,35.259
France,FRA,2022-06-08,39.756
France,FRA,2022-06-09,41.88
France,FRA,2022-06-10,43.251
France,FRA,2022-06-11,44.8
France,FRA,2022-06-12,44.903
France,FRA,2022-06-13,53.53
France,FRA,2022-06-14,53.043
France,FRA,2022-06-15,50.448
France,FRA,2022-06-16,50.477
France,FRA,2022-06-17,53.072
France,FRA,2022-06-18,52.777
France,FRA,2022-06-19,53.323
France,FRA,2022-06-20,56.936
France,FRA,2022-06-21,59.104
France,FRA,2022-06-22,65.504
France,FRA,2022-06-23,69.293
France,FRA,2022-06-24,73.024
France,FRA,2022-06-25,75.222
France,FRA,2022-06-26,75.679
France,FRA,2022-06-27,80.589
France,FRA,2022-06-28,87.373
France,FRA,2022-06-29,88.788
France,FRA,2022-06-30,91.207
France,FRA,2022-07-01,95.542
France,FRA,2022-07-02,98.314
France,FRA,2022-07-03,99.435
France,FRA,2022-07-04,104.832
France,FRA,2022-07-05,112.987
France,FRA,2022-07-06,120.139
France,FRA,2022-07-07,127.557
France,FRA,2022-07-08,133.219
France,FRA,2022-07-09,135.417
France,FRA,2022-07-10,135.977
France,FRA,2022-07-11,138.749
France,FRA,2022-07-12,146.816
France,FRA,2022-07-13,152.699
France,FRA,2022-07-14,143.63
France,FRA,2022-07-15,139.988
France,FRA,2022-07-16,141.787
France,FRA,2022-07-17,141.905
France,FRA,2022-07-18,145.193
France,FRA,2022-07-19,144.028
France,FRA,2022-07-20,139.59
France,FRA,2022-07-21,149.956
France,FRA,2022-07-22,153.039
France,FRA,2022-07-23,149.868
France,FRA,2022-07-24,149.131
France,FRA,2022-07-25,143.792
France,FRA,2022-07-26,135.697
France,FRA,2022-07-27,131.464
France,FRA,2022-07-28,125.831
France,FRA,2022-07-29,118.812
France,FRA,2022-07-30,117.765
France,FRA,2022-07-31,116.88
France,FRA,2022-08-01,110.082
France,FRA,2022-08-02,103.373
France,FRA,2022-08-03,97.282
France,FRA,2022-08-04,93.935
France,FRA,2022-08-05,90.617
France,FRA,2022-08-06,87.815
France,FRA,2022-08-07,86.974
France,FRA,2022-08-08,84.025
France,FRA,2022-08-09,79.793
France,FRA,2022-08-10,77.006
France,FRA,2022-08-11,74.042
France,FRA,2022-08-12,71.859
France,FRA,2022-08-13,69.81
France,FRA,2022-08-14,69.618
France,FRA,2022-08-15,56.656
France,FRA,2022-08-16,55.653
France,FRA,2022-08-17,58.116
France,FRA,2022-08-18,57.201
France,FRA,2022-08-19,56.759
France,FRA,2022-08-20,57.113
France,FRA,2022-08-21,56.641
France,FRA,2022-08-22,65.032
France,FRA,2022-08-23,60.741
France,FRA,2022-08-24,55.107
France,FRA,2022-08-25,51.878
France,FRA,2022-08-26,49.563
France,FRA,2022-08-27,47.262
France,FRA,2022-08-28,47.587
France,FRA,2022-08-29,44.932
France,FRA,2022-08-30,44.357
France,FRA,2022-08-31,42.484
France,FRA,2022-09-01,41.806
France,FRA,2022-09-02,40.671
France,FRA,2022-09-03,40.125
France,FRA,2022-09-04,39.461
France,FRA,2022-09-05,40.155
France,FRA,2022-09-06,39.211
France,FRA,2022-09-07,39.181
France,FRA,2022-09-08,38.341
France,FRA,2022-09-09,37.117
France,FRA,2022-09-10,37.648
France,FRA,2022-09-11,37.692
France,FRA,2022-09-12,37.191
France,FRA,2022-09-13,37.087
France,FRA,2022-09-14,36.497
France,FRA,2022-09-15,37.353
France,FRA,2022-09-16,38.488
France,FRA,2022-09-17,38.916
France,FRA,2022-09-18,38.975
France,FRA,2022-09-19,40.833
France,FRA,2022-09-20,41.467
France,FRA,2022-09-21,42.278
France,FRA,2022-09-22,43.015
France,FRA,2022-09-23,44.519
France,FRA,2022-09-24,45.095
France,FRA,2022-09-25,45.64
France,FRA,2022-09-26,49.12
France,FRA,2022-09-27,55.653
France,FRA,2022-09-28,61.566
France,FRA,2022-09-29,66.374
France,FRA,2022-09-30,70.798
France,FRA,2022-10-01,73.319
France,FRA,2022-10-02,73.776
France,FRA,2022-10-03,78.141
France,FRA,2022-10-04,82.683
France,FRA,2022-10-05,87.609
France,FRA,2022-10-06,93.242
France,FRA,2022-10-07,99.081
France,FRA,2022-10-08,100.202
France,FRA,2022-10-09,100.777
France,FRA,2022-10-10,104.08
France,FRA,2022-10-11,109.596
France,FRA,2022-10-12,109.728
France,FRA,2022-10-13,111.601
France,FRA,2022-10-14,112.25
France,FRA,2022-10-15,114.654
France,FRA,2022-10-16,115.111
France,FRA,2022-10-17,117.013
France,FRA,2022-10-18,117.809
France,FRA,2022-10-19,122.115
France,FRA,2022-10-20,120.832
France,FRA,2022-10-21,120.154
France,FRA,2022-10-22,117.544
France,FRA,2022-10-23,117.455
France,FRA,2022-10-24,112.648
France,FRA,2022-10-25,108.386
France,FRA,2022-10-26,102.738
France,FRA,2022-10-27,98.698
France,FRA,2022-10-28,94.702
France,FRA,2022-10-29,95.07
France,FRA,2022-10-30,94.289
France,FRA,2022-10-31,89.983
France,FRA,2022-11-01,75.177
France,FRA,2022-11-02,72.317
France,FRA,2022-11-03,70.665
France,FRA,2022-11-04,68.04
France,FRA,2022-11-05,65.813
France,FRA,2022-11-06,65.504
France,FRA,2022-11-07,65.489
France,FRA,2022-11-08,72.936
France,FRA,2022-11-09,71.771
France,FRA,2022-11-10,70.517
France,FRA,2022-11-11,64.501
France,FRA,2022-11-12,61.463
France,FRA,2022-11-13,61.389
France,FRA,2022-11-14,63.144
France,FRA,2022-11-15,64.265
France,FRA,2022-11-16,66.86
France,FRA,2022-11-17,68.143
France,FRA,2022-11-18,76.342
France,FRA,2022-11-19,80.191
France,FRA,2022-11-20,81.282
France,FRA,2022-11-21,82.226
France,FRA,2022-11-22,83.804
France,FRA,2022-11-23,84.527
France,FRA,2022-11-24,84.527
France,FRA,2022-11-25,84.836
France,FRA,2022-11-26,85.559
France,FRA,2022-11-27,85.072
France,FRA,2022-11-28,89.275
France,FRA,2022-11-29,94.348
France,FRA,2022-11-30,99.494
France,FRA,2022-12-01,105.599
France,FRA,2022-12-02,108.49
France,FRA,2022-12-03,110.067
France,FRA,2022-12-04,111.483
France,FRA,2022-12-05,112.545
France,FRA,2022-12-06,116.659
France,FRA,2022-12-07,120.847
France,FRA,2022-12-08,126.982
France,FRA,2022-12-09,132.954
France,FRA,2022-12-10,137.938
France,FRA,2022-12-11,137.437
France,FRA,2022-12-12,143.896
France,FRA,2022-12-13,148.526
France,FRA,2022-12-14,153.333
France,FRA,2022-12-15,154.38
France,FRA,2022-12-16,155.885
France,FRA,2022-12-17,156.003
France,FRA,2022-12-18,157.212
France,FRA,2022-12-19,155.221
France,FRA,2022-12-20,157.934
France,FRA,2022-12-21,157.094
France,FRA,2022-12-22,155.059
France,FRA,2022-12-23,154.307
France,FRA,2022-12-24,151.107
France,FRA,2022-12-25,148.688
France,FRA,2022-12-26,140.401
France,FRA,2022-12-27,134.458
France,FRA,2022-12-28,127.896
France,FRA,2022-12-29,119.697
France,FRA,2022-12-30,112.235
France,FRA,2022-12-31,108.386
France,FRA,2023-01-01,108.932
France,FRA,2023-01-02,111.498
France,FRA,2023-01-03,102.783
France,FRA,2023-01-04,95.115
France,FRA,2023-01-05,90.735
France,FRA,2023-01-06,87.609
France,FRA,2023-01-07,86.503
France,FRA,2023-01-08,85.618
France,FRA,2023-01-09,76.387
France,FRA,2023-01-10,70.208
France,FRA,2023-01-11,65.489
France,FRA,2023-01-12,61.139
France,FRA,2023-01-13,56.789
France,FRA,2023-01-14,54.812
France,FRA,2023-01-15,54.326
France,FRA,2023-01-16,51.259
France,FRA,2023-01-17,45.92
France,FRA,2023-01-18,41.821
France,FRA,2023-01-19,40.936
France,FRA,2023-01-20,36.556
France,FRA,2023-01-21,35.48
France,FRA,2023-01-22,35.082
France,FRA,2023-01-23,33.238
France,FRA,2023-01-24,31.528
France,FRA,2023-01-25,30.038
France,FRA,2023-01-26,28.21
France,FRA,2023-01-27,28.697
France,FRA,2023-01-28,28.608
France,FRA,2023-01-29,28.593
France,FRA,2023-01-30,28.402
France,FRA,2023-01-31,27.871
France,FRA,2023-02-01,29.67
France,FRA,2023-02-02,29.419
France,FRA,2023-02-03,29.213
France,FRA,2023-02-04,28.947
France,FRA,2023-02-05,28.534
France,FRA,2023-02-06,28.077
France,FRA,2023-02-07,29.154
France,FRA,2023-02-08,72.965
France,FRA,2023-02-09,71.8
France,FRA,2023-02-10,72.081
France,FRA,2023-02-11,72.169
France,FRA,2023-02-12,72.066
France,FRA,2023-02-13,72.228
France,FRA,2023-02-14,71.432
France,FRA,2023-02-15,26.101
France,FRA,2023-02-16,26.308
France,FRA,2023-02-17,26.499
France,FRA,2023-02-18,26.411
France,FRA,2023-02-19,26.927
France,FRA,2023-02-20,27.561
France,FRA,2023-02-21,28.048
France,FRA,2023-02-22,29.124
France,FRA,2023-02-23,30.024
France,FRA,2023-02-24,29.213
France,FRA,2023-02-25,29.906
France,FRA,2023-02-26,29.891
France,FRA,2023-02-27,29.213
France,FRA,2023-02-28,28.136
France,FRA,2023-03-01,27.148
France,FRA,2023-03-02,26.485
France,FRA,2023-03-03,27.045
France,FRA,2023-03-04,27.222
France,FRA,2023-03-05,26.853
France,FRA,2023-03-06,28.121
France,FRA,2023-03-07,29.301
France,FRA,2023-03-08,30.525
France,FRA,2023-03-09,32.073
France,FRA,2023-03-10,33.622
France,FRA,2023-03-11,33.474
France,FRA,2023-03-12,33.46
France,FRA,2023-03-13,34.698
France,FRA,2023-03-14,34.02
France,FRA,2023-03-15,35.111
France,FRA,2023-03-16,34.639
France,FRA,2023-03-17,34.61
France,FRA,2023-03-18,34.861
France,FRA,2023-03-19,34.905
France,FRA,2023-03-20,36.674
France,FRA,2023-03-21,39.697
France,FRA,2023-03-22,40.39
France,FRA,2023-03-23,40.995
France,FRA,2023-03-24,42.647
France,FRA,2023-03-25,42.838
France,FRA,2023-03-26,43.104
France,FRA,2023-03-27,41.143
France,FRA,2023-03-28,41.511
France,FRA,2023-03-29,41.393
France,FRA,2023-03-30,42.101
France,FRA,2023-03-31,41.806
Germany,DEU,2020-03-01,0.288
Germany,DEU,2020-03-02,0.348
Germany,DEU,2020-03-03,0.564
Germany,DEU,2020-03-04,0.792
Germany,DEU,2020-03-05,0.948
Germany,DEU,2020-03-06,1.128
Germany,DEU,2020-03-07,1.619
Germany,DEU,2020-03-08,1.811
Germany,DEU,2020-03-09,1.943
Germany,DEU,2020-03-10,2.207
Germany,DEU,2020-03-11,2.675
Germany,DEU,2020-03-12,3.167
Germany,DEU,2020-03-13,3.874
Germany,DEU,2020-03-14,4.762
Germany,DEU,2020-03-15,5.458
Germany,DEU,2020-03-16,6.345
Germany,DEU,2020-03-17,8.276
Germany,DEU,2020-03-18,10.327
Germany,DEU,2020-03-19,13.566
Germany,DEU,2020-03-20,16.841
Germany,DEU,2020-03-21,20.283
Germany,DEU,2020-03-22,24.217
Germany,DEU,2020-03-23,26.808
Germany,DEU,2020-03-24,30.431
Germany,DEU,2020-03-25,36.008
Germany,DEU,2020-03-26,41.898
Germany,DEU,2020-03-27,47.775
Germany,DEU,2020-03-28,53.629
Germany,DEU,2020-03-29,58.414
Germany,DEU,2020-03-30,61.797
Germany,DEU,2020-03-31,65.779
Germany,DEU,2020-04-01,70.901
Germany,DEU,2020-04-02,73.564
Germany,DEU,2020-04-03,75.123
Germany,DEU,2020-04-04,76.227
Germany,DEU,2020-04-05,74.835
Germany,DEU,2020-04-06,73.264
Germany,DEU,2020-04-07,72.412
Germany,DEU,2020-04-08,69.426
Germany,DEU,2020-04-09,67.518
Germany,DEU,2020-04-10,65.419
Germany,DEU,2020-04-11,59.806
Germany,DEU,2020-04-12,57.719
Germany,DEU,2020-04-13,56.951
Germany,DEU,2020-04-14,52.429
Germany,DEU,2020-04-15,48.903
Germany,DEU,2020-04-16,46.456
Germany,DEU,2020-04-17,43.901
Germany,DEU,2020-04-18,43.829
Germany,DEU,2020-04-19,42.15
Germany,DEU,2020-04-20,40.698
Germany,DEU,2020-04-21,41.094
Germany,DEU,2020-04-22,38.971
Germany,DEU,2020-04-23,36.032
Germany,DEU,2020-04-24,32.794
Germany,DEU,2020-04-25,30.335
Germany,DEU,2020-04-26,28.643
Germany,DEU,2020-04-27,26.832
Germany,DEU,2020-04-28,24.685
Germany,DEU,2020-04-29,23.594
Germany,DEU,2020-04-30,21.231
Germany,DEU,2020-05-01,20.559
Germany,DEU,2020-05-02,18.508
Germany,DEU,2020-05-03,16.973
Germany,DEU,2020-05-04,16.397
Germany,DEU,2020-05-05,15.485
Germany,DEU,2020-05-06,14.298
Germany,DEU,2020-05-07,13.974
Germany,DEU,2020-05-08,13.242
Germany,DEU,2020-05-09,13.326
Germany,DEU,2020-05-10,13.122
Germany,DEU,2020-05-11,12.99
Germany,DEU,2020-05-12,12.786
Germany,DEU,2020-05-13,12.067
Germany,DEU,2020-05-14,11.047
Germany,DEU,2020-05-15,10.088
Germany,DEU,2020-05-16,9.728
Germany,DEU,2020-05-17,9.368
Germany,DEU,2020-05-18,9.152
Germany,DEU,2020-05-19,8.252
Germany,DEU,2020-05-20,7.809
Germany,DEU,2020-05-21,7.509
Germany,DEU,2020-05-22,6.717
Germany,DEU,2020-05-23,6.345
Germany,DEU,2020-05-24,6.237
Germany,DEU,2020-05-25,6.177
Germany,DEU,2020-05-26,6.261
Germany,DEU,2020-05-27,5.865
Germany,DEU,2020-05-28,5.47
Germany,DEU,2020-05-29,5.745
Germany,DEU,2020-05-30,5.338
Germany,DEU,2020-05-31,5.218
Germany,DEU,2020-06-01,5.026
Germany,DEU,2020-06-02,4.39
Germany,DEU,2020-06-03,4.042
Germany,DEU,2020-06-04,4.078
Germany,DEU,2020-06-05,3.802
Germany,DEU,2020-06-06,3.694
Germany,DEU,2020-06-07,3.682
Germany,DEU,2020-06-08,3.67
Germany,DEU,2020-06-09,3.73
Germany,DEU,2020-06-10,3.598
Germany,DEU,2020-06-11,3.407
Germany,DEU,2020-06-12,3.191
Germany,DEU,2020-06-13,3.395
Germany,DEU,2020-06-14,3.335
Germany,DEU,2020-06-15,3.514
Germany,DEU,2020-06-16,3.574
Germany,DEU,2020-06-17,3.826
Germany,DEU,2020-06-18,3.718
Germany,DEU,2020-06-19,3.922
Germany,DEU,2020-06-20,3.922
Germany,DEU,2020-06-21,3.982
Germany,DEU,2020-06-22,3.874
Germany,DEU,2020-06-23,3.922
Germany,DEU,2020-06-24,3.826
Germany,DEU,2020-06-25,3.862
Germany,DEU,2020-06-26,3.91
Germany,DEU,2020-06-27,3.874
Germany,DEU,2020-06-28,3.706
Germany,DEU,2020-06-29,3.562
Germany,DEU,2020-06-30,3.646
Germany,DEU,2020-07-01,3.514
Germany,DEU,2020-07-02,3.359
Germany,DEU,2020-07-03,3.215
Germany,DEU,2020-07-04,3.155
Germany,DEU,2020-07-05,3.143
Germany,DEU,2020-07-06,3.143
Germany,DEU,2020-07-07,3.047
Germany,DEU,2020-07-08,2.987
Germany,DEU,2020-07-09,3.203
Germany,DEU,2020-07-10,3.131
Germany,DEU,2020-07-11,2.999
Germany,DEU,2020-07-12,3.083
Germany,DEU,2020-07-13,3.095
Germany,DEU,2020-07-14,3.131
Germany,DEU,2020-07-15,3.167
Germany,DEU,2020-07-16,3.263
Germany,DEU,2020-07-17,3.502
Germany,DEU,2020-07-18,3.706
Germany,DEU,2020-07-19,3.754
Germany,DEU,2020-07-20,3.862
Germany,DEU,2020-07-21,3.982
Germany,DEU,2020-07-22,4.114
Germany,DEU,2020-07-23,4.102
Germany,DEU,2020-07-24,3.97
Germany,DEU,2020-07-25,4.006
Germany,DEU,2020-07-26,4.162
Germany,DEU,2020-07-27,4.018
Germany,DEU,2020-07-28,4.114
Germany,DEU,2020-07-29,4.15
Germany,DEU,2020-07-30,4.294
Germany,DEU,2020-07-31,4.438
Germany,DEU,2020-08-01,4.45
Germany,DEU,2020-08-02,4.39
Germany,DEU,2020-08-03,4.642
Germany,DEU,2020-08-04,4.618
Germany,DEU,2020-08-05,4.93
Germany,DEU,2020-08-06,4.834
Germany,DEU,2020-08-07,4.834
Germany,DEU,2020-08-08,4.942
Germany,DEU,2020-08-09,5.014
Germany,DEU,2020-08-10,4.87
Germany,DEU,2020-08-11,5.122
Germany,DEU,2020-08-12,4.894
Germany,DEU,2020-08-13,5.086
Germany,DEU,2020-08-14,5.29
Germany,DEU,2020-08-15,5.374
Germany,DEU,2020-08-16,5.242
Germany,DEU,2020-08-17,5.35
Germany,DEU,2020-08-18,5.35
Germany,DEU,2020-08-19,5.482
Germany,DEU,2020-08-20,5.326
Germany,DEU,2020-08-21,5.302
Germany,DEU,2020-08-22,5.266
Germany,DEU,2020-08-23,5.35
Germany,DEU,2020-08-24,5.218
Germany,DEU,2020-08-25,5.11
Germany,DEU,2020-08-26,4.93
Germany,DEU,2020-08-27,4.762
Germany,DEU,2020-08-28,4.738
Germany,DEU,2020-08-29,4.594
Germany,DEU,2020-08-30,4.462
Germany,DEU,2020-08-31,4.51
Germany,DEU,2020-09-01,4.402
Germany,DEU,2020-09-02,4.522
Germany,DEU,2020-09-03,4.522
Germany,DEU,2020-09-04,4.45
Germany,DEU,2020-09-05,4.522
Germany,DEU,2020-09-06,4.774
Germany,DEU,2020-09-07,4.858
Germany,DEU,2020-09-08,4.87
Germany,DEU,2020-09-09,4.858
Germany,DEU,2020-09-10,5.134
Germany,DEU,2020-09-11,5.338
Germany,DEU,2020-09-12,5.386
Germany,DEU,2020-09-13,5.494
Germany,DEU,2020-09-14,5.686
Germany,DEU,2020-09-15,6.033
Germany,DEU,2020-09-16,6.561
Germany,DEU,2020-09-17,6.933
Germany,DEU,2020-09-18,7.701
Germany,DEU,2020-09-19,8.228
Germany,DEU,2020-09-20,8.204
Germany,DEU,2020-09-21,8.228
Germany,DEU,2020-09-22,8.588
Germany,DEU,2020-09-23,8.552
Germany,DEU,2020-09-24,8.972
Germany,DEU,2020-09-25,9.068
Germany,DEU,2020-09-26,9.044
Germany,DEU,2020-09-27,9.356
Germany,DEU,2020-09-28,9.44
Germany,DEU,2020-09-29,9.56
Germany,DEU,2020-09-30,9.908
Germany,DEU,2020-10-01,10.04
Germany,DEU,2020-10-02,9.956
Germany,DEU,2020-10-03,10.172
Germany,DEU,2020-10-04,10.567
Germany,DEU,2020-10-05,10.687
Germany,DEU,2020-10-06,11.515
Germany,DEU,2020-10-07,12.81
Germany,DEU,2020-10-08,14.538
Germany,DEU,2020-10-09,16.169
Germany,DEU,2020-10-10,17.8
Germany,DEU,2020-10-11,18.724
Germany,DEU,2020-10-12,19.431
Germany,DEU,2020-10-13,20.775
Germany,DEU,2020-10-14,21.423
Germany,DEU,2020-10-15,22.682
Germany,DEU,2020-10-16,24.337
Germany,DEU,2020-10-17,26.173
Germany,DEU,2020-10-18,27.18
Germany,DEU,2020-10-19,28.428
Germany,DEU,2020-10-20,30.455
Germany,DEU,2020-10-21,33.669
Germany,DEU,2020-10-22,37.352
Germany,DEU,2020-10-23,41.022
Germany,DEU,2020-10-24,44.524
Germany,DEU,2020-10-25,47.859
Germany,DEU,2020-10-26,50.102
Germany,DEU,2020-10-27,54.084
Germany,DEU,2020-10-28,58.318
Germany,DEU,2020-10-29,61.713
Germany,DEU,2020-10-30,64.64
Germany,DEU,2020-10-31,68.19
Germany,DEU,2020-11-01,70.229
Germany,DEU,2020-11-02,72.196
Germany,DEU,2020-11-03,75.123
Germany,DEU,2020-11-04,77.99
Germany,DEU,2020-11-05,79.705
Germany,DEU,2020-11-06,81.96
Germany,DEU,2020-11-07,82.692
Germany,DEU,2020-11-08,82.992
Germany,DEU,2020-11-09,83.304
Germany,DEU,2020-11-10,83.304
Germany,DEU,2020-11-11,83.399
Germany,DEU,2020-11-12,85.007
Germany,DEU,2020-11-13,87.418
Germany,DEU,2020-11-14,89.529
Germany,DEU,2020-11-15,91.88
Germany,DEU,2020-11-16,91.796
Germany,DEU,2020-11-17,93.475
Germany,DEU,2020-11-18,97.193
Germany,DEU,2020-11-19,97.781
Germany,DEU,2020-11-20,98.321
Germany,DEU,2020-11-21,99.209
Germany,DEU,2020-11-22,97.973
Germany,DEU,2020-11-23,98.537
Germany,DEU,2020-11-24,99.616
Germany,DEU,2020-11-25,98.549
Germany,DEU,2020-11-26,100.384
Germany,DEU,2020-11-27,100.252
Germany,DEU,2020-11-28,99.988
Germany,DEU,2020-11-29,101.236
Germany,DEU,2020-11-30,101.152
Germany,DEU,2020-12-01,100.924
Germany,DEU,2020-12-02,102.483
Germany,DEU,2020-12-03,103.455
Germany,DEU,2020-12-04,106.813
Germany,DEU,2020-12-05,109.416
Germany,DEU,2020-12-06,109.836
Germany,DEU,2020-12-07,111.299
Germany,DEU,2020-12-08,114.478
Germany,DEU,2020-12-09,118.352
Germany,DEU,2020-12-10,122.466
Germany,DEU,2020-12-11,126.569
Germany,DEU,2020-12-12,130.119
Germany,DEU,2020-12-13,134.341
Germany,DEU,2020-12-14,136.392
Germany,DEU,2020-12-15,139.223
Germany,DEU,2020-12-16,142.666
Germany,DEU,2020-12-17,145.772
Germany,DEU,2020-12-18,147.439
Germany,DEU,2020-12-19,150.882
Germany,DEU,2020-12-20,151.578
Germany,DEU,2020-12-21,152.249
Germany,DEU,2020-12-22,153.149
Germany,DEU,2020-12-23,155.824
Germany,DEU,2020-12-24,157.599
Germany,DEU,2020-12-25,147.439
Germany,DEU,2020-12-26,134.377
Germany,DEU,2020-12-27,132.038
Germany,DEU,2020-12-28,133.825
Germany,DEU,2020-12-29,134.209
Germany,DEU,2020-12-30,136.524
Germany,DEU,2020-12-31,135.001
Germany,DEU,2021-01-01,136.116
Germany,DEU,2021-01-02,134.569
Germany,DEU,2021-01-03,133.969
Germany,DEU,2021-01-04,132.95
Germany,DEU,2021-01-05,130.923
Germany,DEU,2021-01-06,126.629
Germany,DEU,2021-01-07,122.574
Germany,DEU,2021-01-08,128.86
Germany,DEU,2021-01-09,140.099
Germany,DEU,2021-01-10,139.991
Germany,DEU,2021-01-11,135.84
Germany,DEU,2021-01-12,132.794
Germany,DEU,2021-01-13,129.327
Germany,DEU,2021-01-14,128.104
Germany,DEU,2021-01-15,125.465
Germany,DEU,2021-01-16,122.49
Germany,DEU,2021-01-17,121.147
Germany,DEU,2021-01-18,120.907
Germany,DEU,2021-01-19,118.352
Germany,DEU,2021-01-20,116.097
Germany,DEU,2021-01-21,115.258
Germany,DEU,2021-01-22,112.583
Germany,DEU,2021-01-23,109.932
Germany,DEU,2021-01-24,109.476
Germany,DEU,2021-01-25,107.713
Germany,DEU,2021-01-26,106.189
Germany,DEU,2021-01-27,102.663
Germany,DEU,2021-01-28,100.432
Germany,DEU,2021-01-29,97.649
Germany,DEU,2021-01-30,95.154
Germany,DEU,2021-01-31,92.252
Germany,DEU,2021-02-01,91.208
Germany,DEU,2021-02-02,89.205
Germany,DEU,2021-02-03,87.202
Germany,DEU,2021-02-04,83.723
Germany,DEU,2021-02-05,82.824
Germany,DEU,2021-02-06,80.449
Germany,DEU,2021-02-07,79.585
Germany,DEU,2021-02-08,78.566
Germany,DEU,2021-02-09,75.951
Germany,DEU,2021-02-10,72.376
Germany,DEU,2021-02-11,70.157
Germany,DEU,2021-02-12,66.475
Germany,DEU,2021-02-13,64.916
Germany,DEU,2021-02-14,62.888
Germany,DEU,2021-02-15,63.128
Germany,DEU,2021-02-16,62.505
Germany,DEU,2021-02-17,62.745
Germany,DEU,2021-02-18,61.665
Germany,DEU,2021-02-19,61.989
Germany,DEU,2021-02-20,61.221
Germany,DEU,2021-02-21,62.541
Germany,DEU,2021-02-22,61.869
Germany,DEU,2021-02-23,61.761
Germany,DEU,2021-02-24,60.957
Germany,DEU,2021-02-25,60.897
Germany,DEU,2021-02-26,59.938
Germany,DEU,2021-02-27,59.734
Germany,DEU,2021-02-28,59.134
Germany,DEU,2021-03-01,58.498
Germany,DEU,2021-03-02,57.827
Germany,DEU,2021-03-03,57.335
Germany,DEU,2021-03-04,56.063
Germany,DEU,2021-03-05,54.768
Germany,DEU,2021-03-06,54.012
Germany,DEU,2021-03-07,53.736
Germany,DEU,2021-03-08,53.521
Germany,DEU,2021-03-09,52.801
Germany,DEU,2021-03-10,53.113
Germany,DEU,2021-03-11,53.533
Germany,DEU,2021-03-12,55.608
Germany,DEU,2021-03-13,56.759
Germany,DEU,2021-03-14,58.031
Germany,DEU,2021-03-15,59.374
Germany,DEU,2021-03-16,61.089
Germany,DEU,2021-03-17,62.96
Germany,DEU,2021-03-18,64.724
Germany,DEU,2021-03-19,65.923
Germany,DEU,2021-03-20,68.022
Germany,DEU,2021-03-21,68.442
Germany,DEU,2021-03-22,69.522
Germany,DEU,2021-03-23,70.877
Germany,DEU,2021-03-24,72.784
Germany,DEU,2021-03-25,75.939
Germany,DEU,2021-03-26,78.29
Germany,DEU,2021-03-27,80.353
Germany,DEU,2021-03-28,82.224
Germany,DEU,2021-03-29,82.98
Germany,DEU,2021-03-30,84.743
Germany,DEU,2021-03-31,85.882
Germany,DEU,2021-04-01,86.974
Germany,DEU,2021-04-02,87.358
Germany,DEU,2021-04-03,84.503
Germany,DEU,2021-04-04,83.579
Germany,DEU,2021-04-05,83.879
Germany,DEU,2021-04-06,81.048
Germany,DEU,2021-04-07,78.997
Germany,DEU,2021-04-08,81.696
Germany,DEU,2021-04-09,84.083
Germany,DEU,2021-04-10,89.097
Germany,DEU,2021-04-11,90.86
Germany,DEU,2021-04-12,91.82
Germany,DEU,2021-04-13,95.802
Germany,DEU,2021-04-14,99.424
Germany,DEU,2021-04-15,97.601
Germany,DEU,2021-04-16,96.042
Germany,DEU,2021-04-17,95.106
Germany,DEU,2021-04-18,95.058
Germany,DEU,2021-04-19,94.866
Germany,DEU,2021-04-20,95.802
Germany,DEU,2021-04-21,96.678
Germany,DEU,2021-04-22,96.378
Germany,DEU,2021-04-23,97.181
Germany,DEU,2021-04-24,97.457
Germany,DEU,2021-04-25,97.301
Germany,DEU,2021-04-26,96.438
Germany,DEU,2021-04-27,94.591
Germany,DEU,2021-04-28,91.472
Germany,DEU,2021-04-29,89.241
Germany,DEU,2021-04-30,86.17
Germany,DEU,2021-05-01,83.591
Germany,DEU,2021-05-02,82.392
Germany,DEU,2021-05-03,81.564
Germany,DEU,2021-05-04,79.705
Germany,DEU,2021-05-05,77.222
Germany,DEU,2021-05-06,75.123
Germany,DEU,2021-05-07,72.832
Germany,DEU,2021-05-08,70.505
Germany,DEU,2021-05-09,67.638
Germany,DEU,2021-05-10,66.331
Germany,DEU,2021-05-11,64.148
Germany,DEU,2021-05-12,62.229
Germany,DEU,2021-05-13,59.698
Germany,DEU,2021-05-14,54.612
Germany,DEU,2021-05-15,50.198
Germany,DEU,2021-05-16,49.37
Germany,DEU,2021-05-17,48.915
Germany,DEU,2021-05-18,47.163
Germany,DEU,2021-05-19,43.661
Germany,DEU,2021-05-20,40.386
Germany,DEU,2021-05-21,39.607
Germany,DEU,2021-05-22,38.851
Germany,DEU,2021-05-23,35.984
Germany,DEU,2021-05-24,33.633
Germany,DEU,2021-05-25,29.663
Germany,DEU,2021-05-26,26.328
Germany,DEU,2021-05-27,24.649
Germany,DEU,2021-05-28,23.198
Germany,DEU,2021-05-29,21.639
Germany,DEU,2021-05-30,20.919
Germany,DEU,2021-05-31,20.643
Germany,DEU,2021-06-01,21.075
Germany,DEU,2021-06-02,20.379
Germany,DEU,2021-06-03,18.04
Germany,DEU,2021-06-04,16.385
Germany,DEU,2021-06-05,14.778
Germany,DEU,2021-06-06,14.058
Germany,DEU,2021-06-07,13.722
Germany,DEU,2021-06-08,13.002
Germany,DEU,2021-06-09,12.199
Germany,DEU,2021-06-10,11.407
Germany,DEU,2021-06-11,11.215
Germany,DEU,2021-06-12,10.915
Germany,DEU,2021-06-13,10.088
Germany,DEU,2021-06-14,9.716
Germany,DEU,2021-06-15,9.26
Germany,DEU,2021-06-16,8.312
Germany,DEU,2021-06-17,7.737
Germany,DEU,2021-06-18,7.089
Germany,DEU,2021-06-19,6.633
Germany,DEU,2021-06-20,6.585
Germany,DEU,2021-06-21,6.345
Germany,DEU,2021-06-22,5.985
Germany,DEU,2021-06-23,5.733
Germany,DEU,2021-06-24,5.35
Germany,DEU,2021-06-25,5.074
Germany,DEU,2021-06-26,4.786
Germany,DEU,2021-06-27,4.546
Germany,DEU,2021-06-28,4.402
Germany,DEU,2021-06-29,4.162
Germany,DEU,2021-06-30,3.958
Germany,DEU,2021-07-01,3.898
Germany,DEU,2021-07-02,3.982
Germany,DEU,2021-07-03,3.97
Germany,DEU,2021-07-04,3.85
Germany,DEU,2021-07-05,3.85
Germany,DEU,2021-07-06,3.958
Germany,DEU,2021-07-07,4.018
Germany,DEU,2021-07-08,3.958
Germany,DEU,2021-07-09,3.778
Germany,DEU,2021-07-10,4.042
Germany,DEU,2021-07-11,4.366
Germany,DEU,2021-07-12,4.366
Germany,DEU,2021-07-13,4.414
Germany,DEU,2021-07-14,4.51
Germany,DEU,2021-07-15,4.714
Germany,DEU,2021-07-16,4.75
Germany,DEU,2021-07-17,4.774
Germany,DEU,2021-07-18,4.75
Germany,DEU,2021-07-19,4.978
Germany,DEU,2021-07-20,5.386
Germany,DEU,2021-07-21,5.662
Germany,DEU,2021-07-22,6.033
Germany,DEU,2021-07-23,6.489
Germany,DEU,2021-07-24,6.849
Germany,DEU,2021-07-25,7.125
Germany,DEU,2021-07-26,7.053
Germany,DEU,2021-07-27,6.921
Germany,DEU,2021-07-28,7.653
Germany,DEU,2021-07-29,8.24
Germany,DEU,2021-07-30,8.576
Germany,DEU,2021-07-31,9.032
Germany,DEU,2021-08-01,9.128
Germany,DEU,2021-08-02,9.476
Germany,DEU,2021-08-03,10.363
Germany,DEU,2021-08-04,10.639
Germany,DEU,2021-08-05,10.675
Germany,DEU,2021-08-06,11.179
Germany,DEU,2021-08-07,11.527
Germany,DEU,2021-08-08,12.019
Germany,DEU,2021-08-09,12.127
Germany,DEU,2021-08-10,12.702
Germany,DEU,2021-08-11,13.938
Germany,DEU,2021-08-12,15.485
Germany,DEU,2021-08-13,16.985
Germany,DEU,2021-08-14,18.304
Germany,DEU,2021-08-15,19.276
Germany,DEU,2021-08-16,20.187
Germany,DEU,2021-08-17,21.698
Germany,DEU,2021-08-18,23.318
Germany,DEU,2021-08-19,24.685
Germany,DEU,2021-08-20,25.813
Germany,DEU,2021-08-21,26.784
Germany,DEU,2021-08-22,27.636
Germany,DEU,2021-08-23,28.392
Germany,DEU,2021-08-24,30.143
Germany,DEU,2021-08-25,32.398
Germany,DEU,2021-08-26,34.293
Germany,DEU,2021-08-27,35.588
Germany,DEU,2021-08-28,36.908
Germany,DEU,2021-08-29,38.191
Germany,DEU,2021-08-30,38.491
Germany,DEU,2021-08-31,38.155
Germany,DEU,2021-09-01,38.575
Germany,DEU,2021-09-02,38.623
Germany,DEU,2021-09-03,38.959
Germany,DEU,2021-09-04,39.511
Germany,DEU,2021-09-05,39.427
Germany,DEU,2021-09-06,39.463
Germany,DEU,2021-09-07,39.739
Germany,DEU,2021-09-08,39.715
Germany,DEU,2021-09-09,39.835
Germany,DEU,2021-09-10,40.242
Germany,DEU,2021-09-11,40.278
Germany,DEU,2021-09-12,40.05
Germany,DEU,2021-09-13,39.763
Germany,DEU,2021-09-14,39.619
Germany,DEU,2021-09-15,38.383
Germany,DEU,2021-09-16,37.699
Germany,DEU,2021-09-17,36.356
Germany,DEU,2021-09-18,35.133
Germany,DEU,2021-09-19,34.293
Germany,DEU,2021-09-20,33.609
Germany,DEU,2021-09-21,32.602
Germany,DEU,2021-09-22,31.678
Germany,DEU,2021-09-23,30.791
Germany,DEU,2021-09-24,30.707
Germany,DEU,2021-09-25,30.263
Germany,DEU,2021-09-26,29.855
Germany,DEU,2021-09-27,29.843
Germany,DEU,2021-09-28,30.059
Germany,DEU,2021-09-29,31.21
Germany,DEU,2021-09-30,31.582
Germany,DEU,2021-10-01,30.874
Germany,DEU,2021-10-02,30.767
Germany,DEU,2021-10-03,30.755
Germany,DEU,2021-10-04,30.659
Germany,DEU,2021-10-05,30.119
Germany,DEU,2021-10-06,29.027
Germany,DEU,2021-10-07,29.063
Germany,DEU,2021-10-08,29.675
Germany,DEU,2021-10-09,30.575
Germany,DEU,2021-10-10,31.246
Germany,DEU,2021-10-11,31.57
Germany,DEU,2021-10-12,32.698
Germany,DEU,2021-10-13,33.513
Germany,DEU,2021-10-14,33.753
Germany,DEU,2021-10-15,34.941
Germany,DEU,2021-10-16,35.576
Germany,DEU,2021-10-17,36.104
Germany,DEU,2021-10-18,36.848
Germany,DEU,2021-10-19,39.511
Germany,DEU,2021-10-20,43.865
Germany,DEU,2021-10-21,47.451
Germany,DEU,2021-10-22,50.45
Germany,DEU,2021-10-23,53.772
Germany,DEU,2021-10-24,56.339
Germany,DEU,2021-10-25,57.155
Germany,DEU,2021-10-26,58.726
Germany,DEU,2021-10-27,60.01
Germany,DEU,2021-10-28,63.968
Germany,DEU,2021-10-29,66.607
Germany,DEU,2021-10-30,68.658
Germany,DEU,2021-10-31,69.618
Germany,DEU,2021-11-01,71.033
Germany,DEU,2021-11-02,70.085
Germany,DEU,2021-11-03,72.652
Germany,DEU,2021-11-04,75.651
Germany,DEU,2021-11-05,79.093
Germany,DEU,2021-11-06,82.224
Germany,DEU,2021-11-07,83.711
Germany,DEU,2021-11-08,84.779
Germany,DEU,2021-11-09,90.32
Germany,DEU,2021-11-10,94.219
Germany,DEU,2021-11-11,95.574
Germany,DEU,2021-11-12,98.453
Germany,DEU,2021-11-13,100.948
Germany,DEU,2021-11-14,103.071
Germany,DEU,2021-11-15,105.602
Germany,DEU,2021-11-16,108.792
Germany,DEU,2021-11-17,113.554
Germany,DEU,2021-11-18,116.901
Germany,DEU,2021-11-19,119.312
Germany,DEU,2021-11-20,122.55
Germany,DEU,2021-11-21,123.234
Germany,DEU,2021-11-22,124.757
Germany,DEU,2021-11-23,127.66
Germany,DEU,2021-11-24,129.219
Germany,DEU,2021-11-25,131.27
Germany,DEU,2021-11-26,132.314
Germany,DEU,2021-11-27,132.266
Germany,DEU,2021-11-28,133.37
Germany,DEU,2021-11-29,132.374
Germany,DEU,2021-11-30,130.863
Germany,DEU,2021-12-01,127.696
Germany,DEU,2021-12-02,127.756
Germany,DEU,2021-12-03,127
Germany,DEU,2021-12-04,126.653
Germany,DEU,2021-12-05,126.892
Germany,DEU,2021-12-06,127.6
Germany,DEU,2021-12-07,128.644
Germany,DEU,2021-12-08,129.519
Germany,DEU,2021-12-09,127.228
Germany,DEU,2021-12-10,125.441
Germany,DEU,2021-12-11,122.502
Germany,DEU,2021-12-12,121.123
Germany,DEU,2021-12-13,118.052
Germany,DEU,2021-12-14,113.602
Germany,DEU,2021-12-15,111.167
Germany,DEU,2021-12-16,107.569
Germany,DEU,2021-12-17,103.91
Germany,DEU,2021-12-18,100.816
Germany,DEU,2021-12-19,97.961
Germany,DEU,2021-12-20,96.822
Germany,DEU,2021-12-21,94.039
Germany,DEU,2021-12-22,89.241
Germany,DEU,2021-12-23,84.539
Germany,DEU,2021-12-24,80.677
Germany,DEU,2021-12-25,73.036
Germany,DEU,2021-12-26,67.998
Germany,DEU,2021-12-27,66.835
Germany,DEU,2021-12-28,65.491
Germany,DEU,2021-12-29,64.22
Germany,DEU,2021-12-30,63.896
Germany,DEU,2021-12-31,63.908
Germany,DEU,2022-01-01,64.58
Germany,DEU,2022-01-02,64.604
Germany,DEU,2022-01-03,64.712
Germany,DEU,2022-01-04,65.443
Germany,DEU,2022-01-05,64.844
Germany,DEU,2022-01-06,64.1
Germany,DEU,2022-01-07,61.437
Germany,DEU,2022-01-08,63.956
Germany,DEU,2022-01-09,65.431
Germany,DEU,2022-01-10,64.76
Germany,DEU,2022-01-11,63.308
Germany,DEU,2022-01-12,60.705
Germany,DEU,2022-01-13,60.07
Germany,DEU,2022-01-14,61.257
Germany,DEU,2022-01-15,62.049
Germany,DEU,2022-01-16,62.697
Germany,DEU,2022-01-17,63.356
Germany,DEU,2022-01-18,65.575
Germany,DEU,2022-01-19,68.682
Germany,DEU,2022-01-20,72.412
Germany,DEU,2022-01-21,75.963
Germany,DEU,2022-01-22,80.305
Germany,DEU,2022-01-23,82.032
Germany,DEU,2022-01-24,84.731
Germany,DEU,2022-01-25,88.833
Germany,DEU,2022-01-26,92.899
Germany,DEU,2022-01-27,94.914
Germany,DEU,2022-01-28,97.409
Germany,DEU,2022-01-29,99.293
Germany,DEU,2022-01-30,101.524
Germany,DEU,2022-01-31,101.871
Germany,DEU,2022-02-01,103.395
Germany,DEU,2022-02-02,106.885
Germany,DEU,2022-02-03,111.851
Germany,DEU,2022-02-04,117.477
Germany,DEU,2022-02-05,121.159
Germany,DEU,2022-02-06,122.55
Germany,DEU,2022-02-07,123.678
Germany,DEU,2022-02-08,127.252
Germany,DEU,2022-02-09,130.611
Germany,DEU,2022-02-10,131.211
Germany,DEU,2022-02-11,130.335
Germany,DEU,2022-02-12,129.627
Germany,DEU,2022-02-13,128.452
Germany,DEU,2022-02-14,127.624
Germany,DEU,2022-02-15,126.425
Germany,DEU,2022-02-16,125.921
Germany,DEU,2022-02-17,126.425
Germany,DEU,2022-02-18,126.952
Germany,DEU,2022-02-19,126.724
Germany,DEU,2022-02-20,127.624
Germany,DEU,2022-02-21,128.428
Germany,DEU,2022-02-22,129.327
Germany,DEU,2022-02-23,127.984
Germany,DEU,2022-02-24,126.904
Germany,DEU,2022-02-25,125.153
Germany,DEU,2022-02-26,124.517
Germany,DEU,2022-02-27,124.421
Germany,DEU,2022-02-28,123.138
Germany,DEU,2022-03-01,120.763
Germany,DEU,2022-03-02,119.42
Germany,DEU,2022-03-03,118.928
Germany,DEU,2022-03-04,119.732
Germany,DEU,2022-03-05,119.947
Germany,DEU,2022-03-06,119.384
Germany,DEU,2022-03-07,120.151
Germany,DEU,2022-03-08,122.298
Germany,DEU,2022-03-09,126.796
Germany,DEU,2022-03-10,129.975
Germany,DEU,2022-03-11,133.142
Germany,DEU,2022-03-12,136.296
Germany,DEU,2022-03-13,138.383
Germany,DEU,2022-03-14,139.715
Germany,DEU,2022-03-15,145.844
Germany,DEU,2022-03-16,148.519
Germany,DEU,2022-03-17,150.906
Germany,DEU,2022-03-18,152.633
Germany,DEU,2022-03-19,153.545
Germany,DEU,2022-03-20,152.393
Germany,DEU,2022-03-21,151.53
Germany,DEU,2022-03-22,150.342
Germany,DEU,2022-03-23,150.702
Germany,DEU,2022-03-24,150.414
Germany,DEU,2022-03-25,149.035
Germany,DEU,2022-03-26,148.927
Germany,DEU,2022-03-27,149.359
Germany,DEU,2022-03-28,149.598
Germany,DEU,2022-03-29,149.443
Germany,DEU,2022-03-30,147.799
Germany,DEU,2022-03-31,145.232
Germany,DEU,2022-04-01,142.821
Germany,DEU,2022-04-02,137.604
Germany,DEU,2022-04-03,134.353
Germany,DEU,2022-04-04,131.834
Germany,DEU,2022-04-05,128.38
Germany,DEU,2022-04-06,123.342
Germany,DEU,2022-04-07,120.643
Germany,DEU,2022-04-08,117.596
Germany,DEU,2022-04-09,117.153
Germany,DEU,2022-04-10,116.349
Germany,DEU,2022-04-11,116.421
Germany,DEU,2022-04-12,115.905
Germany,DEU,2022-04-13,114.37
Germany,DEU,2022-04-14,110.747
Germany,DEU,2022-04-15,109.512
Germany,DEU,2022-04-16,98.885
Germany,DEU,2022-04-17,96.954
Germany,DEU,2022-04-18,95.106
Germany,DEU,2022-04-19,79.501
Germany,DEU,2022-04-20,83.052
Germany,DEU,2022-04-21,85.618
Germany,DEU,2022-04-22,84.887
Germany,DEU,2022-04-23,92.42
Germany,DEU,2022-04-24,91.988
Germany,DEU,2022-04-25,92.288
Germany,DEU,2022-04-26,104.006
Germany,DEU,2022-04-27,94.327
Germany,DEU,2022-04-28,87.322
Germany,DEU,2022-04-29,82.62
Germany,DEU,2022-04-30,79.345
Germany,DEU,2022-05-01,78.026
Germany,DEU,2022-05-02,76.49
Germany,DEU,2022-05-03,72.652
Germany,DEU,2022-05-04,71.237
Germany,DEU,2022-05-05,69.641
Germany,DEU,2022-05-06,68.55
Germany,DEU,2022-05-07,67.027
Germany,DEU,2022-05-08,66.295
Germany,DEU,2022-05-09,65.191
Germany,DEU,2022-05-10,65.359
Germany,DEU,2022-05-11,63.704
Germany,DEU,2022-05-12,61.833
Germany,DEU,2022-05-13,60.142
Germany,DEU,2022-05-14,58.738
Germany,DEU,2022-05-15,57.899
Germany,DEU,2022-05-16,57.431
Germany,DEU,2022-05-17,54.672
Germany,DEU,2022-05-18,52.285
Germany,DEU,2022-05-19,50.618
Germany,DEU,2022-05-20,48.231
Germany,DEU,2022-05-21,46.156
Germany,DEU,2022-05-22,45.808
Germany,DEU,2022-05-23,45.568
Germany,DEU,2022-05-24,42.857
Germany,DEU,2022-05-25,40.338
Germany,DEU,2022-05-26,38.131
Germany,DEU,2022-05-27,32.926
Germany,DEU,2022-05-28,33.034
Germany,DEU,2022-05-29,32.086
Germany,DEU,2022-05-30,31.858
Germany,DEU,2022-05-31,31.294
Germany,DEU,2022-06-01,31.558
Germany,DEU,2022-06-02,32.158
Germany,DEU,2022-06-03,36.788
Germany,DEU,2022-06-04,37.016
Germany,DEU,2022-06-05,37.664
Germany,DEU,2022-06-06,37.855
Germany,DEU,2022-06-07,31.678
Germany,DEU,2022-06-08,38.959
Germany,DEU,2022-06-09,42.929
Germany,DEU,2022-06-10,45.928
Germany,DEU,2022-06-11,47.655
Germany,DEU,2022-06-12,47.991
Germany,DEU,2022-06-13,48.819
Germany,DEU,2022-06-14,61.257
Germany,DEU,2022-06-15,58.522
Germany,DEU,2022-06-16,58.546
Germany,DEU,2022-06-17,54.516
Germany,DEU,2022-06-18,58.918
Germany,DEU,2022-06-19,59.842
Germany,DEU,2022-06-20,60.669
Germany,DEU,2022-06-21,66.979
Germany,DEU,2022-06-22,71.429
Germany,DEU,2022-06-23,75.015
Germany,DEU,2022-06-24,83.459
Germany,DEU,2022-06-25,84.227
Germany,DEU,2022-06-26,84.671
Germany,DEU,2022-06-27,85.391
Germany,DEU,2022-06-28,87.466
Germany,DEU,2022-06-29,89.013
Germany,DEU,2022-06-30,90.92
Germany,DEU,2022-07-01,91.496
Germany,DEU,2022-07-02,92.432
Germany,DEU,2022-07-03,92.503
Germany,DEU,2022-07-04,92.707
Germany,DEU,2022-07-05,93.151
Germany,DEU,2022-07-06,94.051
Germany,DEU,2022-07-07,96.138
Germany,DEU,2022-07-08,98.273
Germany,DEU,2022-07-09,99.388
Germany,DEU,2022-07-10,100.024
Germany,DEU,2022-07-11,100.84
Germany,DEU,2022-07-12,106.957
Germany,DEU,2022-07-13,110.052
Germany,DEU,2022-07-14,113.446
Germany,DEU,2022-07-15,117.441
Germany,DEU,2022-07-16,121.807
Germany,DEU,2022-07-17,122.286
Germany,DEU,2022-07-18,121.879
Germany,DEU,2022-07-19,122.886
Germany,DEU,2022-07-20,126.065
Germany,DEU,2022-07-21,127.336
Germany,DEU,2022-07-22,130.755
Germany,DEU,2022-07-23,130.395
Germany,DEU,2022-07-24,130.551
Germany,DEU,2022-07-25,131.27
Germany,DEU,2022-07-26,133.561
Germany,DEU,2022-07-27,132.254
Germany,DEU,2022-07-28,128.932
Germany,DEU,2022-07-29,122.862
Germany,DEU,2022-07-30,118.496
Germany,DEU,2022-07-31,117.333
Germany,DEU,2022-08-01,115.689
Germany,DEU,2022-08-02,108.636
Germany,DEU,2022-08-03,104.882
Germany,DEU,2022-08-04,101.751
Germany,DEU,2022-08-05,99.376
Germany,DEU,2022-08-06,98.477
Germany,DEU,2022-08-07,98.153
Germany,DEU,2022-08-08,97.829
Germany,DEU,2022-08-09,92.887
Germany,DEU,2022-08-10,88.113
Germany,DEU,2022-08-11,85.762
Germany,DEU,2022-08-12,83.064
Germany,DEU,2022-08-13,81.6
Germany,DEU,2022-08-14,80.929
Germany,DEU,2022-08-15,80.785
Germany,DEU,2022-08-16,78.35
Germany,DEU,2022-08-17,80.737
Germany,DEU,2022-08-18,80.161
Germany,DEU,2022-08-19,80.293
Germany,DEU,2022-08-20,78.326
Germany,DEU,2022-08-21,78.362
Germany,DEU,2022-08-22,77.618
Germany,DEU,2022-08-23,76.227
Germany,DEU,2022-08-24,71.153
Germany,DEU,2022-08-25,68.694
Germany,DEU,2022-08-26,65.443
Germany,DEU,2022-08-27,63.524
Germany,DEU,2022-08-28,63.116
Germany,DEU,2022-08-29,62.912
Germany,DEU,2022-08-30,60.238
Germany,DEU,2022-08-31,58.019
Germany,DEU,2022-09-01,56.051
Germany,DEU,2022-09-02,54.12
Germany,DEU,2022-09-03,52.945
Germany,DEU,2022-09-04,52.669
Germany,DEU,2022-09-05,52.801
Germany,DEU,2022-09-06,51.266
Germany,DEU,2022-09-07,51.026
Germany,DEU,2022-09-08,51.649
Germany,DEU,2022-09-09,52.165
Germany,DEU,2022-09-10,52.525
Germany,DEU,2022-09-11,52.189
Germany,DEU,2022-09-12,51.949
Germany,DEU,2022-09-13,53.341
Germany,DEU,2022-09-14,53.904
Germany,DEU,2022-09-15,54.144
Germany,DEU,2022-09-16,55.632
Germany,DEU,2022-09-17,56.411
Germany,DEU,2022-09-18,56.951
Germany,DEU,2022-09-19,57.323
Germany,DEU,2022-09-20,61.041
Germany,DEU,2022-09-21,64.16
Germany,DEU,2022-09-22,69.354
Germany,DEU,2022-09-23,73.6
Germany,DEU,2022-09-24,78.458
Germany,DEU,2022-09-25,80.305
Germany,DEU,2022-09-26,82.104
Germany,DEU,2022-09-27,94.483
Germany,DEU,2022-09-28,106.669
Germany,DEU,2022-09-29,114.73
Germany,DEU,2022-09-30,123.342
Germany,DEU,2022-10-01,130.575
Germany,DEU,2022-10-02,131.906
Germany,DEU,2022-10-03,133.813
Germany,DEU,2022-10-04,111.791
Germany,DEU,2022-10-05,140.674
Germany,DEU,2022-10-06,158.954
Germany,DEU,2022-10-07,171.873
Germany,DEU,2022-10-08,180.257
Germany,DEU,2022-10-09,182.212
Germany,DEU,2022-10-10,183.472
Germany,DEU,2022-10-11,230.455
Germany,DEU,2022-10-12,216.049
Germany,DEU,2022-10-13,213.279
Germany,DEU,2022-10-14,212.607
Germany,DEU,2022-10-15,214.898
Germany,DEU,2022-10-16,215.306
Germany,DEU,2022-10-17,215.318
Germany,DEU,2022-10-18,217.537
Germany,DEU,2022-10-19,219.732
Germany,DEU,2022-10-20,213.087
Germany,DEU,2022-10-21,207.725
Germany,DEU,2022-10-22,201.572
Germany,DEU,2022-10-23,199.772
Germany,DEU,2022-10-24,198.585
Germany,DEU,2022-10-25,184.503
Germany,DEU,2022-10-26,171.213
Germany,DEU,2022-10-27,162.973
Germany,DEU,2022-10-28,155.176
Germany,DEU,2022-10-29,147.319
Germany,DEU,2022-10-30,145.232
Germany,DEU,2022-10-31,143.649
Germany,DEU,2022-11-01,120.799
Germany,DEU,2022-11-02,109.512
Germany,DEU,2022-11-03,110.568
Germany,DEU,2022-11-04,107.797
Germany,DEU,2022-11-05,105.602
Germany,DEU,2022-11-06,105.542
Germany,DEU,2022-11-07,104.222
Germany,DEU,2022-11-08,109.032
Germany,DEU,2022-11-09,108.253
Germany,DEU,2022-11-10,99.077
Germany,DEU,2022-11-11,93.883
Germany,DEU,2022-11-12,91.52
Germany,DEU,2022-11-13,90.129
Germany,DEU,2022-11-14,90.141
Germany,DEU,2022-11-15,86.722
Germany,DEU,2022-11-16,85.391
Germany,DEU,2022-11-17,83.687
Germany,DEU,2022-11-18,84.383
Germany,DEU,2022-11-19,83.987
Germany,DEU,2022-11-20,84.263
Germany,DEU,2022-11-21,83.735
Germany,DEU,2022-11-22,86.098
Germany,DEU,2022-11-23,87.298
Germany,DEU,2022-11-24,88.365
Germany,DEU,2022-11-25,89.433
Germany,DEU,2022-11-26,91.508
Germany,DEU,2022-11-27,92.024
Germany,DEU,2022-11-28,92.899
Germany,DEU,2022-11-29,97.865
Germany,DEU,2022-11-30,101.979
Germany,DEU,2022-12-01,106.153
Germany,DEU,2022-12-02,109.404
Germany,DEU,2022-12-03,110.855
Germany,DEU,2022-12-04,110.927
Germany,DEU,2022-12-05,112.103
Germany,DEU,2022-12-06,115.174
Germany,DEU,2022-12-07,118.568
Germany,DEU,2022-12-08,121.243
Germany,DEU,2022-12-09,123.75
Germany,DEU,2022-12-10,128.068
Germany,DEU,2022-12-11,129.687
Germany,DEU,2022-12-12,129.891
Germany,DEU,2022-12-13,136.584
Germany,DEU,2022-12-14,142.246
Germany,DEU,2022-12-15,145.544
Germany,DEU,2022-12-16,148.483
Germany,DEU,2022-12-17,150.054
Germany,DEU,2022-12-18,150.63
Germany,DEU,2022-12-19,151.218
Germany,DEU,2022-12-20,154.252
Germany,DEU,2022-12-21,159.446
Germany,DEU,2022-12-22,163.512
Germany,DEU,2022-12-23,166.451
Germany,DEU,2022-12-24,168.106
Germany,DEU,2022-12-25,166.895
Germany,DEU,2022-12-26,165.683
Germany,DEU,2022-12-27,128.476
Germany,DEU,2022-12-28,133.322
Germany,DEU,2022-12-29,132.23
Germany,DEU,2022-12-30,129.519
Germany,DEU,2022-12-31,123.966
Germany,DEU,2023-01-01,123.606
Germany,DEU,2023-01-02,122.982
Germany,DEU,2023-01-03,151.446
Germany,DEU,2023-01-04,134.509
Germany,DEU,2023-01-05,125.969
Germany,DEU,2023-01-06,119.3
Germany,DEU,2023-01-07,112.067
Germany,DEU,2023-01-08,110.759
Germany,DEU,2023-01-09,109.38
Germany,DEU,2023-01-10,102.999
Germany,DEU,2023-01-11,95.538
Germany,DEU,2023-01-12,88.845
Germany,DEU,2023-01-13,82.116
Germany,DEU,2023-01-14,81.492
Germany,DEU,2023-01-15,80.521
Germany,DEU,2023-01-16,79.873
Germany,DEU,2023-01-17,71.261
Germany,DEU,2023-01-18,66.427
Germany,DEU,2023-01-19,62.996
Germany,DEU,2023-01-20,61.257
Germany,DEU,2023-01-21,58.762
Germany,DEU,2023-01-22,58.438
Germany,DEU,2023-01-23,58.474
Germany,DEU,2023-01-24,56.015
Germany,DEU,2023-01-25,56.975
Germany,DEU,2023-01-26,57.095
Germany,DEU,2023-01-27,58.822
Germany,DEU,2023-01-28,60.933
Germany,DEU,2023-01-29,61.221
Germany,DEU,2023-01-30,61.641
Germany,DEU,2023-01-31,63.8
Germany,DEU,2023-02-01,66.055
Germany,DEU,2023-02-02,69.174
Germany,DEU,2023-02-03,69.725
Germany,DEU,2023-02-04,72.508
Germany,DEU,2023-02-05,73.108
Germany,DEU,2023-02-06,73.408
Germany,DEU,2023-02-07,78.362
Germany,DEU,2023-02-08,80.341
Germany,DEU,2023-02-09,82.692
Germany,DEU,2023-02-10,85.87
Germany,DEU,2023-02-11,86.398
Germany,DEU,2023-02-12,87.13
Germany,DEU,2023-02-13,87.85
Germany,DEU,2023-02-14,93.283
Germany,DEU,2023-02-15,98.357
Germany,DEU,2023-02-16,103.131
Germany,DEU,2023-02-17,106.034
Germany,DEU,2023-02-18,109.464
Germany,DEU,2023-02-19,109.56
Germany,DEU,2023-02-20,110.664
Germany,DEU,2023-02-21,110.028
Germany,DEU,2023-02-22,113.434
Germany,DEU,2023-02-23,115.773
Germany,DEU,2023-02-24,117.596
Germany,DEU,2023-02-25,117.92
Germany,DEU,2023-02-26,118.484
Germany,DEU,2023-02-27,117.884
Germany,DEU,2023-02-28,122.346
Germany,DEU,2023-03-01,119.492
Germany,DEU,2023-03-02,114.406
Germany,DEU,2023-03-03,109.872
Germany,DEU,2023-03-04,106.453
Germany,DEU,2023-03-05,105.314
Germany,DEU,2023-03-06,104.462
Germany,DEU,2023-03-07,99.952
Germany,DEU,2023-03-08,98.021
Germany,DEU,2023-03-09,96.846
Germany,DEU,2023-03-10,99.748
Germany,DEU,2023-03-11,101.895
Germany,DEU,2023-03-12,102.579
Germany,DEU,2023-03-13,103.095
Germany,DEU,2023-03-14,106.957
Germany,DEU,2023-03-15,109.44
Germany,DEU,2023-03-16,111.971
Germany,DEU,2023-03-17,111.623
Germany,DEU,2023-03-18,110.927
Germany,DEU,2023-03-19,110.771
Germany,DEU,2023-03-20,110.328
Germany,DEU,2023-03-21,107.737
Germany,DEU,2023-03-22,103.791
Germany,DEU,2023-03-23,101.08
Germany,DEU,2023-03-24,97.301
Germany,DEU,2023-03-25,94.447
Germany,DEU,2023-03-26,93.103
Germany,DEU,2023-03-27,92.324
Germany,DEU,2023-03-28,85.654
Germany,DEU,2023-03-29,80.221
Germany,DEU,2023-03-30,76.083
Germany,DEU,2023-03-31,72.592
Germany,DEU,2023-04-01,69.582
Germany,DEU,2023-04-02,69.378
Germany,DEU,2023-04-03,68.874
Germany,DEU,2023-04-04,63.908
Germany,DEU,2023-04-05,62.253
Germany,DEU,2023-04-06,59.134
Germany,DEU,2023-04-07,56.567
Germany,DEU,2023-04-08,48.999
Germany,DEU,2023-04-09,48.795
Germany,DEU,2023-04-10,48.531
Germany,DEU,2023-04-11,32.41
Germany,DEU,2023-04-12,41.778
Germany,DEU,2023-04-13,42.509
Germany,DEU,2023-04-14,43.577
Germany,DEU,2023-04-15,48.867
Germany,DEU,2023-04-16,48.315
Germany,DEU,2023-04-17,47.883
Germany,DEU,2023-04-18,58.93
Germany,DEU,2023-04-19,46.696
Germany,DEU,2023-04-20,44.057
Germany,DEU,2023-04-21,41.766
Germany,DEU,2023-04-22,40.386
Germany,DEU,2023-04-23,40.062
Germany,DEU,2023-04-24,40.038
Germany,DEU,2023-04-25,38.023
Germany,DEU,2023-04-26,36.572
Germany,DEU,2023-04-27,35.396
Germany,DEU,2023-04-28,33.681
Germany,DEU,2023-04-29,32.938
Germany,DEU,2023-04-30,33.213
Germany,DEU,2023-05-01,33.022
Germany,DEU,2023-05-02,23.39
Germany,DEU,2023-05-03,27.576
Germany,DEU,2023-05-04,27.792
Germany,DEU,2023-05-05,27.996
Germany,DEU,2023-05-06,27.972
Germany,DEU,2023-05-07,27.72
Germany,DEU,2023-05-08,27.42
Germany,DEU,2023-05-09,34.365
Germany,DEU,2023-05-10,28.416
Germany,DEU,2023-05-11,26.388
Germany,DEU,2023-05-12,24.937
Germany,DEU,2023-05-13,24.169
Germany,DEU,2023-05-14,23.989
Germany,DEU,2023-05-15,23.834
Germany,DEU,2023-05-16,21.854
Germany,DEU,2023-05-17,20.163
Germany,DEU,2023-05-18,20.247
Germany,DEU,2023-05-19,17.392
Germany,DEU,2023-05-20,16.673
Germany,DEU,2023-05-21,16.589
Germany,DEU,2023-05-22,16.565
Germany,DEU,2023-05-23,16.973
Germany,DEU,2023-05-24,16.781
Germany,DEU,2023-05-25,15.989
Germany,DEU,2023-05-26,17.656
Germany,DEU,2023-05-27,16.721
Germany,DEU,2023-05-28,16.505
Germany,DEU,2023-05-29,16.325
Germany,DEU,2023-05-30,10.268
Germany,DEU,2023-05-31,11.287
Germany,DEU,2023-06-01,10.711
Germany,DEU,2023-06-02,10.615
Germany,DEU,2023-06-03,10.279
Germany,DEU,2023-06-04,10.184
Germany,DEU,2023-06-05,10.196
Germany,DEU,2023-06-06,12.942
Germany,DEU,2023-06-07,10.495
Germany,DEU,2023-06-08,9.872
Germany,DEU,2023-06-09,8.756
Germany,DEU,2023-06-10,8.816
Germany,DEU,2023-06-11,8.9
Germany,DEU,2023-06-12,9.032
Germany,DEU,2023-06-13,8.504
Germany,DEU,2023-06-14,8.264
Germany,DEU,2023-06-15,7.869
Germany,DEU,2023-06-16,8.408
Germany,DEU,2023-06-17,7.905
Germany,DEU,2023-06-18,7.785
Germany,DEU,2023-06-19,7.545
Germany,DEU,2023-06-20,6.921
Germany,DEU,2023-06-21,6.057
Germany,DEU,2023-06-22,5.865
Germany,DEU,2023-06-23,5.086
Germany,DEU,2023-06-24,4.582
Germany,DEU,2023-06-25,4.582
Germany,DEU,2023-06-26,4.522
Germany,DEU,2023-06-27,3.227
Greece,GRC,2020-09-06,19.981
Greece,GRC,2020-09-13,24.857
Greece,GRC,2020-09-20,32.697
Greece,GRC,2020-09-27,32.027
Greece,GRC,2020-10-04,38.051
Greece,GRC,2020-10-11,35.374
Greece,GRC,2020-10-18,40.058
Greece,GRC,2020-10-25,56.407
Greece,GRC,2020-11-01,91.302
Greece,GRC,2020-11-08,164.153
Greece,GRC,2020-11-15,263.772
Greece,GRC,2020-11-22,304.978
Greece,GRC,2020-11-29,274.384
Greece,GRC,2020-12-06,230.024
Greece,GRC,2020-12-13,184.803
Greece,GRC,2020-12-20,145.51
Greece,GRC,2020-12-27,97.421
Greece,GRC,2021-01-03,95.604
Greece,GRC,2021-01-10,81.837
Greece,GRC,2021-01-17,89.008
Greece,GRC,2021-01-24,69.218
Greece,GRC,2021-01-31,89.008
Greece,GRC,2021-02-07,117.02
Greece,GRC,2021-02-14,137.67
Greece,GRC,2021-02-21,145.988
Greece,GRC,2021-02-28,191.113
Greece,GRC,2021-03-07,245.894
Greece,GRC,2021-03-14,302.97
Greece,GRC,2021-03-21,316.163
Greece,GRC,2021-03-28,299.146
Greece,GRC,2021-04-04,332.225
Greece,GRC,2021-04-11,358.516
Greece,GRC,2021-04-18,342.741
Greece,GRC,2021-04-25,316.068
Greece,GRC,2021-05-02,288.534
Greece,GRC,2021-05-09,252.587
Greece,GRC,2021-05-16,209.66
Greece,GRC,2021-05-23,180.692
Greece,GRC,2021-05-30,136.141
Greece,GRC,2021-06-06,106.216
Greece,GRC,2021-06-13,70.652
Greece,GRC,2021-06-20,43.309
Greece,GRC,2021-06-27,32.792
Greece,GRC,2021-07-04,25.622
Greece,GRC,2021-07-11,41.97
Greece,GRC,2021-07-18,77.153
Greece,GRC,2021-07-25,106.599
Greece,GRC,2021-08-01,115.777
Greece,GRC,2021-08-08,131.36
Greece,GRC,2021-08-15,156.122
Greece,GRC,2021-08-22,174.956
Greece,GRC,2021-08-29,176.677
Greece,GRC,2021-09-05,154.975
Greece,GRC,2021-09-12,139.2
Greece,GRC,2021-09-19,127.536
Greece,GRC,2021-09-26,127.536
Greece,GRC,2021-10-03,108.128
Greece,GRC,2021-10-10,124.477
Greece,GRC,2021-10-17,136.427
Greece,GRC,2021-10-24,151.628
Greece,GRC,2021-10-31,185.472
Greece,GRC,2021-11-07,240.827
Greece,GRC,2021-11-14,274.671
Greece,GRC,2021-11-21,304.117
Greece,GRC,2021-11-28,317.693
Greece,GRC,2021-12-05,290.541
Greece,GRC,2021-12-12,263.103
Greece,GRC,2021-12-19,224.096
Greece,GRC,2021-12-26,212.433
Greece,GRC,2022-01-02,276.774
Greece,GRC,2022-01-09,381.748
Greece,GRC,2022-01-16,373.908
Greece,GRC,2022-01-23,328.879
Greece,GRC,2022-01-30,291.115
Greece,GRC,2022-02-06,313.391
Greece,GRC,2022-02-13,271.612
Greece,GRC,2022-02-20,242.07
Greece,GRC,2022-02-27,209.373
Greece,GRC,2022-03-06,189.87
Greece,GRC,2022-03-13,189.775
Greece,GRC,2022-03-20,225.626
Greece,GRC,2022-03-27,269.795
Greece,GRC,2022-04-03,294.652
Greece,GRC,2022-04-10,237.29
Greece,GRC,2022-04-17,164.822
Greece,GRC,2022-04-24,126.006
Greece,GRC,2022-05-01,115.299
Greece,GRC,2022-05-08,87.86
Greece,GRC,2022-05-15,74.189
Greece,GRC,2022-05-22,64.915
Greece,GRC,2022-05-29,59.561
Greece,GRC,2022-06-05,57.363
Greece,GRC,2022-06-12,64.437
Greece,GRC,2022-06-19,90.442
Greece,GRC,2022-06-26,130.213
Greece,GRC,2022-07-03,187.576
Greece,GRC,2022-07-10,219.221
Greece,GRC,2022-07-17,248.858
Greece,GRC,2022-07-24,268.17
Greece,GRC,2022-07-31,245.703
Greece,GRC,2022-08-07,224.957
Greece,GRC,2022-08-14,187.193
Greece,GRC,2022-08-21,146.37
Greece,GRC,2022-08-28,113.578
Greece,GRC,2022-09-04,93.979
Greece,GRC,2022-09-11,75.719
Greece,GRC,2022-09-18,78.491
Greece,GRC,2022-09-25,78.396
Greece,GRC,2022-10-02,102.679
Greece,GRC,2022-10-09,105.93
Greece,GRC,2022-10-16,129.544
Greece,GRC,2022-10-23,123.712
Greece,GRC,2022-10-30,126.676
Greece,GRC,2022-11-06,139.678
Greece,GRC,2022-11-13,123.521
Greece,GRC,2022-11-20,130.022
Greece,GRC,2022-11-27,123.043
Greece,GRC,2022-12-04,113.865
Greece,GRC,2022-12-11,137.097
Greece,GRC,2022-12-18,128.97
Greece,GRC,2022-12-25,119.505
Greece,GRC,2023-01-01,145.223
Greece,GRC,2023-01-08,156.026
Greece,GRC,2023-01-15,167.116
Greece,GRC,2023-01-22,146.753
Greece,GRC,2023-01-29,106.312
Greece,GRC,2023-02-05,92.163
Greece,GRC,2023-02-12,81.646
Greece,GRC,2023-02-19,90.92
Greece,GRC,2023-02-26,101.627
Greece,GRC,2023-03-05,88.434
Greece,GRC,2023-03-12,73.711
Greece,GRC,2023-03-19,68.357
Greece,GRC,2023-03-26,66.063
Greece,GRC,2023-04-02,63.768
Greece,GRC,2023-04-09,63.672
Greece,GRC,2023-04-16,67.688
Greece,GRC,2023-04-23,77.726
Greece,GRC,2023-04-30,69.982
Greece,GRC,2023-05-07,60.804
Greece,GRC,2023-05-14,53.252
Greece,GRC,2023-05-21,60.804
Greece,GRC,2023-05-28,60.135
Greece,GRC,2023-06-04,46.464
Greece,GRC,2023-06-11,34.035
Greece,GRC,2023-06-18,21.511
Greece,GRC,2023-06-25,20.173
Greece,GRC,2023-07-02,17.4
Greece,GRC,2023-07-09,18.93
Greece,GRC,2023-07-16,21.607
Greece,GRC,2023-07-23,29.255
Greece,GRC,2023-07-30,30.689
Greece,GRC,2023-08-06,44.838
Greece,GRC,2023-08-13,53.825
Greece,GRC,2023-08-20,61.282
Greece,GRC,2023-08-27,60.135
Greece,GRC,2023-09-03,59.466
Greece,GRC,2023-09-10,65.776
Greece,GRC,2023-09-17,70.078
Greece,GRC,2023-09-24,83.08
Greece,GRC,2023-10-01,82.985
Greece,GRC,2023-10-08,93.119
Greece,GRC,2023-10-15,103.444
Greece,GRC,2023-10-22,101.819
Greece,GRC,2023-10-29,86.331
Greece,GRC,2023-11-05,74.667
Greece,GRC,2023-11-12,75.814
Greece,GRC,2023-11-19,75.241
Greece,GRC,2023-11-26,80.116
Hungary,HUN,2023-01-08,10.321
Hungary,HUN,2023-01-15,5.367
Hungary,HUN,2023-01-22,3.922
Hungary,HUN,2023-01-29,4.025
Hungary,HUN,2023-02-05,3.2
Hungary,HUN,2023-02-12,4.954
Hungary,HUN,2023-02-19,3.2
Hungary,HUN,2023-02-26,6.089
Hungary,HUN,2023-03-05,5.677
Hungary,HUN,2023-03-12,4.748
Hungary,HUN,2023-03-19,8.979
Hungary,HUN,2023-03-26,5.573
Hungary,HUN,2023-04-02,6.709
Hungary,HUN,2023-04-09,4.335
Hungary,HUN,2023-04-16,6.709
Hungary,HUN,2023-04-23,4.438
Hungary,HUN,2023-04-30,6.089
Hungary,HUN,2023-05-07,5.16
Hungary,HUN,2023-05-14,3.406
Hungary,HUN,2023-05-21,2.271
Hungary,HUN,2023-10-08,10.631
Hungary,HUN,2023-10-15,11.353
Hungary,HUN,2023-10-22,11.456
Hungary,HUN,2023-10-29,11.663
Hungary,HUN,2023-11-05,10.527
Hungary,HUN,2023-11-12,11.663
Hungary,HUN,2023-11-19,11.353
Hungary,HUN,2023-11-26,15.378
Iceland,ISL,2020-10-04,42.525
Iceland,ISL,2020-10-11,61.13
Iceland,ISL,2020-10-18,45.183
Iceland,ISL,2020-10-25,140.865
Iceland,ISL,2020-11-01,71.761
Iceland,ISL,2020-11-08,58.472
Iceland,ISL,2020-11-15,26.578
Iceland,ISL,2020-11-22,10.631
Iceland,ISL,2020-11-29,10.631
Iceland,ISL,2020-12-06,2.658
Iceland,ISL,2020-12-13,2.658
Iceland,ISL,2020-12-20,7.973
Iceland,ISL,2021-01-03,0
Iceland,ISL,2021-01-10,0
Iceland,ISL,2021-01-17,2.658
Iceland,ISL,2021-01-24,10.631
Iceland,ISL,2021-01-31,2.658
Iceland,ISL,2021-02-07,5.316
Iceland,ISL,2021-02-14,0
Iceland,ISL,2021-02-21,2.658
Iceland,ISL,2021-02-28,0
Iceland,ISL,2021-03-07,0
Iceland,ISL,2021-03-14,0
Iceland,ISL,2021-03-21,7.973
Iceland,ISL,2021-03-28,2.658
Iceland,ISL,2021-04-04,0
Iceland,ISL,2021-04-11,0
Iceland,ISL,2021-04-18,2.658
Iceland,ISL,2021-04-25,13.289
Iceland,ISL,2021-05-02,10.631
Iceland,ISL,2021-05-09,5.316
Iceland,ISL,2021-05-16,2.658
Iceland,ISL,2021-05-23,0
Iceland,ISL,2021-05-30,2.658
Iceland,ISL,2021-06-06,0
Iceland,ISL,2021-06-13,0
Iceland,ISL,2021-06-20,0
Iceland,ISL,2021-06-27,2.658
Iceland,ISL,2021-07-04,2.658
Iceland,ISL,2021-07-11,0
Iceland,ISL,2021-07-18,2.658
Iceland,ISL,2021-07-25,10.631
Iceland,ISL,2021-08-01,39.867
Iceland,ISL,2021-08-08,74.419
Iceland,ISL,2021-08-15,39.867
Iceland,ISL,2021-08-22,23.92
Iceland,ISL,2021-08-29,23.92
Iceland,ISL,2021-09-05,2.658
Iceland,ISL,2021-09-12,13.289
Iceland,ISL,2021-09-19,23.92
Iceland,ISL,2021-09-26,10.631
Iceland,ISL,2021-10-03,7.973
Iceland,ISL,2021-10-10,10.631
Iceland,ISL,2021-10-17,15.947
Iceland,ISL,2021-10-24,18.605
Iceland,ISL,2021-10-31,47.841
Iceland,ISL,2021-11-07,39.867
Iceland,ISL,2021-11-14,39.867
Iceland,ISL,2021-11-21,45.183
Iceland,ISL,2021-11-28,21.263
Iceland,ISL,2021-12-05,34.552
Iceland,ISL,2021-12-12,18.605
Iceland,ISL,2021-12-19,26.578
Iceland,ISL,2021-12-26,23.92
Iceland,ISL,2022-01-02,77.077
Iceland,ISL,2022-01-09,93.024
Iceland,ISL,2022-01-16,63.788
Iceland,ISL,2022-01-23,63.788
Iceland,ISL,2022-01-30,85.05
Iceland,ISL,2022-02-06,61.13
Iceland,ISL,2022-02-13,143.522
Iceland,ISL,2022-02-20,151.496
Iceland,ISL,2022-02-27,215.284
Iceland,ISL,2022-03-06,196.679
Iceland,ISL,2022-06-12,23.92
Iceland,ISL,2022-12-11,71.761
Iceland,ISL,2022-12-18,37.21
Iceland,ISL,2022-12-25,55.814
Iceland,ISL,2023-01-01,55.814
Iceland,ISL,2023-01-08,71.761
Iceland,ISL,2023-01-29,37.21
Iceland,ISL,2023-02-05,53.156
Iceland,ISL,2023-02-12,21.263
Iceland,ISL,2023-02-19,18.605
Iceland,ISL,2023-02-26,13.289
Iceland,ISL,2023-03-05,10.631
Iceland,ISL,2023-03-12,29.236
Iceland,ISL,2023-03-19,23.92
Iceland,ISL,2023-03-26,21.263
Iceland,ISL,2023-04-02,21.263
Iceland,ISL,2023-04-23,7.973
Ireland,IRL,2020-03-01,2.372
Ireland,IRL,2020-03-08,7.708
Ireland,IRL,2020-03-15,22.727
Ireland,IRL,2020-03-22,56.917
Ireland,IRL,2020-03-29,105.731
Ireland,IRL,2020-04-05,114.032
Ireland,IRL,2020-04-12,95.257
Ireland,IRL,2020-04-19,73.122
Ireland,IRL,2020-04-26,54.743
Ireland,IRL,2020-05-03,41.304
Ireland,IRL,2020-05-10,27.075
Ireland,IRL,2020-05-17,13.834
Ireland,IRL,2020-05-24,14.822
Ireland,IRL,2020-05-31,9.091
Ireland,IRL,2020-06-07,5.138
Ireland,IRL,2020-06-14,2.569
Ireland,IRL,2020-06-21,0.988
Ireland,IRL,2020-06-28,1.383
Ireland,IRL,2020-07-05,1.779
Ireland,IRL,2020-07-12,0.593
Ireland,IRL,2020-07-19,1.779
Ireland,IRL,2020-07-26,1.383
Ireland,IRL,2020-08-02,1.581
Ireland,IRL,2020-08-09,1.779
Ireland,IRL,2020-08-16,2.569
Ireland,IRL,2020-08-23,5.731
Ireland,IRL,2020-08-30,5.731
Ireland,IRL,2020-09-06,6.126
Ireland,IRL,2020-09-13,8.893
Ireland,IRL,2020-09-20,15.613
Ireland,IRL,2020-09-27,16.206
Ireland,IRL,2020-10-04,22.53
Ireland,IRL,2020-10-11,37.352
Ireland,IRL,2020-10-18,46.64
Ireland,IRL,2020-10-25,56.719
Ireland,IRL,2020-11-01,45.059
Ireland,IRL,2020-11-08,40.711
Ireland,IRL,2020-11-15,35.771
Ireland,IRL,2020-11-22,33.004
Ireland,IRL,2020-11-29,28.854
Ireland,IRL,2020-12-06,33.597
Ireland,IRL,2020-12-13,33.597
Ireland,IRL,2020-12-20,56.126
Ireland,IRL,2020-12-27,80.632
Ireland,IRL,2021-01-03,169.565
Ireland,IRL,2021-01-10,260.276
Ireland,IRL,2021-01-17,259.486
Ireland,IRL,2021-01-24,182.213
Ireland,IRL,2021-01-31,129.447
Ireland,IRL,2021-02-07,112.648
Ireland,IRL,2021-02-14,81.818
Ireland,IRL,2021-02-21,69.763
Ireland,IRL,2021-02-28,45.85
Ireland,IRL,2021-03-07,46.64
Ireland,IRL,2021-03-14,39.921
Ireland,IRL,2021-03-21,39.328
Ireland,IRL,2021-03-28,32.213
Ireland,IRL,2021-04-04,28.063
Ireland,IRL,2021-04-11,26.087
Ireland,IRL,2021-04-18,23.123
Ireland,IRL,2021-04-25,24.111
Ireland,IRL,2021-05-02,17.984
Ireland,IRL,2021-05-09,13.439
Ireland,IRL,2021-05-16,15.02
Ireland,IRL,2021-05-23,11.858
Ireland,IRL,2021-05-30,9.881
Ireland,IRL,2021-06-06,7.51
Ireland,IRL,2021-06-13,10.474
Ireland,IRL,2021-06-20,9.091
Ireland,IRL,2021-06-27,9.486
Ireland,IRL,2021-07-04,11.858
Ireland,IRL,2021-07-11,18.577
Ireland,IRL,2021-07-18,22.727
Ireland,IRL,2021-07-25,30.435
Ireland,IRL,2021-08-01,34.783
Ireland,IRL,2021-08-08,36.166
Ireland,IRL,2021-08-15,50.593
Ireland,IRL,2021-08-22,53.953
Ireland,IRL,2021-08-29,62.846
Ireland,IRL,2021-09-05,54.348
Ireland,IRL,2021-09-12,50
Ireland,IRL,2021-09-19,53.557
Ireland,IRL,2021-09-26,46.443
Ireland,IRL,2021-10-03,54.743
Ireland,IRL,2021-10-10,66.403
Ireland,IRL,2021-10-17,66.601
Ireland,IRL,2021-10-24,69.763
Ireland,IRL,2021-10-31,67.391
Ireland,IRL,2021-11-07,70.949
Ireland,IRL,2021-11-14,91.502
Ireland,IRL,2021-11-21,78.854
Ireland,IRL,2021-11-28,70.356
Ireland,IRL,2021-12-05,75.296
Ireland,IRL,2021-12-12,70.158
Ireland,IRL,2021-12-19,71.739
Ireland,IRL,2021-12-26,78.854
Ireland,IRL,2022-01-02,128.063
Ireland,IRL,2022-01-09,158.103
Ireland,IRL,2022-01-16,159.288
Ireland,IRL,2022-01-23,143.281
Ireland,IRL,2022-01-30,282.016
Ireland,IRL,2022-02-06,126.482
Ireland,IRL,2022-02-13,119.96
Ireland,IRL,2022-02-20,125.692
Ireland,IRL,2022-02-27,116.403
Ireland,IRL,2022-03-06,150
Ireland,IRL,2022-03-13,192.095
Ireland,IRL,2022-03-20,201.581
Ireland,IRL,2022-03-27,323.715
Ireland,IRL,2022-04-03,272.134
Ireland,IRL,2022-04-10,204.15
Ireland,IRL,2022-04-17,150
Ireland,IRL,2022-04-24,110.079
Ireland,IRL,2022-05-01,87.352
Ireland,IRL,2022-05-08,81.818
Ireland,IRL,2022-05-15,64.822
Ireland,IRL,2022-05-22,60.474
Ireland,IRL,2022-05-29,65.415
Ireland,IRL,2022-06-05,82.213
Ireland,IRL,2022-06-12,94.466
Ireland,IRL,2022-06-19,117.391
Ireland,IRL,2022-06-26,167.786
Ireland,IRL,2022-07-03,155.731
Ireland,IRL,2022-07-10,200
Ireland,IRL,2022-07-17,180.435
Ireland,IRL,2022-07-24,110.869
Ireland,IRL,2022-07-31,104.15
Ireland,IRL,2022-08-07,71.937
Ireland,IRL,2022-08-14,88.537
Ireland,IRL,2022-08-21,74.901
Ireland,IRL,2022-08-28,66.996
Ireland,IRL,2022-09-04,59.684
Ireland,IRL,2022-09-11,57.312
Ireland,IRL,2022-09-18,58.893
Ireland,IRL,2022-09-25,73.913
Ireland,IRL,2022-10-02,88.735
Ireland,IRL,2022-10-09,91.502
Ireland,IRL,2022-10-16,93.281
Ireland,IRL,2022-10-23,94.862
Ireland,IRL,2022-10-30,77.273
Ireland,IRL,2022-11-06,69.565
Ireland,IRL,2022-11-13,92.885
Ireland,IRL,2022-11-20,78.063
Ireland,IRL,2022-11-27,84.783
Ireland,IRL,2022-12-04,93.873
Ireland,IRL,2022-12-11,107.51
Ireland,IRL,2022-12-18,128.261
Ireland,IRL,2022-12-25,151.383
Ireland,IRL,2023-01-01,124.506
Ireland,IRL,2023-01-08,115.81
Ireland,IRL,2023-01-15,112.648
Ireland,IRL,2023-01-22,71.541
Ireland,IRL,2023-01-29,57.312
Ireland,IRL,2023-02-05,51.779
Ireland,IRL,2023-02-12,52.174
Ireland,IRL,2023-02-19,45.85
Ireland,IRL,2023-02-26,47.233
Ireland,IRL,2023-03-05,47.036
Ireland,IRL,2023-03-12,64.229
Ireland,IRL,2023-03-19,63.636
Ireland,IRL,2023-03-26,66.996
Ireland,IRL,2023-04-02,71.146
Ireland,IRL,2023-04-09,72.727
Ireland,IRL,2023-04-16,53.557
Ireland,IRL,2023-04-23,60.672
Ireland,IRL,2023-04-30,56.917
Ireland,IRL,2023-05-07,57.115
Ireland,IRL,2023-05-14,48.419
Ireland,IRL,2023-05-21,49.802
Ireland,IRL,2023-05-28,46.64
Ireland,IRL,2023-06-04,34.98
Ireland,IRL,2023-06-11,28.261
Ireland,IRL,2023-06-18,24.308
Ireland,IRL,2023-06-25,26.087
Ireland,IRL,2023-07-02,15.613
Ireland,IRL,2023-07-09,20.158
Ireland,IRL,2023-07-16,29.842
Ireland,IRL,2023-07-23,33.004
Ireland,IRL,2023-07-30,53.36
Ireland,IRL,2023-08-06,74.111
Ireland,IRL,2023-08-13,85.771
Ireland,IRL,2023-08-20,84.19
Ireland,IRL,2023-08-27,76.68
Ireland,IRL,2023-09-03,77.075
Ireland,IRL,2023-09-10,79.249
Ireland,IRL,2023-09-17,63.636
Ireland,IRL,2023-09-24,66.601
Ireland,IRL,2023-10-01,70.751
Ireland,IRL,2023-10-08,75.889
Ireland,IRL,2023-10-15,48.617
Ireland,IRL,2023-10-22,43.083
Ireland,IRL,2023-10-29,50.79
Ireland,IRL,2023-11-05,43.478
Ireland,IRL,2023-11-12,52.372
Ireland,IRL,2023-11-19,44.466
Ireland,IRL,2023-11-26,28.458
Israel,ISR,2020-03-08,2.328
Israel,ISR,2020-03-09,3.704
Israel,ISR,2020-03-10,5.715
Israel,ISR,2020-03-11,8.043
Israel,ISR,2020-03-12,10.266
Israel,ISR,2020-03-13,12.382
Israel,ISR,2020-03-14,16.298
Israel,ISR,2020-03-15,19.79
Israel,ISR,2020-03-16,20.637
Israel,ISR,2020-03-17,23.706
Israel,ISR,2020-03-18,26.669
Israel,ISR,2020-03-19,27.41
Israel,ISR,2020-03-20,28.151
Israel,ISR,2020-03-21,27.516
Israel,ISR,2020-03-22,28.892
Israel,ISR,2020-03-23,32.49
Israel,ISR,2020-03-24,35.983
Israel,ISR,2020-03-25,38.946
Israel,ISR,2020-03-26,44.343
Israel,ISR,2020-03-27,52.81
Israel,ISR,2020-03-28,54.715
Israel,ISR,2020-03-29,56.302
Israel,ISR,2020-03-30,63.075
Israel,ISR,2020-03-31,66.039
Israel,ISR,2020-04-01,73.129
Israel,ISR,2020-04-02,76.728
Israel,ISR,2020-04-03,75.458
Israel,ISR,2020-04-04,77.469
Israel,ISR,2020-04-05,80.643
Israel,ISR,2020-04-06,77.574
Israel,ISR,2020-04-07,73.764
Israel,ISR,2020-04-08,64.24
Israel,ISR,2020-04-09,58.842
Israel,ISR,2020-04-10,54.291
Israel,ISR,2020-04-11,51.011
Israel,ISR,2020-04-12,50.058
Israel,ISR,2020-04-13,49.847
Israel,ISR,2020-04-14,49.529
Israel,ISR,2020-04-15,50.693
Israel,ISR,2020-04-16,49.317
Israel,ISR,2020-04-17,48.577
Israel,ISR,2020-04-18,48.682
Israel,ISR,2020-04-19,43.391
Israel,ISR,2020-04-20,38.946
Israel,ISR,2020-04-21,34.395
Israel,ISR,2020-04-22,30.903
Israel,ISR,2020-04-23,28.892
Israel,ISR,2020-04-24,26.564
Israel,ISR,2020-04-25,23.071
Israel,ISR,2020-04-26,22.225
Israel,ISR,2020-04-27,19.261
Israel,ISR,2020-04-28,19.367
Israel,ISR,2020-04-29,17.885
Israel,ISR,2020-04-30,16.51
Israel,ISR,2020-05-01,15.875
Israel,ISR,2020-05-02,16.51
Israel,ISR,2020-05-03,14.605
Israel,ISR,2020-05-04,14.287
Israel,ISR,2020-05-05,12.276
Israel,ISR,2020-05-06,11.536
Israel,ISR,2020-05-07,10.901
Israel,ISR,2020-05-08,10.16
Israel,ISR,2020-05-09,9.736
Israel,ISR,2020-05-10,9.736
Israel,ISR,2020-05-11,8.784
Israel,ISR,2020-05-12,8.89
Israel,ISR,2020-05-13,8.361
Israel,ISR,2020-05-14,7.62
Israel,ISR,2020-05-15,6.35
Israel,ISR,2020-05-16,5.715
Israel,ISR,2020-05-17,5.292
Israel,ISR,2020-05-18,4.657
Israel,ISR,2020-05-19,4.339
Israel,ISR,2020-05-20,3.704
Israel,ISR,2020-05-21,3.916
Israel,ISR,2020-05-22,4.339
Israel,ISR,2020-05-23,4.233
Israel,ISR,2020-05-24,3.175
Israel,ISR,2020-05-25,3.704
Israel,ISR,2020-05-26,3.281
Israel,ISR,2020-05-27,3.492
Israel,ISR,2020-05-28,3.387
Israel,ISR,2020-05-29,3.387
Israel,ISR,2020-05-30,3.598
Israel,ISR,2020-05-31,4.127
Israel,ISR,2020-06-01,4.551
Israel,ISR,2020-06-02,5.609
Israel,ISR,2020-06-03,5.821
Israel,ISR,2020-06-04,6.244
Israel,ISR,2020-06-05,6.562
Israel,ISR,2020-06-06,6.985
Israel,ISR,2020-06-07,7.726
Israel,ISR,2020-06-08,8.149
Israel,ISR,2020-06-09,7.832
Israel,ISR,2020-06-10,9.631
Israel,ISR,2020-06-11,9.842
Israel,ISR,2020-06-12,10.371
Israel,ISR,2020-06-13,10.583
Israel,ISR,2020-06-14,10.901
Israel,ISR,2020-06-15,11.641
Israel,ISR,2020-06-16,12.806
Israel,ISR,2020-06-17,12.594
Israel,ISR,2020-06-18,15.134
Israel,ISR,2020-06-19,16.827
Israel,ISR,2020-06-20,19.05
Israel,ISR,2020-06-21,21.484
Israel,ISR,2020-06-22,21.484
Israel,ISR,2020-06-23,21.484
Israel,ISR,2020-06-24,22.648
Israel,ISR,2020-06-25,21.484
Israel,ISR,2020-06-26,23.283
Israel,ISR,2020-06-27,22.648
Israel,ISR,2020-06-28,23.6
Israel,ISR,2020-06-29,26.035
Israel,ISR,2020-06-30,29.315
Israel,ISR,2020-07-01,34.395
Israel,ISR,2020-07-02,38.311
Israel,ISR,2020-07-03,39.369
Israel,ISR,2020-07-04,43.073
Israel,ISR,2020-07-05,46.566
Israel,ISR,2020-07-06,50.27
Israel,ISR,2020-07-07,55.773
Israel,ISR,2020-07-08,56.726
Israel,ISR,2020-07-09,62.758
Israel,ISR,2020-07-10,66.039
Israel,ISR,2020-07-11,69.214
Israel,ISR,2020-07-12,73.87
Israel,ISR,2020-07-13,77.998
Israel,ISR,2020-07-14,78.421
Israel,ISR,2020-07-15,80.326
Israel,ISR,2020-07-16,82.019
Israel,ISR,2020-07-17,87.522
Israel,ISR,2020-07-18,88.475
Israel,ISR,2020-07-19,91.862
Israel,ISR,2020-07-20,94.507
Israel,ISR,2020-07-21,96.624
Israel,ISR,2020-07-22,99.481
Israel,ISR,2020-07-23,98.529
Israel,ISR,2020-07-24,94.825
Israel,ISR,2020-07-25,93.767
Israel,ISR,2020-07-26,90.486
Israel,ISR,2020-07-27,89.957
Israel,ISR,2020-07-28,89.639
Israel,ISR,2020-07-29,88.263
Israel,ISR,2020-07-30,84.771
Israel,ISR,2020-07-31,86.253
Israel,ISR,2020-08-01,88.052
Israel,ISR,2020-08-02,89.639
Israel,ISR,2020-08-03,86.464
Israel,ISR,2020-08-04,84.983
Israel,ISR,2020-08-05,86.888
Israel,ISR,2020-08-06,88.687
Israel,ISR,2020-08-07,88.898
Israel,ISR,2020-08-08,88.052
Israel,ISR,2020-08-09,88.687
Israel,ISR,2020-08-10,88.052
Israel,ISR,2020-08-11,87.311
Israel,ISR,2020-08-12,84.03
Israel,ISR,2020-08-13,87.417
Israel,ISR,2020-08-14,87.099
Israel,ISR,2020-08-15,89.216
Israel,ISR,2020-08-16,88.157
Israel,ISR,2020-08-17,88.369
Israel,ISR,2020-08-18,92.391
Israel,ISR,2020-08-19,92.602
Israel,ISR,2020-08-20,89.639
Israel,ISR,2020-08-21,90.909
Israel,ISR,2020-08-22,88.687
Israel,ISR,2020-08-23,88.263
Israel,ISR,2020-08-24,90.697
Israel,ISR,2020-08-25,88.052
Israel,ISR,2020-08-26,93.661
Israel,ISR,2020-08-27,95.989
Israel,ISR,2020-08-28,93.555
Israel,ISR,2020-08-29,93.661
Israel,ISR,2020-08-30,97.682
Israel,ISR,2020-08-31,100.54
Israel,ISR,2020-09-01,101.492
Israel,ISR,2020-09-02,97.365
Israel,ISR,2020-09-03,98
Israel,ISR,2020-09-04,100.54
Israel,ISR,2020-09-05,102.974
Israel,ISR,2020-09-06,103.821
Israel,ISR,2020-09-07,104.985
Israel,ISR,2020-09-08,109.43
Israel,ISR,2020-09-09,114.933
Israel,ISR,2020-09-10,118.531
Israel,ISR,2020-09-11,120.859
Israel,ISR,2020-09-12,123.611
Israel,ISR,2020-09-13,126.786
Israel,ISR,2020-09-14,131.76
Israel,ISR,2020-09-15,134.935
Israel,ISR,2020-09-16,138.322
Israel,ISR,2020-09-17,142.978
Israel,ISR,2020-09-18,147.952
Israel,ISR,2020-09-19,149.116
Israel,ISR,2020-09-20,150.386
Israel,ISR,2020-09-21,151.445
Israel,ISR,2020-09-22,156.419
Israel,ISR,2020-09-23,160.017
Israel,ISR,2020-09-24,164.144
Israel,ISR,2020-09-25,168.06
Israel,ISR,2020-09-26,174.092
Israel,ISR,2020-09-27,180.442
Israel,ISR,2020-09-28,175.892
Israel,ISR,2020-09-29,179.807
Israel,ISR,2020-09-30,182.347
Israel,ISR,2020-10-01,182.771
Israel,ISR,2020-10-02,181.501
Israel,ISR,2020-10-03,178.537
Israel,ISR,2020-10-04,176.632
Israel,ISR,2020-10-05,180.76
Israel,ISR,2020-10-06,173.987
Israel,ISR,2020-10-07,168.695
Israel,ISR,2020-10-08,160.334
Israel,ISR,2020-10-09,156.207
Israel,ISR,2020-10-10,152.185
Israel,ISR,2020-10-11,150.704
Israel,ISR,2020-10-12,147.423
Israel,ISR,2020-10-13,138.533
Israel,ISR,2020-10-14,131.548
Israel,ISR,2020-10-15,127.421
Israel,ISR,2020-10-16,118.954
Israel,ISR,2020-10-17,110.7
Israel,ISR,2020-10-18,98.635
Israel,ISR,2020-10-19,92.073
Israel,ISR,2020-10-20,89.322
Israel,ISR,2020-10-21,83.289
Israel,ISR,2020-10-22,76.093
Israel,ISR,2020-10-23,73.659
Israel,ISR,2020-10-24,75.14
Israel,ISR,2020-10-25,69.531
Israel,ISR,2020-10-26,64.134
Israel,ISR,2020-10-27,60.747
Israel,ISR,2020-10-28,57.678
Israel,ISR,2020-10-29,55.244
Israel,ISR,2020-10-30,52.175
Israel,ISR,2020-10-31,48.682
Israel,ISR,2020-11-01,46.883
Israel,ISR,2020-11-02,44.767
Israel,ISR,2020-11-03,43.179
Israel,ISR,2020-11-04,42.544
Israel,ISR,2020-11-05,43.073
Israel,ISR,2020-11-06,43.497
Israel,ISR,2020-11-07,41.38
Israel,ISR,2020-11-08,40.957
Israel,ISR,2020-11-09,40.957
Israel,ISR,2020-11-10,39.475
Israel,ISR,2020-11-11,38.946
Israel,ISR,2020-11-12,38.523
Israel,ISR,2020-11-13,37.147
Israel,ISR,2020-11-14,39.581
Israel,ISR,2020-11-15,40.639
Israel,ISR,2020-11-16,41.592
Israel,ISR,2020-11-17,42.438
Israel,ISR,2020-11-18,42.968
Israel,ISR,2020-11-19,45.402
Israel,ISR,2020-11-20,46.566
Israel,ISR,2020-11-21,45.613
Israel,ISR,2020-11-22,43.814
Israel,ISR,2020-11-23,43.602
Israel,ISR,2020-11-24,42.756
Israel,ISR,2020-11-25,44.767
Israel,ISR,2020-11-26,43.602
Israel,ISR,2020-11-27,41.698
Israel,ISR,2020-11-28,41.803
Israel,ISR,2020-11-29,45.084
Israel,ISR,2020-11-30,48.682
Israel,ISR,2020-12-01,53.551
Israel,ISR,2020-12-02,53.974
Israel,ISR,2020-12-03,56.408
Israel,ISR,2020-12-04,63.287
Israel,ISR,2020-12-05,66.25
Israel,ISR,2020-12-06,66.145
Israel,ISR,2020-12-07,65.298
Israel,ISR,2020-12-08,65.615
Israel,ISR,2020-12-09,67.732
Israel,ISR,2020-12-10,69.743
Israel,ISR,2020-12-11,70.166
Israel,ISR,2020-12-12,71.33
Israel,ISR,2020-12-13,76.199
Israel,ISR,2020-12-14,82.125
Israel,ISR,2020-12-15,85.935
Israel,ISR,2020-12-16,87.734
Israel,ISR,2020-12-17,91.332
Israel,ISR,2020-12-18,93.661
Israel,ISR,2020-12-19,98.317
Israel,ISR,2020-12-20,100.646
Israel,ISR,2020-12-21,100.328
Israel,ISR,2020-12-22,104.773
Israel,ISR,2020-12-23,109.006
Israel,ISR,2020-12-24,110.065
Israel,ISR,2020-12-25,117.049
Israel,ISR,2020-12-26,119.484
Israel,ISR,2020-12-27,124.14
Israel,ISR,2020-12-28,128.479
Israel,ISR,2020-12-29,131.125
Israel,ISR,2020-12-30,133.771
Israel,ISR,2020-12-31,141.391
Israel,ISR,2021-01-01,143.931
Israel,ISR,2021-01-02,145.412
Israel,ISR,2021-01-03,154.302
Israel,ISR,2021-01-04,162.769
Israel,ISR,2021-01-05,171.553
Israel,ISR,2021-01-06,181.077
Israel,ISR,2021-01-07,185.522
Israel,ISR,2021-01-08,190.285
Israel,ISR,2021-01-09,196.423
Israel,ISR,2021-01-10,201.079
Israel,ISR,2021-01-11,203.937
Israel,ISR,2021-01-12,203.408
Israel,ISR,2021-01-13,204.572
Israel,ISR,2021-01-14,205.313
Israel,ISR,2021-01-15,207.641
Israel,ISR,2021-01-16,207.747
Israel,ISR,2021-01-17,210.075
Israel,ISR,2021-01-18,208.805
Israel,ISR,2021-01-19,209.44
Israel,ISR,2021-01-20,206.477
Israel,ISR,2021-01-21,205.63
Israel,ISR,2021-01-22,202.244
Israel,ISR,2021-01-23,201.503
Israel,ISR,2021-01-24,195.47
Israel,ISR,2021-01-25,192.613
Israel,ISR,2021-01-26,190.391
Israel,ISR,2021-01-27,187.745
Israel,ISR,2021-01-28,184.146
Israel,ISR,2021-01-29,179.067
Israel,ISR,2021-01-30,173.246
Israel,ISR,2021-01-31,170.812
Israel,ISR,2021-02-01,172.293
Israel,ISR,2021-02-02,170.918
Israel,ISR,2021-02-03,172.611
Israel,ISR,2021-02-04,171.764
Israel,ISR,2021-02-05,172.082
Israel,ISR,2021-02-06,175.574
Israel,ISR,2021-02-07,173.987
Israel,ISR,2021-02-08,171.129
Israel,ISR,2021-02-09,164.568
Israel,ISR,2021-02-10,162.451
Israel,ISR,2021-02-11,159.488
Israel,ISR,2021-02-12,155.784
Israel,ISR,2021-02-13,151.55
Israel,ISR,2021-02-14,147.211
Israel,ISR,2021-02-15,143.507
Israel,ISR,2021-02-16,143.719
Israel,ISR,2021-02-17,138.216
Israel,ISR,2021-02-18,132.924
Israel,ISR,2021-02-19,129.643
Israel,ISR,2021-02-20,126.786
Israel,ISR,2021-02-21,123.293
Israel,ISR,2021-02-22,120.224
Israel,ISR,2021-02-23,119.907
Israel,ISR,2021-02-24,118.743
Israel,ISR,2021-02-25,120.33
Israel,ISR,2021-02-26,121.6
Israel,ISR,2021-02-27,123.717
Israel,ISR,2021-02-28,123.505
Israel,ISR,2021-03-01,123.505
Israel,ISR,2021-03-02,120.965
Israel,ISR,2021-03-03,117.261
Israel,ISR,2021-03-04,118.214
Israel,ISR,2021-03-05,116.097
Israel,ISR,2021-03-06,113.451
Israel,ISR,2021-03-07,112.287
Israel,ISR,2021-03-08,109.641
Israel,ISR,2021-03-09,106.149
Israel,ISR,2021-03-10,105.725
Israel,ISR,2021-03-11,99.587
Israel,ISR,2021-03-12,96.095
Israel,ISR,2021-03-13,94.825
Israel,ISR,2021-03-14,90.803
Israel,ISR,2021-03-15,85.935
Israel,ISR,2021-03-16,81.702
Israel,ISR,2021-03-17,77.998
Israel,ISR,2021-03-18,75.987
Israel,ISR,2021-03-19,72.706
Israel,ISR,2021-03-20,69.002
Israel,ISR,2021-03-21,64.769
Israel,ISR,2021-03-22,60.536
Israel,ISR,2021-03-23,57.043
Israel,ISR,2021-03-24,54.715
Israel,ISR,2021-03-25,52.281
Israel,ISR,2021-03-26,48.365
Israel,ISR,2021-03-27,43.285
Israel,ISR,2021-03-28,38.628
Israel,ISR,2021-03-29,38.523
Israel,ISR,2021-03-30,36.829
Israel,ISR,2021-03-31,32.808
Israel,ISR,2021-04-01,28.574
Israel,ISR,2021-04-02,28.68
Israel,ISR,2021-04-03,27.728
Israel,ISR,2021-04-04,26.881
Israel,ISR,2021-04-05,23.918
Israel,ISR,2021-04-06,22.965
Israel,ISR,2021-04-07,22.754
Israel,ISR,2021-04-08,22.648
Israel,ISR,2021-04-09,21.695
Israel,ISR,2021-04-10,21.907
Israel,ISR,2021-04-11,20.743
Israel,ISR,2021-04-12,20.743
Israel,ISR,2021-04-13,19.261
Israel,ISR,2021-04-14,17.462
Israel,ISR,2021-04-15,16.086
Israel,ISR,2021-04-16,15.346
Israel,ISR,2021-04-17,14.499
Israel,ISR,2021-04-18,14.605
Israel,ISR,2021-04-19,12.276
Israel,ISR,2021-04-20,12.806
Israel,ISR,2021-04-21,12.488
Israel,ISR,2021-04-22,11.853
Israel,ISR,2021-04-23,10.583
Israel,ISR,2021-04-24,9.736
Israel,ISR,2021-04-25,8.996
Israel,ISR,2021-04-26,8.996
Israel,ISR,2021-04-27,7.62
Israel,ISR,2021-04-28,7.408
Israel,ISR,2021-04-29,7.197
Israel,ISR,2021-04-30,7.091
Israel,ISR,2021-05-01,7.302
Israel,ISR,2021-05-02,6.562
Israel,ISR,2021-05-03,6.35
Israel,ISR,2021-05-04,6.667
Israel,ISR,2021-05-05,6.667
Israel,ISR,2021-05-06,6.032
Israel,ISR,2021-05-07,6.879
Israel,ISR,2021-05-08,6.244
Israel,ISR,2021-05-09,6.032
Israel,ISR,2021-05-10,5.397
Israel,ISR,2021-05-11,4.974
Israel,ISR,2021-05-12,4.657
Israel,ISR,2021-05-13,5.186
Israel,ISR,2021-05-14,4.339
Israel,ISR,2021-05-15,4.445
Israel,ISR,2021-05-16,4.022
Israel,ISR,2021-05-17,4.022
Israel,ISR,2021-05-18,3.81
Israel,ISR,2021-05-19,4.233
Israel,ISR,2021-05-20,4.233
Israel,ISR,2021-05-21,4.445
Israel,ISR,2021-05-22,4.022
Israel,ISR,2021-05-23,4.339
Israel,ISR,2021-05-24,4.339
Israel,ISR,2021-05-25,4.762
Israel,ISR,2021-05-26,4.339
Israel,ISR,2021-05-27,3.916
Israel,ISR,2021-05-28,3.492
Israel,ISR,2021-05-29,3.492
Israel,ISR,2021-05-30,3.387
Israel,ISR,2021-05-31,3.387
Israel,ISR,2021-06-01,3.069
Israel,ISR,2021-06-02,3.069
Israel,ISR,2021-06-03,2.752
Israel,ISR,2021-06-04,2.752
Israel,ISR,2021-06-05,3.069
Israel,ISR,2021-06-06,2.857
Israel,ISR,2021-06-07,2.646
Israel,ISR,2021-06-08,2.222
Israel,ISR,2021-06-09,2.222
Israel,ISR,2021-06-10,2.646
Israel,ISR,2021-06-11,2.434
Israel,ISR,2021-06-12,2.222
Israel,ISR,2021-06-13,2.54
Israel,ISR,2021-06-14,2.328
Israel,ISR,2021-06-15,2.117
Israel,ISR,2021-06-16,2.117
Israel,ISR,2021-06-17,1.799
Israel,ISR,2021-06-18,1.905
Israel,ISR,2021-06-19,2.117
Israel,ISR,2021-06-20,2.011
Israel,ISR,2021-06-21,2.222
Israel,ISR,2021-06-22,2.752
Israel,ISR,2021-06-23,3.069
Israel,ISR,2021-06-24,3.175
Israel,ISR,2021-06-25,3.281
Israel,ISR,2021-06-26,3.492
Israel,ISR,2021-06-27,3.916
Israel,ISR,2021-06-28,4.868
Israel,ISR,2021-06-29,5.397
Israel,ISR,2021-06-30,5.397
Israel,ISR,2021-07-01,5.609
Israel,ISR,2021-07-02,6.138
Israel,ISR,2021-07-03,6.562
Israel,ISR,2021-07-04,7.091
Israel,ISR,2021-07-05,7.62
Israel,ISR,2021-07-06,8.467
Israel,ISR,2021-07-07,8.996
Israel,ISR,2021-07-08,9.736
Israel,ISR,2021-07-09,10.054
Israel,ISR,2021-07-10,9.948
Israel,ISR,2021-07-11,10.583
Israel,ISR,2021-07-12,11.641
Israel,ISR,2021-07-13,11.959
Israel,ISR,2021-07-14,13.123
Israel,ISR,2021-07-15,15.028
Israel,ISR,2021-07-16,16.404
Israel,ISR,2021-07-17,17.145
Israel,ISR,2021-07-18,18.732
Israel,ISR,2021-07-19,19.579
Israel,ISR,2021-07-20,22.754
Israel,ISR,2021-07-21,23.918
Israel,ISR,2021-07-22,26.14
Israel,ISR,2021-07-23,27.939
Israel,ISR,2021-07-24,28.998
Israel,ISR,2021-07-25,31.644
Israel,ISR,2021-07-26,36.194
Israel,ISR,2021-07-27,37.253
Israel,ISR,2021-07-28,40.322
Israel,ISR,2021-07-29,43.179
Israel,ISR,2021-07-30,45.613
Israel,ISR,2021-07-31,50.482
Israel,ISR,2021-08-01,54.503
Israel,ISR,2021-08-02,56.726
Israel,ISR,2021-08-03,61.911
Israel,ISR,2021-08-04,64.875
Israel,ISR,2021-08-05,70.378
Israel,ISR,2021-08-06,79.268
Israel,ISR,2021-08-07,84.136
Israel,ISR,2021-08-08,89.745
Israel,ISR,2021-08-09,94.613
Israel,ISR,2021-08-10,99.376
Israel,ISR,2021-08-11,107.101
Israel,ISR,2021-08-12,112.393
Israel,ISR,2021-08-13,114.509
Israel,ISR,2021-08-14,120.648
Israel,ISR,2021-08-15,125.41
Israel,ISR,2021-08-16,131.548
Israel,ISR,2021-08-17,136.84
Israel,ISR,2021-08-18,139.697
Israel,ISR,2021-08-19,140.544
Israel,ISR,2021-08-20,146.576
Israel,ISR,2021-08-21,146.894
Israel,ISR,2021-08-22,150.386
Israel,ISR,2021-08-23,151.656
Israel,ISR,2021-08-24,150.069
Israel,ISR,2021-08-25,152.08
Israel,ISR,2021-08-26,154.408
Israel,ISR,2021-08-27,152.609
Israel,ISR,2021-08-28,152.82
Israel,ISR,2021-08-29,152.715
Israel,ISR,2021-08-30,153.032
Israel,ISR,2021-08-31,153.561
Israel,ISR,2021-09-01,152.185
Israel,ISR,2021-09-02,149.01
Israel,ISR,2021-09-03,149.645
Israel,ISR,2021-09-04,148.058
Israel,ISR,2021-09-05,145.095
Israel,ISR,2021-09-06,138.427
Israel,ISR,2021-09-07,132.395
Israel,ISR,2021-09-08,127.95
Israel,ISR,2021-09-09,131.337
Israel,ISR,2021-09-10,128.797
Israel,ISR,2021-09-11,126.68
Israel,ISR,2021-09-12,127.95
Israel,ISR,2021-09-13,129.114
Israel,ISR,2021-09-14,135.252
Israel,ISR,2021-09-15,134.512
Israel,ISR,2021-09-16,126.468
Israel,ISR,2021-09-17,130.913
Israel,ISR,2021-09-18,132.501
Israel,ISR,2021-09-19,129.114
Israel,ISR,2021-09-20,127.527
Israel,ISR,2021-09-21,122.553
Israel,ISR,2021-09-22,123.505
Israel,ISR,2021-09-23,124.458
Israel,ISR,2021-09-24,114.615
Israel,ISR,2021-09-25,107.525
Israel,ISR,2021-09-26,104.985
Israel,ISR,2021-09-27,103.926
Israel,ISR,2021-09-28,98.423
Israel,ISR,2021-09-29,97.047
Israel,ISR,2021-09-30,94.296
Israel,ISR,2021-10-01,90.909
Israel,ISR,2021-10-02,90.909
Israel,ISR,2021-10-03,85.194
Israel,ISR,2021-10-04,79.585
Israel,ISR,2021-10-05,77.68
Israel,ISR,2021-10-06,71.224
Israel,ISR,2021-10-07,67.097
Israel,ISR,2021-10-08,62.335
Israel,ISR,2021-10-09,58.313
Israel,ISR,2021-10-10,55.032
Israel,ISR,2021-10-11,52.492
Israel,ISR,2021-10-12,50.164
Israel,ISR,2021-10-13,47.518
Israel,ISR,2021-10-14,44.872
Israel,ISR,2021-10-15,43.814
Israel,ISR,2021-10-16,41.803
Israel,ISR,2021-10-17,39.369
Israel,ISR,2021-10-18,36.723
Israel,ISR,2021-10-19,34.289
Israel,ISR,2021-10-20,32.49
Israel,ISR,2021-10-21,31.22
Israel,ISR,2021-10-22,28.892
Israel,ISR,2021-10-23,27.093
Israel,ISR,2021-10-24,25.082
Israel,ISR,2021-10-25,24.235
Israel,ISR,2021-10-26,22.965
Israel,ISR,2021-10-27,22.33
Israel,ISR,2021-10-28,20.425
Israel,ISR,2021-10-29,19.261
Israel,ISR,2021-10-30,19.05
Israel,ISR,2021-10-31,19.05
Israel,ISR,2021-11-01,18.732
Israel,ISR,2021-11-02,17.991
Israel,ISR,2021-11-03,15.451
Israel,ISR,2021-11-04,14.816
Israel,ISR,2021-11-05,14.181
Israel,ISR,2021-11-06,13.864
Israel,ISR,2021-11-07,11.747
Israel,ISR,2021-11-08,10.054
Israel,ISR,2021-11-09,10.583
Israel,ISR,2021-11-10,11.112
Israel,ISR,2021-11-11,11.324
Israel,ISR,2021-11-12,11.006
Israel,ISR,2021-11-13,10.583
Israel,ISR,2021-11-14,11.43
Israel,ISR,2021-11-15,11.324
Israel,ISR,2021-11-16,10.477
Israel,ISR,2021-11-17,9.842
Israel,ISR,2021-11-18,9.842
Israel,ISR,2021-11-19,10.054
Israel,ISR,2021-11-20,9.842
Israel,ISR,2021-11-21,9.736
Israel,ISR,2021-11-22,10.371
Israel,ISR,2021-11-23,10.477
Israel,ISR,2021-11-24,10.795
Israel,ISR,2021-11-25,10.371
Israel,ISR,2021-11-26,10.16
Israel,ISR,2021-11-27,10.901
Israel,ISR,2021-11-28,10.583
Israel,ISR,2021-11-29,10.16
Israel,ISR,2021-11-30,11.43
Israel,ISR,2021-12-01,11.006
Israel,ISR,2021-12-02,10.583
Israel,ISR,2021-12-03,11.218
Israel,ISR,2021-12-04,10.689
Israel,ISR,2021-12-05,11.218
Israel,ISR,2021-12-06,11.536
Israel,ISR,2021-12-07,11.112
Israel,ISR,2021-12-08,11.641
Israel,ISR,2021-12-09,12.171
Israel,ISR,2021-12-10,12.171
Israel,ISR,2021-12-11,13.335
Israel,ISR,2021-12-12,12.806
Israel,ISR,2021-12-13,12.594
Israel,ISR,2021-12-14,12.594
Israel,ISR,2021-12-15,12.382
Israel,ISR,2021-12-16,12.911
Israel,ISR,2021-12-17,13.229
Israel,ISR,2021-12-18,12.7
Israel,ISR,2021-12-19,13.229
Israel,ISR,2021-12-20,14.605
Israel,ISR,2021-12-21,13.97
Israel,ISR,2021-12-22,15.134
Israel,ISR,2021-12-23,16.721
Israel,ISR,2021-12-24,18.52
Israel,ISR,2021-12-25,18.838
Israel,ISR,2021-12-26,20.849
Israel,ISR,2021-12-27,23.495
Israel,ISR,2021-12-28,27.199
Israel,ISR,2021-12-29,30.056
Israel,ISR,2021-12-30,33.019
Israel,ISR,2021-12-31,35.348
Israel,ISR,2022-01-01,39.687
Israel,ISR,2022-01-02,44.449
Israel,ISR,2022-01-03,51.117
Israel,ISR,2022-01-04,60.324
Israel,ISR,2022-01-05,70.378
Israel,ISR,2022-01-06,79.691
Israel,ISR,2022-01-07,91.332
Israel,ISR,2022-01-08,104.35
Israel,ISR,2022-01-09,126.574
Israel,ISR,2022-01-10,148.27
Israel,ISR,2022-01-11,161.181
Israel,ISR,2022-01-12,181.924
Israel,ISR,2022-01-13,204.784
Israel,ISR,2022-01-14,224.786
Israel,ISR,2022-01-15,242.036
Israel,ISR,2022-01-16,256.747
Israel,ISR,2022-01-17,273.68
Israel,ISR,2022-01-18,296.963
Israel,ISR,2022-01-19,305.747
Israel,ISR,2022-01-20,325.537
Israel,ISR,2022-01-21,339.718
Israel,ISR,2022-01-22,346.386
Israel,ISR,2022-01-23,362.684
Israel,ISR,2022-01-24,373.055
Israel,ISR,2022-01-25,387.872
Israel,ISR,2022-01-26,393.057
Israel,ISR,2022-01-27,387.025
Israel,ISR,2022-01-28,383.638
Israel,ISR,2022-01-29,383.321
Israel,ISR,2022-01-30,381.204
Israel,ISR,2022-01-31,380.04
Israel,ISR,2022-02-01,363.848
Israel,ISR,2022-02-02,373.373
Israel,ISR,2022-02-03,368.928
Israel,ISR,2022-02-04,369.245
Israel,ISR,2022-02-05,361.626
Israel,ISR,2022-02-06,352.312
Israel,ISR,2022-02-07,338.131
Israel,ISR,2022-02-08,333.369
Israel,ISR,2022-02-09,305.747
Israel,ISR,2022-02-10,292.729
Israel,ISR,2022-02-11,273.256
Israel,ISR,2022-02-12,263.202
Israel,ISR,2022-02-13,242.989
Israel,ISR,2022-02-14,229.019
Israel,ISR,2022-02-15,209.546
Israel,ISR,2022-02-16,203.514
Israel,ISR,2022-02-17,191.449
Israel,ISR,2022-02-18,179.172
Israel,ISR,2022-02-19,170.706
Israel,ISR,2022-02-20,159.699
Israel,ISR,2022-02-21,149.222
Israel,ISR,2022-02-22,141.285
Israel,ISR,2022-02-23,133.982
Israel,ISR,2022-02-24,125.41
Israel,ISR,2022-02-25,121.706
Israel,ISR,2022-02-26,115.674
Israel,ISR,2022-02-27,109.641
Israel,ISR,2022-02-28,102.656
Israel,ISR,2022-03-01,96.306
Israel,ISR,2022-03-02,88.157
Israel,ISR,2022-03-03,83.501
Israel,ISR,2022-03-04,78.633
Israel,ISR,2022-03-05,75.669
Israel,ISR,2022-03-06,71.013
Israel,ISR,2022-03-07,64.24
Israel,ISR,2022-03-08,65.086
Israel,ISR,2022-03-09,64.134
Israel,ISR,2022-03-10,63.605
Israel,ISR,2022-03-11,60.853
Israel,ISR,2022-03-12,59.266
Israel,ISR,2022-03-13,57.572
Israel,ISR,2022-03-14,57.466
Israel,ISR,2022-03-15,51.857
Israel,ISR,2022-03-16,50.376
Israel,ISR,2022-03-17,48.365
Israel,ISR,2022-03-18,48.788
Israel,ISR,2022-03-19,52.492
Israel,ISR,2022-03-20,57.255
Israel,ISR,2022-03-21,61.276
Israel,ISR,2022-03-22,69.531
Israel,ISR,2022-03-23,70.801
Israel,ISR,2022-03-24,72.389
Israel,ISR,2022-03-25,72.6
Israel,ISR,2022-03-26,73.553
Israel,ISR,2022-03-27,74.611
Israel,ISR,2022-03-28,75.458
Israel,ISR,2022-03-29,73.553
Israel,ISR,2022-03-30,74.929
Israel,ISR,2022-03-31,77.045
Israel,ISR,2022-04-01,78.527
Israel,ISR,2022-04-02,76.199
Israel,ISR,2022-04-03,73.341
Israel,ISR,2022-04-04,75.458
Israel,ISR,2022-04-05,72.706
Israel,ISR,2022-04-06,70.801
Israel,ISR,2022-04-07,69.849
Israel,ISR,2022-04-08,70.801
Israel,ISR,2022-04-09,70.06
Israel,ISR,2022-04-10,68.367
Israel,ISR,2022-04-11,62.44
Israel,ISR,2022-04-12,60.43
Israel,ISR,2022-04-13,57.043
Israel,ISR,2022-04-14,53.868
Israel,ISR,2022-04-15,50.482
Israel,ISR,2022-04-16,49
Israel,ISR,2022-04-17,48.259
Israel,ISR,2022-04-18,49.106
Israel,ISR,2022-04-19,48.788
Israel,ISR,2022-04-20,50.058
Israel,ISR,2022-04-21,48.894
Israel,ISR,2022-04-22,49.212
Israel,ISR,2022-04-23,49.106
Israel,ISR,2022-04-24,48.682
Israel,ISR,2022-04-25,45.931
Israel,ISR,2022-04-26,44.026
Israel,ISR,2022-04-27,43.073
Israel,ISR,2022-04-28,42.544
Israel,ISR,2022-04-29,39.898
Israel,ISR,2022-04-30,38.311
Israel,ISR,2022-05-01,36.088
Israel,ISR,2022-05-02,33.866
Israel,ISR,2022-05-03,34.607
Israel,ISR,2022-05-04,31.326
Israel,ISR,2022-05-05,29.315
Israel,ISR,2022-05-06,30.162
Israel,ISR,2022-05-07,27.622
Israel,ISR,2022-05-08,28.045
Israel,ISR,2022-05-09,28.257
Israel,ISR,2022-05-10,26.564
Israel,ISR,2022-05-11,27.41
Israel,ISR,2022-05-12,26.987
Israel,ISR,2022-05-13,25.505
Israel,ISR,2022-05-14,26.775
Israel,ISR,2022-05-15,25.082
Israel,ISR,2022-05-16,24.553
Israel,ISR,2022-05-17,23.812
Israel,ISR,2022-05-18,23.283
Israel,ISR,2022-05-19,23.706
Israel,ISR,2022-05-20,24.341
Israel,ISR,2022-05-21,24.235
Israel,ISR,2022-05-22,24.87
Israel,ISR,2022-05-23,25.929
Israel,ISR,2022-05-24,26.246
Israel,ISR,2022-05-25,28.786
Israel,ISR,2022-05-26,29.633
Israel,ISR,2022-05-27,28.998
Israel,ISR,2022-05-28,29.209
Israel,ISR,2022-05-29,31.326
Israel,ISR,2022-05-30,30.479
Israel,ISR,2022-05-31,31.961
Israel,ISR,2022-06-01,31.749
Israel,ISR,2022-06-02,32.702
Israel,ISR,2022-06-03,33.972
Israel,ISR,2022-06-04,34.184
Israel,ISR,2022-06-05,33.972
Israel,ISR,2022-06-06,37.57
Israel,ISR,2022-06-07,38.417
Israel,ISR,2022-06-08,41.274
Israel,ISR,2022-06-09,45.296
Israel,ISR,2022-06-10,50.482
Israel,ISR,2022-06-11,53.656
Israel,ISR,2022-06-12,58.313
Israel,ISR,2022-06-13,61.911
Israel,ISR,2022-06-14,68.896
Israel,ISR,2022-06-15,71.859
Israel,ISR,2022-06-16,74.399
Israel,ISR,2022-06-17,78.527
Israel,ISR,2022-06-18,86.041
Israel,ISR,2022-06-19,90.486
Israel,ISR,2022-06-20,96.306
Israel,ISR,2022-06-21,104.455
Israel,ISR,2022-06-22,112.605
Israel,ISR,2022-06-23,120.542
Israel,ISR,2022-06-24,127.103
Israel,ISR,2022-06-25,133.03
Israel,ISR,2022-06-26,142.026
Israel,ISR,2022-06-27,148.693
Israel,ISR,2022-06-28,153.667
Israel,ISR,2022-06-29,161.499
Israel,ISR,2022-06-30,163.827
Israel,ISR,2022-07-01,167.002
Israel,ISR,2022-07-02,168.166
Israel,ISR,2022-07-03,173.034
Israel,ISR,2022-07-04,174.727
Israel,ISR,2022-07-05,179.278
Israel,ISR,2022-07-06,178.643
Israel,ISR,2022-07-07,184.252
Israel,ISR,2022-07-08,182.03
Israel,ISR,2022-07-09,181.924
Israel,ISR,2022-07-10,180.337
Israel,ISR,2022-07-11,178.749
Israel,ISR,2022-07-12,174.516
Israel,ISR,2022-07-13,173.352
Israel,ISR,2022-07-14,169.436
Israel,ISR,2022-07-15,170.812
Israel,ISR,2022-07-16,172.611
Israel,ISR,2022-07-17,165.943
Israel,ISR,2022-07-18,166.049
Israel,ISR,2022-07-19,160.546
Israel,ISR,2022-07-20,154.937
Israel,ISR,2022-07-21,149.116
Israel,ISR,2022-07-22,142.766
Israel,ISR,2022-07-23,132.183
Israel,ISR,2022-07-24,130.913
Israel,ISR,2022-07-25,126.786
Israel,ISR,2022-07-26,121.177
Israel,ISR,2022-07-27,114.827
Israel,ISR,2022-07-28,111.652
Israel,ISR,2022-07-29,109.43
Israel,ISR,2022-07-30,109.959
Israel,ISR,2022-07-31,105.408
Israel,ISR,2022-08-01,100.751
Israel,ISR,2022-08-02,97.471
Israel,ISR,2022-08-03,96.836
Israel,ISR,2022-08-04,93.026
Israel,ISR,2022-08-05,90.697
Israel,ISR,2022-08-06,88.687
Israel,ISR,2022-08-07,86.888
Israel,ISR,2022-08-08,82.972
Israel,ISR,2022-08-09,80.008
Israel,ISR,2022-08-10,78.95
Israel,ISR,2022-08-11,77.574
Israel,ISR,2022-08-12,73.764
Israel,ISR,2022-08-13,68.261
Israel,ISR,2022-08-14,62.229
Israel,ISR,2022-08-15,58.736
Israel,ISR,2022-08-16,56.091
Israel,ISR,2022-08-17,51.752
Israel,ISR,2022-08-18,47.836
Israel,ISR,2022-08-19,46.354
Israel,ISR,2022-08-20,44.872
Israel,ISR,2022-08-21,43.814
Israel,ISR,2022-08-22,39.581
Israel,ISR,2022-08-23,38.417
Israel,ISR,2022-08-24,35.559
Israel,ISR,2022-08-25,33.231
Israel,ISR,2022-08-26,31.22
Israel,ISR,2022-08-27,32.279
Israel,ISR,2022-08-28,31.644
Israel,ISR,2022-08-29,32.49
Israel,ISR,2022-08-30,30.162
Israel,ISR,2022-08-31,30.162
Israel,ISR,2022-09-01,30.056
Israel,ISR,2022-09-02,28.998
Israel,ISR,2022-09-03,26.352
Israel,ISR,2022-09-04,24.341
Israel,ISR,2022-09-05,22.648
Israel,ISR,2022-09-06,22.86
Israel,ISR,2022-09-07,22.754
Israel,ISR,2022-09-08,22.33
Israel,ISR,2022-09-09,23.177
Israel,ISR,2022-09-10,23.706
Israel,ISR,2022-09-11,23.918
Israel,ISR,2022-09-12,24.976
Israel,ISR,2022-09-13,24.447
Israel,ISR,2022-09-14,24.235
Israel,ISR,2022-09-15,23.706
Israel,ISR,2022-09-16,23.495
Israel,ISR,2022-09-17,23.812
Israel,ISR,2022-09-18,24.341
Israel,ISR,2022-09-19,24.553
Israel,ISR,2022-09-20,25.929
Israel,ISR,2022-09-21,27.093
Israel,ISR,2022-09-22,27.516
Israel,ISR,2022-09-23,27.728
Israel,ISR,2022-09-24,27.728
Israel,ISR,2022-09-25,26.881
Israel,ISR,2022-09-26,25.505
Israel,ISR,2022-09-27,24.87
Israel,ISR,2022-09-28,24.87
Israel,ISR,2022-09-29,26.035
Israel,ISR,2022-09-30,26.035
Israel,ISR,2022-10-01,25.505
Israel,ISR,2022-10-02,27.41
Israel,ISR,2022-10-03,29.421
Israel,ISR,2022-10-04,29.844
Israel,ISR,2022-10-05,27.199
Israel,ISR,2022-10-06,27.834
Israel,ISR,2022-10-07,27.939
Israel,ISR,2022-10-08,28.786
Israel,ISR,2022-10-09,27.093
Israel,ISR,2022-10-10,24.87
Israel,ISR,2022-10-11,24.024
Israel,ISR,2022-10-12,24.235
Israel,ISR,2022-10-13,23.071
Israel,ISR,2022-10-14,22.013
Israel,ISR,2022-10-15,21.166
Israel,ISR,2022-10-16,20.637
Israel,ISR,2022-10-17,20.743
Israel,ISR,2022-10-18,22.542
Israel,ISR,2022-10-19,23.071
Israel,ISR,2022-10-20,23.283
Israel,ISR,2022-10-21,24.659
Israel,ISR,2022-10-22,24.976
Israel,ISR,2022-10-23,24.553
Israel,ISR,2022-10-24,25.717
Israel,ISR,2022-10-25,24.659
Israel,ISR,2022-10-26,24.87
Israel,ISR,2022-10-27,25.188
Israel,ISR,2022-10-28,24.87
Israel,ISR,2022-10-29,25.505
Israel,ISR,2022-10-30,27.516
Israel,ISR,2022-10-31,28.68
Israel,ISR,2022-11-01,28.257
Israel,ISR,2022-11-02,29.421
Israel,ISR,2022-11-03,29.315
Israel,ISR,2022-11-04,28.363
Israel,ISR,2022-11-05,29.421
Israel,ISR,2022-11-06,30.268
Israel,ISR,2022-11-07,31.326
Israel,ISR,2022-11-08,31.855
Israel,ISR,2022-11-09,32.384
Israel,ISR,2022-11-10,36.194
Israel,ISR,2022-11-11,36.829
Israel,ISR,2022-11-12,35.983
Israel,ISR,2022-11-13,37.041
Israel,ISR,2022-11-14,36.3
Israel,ISR,2022-11-15,38.628
Israel,ISR,2022-11-16,39.581
Israel,ISR,2022-11-17,37.358
Israel,ISR,2022-11-18,39.793
Israel,ISR,2022-11-19,40.639
Israel,ISR,2022-11-20,43.391
Israel,ISR,2022-11-21,43.92
Israel,ISR,2022-11-22,44.343
Israel,ISR,2022-11-23,46.566
Israel,ISR,2022-11-24,48.577
Israel,ISR,2022-11-25,49.847
Israel,ISR,2022-11-26,51.328
Israel,ISR,2022-11-27,50.905
Israel,ISR,2022-11-28,54.715
Israel,ISR,2022-11-29,57.149
Israel,ISR,2022-11-30,58.101
Israel,ISR,2022-12-01,58.736
Israel,ISR,2022-12-02,58.736
Israel,ISR,2022-12-03,59.583
Israel,ISR,2022-12-04,61.911
Israel,ISR,2022-12-05,59.266
Israel,ISR,2022-12-06,58.736
Israel,ISR,2022-12-07,59.266
Israel,ISR,2022-12-08,59.371
Israel,ISR,2022-12-09,59.054
Israel,ISR,2022-12-10,59.583
Israel,ISR,2022-12-11,56.62
Israel,ISR,2022-12-12,56.831
Israel,ISR,2022-12-13,56.408
Israel,ISR,2022-12-14,56.514
Israel,ISR,2022-12-15,55.667
Israel,ISR,2022-12-16,56.196
Israel,ISR,2022-12-17,55.244
Israel,ISR,2022-12-18,55.773
Israel,ISR,2022-12-19,56.196
Israel,ISR,2022-12-20,55.985
Israel,ISR,2022-12-21,55.032
Israel,ISR,2022-12-22,57.89
Israel,ISR,2022-12-23,57.361
Israel,ISR,2022-12-24,56.831
Israel,ISR,2022-12-25,57.043
Israel,ISR,2022-12-26,57.361
Israel,ISR,2022-12-27,56.302
Israel,ISR,2022-12-28,57.149
Israel,ISR,2022-12-29,52.704
Israel,ISR,2022-12-30,50.799
Israel,ISR,2022-12-31,49.317
Israel,ISR,2023-01-01,48.259
Israel,ISR,2023-01-02,45.613
Israel,ISR,2023-01-03,45.931
Israel,ISR,2023-01-04,44.026
Israel,ISR,2023-01-05,45.719
Israel,ISR,2023-01-06,46.777
Israel,ISR,2023-01-07,46.989
Israel,ISR,2023-01-08,47.518
Israel,ISR,2023-01-09,48.365
Israel,ISR,2023-01-10,48.153
Israel,ISR,2023-01-11,47.412
Israel,ISR,2023-01-12,44.026
Israel,ISR,2023-01-13,42.968
Israel,ISR,2023-01-14,43.391
Israel,ISR,2023-01-15,42.65
Israel,ISR,2023-01-16,42.756
Israel,ISR,2023-01-17,41.38
Israel,ISR,2023-01-18,39.898
Israel,ISR,2023-01-19,41.803
Israel,ISR,2023-01-20,40.428
Israel,ISR,2023-01-21,38.417
Israel,ISR,2023-01-22,38.523
Israel,ISR,2023-01-23,36.406
Israel,ISR,2023-01-24,37.358
Israel,ISR,2023-01-25,39.158
Israel,ISR,2023-01-26,37.358
Israel,ISR,2023-01-27,38.84
Israel,ISR,2023-01-28,39.898
Israel,ISR,2023-01-29,37.464
Israel,ISR,2023-01-30,39.158
Israel,ISR,2023-01-31,36.723
Israel,ISR,2023-02-01,34.395
Israel,ISR,2023-02-02,34.395
Israel,ISR,2023-02-03,33.019
Israel,ISR,2023-02-04,32.279
Israel,ISR,2023-02-05,32.173
Israel,ISR,2023-02-06,30.797
Israel,ISR,2023-02-07,31.22
Israel,ISR,2023-02-08,29.315
Israel,ISR,2023-02-09,29.844
Israel,ISR,2023-02-10,29.95
Israel,ISR,2023-02-11,30.374
Israel,ISR,2023-02-12,29.739
Israel,ISR,2023-02-13,28.469
Israel,ISR,2023-02-14,28.786
Israel,ISR,2023-02-15,30.797
Israel,ISR,2023-02-16,31.114
Israel,ISR,2023-02-17,31.22
Israel,ISR,2023-02-18,31.432
Israel,ISR,2023-02-19,33.337
Israel,ISR,2023-02-20,36.723
Israel,ISR,2023-02-21,37.888
Israel,ISR,2023-02-22,39.263
Israel,ISR,2023-02-23,39.263
Israel,ISR,2023-02-24,39.898
Israel,ISR,2023-02-25,41.168
Israel,ISR,2023-02-26,41.803
Israel,ISR,2023-02-27,41.38
Israel,ISR,2023-02-28,40.957
Israel,ISR,2023-03-01,39.793
Israel,ISR,2023-03-02,41.803
Israel,ISR,2023-03-03,42.968
Israel,ISR,2023-03-04,41.274
Israel,ISR,2023-03-05,41.168
Israel,ISR,2023-03-06,40.957
Israel,ISR,2023-03-07,41.486
Israel,ISR,2023-03-08,41.168
Israel,ISR,2023-03-09,38.946
Israel,ISR,2023-03-10,38.417
Israel,ISR,2023-03-11,39.898
Israel,ISR,2023-03-12,39.687
Israel,ISR,2023-03-13,39.475
Israel,ISR,2023-03-14,38.946
Israel,ISR,2023-03-15,39.793
Israel,ISR,2023-03-16,39.898
Israel,ISR,2023-03-17,39.898
Israel,ISR,2023-03-18,37.888
Israel,ISR,2023-03-19,36.723
Israel,ISR,2023-03-20,37.782
Israel,ISR,2023-03-21,37.041
Israel,ISR,2023-03-22,35.03
Israel,ISR,2023-03-23,35.136
Israel,ISR,2023-03-24,36.3
Israel,ISR,2023-03-25,37.993
Israel,ISR,2023-03-26,37.041
Israel,ISR,2023-03-27,36.088
Israel,ISR,2023-03-28,36.406
Israel,ISR,2023-03-29,37.358
Israel,ISR,2023-03-30,37.57
Israel,ISR,2023-03-31,35.559
Israel,ISR,2023-04-01,34.607
Israel,ISR,2023-04-02,35.665
Israel,ISR,2023-04-03,34.395
Israel,ISR,2023-04-04,34.607
Israel,ISR,2023-04-05,33.866
Israel,ISR,2023-04-06,34.395
Israel,ISR,2023-04-07,34.924
Israel,ISR,2023-04-08,35.877
Israel,ISR,2023-04-09,36.512
Israel,ISR,2023-04-10,37.253
Israel,ISR,2023-04-11,36.088
Israel,ISR,2023-04-12,35.03
Israel,ISR,2023-04-13,32.173
Israel,ISR,2023-04-14,32.173
Israel,ISR,2023-04-15,30.479
Israel,ISR,2023-04-16,28.257
Israel,ISR,2023-04-17,28.257
Israel,ISR,2023-04-18,27.41
Israel,ISR,2023-04-19,27.516
Israel,ISR,2023-04-20,29.421
Israel,ISR,2023-04-21,27.834
Israel,ISR,2023-04-22,26.775
Israel,ISR,2023-04-23,24.976
Israel,ISR,2023-04-24,22.86
Israel,ISR,2023-04-25,21.484
Israel,ISR,2023-04-26,20.108
Israel,ISR,2023-04-27,17.991
Israel,ISR,2023-04-28,18.203
Israel,ISR,2023-04-29,18.097
Israel,ISR,2023-04-30,19.685
Israel,ISR,2023-05-01,18.626
Israel,ISR,2023-05-02,17.568
Israel,ISR,2023-05-03,17.991
Israel,ISR,2023-05-04,17.462
Israel,ISR,2023-05-05,15.875
Israel,ISR,2023-05-06,15.028
Israel,ISR,2023-05-07,11.112
Italy,ITA,2020-02-26,20.275
Italy,ITA,2020-02-27,24.086
Italy,ITA,2020-02-28,28.355
Italy,ITA,2020-02-29,32.81
Italy,ITA,2020-03-01,37.688
Italy,ITA,2020-03-02,45.666
Italy,ITA,2020-03-03,54.779
Italy,ITA,2020-03-04,65.433
Italy,ITA,2020-03-05,78.425
Italy,ITA,2020-03-06,92.246
Italy,ITA,2020-03-07,105.78
Italy,ITA,2020-03-08,117.569
Italy,ITA,2020-03-09,130.46
Italy,ITA,2020-03-10,143.096
Italy,ITA,2020-03-11,156.697
Italy,ITA,2020-03-12,169.79
Italy,ITA,2020-03-13,187.931
Italy,ITA,2020-03-14,201.584
Italy,ITA,2020-03-15,214.423
Italy,ITA,2020-03-16,232.378
Italy,ITA,2020-03-17,251.129
Italy,ITA,2020-03-18,267.965
Italy,ITA,2020-03-19,283.701
Italy,ITA,2020-03-20,293.525
Italy,ITA,2020-03-21,303.062
Italy,ITA,2020-03-22,308.042
Italy,ITA,2020-03-23,311.853
Italy,ITA,2020-03-24,311.141
Italy,ITA,2020-03-25,304.671
Italy,ITA,2020-03-26,293.424
Italy,ITA,2020-03-27,283.21
Italy,ITA,2020-03-28,269.829
Italy,ITA,2020-03-29,257.125
Italy,ITA,2020-03-30,239.797
Italy,ITA,2020-03-31,222.401
Italy,ITA,2020-04-01,208.833
Italy,ITA,2020-04-02,197.857
Italy,ITA,2020-04-03,181.613
Italy,ITA,2020-04-04,169.536
Italy,ITA,2020-04-05,159.526
Italy,ITA,2020-04-06,148.601
Italy,ITA,2020-04-07,139.471
Italy,ITA,2020-04-08,131.798
Italy,ITA,2020-04-09,124.226
Italy,ITA,2020-04-10,118.789
Italy,ITA,2020-04-11,115.3
Italy,ITA,2020-04-12,112.386
Italy,ITA,2020-04-13,105.492
Italy,ITA,2020-04-14,102.748
Italy,ITA,2020-04-15,97.362
Italy,ITA,2020-04-16,92.501
Italy,ITA,2020-04-17,88.96
Italy,ITA,2020-04-18,84.658
Italy,ITA,2020-04-19,81.355
Italy,ITA,2020-04-20,82.033
Italy,ITA,2020-04-21,77.663
Italy,ITA,2020-04-22,75.85
Italy,ITA,2020-04-23,73.699
Italy,ITA,2020-04-24,70.701
Italy,ITA,2020-04-25,68.363
Italy,ITA,2020-04-26,66.568
Italy,ITA,2020-04-27,63.18
Italy,ITA,2020-04-28,60.25
Italy,ITA,2020-04-29,56.676
Italy,ITA,2020-04-30,52.865
Italy,ITA,2020-05-01,48.19
Italy,ITA,2020-05-02,45.124
Italy,ITA,2020-05-03,42.058
Italy,ITA,2020-05-04,39.466
Italy,ITA,2020-05-05,36.993
Italy,ITA,2020-05-06,35.164
Italy,ITA,2020-05-07,33.945
Italy,ITA,2020-05-08,34.182
Italy,ITA,2020-05-09,33.03
Italy,ITA,2020-05-10,32.827
Italy,ITA,2020-05-11,32.132
Italy,ITA,2020-05-12,30.354
Italy,ITA,2020-05-13,28.711
Italy,ITA,2020-05-14,27.186
Italy,ITA,2020-05-15,25.899
Italy,ITA,2020-05-16,25.17
Italy,ITA,2020-05-17,24.374
Italy,ITA,2020-05-18,22.952
Italy,ITA,2020-05-19,22.393
Italy,ITA,2020-05-20,21.376
Italy,ITA,2020-05-21,19.97
Italy,ITA,2020-05-22,18.666
Italy,ITA,2020-05-23,17.921
Italy,ITA,2020-05-24,17.531
Italy,ITA,2020-05-25,17.311
Italy,ITA,2020-05-26,16.718
Italy,ITA,2020-05-27,16.193
Italy,ITA,2020-05-28,15.38
Italy,ITA,2020-05-29,14.94
Italy,ITA,2020-05-30,14.821
Italy,ITA,2020-05-31,14.11
Italy,ITA,2020-06-01,13.602
Italy,ITA,2020-06-02,12.551
Italy,ITA,2020-06-03,12.467
Italy,ITA,2020-06-04,12.636
Italy,ITA,2020-06-05,12.263
Italy,ITA,2020-06-06,11.62
Italy,ITA,2020-06-07,11.4
Italy,ITA,2020-06-08,11.247
Italy,ITA,2020-06-09,11.586
Italy,ITA,2020-06-10,11.061
Italy,ITA,2020-06-11,10.603
Italy,ITA,2020-06-12,10.502
Italy,ITA,2020-06-13,10.807
Italy,ITA,2020-06-14,10.908
Italy,ITA,2020-06-15,10.265
Italy,ITA,2020-06-16,9.858
Italy,ITA,2020-06-17,10.18
Italy,ITA,2020-06-18,10.4
Italy,ITA,2020-06-19,10.519
Italy,ITA,2020-06-20,9.977
Italy,ITA,2020-06-21,9.841
Italy,ITA,2020-06-22,10.146
Italy,ITA,2020-06-23,10.417
Italy,ITA,2020-06-24,10.315
Italy,ITA,2020-06-25,10.078
Italy,ITA,2020-06-26,9.943
Italy,ITA,2020-06-27,10.078
Italy,ITA,2020-06-28,9.892
Italy,ITA,2020-06-29,9.757
Italy,ITA,2020-06-30,9.74
Italy,ITA,2020-07-01,9.214
Italy,ITA,2020-07-02,9.384
Italy,ITA,2020-07-03,9.35
Italy,ITA,2020-07-04,9.198
Italy,ITA,2020-07-05,9.418
Italy,ITA,2020-07-06,9.181
Italy,ITA,2020-07-07,8.943
Italy,ITA,2020-07-08,9.028
Italy,ITA,2020-07-09,8.876
Italy,ITA,2020-07-10,8.571
Italy,ITA,2020-07-11,8.876
Italy,ITA,2020-07-12,8.723
Italy,ITA,2020-07-13,8.74
Italy,ITA,2020-07-14,8.876
Italy,ITA,2020-07-15,8.825
Italy,ITA,2020-07-16,8.605
Italy,ITA,2020-07-17,8.927
Italy,ITA,2020-07-18,8.893
Italy,ITA,2020-07-19,8.825
Italy,ITA,2020-07-20,8.943
Italy,ITA,2020-07-21,9.13
Italy,ITA,2020-07-22,9.265
Italy,ITA,2020-07-23,9.452
Italy,ITA,2020-07-24,9.096
Italy,ITA,2020-07-25,9.316
Italy,ITA,2020-07-26,9.486
Italy,ITA,2020-07-27,9.096
Italy,ITA,2020-07-28,8.825
Italy,ITA,2020-07-29,8.825
Italy,ITA,2020-07-30,8.74
Italy,ITA,2020-07-31,8.876
Italy,ITA,2020-08-01,8.876
Italy,ITA,2020-08-02,8.994
Italy,ITA,2020-08-03,9.672
Italy,ITA,2020-08-04,9.469
Italy,ITA,2020-08-05,9.672
Italy,ITA,2020-08-06,9.79
Italy,ITA,2020-08-07,9.74
Italy,ITA,2020-08-08,9.587
Italy,ITA,2020-08-09,9.79
Italy,ITA,2020-08-10,9.706
Italy,ITA,2020-08-11,9.672
Italy,ITA,2020-08-12,9.943
Italy,ITA,2020-08-13,10.18
Italy,ITA,2020-08-14,10.248
Italy,ITA,2020-08-15,10.332
Italy,ITA,2020-08-16,10.315
Italy,ITA,2020-08-17,10.18
Italy,ITA,2020-08-18,11.315
Italy,ITA,2020-08-19,11.925
Italy,ITA,2020-08-20,11.975
Italy,ITA,2020-08-21,12.196
Italy,ITA,2020-08-22,13.195
Italy,ITA,2020-08-23,13.669
Italy,ITA,2020-08-24,14.059
Italy,ITA,2020-08-25,14.55
Italy,ITA,2020-08-26,14.669
Italy,ITA,2020-08-27,15.668
Italy,ITA,2020-08-28,16.583
Italy,ITA,2020-08-29,16.43
Italy,ITA,2020-08-30,16.769
Italy,ITA,2020-08-31,17.023
Italy,ITA,2020-09-01,17.125
Italy,ITA,2020-09-02,17.667
Italy,ITA,2020-09-03,18.293
Italy,ITA,2020-09-04,18.768
Italy,ITA,2020-09-05,19.344
Italy,ITA,2020-09-06,19.53
Italy,ITA,2020-09-07,20.733
Italy,ITA,2020-09-08,21.054
Italy,ITA,2020-09-09,21.241
Italy,ITA,2020-09-10,21.766
Italy,ITA,2020-09-11,22.308
Italy,ITA,2020-09-12,22.867
Italy,ITA,2020-09-13,23.663
Italy,ITA,2020-09-14,24.002
Italy,ITA,2020-09-15,25.137
Italy,ITA,2020-09-16,25.865
Italy,ITA,2020-09-17,26.305
Italy,ITA,2020-09-18,26.746
Italy,ITA,2020-09-19,26.83
Italy,ITA,2020-09-20,26.678
Italy,ITA,2020-09-21,27.22
Italy,ITA,2020-09-22,27.559
Italy,ITA,2020-09-23,27.999
Italy,ITA,2020-09-24,28.169
Italy,ITA,2020-09-25,28.931
Italy,ITA,2020-09-26,29.456
Italy,ITA,2020-09-27,29.93
Italy,ITA,2020-09-28,30.421
Italy,ITA,2020-09-29,30.845
Italy,ITA,2020-09-30,30.913
Italy,ITA,2020-10-01,32.505
Italy,ITA,2020-10-02,33.961
Italy,ITA,2020-10-03,36.35
Italy,ITA,2020-10-04,38.552
Italy,ITA,2020-10-05,41.194
Italy,ITA,2020-10-06,44.717
Italy,ITA,2020-10-07,48.512
Italy,ITA,2020-10-08,51.696
Italy,ITA,2020-10-09,55.05
Italy,ITA,2020-10-10,58.708
Italy,ITA,2020-10-11,63.333
Italy,ITA,2020-10-12,68.567
Italy,ITA,2020-10-13,74.055
Italy,ITA,2020-10-14,80.034
Italy,ITA,2020-10-15,87.08
Italy,ITA,2020-10-16,93.873
Italy,ITA,2020-10-17,102.918
Italy,ITA,2020-10-18,110.404
Italy,ITA,2020-10-19,119.67
Italy,ITA,2020-10-20,129.85
Italy,ITA,2020-10-21,139.843
Italy,ITA,2020-10-22,149.617
Italy,ITA,2020-10-23,162.49
Italy,ITA,2020-10-24,170.366
Italy,ITA,2020-10-25,180.733
Italy,ITA,2020-10-26,192.302
Italy,ITA,2020-10-27,201.482
Italy,ITA,2020-10-28,211.222
Italy,ITA,2020-10-29,221.08
Italy,ITA,2020-10-30,230.565
Italy,ITA,2020-10-31,238.73
Italy,ITA,2020-11-01,243.405
Italy,ITA,2020-11-02,250.807
Italy,ITA,2020-11-03,259.598
Italy,ITA,2020-11-04,269.829
Italy,ITA,2020-11-05,278.501
Italy,ITA,2020-11-06,283.176
Italy,ITA,2020-11-07,289.325
Italy,ITA,2020-11-08,293.542
Italy,ITA,2020-11-09,294.643
Italy,ITA,2020-11-10,295.473
Italy,ITA,2020-11-11,295.626
Italy,ITA,2020-11-12,293.983
Italy,ITA,2020-11-13,293.78
Italy,ITA,2020-11-14,292.001
Italy,ITA,2020-11-15,289.477
Italy,ITA,2020-11-16,289.24
Italy,ITA,2020-11-17,288.02
Italy,ITA,2020-11-18,282.803
Italy,ITA,2020-11-19,279.077
Italy,ITA,2020-11-20,273.149
Italy,ITA,2020-11-21,264.866
Italy,ITA,2020-11-22,257.684
Italy,ITA,2020-11-23,249.858
Italy,ITA,2020-11-24,241.033
Italy,ITA,2020-11-25,233.14
Italy,ITA,2020-11-26,224.146
Italy,ITA,2020-11-27,216.845
Italy,ITA,2020-11-28,213.153
Italy,ITA,2020-11-29,209.291
Italy,ITA,2020-11-30,202.177
Italy,ITA,2020-12-01,196.638
Italy,ITA,2020-12-02,192.657
Italy,ITA,2020-12-03,189.303
Italy,ITA,2020-12-04,185.425
Italy,ITA,2020-12-05,182.393
Italy,ITA,2020-12-06,180.546
Italy,ITA,2020-12-07,177.328
Italy,ITA,2020-12-08,171.908
Italy,ITA,2020-12-09,168.689
Italy,ITA,2020-12-10,165.674
Italy,ITA,2020-12-11,163.93
Italy,ITA,2020-12-12,161.135
Italy,ITA,2020-12-13,157.425
Italy,ITA,2020-12-14,156.443
Italy,ITA,2020-12-15,156.036
Italy,ITA,2020-12-16,153.106
Italy,ITA,2020-12-17,151.328
Italy,ITA,2020-12-18,148.313
Italy,ITA,2020-12-19,147.381
Italy,ITA,2020-12-20,147.296
Italy,ITA,2020-12-21,145.586
Italy,ITA,2020-12-22,145.857
Italy,ITA,2020-12-23,145.586
Italy,ITA,2020-12-24,144.976
Italy,ITA,2020-12-25,140.385
Italy,ITA,2020-12-26,139.352
Italy,ITA,2020-12-27,142.113
Italy,ITA,2020-12-28,143.926
Italy,ITA,2020-12-29,145.992
Italy,ITA,2020-12-30,147.754
Italy,ITA,2020-12-31,149.668
Italy,ITA,2021-01-01,152.361
Italy,ITA,2021-01-02,156.9
Italy,ITA,2021-01-03,157.104
Italy,ITA,2021-01-04,158.306
Italy,ITA,2021-01-05,159.221
Italy,ITA,2021-01-06,157.154
Italy,ITA,2021-01-07,157.696
Italy,ITA,2021-01-08,163.083
Italy,ITA,2021-01-09,160.762
Italy,ITA,2021-01-10,159.695
Italy,ITA,2021-01-11,158.238
Italy,ITA,2021-01-12,155.545
Italy,ITA,2021-01-13,156.477
Italy,ITA,2021-01-14,154.461
Italy,ITA,2021-01-15,150.701
Italy,ITA,2021-01-16,149.346
Italy,ITA,2021-01-17,145.484
Italy,ITA,2021-01-18,142.367
Italy,ITA,2021-01-19,138.471
Italy,ITA,2021-01-20,135.151
Italy,ITA,2021-01-21,132.645
Italy,ITA,2021-01-22,129.545
Italy,ITA,2021-01-23,126.123
Italy,ITA,2021-01-24,125.022
Italy,ITA,2021-01-25,125.293
Italy,ITA,2021-01-26,123.566
Italy,ITA,2021-01-27,120.906
Italy,ITA,2021-01-28,118.264
Italy,ITA,2021-01-29,117.586
Italy,ITA,2021-01-30,115.994
Italy,ITA,2021-01-31,115.401
Italy,ITA,2021-02-01,113.352
Italy,ITA,2021-02-02,113.504
Italy,ITA,2021-02-03,114.52
Italy,ITA,2021-02-04,114.402
Italy,ITA,2021-02-05,113.538
Italy,ITA,2021-02-06,113.419
Italy,ITA,2021-02-07,113.792
Italy,ITA,2021-02-08,113.233
Italy,ITA,2021-02-09,112.911
Italy,ITA,2021-02-10,113.335
Italy,ITA,2021-02-11,113.386
Italy,ITA,2021-02-12,112.776
Italy,ITA,2021-02-13,111.963
Italy,ITA,2021-02-14,110.184
Italy,ITA,2021-02-15,109.32
Italy,ITA,2021-02-16,108.982
Italy,ITA,2021-02-17,109.202
Italy,ITA,2021-02-18,110.421
Italy,ITA,2021-02-19,112.081
Italy,ITA,2021-02-20,114.622
Italy,ITA,2021-02-21,117.807
Italy,ITA,2021-02-22,123.159
Italy,ITA,2021-02-23,128.867
Italy,ITA,2021-02-24,131.95
Italy,ITA,2021-02-25,134.592
Italy,ITA,2021-02-26,139.877
Italy,ITA,2021-02-27,145.501
Italy,ITA,2021-02-28,149.363
Italy,ITA,2021-03-01,152.107
Italy,ITA,2021-03-02,158.103
Italy,ITA,2021-03-03,165.099
Italy,ITA,2021-03-04,171.366
Italy,ITA,2021-03-05,177.243
Italy,ITA,2021-03-06,181.444
Italy,ITA,2021-03-07,185.187
Italy,ITA,2021-03-08,191.81
Italy,ITA,2021-03-09,195.469
Italy,ITA,2021-03-10,199.5
Italy,ITA,2021-03-11,202.211
Italy,ITA,2021-03-12,205.175
Italy,ITA,2021-03-13,209.596
Italy,ITA,2021-03-14,213.644
Italy,ITA,2021-03-15,216.93
Italy,ITA,2021-03-16,220.352
Italy,ITA,2021-03-17,221.588
Italy,ITA,2021-03-18,222.909
Italy,ITA,2021-03-19,223.028
Italy,ITA,2021-03-20,222.672
Italy,ITA,2021-03-21,223.011
Italy,ITA,2021-03-22,221.046
Italy,ITA,2021-03-23,217.54
Italy,ITA,2021-03-24,215.439
Italy,ITA,2021-03-25,216.066
Italy,ITA,2021-03-26,216.405
Italy,ITA,2021-03-27,214.271
Italy,ITA,2021-03-28,210.189
Italy,ITA,2021-03-29,209.037
Italy,ITA,2021-03-30,207.512
Italy,ITA,2021-03-31,206.073
Italy,ITA,2021-04-01,203.82
Italy,ITA,2021-04-02,202.465
Italy,ITA,2021-04-03,201.025
Italy,ITA,2021-04-04,199.28
Italy,ITA,2021-04-05,191.15
Italy,ITA,2021-04-06,188.49
Italy,ITA,2021-04-07,184.357
Italy,ITA,2021-04-08,178.412
Italy,ITA,2021-04-09,171.112
Italy,ITA,2021-04-10,165.268
Italy,ITA,2021-04-11,162.134
Italy,ITA,2021-04-12,159.61
Italy,ITA,2021-04-13,154.512
Italy,ITA,2021-04-14,148.939
Italy,ITA,2021-04-15,144.806
Italy,ITA,2021-04-16,138.929
Italy,ITA,2021-04-17,134.576
Italy,ITA,2021-04-18,132.814
Italy,ITA,2021-04-19,130.714
Italy,ITA,2021-04-20,127.512
Italy,ITA,2021-04-21,126.428
Italy,ITA,2021-04-22,124.175
Italy,ITA,2021-04-23,124.074
Italy,ITA,2021-04-24,123.007
Italy,ITA,2021-04-25,120.009
Italy,ITA,2021-04-26,118.281
Italy,ITA,2021-04-27,115.198
Italy,ITA,2021-04-28,113.267
Italy,ITA,2021-04-29,110.845
Italy,ITA,2021-04-30,108.355
Italy,ITA,2021-05-01,104.933
Italy,ITA,2021-05-02,102.223
Italy,ITA,2021-05-03,99.784
Italy,ITA,2021-05-04,98.209
Italy,ITA,2021-05-05,94.465
Italy,ITA,2021-05-06,91.552
Italy,ITA,2021-05-07,87.859
Italy,ITA,2021-05-08,85.725
Italy,ITA,2021-05-09,82.067
Italy,ITA,2021-05-10,78.679
Italy,ITA,2021-05-11,73.597
Italy,ITA,2021-05-12,70.277
Italy,ITA,2021-05-13,67.991
Italy,ITA,2021-05-14,65.043
Italy,ITA,2021-05-15,61.707
Italy,ITA,2021-05-16,60.165
Italy,ITA,2021-05-17,57.099
Italy,ITA,2021-05-18,54.559
Italy,ITA,2021-05-19,51.611
Italy,ITA,2021-05-20,48.783
Italy,ITA,2021-05-21,46.039
Italy,ITA,2021-05-22,43.515
Italy,ITA,2021-05-23,41.889
Italy,ITA,2021-05-24,38.975
Italy,ITA,2021-05-25,36.722
Italy,ITA,2021-05-26,35.249
Italy,ITA,2021-05-27,32.81
Italy,ITA,2021-05-28,31.759
Italy,ITA,2021-05-29,30.896
Italy,ITA,2021-05-30,29.557
Italy,ITA,2021-05-31,28.185
Italy,ITA,2021-06-01,27.677
Italy,ITA,2021-06-02,25.763
Italy,ITA,2021-06-03,25.069
Italy,ITA,2021-06-04,23.866
Italy,ITA,2021-06-05,22.816
Italy,ITA,2021-06-06,22.376
Italy,ITA,2021-06-07,21.867
Italy,ITA,2021-06-08,20.936
Italy,ITA,2021-06-09,20.495
Italy,ITA,2021-06-10,19.496
Italy,ITA,2021-06-11,18.209
Italy,ITA,2021-06-12,17.701
Italy,ITA,2021-06-13,16.921
Italy,ITA,2021-06-14,15.6
Italy,ITA,2021-06-15,14.923
Italy,ITA,2021-06-16,14.228
Italy,ITA,2021-06-17,13.602
Italy,ITA,2021-06-18,13.076
Italy,ITA,2021-06-19,12.128
Italy,ITA,2021-06-20,11.332
Italy,ITA,2021-06-21,10.739
Italy,ITA,2021-06-22,10.332
Italy,ITA,2021-06-23,9.723
Italy,ITA,2021-06-24,9.638
Italy,ITA,2021-06-25,9.147
Italy,ITA,2021-06-26,9.13
Italy,ITA,2021-06-27,8.943
Italy,ITA,2021-06-28,8.96
Italy,ITA,2021-06-29,8.418
Italy,ITA,2021-06-30,8.249
Italy,ITA,2021-07-01,8.012
Italy,ITA,2021-07-02,7.826
Italy,ITA,2021-07-03,7.673
Italy,ITA,2021-07-04,7.893
Italy,ITA,2021-07-05,7.724
Italy,ITA,2021-07-06,7.673
Italy,ITA,2021-07-07,8.097
Italy,ITA,2021-07-08,8.385
Italy,ITA,2021-07-09,8.842
Italy,ITA,2021-07-10,9.062
Italy,ITA,2021-07-11,9.096
Italy,ITA,2021-07-12,9.418
Italy,ITA,2021-07-13,10.129
Italy,ITA,2021-07-14,10.197
Italy,ITA,2021-07-15,10.468
Italy,ITA,2021-07-16,11.129
Italy,ITA,2021-07-17,11.925
Italy,ITA,2021-07-18,12.704
Italy,ITA,2021-07-19,14.076
Italy,ITA,2021-07-20,14.872
Italy,ITA,2021-07-21,16.295
Italy,ITA,2021-07-22,17.785
Italy,ITA,2021-07-23,18.869
Italy,ITA,2021-07-24,19.97
Italy,ITA,2021-07-25,21.58
Italy,ITA,2021-07-26,22.393
Italy,ITA,2021-07-27,23.239
Italy,ITA,2021-07-28,24.019
Italy,ITA,2021-07-29,24.307
Italy,ITA,2021-07-30,25.509
Italy,ITA,2021-07-31,26.221
Italy,ITA,2021-08-01,26.661
Italy,ITA,2021-08-02,27.627
Italy,ITA,2021-08-03,29.219
Italy,ITA,2021-08-04,30.133
Italy,ITA,2021-08-05,31.387
Italy,ITA,2021-08-06,32.302
Italy,ITA,2021-08-07,33.199
Italy,ITA,2021-08-08,33.589
Italy,ITA,2021-08-09,34.876
Italy,ITA,2021-08-10,35.283
Italy,ITA,2021-08-11,36.214
Italy,ITA,2021-08-12,36.875
Italy,ITA,2021-08-13,37.671
Italy,ITA,2021-08-14,38.433
Italy,ITA,2021-08-15,39.094
Italy,ITA,2021-08-16,40.008
Italy,ITA,2021-08-17,40.33
Italy,ITA,2021-08-18,41.347
Italy,ITA,2021-08-19,41.906
Italy,ITA,2021-08-20,41.652
Italy,ITA,2021-08-21,42.38
Italy,ITA,2021-08-22,42.194
Italy,ITA,2021-08-23,41.753
Italy,ITA,2021-08-24,42.312
Italy,ITA,2021-08-25,41.906
Italy,ITA,2021-08-26,42.719
Italy,ITA,2021-08-27,43.362
Italy,ITA,2021-08-28,43.278
Italy,ITA,2021-08-29,43.82
Italy,ITA,2021-08-30,42.939
Italy,ITA,2021-08-31,42.363
Italy,ITA,2021-09-01,42.007
Italy,ITA,2021-09-02,41.38
Italy,ITA,2021-09-03,40.652
Italy,ITA,2021-09-04,40.178
Italy,ITA,2021-09-05,39.128
Italy,ITA,2021-09-06,39.45
Italy,ITA,2021-09-07,39.382
Italy,ITA,2021-09-08,38.772
Italy,ITA,2021-09-09,37.654
Italy,ITA,2021-09-10,37.078
Italy,ITA,2021-09-11,36.333
Italy,ITA,2021-09-12,36.096
Italy,ITA,2021-09-13,35.672
Italy,ITA,2021-09-14,34.487
Italy,ITA,2021-09-15,33.419
Italy,ITA,2021-09-16,32.979
Italy,ITA,2021-09-17,32.268
Italy,ITA,2021-09-18,31.268
Italy,ITA,2021-09-19,30.608
Italy,ITA,2021-09-20,29.117
Italy,ITA,2021-09-21,28.473
Italy,ITA,2021-09-22,27.762
Italy,ITA,2021-09-23,27.169
Italy,ITA,2021-09-24,26.119
Italy,ITA,2021-09-25,25.306
Italy,ITA,2021-09-26,24.442
Italy,ITA,2021-09-27,24.324
Italy,ITA,2021-09-28,23.51
Italy,ITA,2021-09-29,22.85
Italy,ITA,2021-09-30,21.783
Italy,ITA,2021-10-01,21.698
Italy,ITA,2021-10-02,21.495
Italy,ITA,2021-10-03,21.427
Italy,ITA,2021-10-04,20.631
Italy,ITA,2021-10-05,20.462
Italy,ITA,2021-10-06,20.208
Italy,ITA,2021-10-07,19.987
Italy,ITA,2021-10-08,19.242
Italy,ITA,2021-10-09,18.683
Italy,ITA,2021-10-10,18.243
Italy,ITA,2021-10-11,17.718
Italy,ITA,2021-10-12,17.463
Italy,ITA,2021-10-13,17.599
Italy,ITA,2021-10-14,17.125
Italy,ITA,2021-10-15,17.497
Italy,ITA,2021-10-16,17.819
Italy,ITA,2021-10-17,18.073
Italy,ITA,2021-10-18,18.869
Italy,ITA,2021-10-19,19.852
Italy,ITA,2021-10-20,20.428
Italy,ITA,2021-10-21,21.444
Italy,ITA,2021-10-22,22.579
Italy,ITA,2021-10-23,23.036
Italy,ITA,2021-10-24,23.849
Italy,ITA,2021-10-25,24.476
Italy,ITA,2021-10-26,24.544
Italy,ITA,2021-10-27,25.746
Italy,ITA,2021-10-28,26.39
Italy,ITA,2021-10-29,26.593
Italy,ITA,2021-10-30,27.66
Italy,ITA,2021-10-31,28.473
Italy,ITA,2021-11-01,28.406
Italy,ITA,2021-11-02,29.557
Italy,ITA,2021-11-03,29.964
Italy,ITA,2021-11-04,31.522
Italy,ITA,2021-11-05,32.522
Italy,ITA,2021-11-06,32.759
Italy,ITA,2021-11-07,32.928
Italy,ITA,2021-11-08,34.825
Italy,ITA,2021-11-09,35.198
Italy,ITA,2021-11-10,35.825
Italy,ITA,2021-11-11,35.367
Italy,ITA,2021-11-12,36.35
Italy,ITA,2021-11-13,37.942
Italy,ITA,2021-11-14,38.891
Italy,ITA,2021-11-15,39.822
Italy,ITA,2021-11-16,41.685
Italy,ITA,2021-11-17,42.888
Italy,ITA,2021-11-18,44.345
Italy,ITA,2021-11-19,45.141
Italy,ITA,2021-11-20,45.513
Italy,ITA,2021-11-21,46.479
Italy,ITA,2021-11-22,47.563
Italy,ITA,2021-11-23,48.207
Italy,ITA,2021-11-24,48.766
Italy,ITA,2021-11-25,50.155
Italy,ITA,2021-11-26,51.493
Italy,ITA,2021-11-27,52.56
Italy,ITA,2021-11-28,53
Italy,ITA,2021-11-29,53.932
Italy,ITA,2021-11-30,54.254
Italy,ITA,2021-12-01,55.016
Italy,ITA,2021-12-02,56.32
Italy,ITA,2021-12-03,56.998
Italy,ITA,2021-12-04,58.268
Italy,ITA,2021-12-05,59.471
Italy,ITA,2021-12-06,61.622
Italy,ITA,2021-12-07,62.892
Italy,ITA,2021-12-08,63.976
Italy,ITA,2021-12-09,65.552
Italy,ITA,2021-12-10,67.178
Italy,ITA,2021-12-11,69.058
Italy,ITA,2021-12-12,70.227
Italy,ITA,2021-12-13,71.345
Italy,ITA,2021-12-14,73.733
Italy,ITA,2021-12-15,76.24
Italy,ITA,2021-12-16,77.375
Italy,ITA,2021-12-17,79.373
Italy,ITA,2021-12-18,80
Italy,ITA,2021-12-19,82.05
Italy,ITA,2021-12-20,83.693
Italy,ITA,2021-12-21,86.301
Italy,ITA,2021-12-22,89.13
Italy,ITA,2021-12-23,91.467
Italy,ITA,2021-12-24,95.041
Italy,ITA,2021-12-25,99.123
Italy,ITA,2021-12-26,103.798
Italy,ITA,2021-12-27,110.794
Italy,ITA,2021-12-28,117.603
Italy,ITA,2021-12-29,125.971
Italy,ITA,2021-12-30,132.695
Italy,ITA,2021-12-31,139.132
Italy,ITA,2022-01-01,145.416
Italy,ITA,2022-01-02,149.685
Italy,ITA,2022-01-03,156.612
Italy,ITA,2022-01-04,166.013
Italy,ITA,2022-01-05,173.178
Italy,ITA,2022-01-06,178.768
Italy,ITA,2022-01-07,184.883
Italy,ITA,2022-01-08,190.963
Italy,ITA,2022-01-09,194.165
Italy,ITA,2022-01-10,195.842
Italy,ITA,2022-01-11,193.504
Italy,ITA,2022-01-12,192.251
Italy,ITA,2022-01-13,193.25
Italy,ITA,2022-01-14,192.285
Italy,ITA,2022-01-15,191.099
Italy,ITA,2022-01-16,189.473
Italy,ITA,2022-01-17,190.354
Italy,ITA,2022-01-18,193.098
Italy,ITA,2022-01-19,192.64
Italy,ITA,2022-01-20,192.759
Italy,ITA,2022-01-21,190.93
Italy,ITA,2022-01-22,188.914
Italy,ITA,2022-01-23,187.779
Italy,ITA,2022-01-24,185.069
Italy,ITA,2022-01-25,180.225
Italy,ITA,2022-01-26,177.684
Italy,ITA,2022-01-27,174.753
Italy,ITA,2022-01-28,172.399
Italy,ITA,2022-01-29,169.74
Italy,ITA,2022-01-30,167.775
Italy,ITA,2022-01-31,164.929
Italy,ITA,2022-02-01,161.762
Italy,ITA,2022-02-02,159.678
Italy,ITA,2022-02-03,156.24
Italy,ITA,2022-02-04,153.123
Italy,ITA,2022-02-05,148.753
Italy,ITA,2022-02-06,145.992
Italy,ITA,2022-02-07,141.436
Italy,ITA,2022-02-08,137.472
Italy,ITA,2022-02-09,132.611
Italy,ITA,2022-02-10,128.461
Italy,ITA,2022-02-11,123.854
Italy,ITA,2022-02-12,121.194
Italy,ITA,2022-02-13,117.552
Italy,ITA,2022-02-14,114.097
Italy,ITA,2022-02-15,109.845
Italy,ITA,2022-02-16,104.425
Italy,ITA,2022-02-17,100.817
Italy,ITA,2022-02-18,98.124
Italy,ITA,2022-02-19,95.245
Italy,ITA,2022-02-20,93.263
Italy,ITA,2022-02-21,90.57
Italy,ITA,2022-02-22,87.809
Italy,ITA,2022-02-23,86.521
Italy,ITA,2022-02-24,83.337
Italy,ITA,2022-02-25,80.39
Italy,ITA,2022-02-26,77.307
Italy,ITA,2022-02-27,74.631
Italy,ITA,2022-02-28,71.328
Italy,ITA,2022-03-01,70.159
Italy,ITA,2022-03-02,68.363
Italy,ITA,2022-03-03,68.804
Italy,ITA,2022-03-04,68.465
Italy,ITA,2022-03-05,68.296
Italy,ITA,2022-03-06,68.99
Italy,ITA,2022-03-07,68.685
Italy,ITA,2022-03-08,68.228
Italy,ITA,2022-03-09,68.109
Italy,ITA,2022-03-10,67.127
Italy,ITA,2022-03-11,68.058
Italy,ITA,2022-03-12,69.159
Italy,ITA,2022-03-13,70.701
Italy,ITA,2022-03-14,72.09
Italy,ITA,2022-03-15,74.8
Italy,ITA,2022-03-16,77.544
Italy,ITA,2022-03-17,80.644
Italy,ITA,2022-03-18,81.931
Italy,ITA,2022-03-19,83.489
Italy,ITA,2022-03-20,83.947
Italy,ITA,2022-03-21,86.301
Italy,ITA,2022-03-22,86.555
Italy,ITA,2022-03-23,87.436
Italy,ITA,2022-03-24,86.996
Italy,ITA,2022-03-25,87.876
Italy,ITA,2022-03-26,89.181
Italy,ITA,2022-03-27,89.977
Italy,ITA,2022-03-28,90.519
Italy,ITA,2022-03-29,92.28
Italy,ITA,2022-03-30,92.348
Italy,ITA,2022-03-31,94.804
Italy,ITA,2022-04-01,94.77
Italy,ITA,2022-04-02,93.585
Italy,ITA,2022-04-03,92.145
Italy,ITA,2022-04-04,90.807
Italy,ITA,2022-04-05,88.91
Italy,ITA,2022-04-06,88.74
Italy,ITA,2022-04-07,87.707
Italy,ITA,2022-04-08,87.893
Italy,ITA,2022-04-09,88.52
Italy,ITA,2022-04-10,88.385
Italy,ITA,2022-04-11,87.876
Italy,ITA,2022-04-12,87.995
Italy,ITA,2022-04-13,87.317
Italy,ITA,2022-04-14,86.521
Italy,ITA,2022-04-15,85.505
Italy,ITA,2022-04-16,85.166
Italy,ITA,2022-04-17,85.031
Italy,ITA,2022-04-18,82.49
Italy,ITA,2022-04-19,83.134
Italy,ITA,2022-04-20,84.472
Italy,ITA,2022-04-21,83.574
Italy,ITA,2022-04-22,83.574
Italy,ITA,2022-04-23,82.371
Italy,ITA,2022-04-24,82.659
Italy,ITA,2022-04-25,81.643
Italy,ITA,2022-04-26,80.474
Italy,ITA,2022-04-27,78.848
Italy,ITA,2022-04-28,78.509
Italy,ITA,2022-04-29,77.663
Italy,ITA,2022-04-30,76.172
Italy,ITA,2022-05-01,75.105
Italy,ITA,2022-05-02,77.341
Italy,ITA,2022-05-03,75.274
Italy,ITA,2022-05-04,72.717
Italy,ITA,2022-05-05,70.718
Italy,ITA,2022-05-06,69.143
Italy,ITA,2022-05-07,67.855
Italy,ITA,2022-05-08,66.365
Italy,ITA,2022-05-09,64.027
Italy,ITA,2022-05-10,63.18
Italy,ITA,2022-05-11,62.537
Italy,ITA,2022-05-12,61.876
Italy,ITA,2022-05-13,60.301
Italy,ITA,2022-05-14,60.064
Italy,ITA,2022-05-15,59.454
Italy,ITA,2022-05-16,58.81
Italy,ITA,2022-05-17,57.252
Italy,ITA,2022-05-18,55.829
Italy,ITA,2022-05-19,53.22
Italy,ITA,2022-05-20,51.645
Italy,ITA,2022-05-21,49.629
Italy,ITA,2022-05-22,48.427
Italy,ITA,2022-05-23,46.902
Italy,ITA,2022-05-24,45.039
Italy,ITA,2022-05-25,43.464
Italy,ITA,2022-05-26,42.719
Italy,ITA,2022-05-27,41.55
Italy,ITA,2022-05-28,40.889
Italy,ITA,2022-05-29,40.381
Italy,ITA,2022-05-30,39.246
Italy,ITA,2022-05-31,38.603
Italy,ITA,2022-06-01,37.485
Italy,ITA,2022-06-02,35.723
Italy,ITA,2022-06-03,36.011
Italy,ITA,2022-06-04,36.011
Italy,ITA,2022-06-05,35.892
Italy,ITA,2022-06-06,36.316
Italy,ITA,2022-06-07,36.655
Italy,ITA,2022-06-08,37.349
Italy,ITA,2022-06-09,38.45
Italy,ITA,2022-06-10,38.416
Italy,ITA,2022-06-11,38.653
Italy,ITA,2022-06-12,39.602
Italy,ITA,2022-06-13,40.432
Italy,ITA,2022-06-14,42.109
Italy,ITA,2022-06-15,43.989
Italy,ITA,2022-06-16,46.716
Italy,ITA,2022-06-17,48.969
Italy,ITA,2022-06-18,51.594
Italy,ITA,2022-06-19,53.39
Italy,ITA,2022-06-20,56.202
Italy,ITA,2022-06-21,58.488
Italy,ITA,2022-06-22,60.097
Italy,ITA,2022-06-23,62.892
Italy,ITA,2022-06-24,65.06
Italy,ITA,2022-06-25,68.38
Italy,ITA,2022-06-26,69.973
Italy,ITA,2022-06-27,73.377
Italy,ITA,2022-06-28,75.782
Italy,ITA,2022-06-29,79.661
Italy,ITA,2022-06-30,83.032
Italy,ITA,2022-07-01,88.3
Italy,ITA,2022-07-02,90.705
Italy,ITA,2022-07-03,94.059
Italy,ITA,2022-07-04,97.599
Italy,ITA,2022-07-05,101.292
Italy,ITA,2022-07-06,104.256
Italy,ITA,2022-07-07,107.406
Italy,ITA,2022-07-08,108.169
Italy,ITA,2022-07-09,108.88
Italy,ITA,2022-07-10,108.999
Italy,ITA,2022-07-11,109.862
Italy,ITA,2022-07-12,110.828
Italy,ITA,2022-07-13,110.523
Italy,ITA,2022-07-14,110.252
Italy,ITA,2022-07-15,110.066
Italy,ITA,2022-07-16,109.879
Italy,ITA,2022-07-17,109.27
Italy,ITA,2022-07-18,108.863
Italy,ITA,2022-07-19,108.135
Italy,ITA,2022-07-20,108.88
Italy,ITA,2022-07-21,107.796
Italy,ITA,2022-07-22,107.068
Italy,ITA,2022-07-23,105.662
Italy,ITA,2022-07-24,104.764
Italy,ITA,2022-07-25,102.969
Italy,ITA,2022-07-26,101.19
Italy,ITA,2022-07-27,97.87
Italy,ITA,2022-07-28,94.432
Italy,ITA,2022-07-29,90.62
Italy,ITA,2022-07-30,88.181
Italy,ITA,2022-07-31,85.59
Italy,ITA,2022-08-01,82.558
Italy,ITA,2022-08-02,79.881
Italy,ITA,2022-08-03,76.324
Italy,ITA,2022-08-04,73.292
Italy,ITA,2022-08-05,71.903
Italy,ITA,2022-08-06,70.345
Italy,ITA,2022-08-07,69.481
Italy,ITA,2022-08-08,66.5
Italy,ITA,2022-08-09,64.857
Italy,ITA,2022-08-10,64.01
Italy,ITA,2022-08-11,62.825
Italy,ITA,2022-08-12,60.08
Italy,ITA,2022-08-13,57.387
Italy,ITA,2022-08-14,55.524
Italy,ITA,2022-08-15,52.052
Italy,ITA,2022-08-16,49.646
Italy,ITA,2022-08-17,48.444
Italy,ITA,2022-08-18,47.021
Italy,ITA,2022-08-19,46.733
Italy,ITA,2022-08-20,47.038
Italy,ITA,2022-08-21,46.818
Italy,ITA,2022-08-22,47.851
Italy,ITA,2022-08-23,47.326
Italy,ITA,2022-08-24,45.971
Italy,ITA,2022-08-25,44.531
Italy,ITA,2022-08-26,43.633
Italy,ITA,2022-08-27,42.719
Italy,ITA,2022-08-28,41.668
Italy,ITA,2022-08-29,40.872
Italy,ITA,2022-08-30,39.416
Italy,ITA,2022-08-31,38.518
Italy,ITA,2022-09-01,39.162
Italy,ITA,2022-09-02,38.332
Italy,ITA,2022-09-03,37.434
Italy,ITA,2022-09-04,37.18
Italy,ITA,2022-09-05,36.621
Italy,ITA,2022-09-06,35.723
Italy,ITA,2022-09-07,35.452
Italy,ITA,2022-09-08,34.351
Italy,ITA,2022-09-09,33.606
Italy,ITA,2022-09-10,33.521
Italy,ITA,2022-09-11,33.165
Italy,ITA,2022-09-12,32.573
Italy,ITA,2022-09-13,32.539
Italy,ITA,2022-09-14,32.234
Italy,ITA,2022-09-15,32.031
Italy,ITA,2022-09-16,32.657
Italy,ITA,2022-09-17,32.742
Italy,ITA,2022-09-18,32.471
Italy,ITA,2022-09-19,32.606
Italy,ITA,2022-09-20,33.03
Italy,ITA,2022-09-21,32.844
Italy,ITA,2022-09-22,33.216
Italy,ITA,2022-09-23,33.386
Italy,ITA,2022-09-24,34.165
Italy,ITA,2022-09-25,35.672
Italy,ITA,2022-09-26,38.315
Italy,ITA,2022-09-27,40.771
Italy,ITA,2022-09-28,44.04
Italy,ITA,2022-09-29,47.411
Italy,ITA,2022-09-30,50.256
Italy,ITA,2022-10-01,52.949
Italy,ITA,2022-10-02,54.982
Italy,ITA,2022-10-03,57.404
Italy,ITA,2022-10-04,59.03
Italy,ITA,2022-10-05,61.181
Italy,ITA,2022-10-06,61.995
Italy,ITA,2022-10-07,64.01
Italy,ITA,2022-10-08,65.806
Italy,ITA,2022-10-09,66.957
Italy,ITA,2022-10-10,68.787
Italy,ITA,2022-10-11,70.311
Italy,ITA,2022-10-12,71.328
Italy,ITA,2022-10-13,71.768
Italy,ITA,2022-10-14,72.869
Italy,ITA,2022-10-15,72.225
Italy,ITA,2022-10-16,71.988
Italy,ITA,2022-10-17,71.446
Italy,ITA,2022-10-18,71.836
Italy,ITA,2022-10-19,70.379
Italy,ITA,2022-10-20,70.633
Italy,ITA,2022-10-21,69.837
Italy,ITA,2022-10-22,69.041
Italy,ITA,2022-10-23,68.465
Italy,ITA,2022-10-24,68.126
Italy,ITA,2022-10-25,66.924
Italy,ITA,2022-10-26,65.975
Italy,ITA,2022-10-27,65.111
Italy,ITA,2022-10-28,63.638
Italy,ITA,2022-10-29,62.147
Italy,ITA,2022-10-30,61.266
Italy,ITA,2022-10-31,59.708
Italy,ITA,2022-11-01,56.083
Italy,ITA,2022-11-02,56.32
Italy,ITA,2022-11-03,56.896
Italy,ITA,2022-11-04,57.065
Italy,ITA,2022-11-05,59.2
Italy,ITA,2022-11-06,59.708
Italy,ITA,2022-11-07,60.08
Italy,ITA,2022-11-08,63.333
Italy,ITA,2022-11-09,63.367
Italy,ITA,2022-11-10,62.977
Italy,ITA,2022-11-11,63.096
Italy,ITA,2022-11-12,62.892
Italy,ITA,2022-11-13,63.536
Italy,ITA,2022-11-14,66.229
Italy,ITA,2022-11-15,67.804
Italy,ITA,2022-11-16,69.871
Italy,ITA,2022-11-17,71.717
Italy,ITA,2022-11-18,73.513
Italy,ITA,2022-11-19,74.8
Italy,ITA,2022-11-20,75.732
Italy,ITA,2022-11-21,74.952
Italy,ITA,2022-11-22,77.036
Italy,ITA,2022-11-23,77.866
Italy,ITA,2022-11-24,78.306
Italy,ITA,2022-11-25,78.56
Italy,ITA,2022-11-26,79.221
Italy,ITA,2022-11-27,79.746
Italy,ITA,2022-11-28,81.05
Italy,ITA,2022-11-29,80.051
Italy,ITA,2022-11-30,80.491
Italy,ITA,2022-12-01,82.236
Italy,ITA,2022-12-02,83.726
Italy,ITA,2022-12-03,84.506
Italy,ITA,2022-12-04,85.251
Italy,ITA,2022-12-05,87.893
Italy,ITA,2022-12-06,90.231
Italy,ITA,2022-12-07,90.993
Italy,ITA,2022-12-08,87.182
Italy,ITA,2022-12-09,87.673
Italy,ITA,2022-12-10,88.3
Italy,ITA,2022-12-11,87.351
Italy,ITA,2022-12-12,85.319
Italy,ITA,2022-12-13,82.422
Italy,ITA,2022-12-14,81.27
Italy,ITA,2022-12-15,83.117
Italy,ITA,2022-12-16,81.237
Italy,ITA,2022-12-17,79.001
Italy,ITA,2022-12-18,78.357
Italy,ITA,2022-12-19,76.646
Italy,ITA,2022-12-20,76.223
Italy,ITA,2022-12-21,74.529
Italy,ITA,2022-12-22,73.343
Italy,ITA,2022-12-23,72.784
Italy,ITA,2022-12-24,71.87
Italy,ITA,2022-12-25,71.107
Italy,ITA,2022-12-26,66.771
Italy,ITA,2022-12-27,67.567
Italy,ITA,2022-12-28,68.211
Italy,ITA,2022-12-29,68.99
Italy,ITA,2022-12-30,68.482
Italy,ITA,2022-12-31,67.195
Italy,ITA,2023-01-01,66.263
Italy,ITA,2023-01-02,69.6
Italy,ITA,2023-01-03,67.906
Italy,ITA,2023-01-04,65.026
Italy,ITA,2023-01-05,62.858
Italy,ITA,2023-01-06,57.946
Italy,ITA,2023-01-07,57.133
Italy,ITA,2023-01-08,55.914
Italy,ITA,2023-01-09,53.322
Italy,ITA,2023-01-10,51.069
Italy,ITA,2023-01-11,50.222
Italy,ITA,2023-01-12,48.071
Italy,ITA,2023-01-13,48.918
Italy,ITA,2023-01-14,47.529
Italy,ITA,2023-01-15,46.276
Italy,ITA,2023-01-16,43.837
Italy,ITA,2023-01-17,41.076
Italy,ITA,2023-01-18,38.874
Italy,ITA,2023-01-19,37.078
Italy,ITA,2023-01-20,35.435
Italy,ITA,2023-01-21,34.182
Italy,ITA,2023-01-22,33.69
Italy,ITA,2023-01-23,32.657
Italy,ITA,2023-01-24,31.624
Italy,ITA,2023-01-25,30.726
Italy,ITA,2023-01-26,30.489
Italy,ITA,2023-01-27,30.303
Italy,ITA,2023-01-28,29.829
Italy,ITA,2023-01-29,29.388
Italy,ITA,2023-01-30,29.608
Italy,ITA,2023-01-31,29.49
Italy,ITA,2023-02-01,29.117
Italy,ITA,2023-02-02,28.287
Italy,ITA,2023-02-03,28.236
Italy,ITA,2023-02-04,28.711
Italy,ITA,2023-02-05,29.151
Italy,ITA,2023-02-06,28.287
Italy,ITA,2023-02-07,28.135
Italy,ITA,2023-02-08,28.101
Italy,ITA,2023-02-09,28.287
Italy,ITA,2023-02-10,27.847
Italy,ITA,2023-02-11,26.746
Italy,ITA,2023-02-12,25.983
Italy,ITA,2023-02-13,25.916
Italy,ITA,2023-02-14,25.035
Italy,ITA,2023-02-15,25.628
Italy,ITA,2023-02-16,26.339
Italy,ITA,2023-02-17,26.221
Italy,ITA,2023-02-18,26.695
Italy,ITA,2023-02-19,26.729
Italy,ITA,2023-02-20,27.491
Italy,ITA,2023-02-21,28.643
Italy,ITA,2023-02-22,28.169
Italy,ITA,2023-02-23,27.474
Italy,ITA,2023-02-24,27.847
Italy,ITA,2023-02-25,27.694
Italy,ITA,2023-02-26,27.677
Italy,ITA,2023-02-27,27.305
Italy,ITA,2023-02-28,26.78
Italy,ITA,2023-03-01,26.441
Italy,ITA,2023-03-02,26
Italy,ITA,2023-03-03,25.12
Italy,ITA,2023-03-04,24.645
Italy,ITA,2023-03-05,24.459
Italy,ITA,2023-03-06,23.883
Italy,ITA,2023-03-07,23.832
Italy,ITA,2023-03-08,23.273
Italy,ITA,2023-03-09,23.426
Italy,ITA,2023-03-10,23.46
Italy,ITA,2023-03-11,23.392
Italy,ITA,2023-03-12,23.155
Italy,ITA,2023-03-13,22.816
Italy,ITA,2023-03-14,22.528
Italy,ITA,2023-03-15,22.884
Italy,ITA,2023-03-16,21.952
Italy,ITA,2023-03-17,21.596
Italy,ITA,2023-03-18,21.749
Italy,ITA,2023-03-19,22.189
Italy,ITA,2023-03-20,22.511
Italy,ITA,2023-03-21,22.714
Italy,ITA,2023-03-22,22.731
Italy,ITA,2023-03-23,23.104
Italy,ITA,2023-03-24,23.663
Italy,ITA,2023-03-25,23.798
Italy,ITA,2023-03-26,24.069
Italy,ITA,2023-03-27,24.544
Italy,ITA,2023-03-28,24.273
Italy,ITA,2023-03-29,24.154
Italy,ITA,2023-03-30,24.408
Italy,ITA,2023-03-31,23.985
Italy,ITA,2023-04-01,23.646
Italy,ITA,2023-04-02,22.765
Italy,ITA,2023-04-03,22.443
Italy,ITA,2023-04-04,21.969
Italy,ITA,2023-04-05,22.325
Italy,ITA,2023-04-06,23.087
Italy,ITA,2023-04-07,23.358
Italy,ITA,2023-04-08,23.815
Italy,ITA,2023-04-09,24.408
Italy,ITA,2023-04-10,23.392
Italy,ITA,2023-04-11,25.255
Italy,ITA,2023-04-12,26.204
Italy,ITA,2023-04-13,26.847
Italy,ITA,2023-04-14,27.542
Italy,ITA,2023-04-15,28.406
Italy,ITA,2023-04-16,28.897
Italy,ITA,2023-04-17,31.014
Italy,ITA,2023-04-18,31.031
Italy,ITA,2023-04-19,30.692
Italy,ITA,2023-04-20,29.659
Italy,ITA,2023-04-21,29.981
Italy,ITA,2023-04-22,29.202
Italy,ITA,2023-04-23,29.151
Italy,ITA,2023-04-24,28.626
Italy,ITA,2023-04-25,26.915
Italy,ITA,2023-04-26,27.694
Italy,ITA,2023-04-27,27.813
Italy,ITA,2023-04-28,28.05
Italy,ITA,2023-04-29,27.864
Italy,ITA,2023-04-30,27.593
Italy,ITA,2023-05-01,25.679
Italy,ITA,2023-05-02,26.238
Italy,ITA,2023-05-03,24.815
Italy,ITA,2023-05-04,23.951
Italy,ITA,2023-05-05,22.393
Italy,ITA,2023-05-06,21.766
Italy,ITA,2023-05-07,21.122
Italy,ITA,2023-05-08,20.919
Italy,ITA,2023-05-09,19.581
Italy,ITA,2023-05-10,18.548
Italy,ITA,2023-05-11,18.158
Italy,ITA,2023-05-12,17.87
Italy,ITA,2023-05-13,17.277
Italy,ITA,2023-05-14,16.617
Italy,ITA,2023-05-15,16.888
Italy,ITA,2023-05-16,16.718
Italy,ITA,2023-05-17,16.549
Italy,ITA,2023-05-18,15.668
Italy,ITA,2023-05-19,14.686
Italy,ITA,2023-05-20,14.753
Italy,ITA,2023-05-21,14.77
Italy,ITA,2023-05-22,14.432
Italy,ITA,2023-05-23,14.262
Italy,ITA,2023-05-24,13.771
Italy,ITA,2023-05-25,14.127
Italy,ITA,2023-05-26,13.991
Italy,ITA,2023-05-27,14.11
Italy,ITA,2023-05-28,14.482
Italy,ITA,2023-05-29,13.957
Italy,ITA,2023-05-30,13.551
Italy,ITA,2023-05-31,13.483
Italy,ITA,2023-06-01,12.958
Italy,ITA,2023-06-02,12.399
Italy,ITA,2023-06-03,11.891
Italy,ITA,2023-06-04,11.112
Italy,ITA,2023-06-05,10.383
Italy,ITA,2023-06-06,9.943
Italy,ITA,2023-06-07,9.367
Italy,ITA,2023-06-08,9.164
Italy,ITA,2023-06-09,9.079
Italy,ITA,2023-06-10,8.571
Italy,ITA,2023-06-11,8.639
Italy,ITA,2023-06-12,8.723
Italy,ITA,2023-06-13,8.554
Italy,ITA,2023-06-14,8.334
Italy,ITA,2023-06-15,8.08
Italy,ITA,2023-06-16,8.13
Italy,ITA,2023-06-17,7.842
Italy,ITA,2023-06-18,7.199
Italy,ITA,2023-06-19,6.979
Italy,ITA,2023-06-20,6.809
Italy,ITA,2023-06-21,6.572
Italy,ITA,2023-06-22,6.183
Italy,ITA,2023-06-23,5.861
Italy,ITA,2023-06-24,5.793
Italy,ITA,2023-06-25,5.962
Italy,ITA,2023-06-26,5.556
Italy,ITA,2023-06-27,5.42
Italy,ITA,2023-06-28,5.082
Italy,ITA,2023-06-29,5.048
Italy,ITA,2023-06-30,4.912
Italy,ITA,2023-07-01,4.929
Italy,ITA,2023-07-02,4.76
Italy,ITA,2023-07-03,4.878
Italy,ITA,2023-07-04,4.844
Italy,ITA,2023-07-05,5.048
Italy,ITA,2023-07-06,4.692
Italy,ITA,2023-07-07,4.556
Italy,ITA,2023-07-08,4.336
Italy,ITA,2023-07-09,4.167
Italy,ITA,2023-07-10,3.879
Italy,ITA,2023-07-11,3.506
Italy,ITA,2023-07-12,3.422
Italy,ITA,2023-07-13,3.608
Italy,ITA,2023-07-14,3.557
Italy,ITA,2023-07-15,3.591
Italy,ITA,2023-07-16,3.913
Italy,ITA,2023-07-17,3.913
Italy,ITA,2023-07-18,4.014
Italy,ITA,2023-07-19,3.896
Italy,ITA,2023-07-20,4.048
Italy,ITA,2023-07-21,4.319
Italy,ITA,2023-07-22,4.506
Italy,ITA,2023-07-23,4.438
Italy,ITA,2023-07-24,4.641
Italy,ITA,2023-07-25,4.895
Italy,ITA,2023-07-26,5.132
Italy,ITA,2023-07-27,5.166
Italy,ITA,2023-07-28,5.234
Italy,ITA,2023-07-29,5.674
Italy,ITA,2023-07-30,5.928
Italy,ITA,2023-07-31,6.081
Italy,ITA,2023-08-01,6.403
Italy,ITA,2023-08-02,6.708
Italy,ITA,2023-08-03,6.979
Italy,ITA,2023-08-04,6.962
Italy,ITA,2023-08-05,6.877
Italy,ITA,2023-08-06,6.809
Italy,ITA,2023-08-07,7.08
Italy,ITA,2023-08-08,6.979
Italy,ITA,2023-08-09,7.182
Italy,ITA,2023-08-10,7.588
Italy,ITA,2023-08-11,7.944
Italy,ITA,2023-08-12,7.809
Italy,ITA,2023-08-13,8.401
Italy,ITA,2023-08-14,8.74
Italy,ITA,2023-08-15,8.808
Italy,ITA,2023-08-16,9.231
Italy,ITA,2023-08-17,9.96
Italy,ITA,2023-08-18,10.874
Italy,ITA,2023-08-19,11.755
Italy,ITA,2023-08-20,12.06
Italy,ITA,2023-08-21,12.687
Italy,ITA,2023-08-22,13.839
Italy,ITA,2023-08-23,14.432
Italy,ITA,2023-08-24,14.398
Italy,ITA,2023-08-25,14.144
Italy,ITA,2023-08-26,14.77
Italy,ITA,2023-08-27,15.211
Italy,ITA,2023-08-28,15.888
Italy,ITA,2023-08-29,15.939
Italy,ITA,2023-08-30,16.193
Italy,ITA,2023-08-31,16.786
Italy,ITA,2023-09-01,17.853
Italy,ITA,2023-09-02,18.344
Italy,ITA,2023-09-03,19.208
Italy,ITA,2023-09-04,19.733
Italy,ITA,2023-09-05,21.529
Italy,ITA,2023-09-06,22.105
Italy,ITA,2023-09-07,23.155
Italy,ITA,2023-09-08,24.086
Italy,ITA,2023-09-09,24.357
Italy,ITA,2023-09-10,24.696
Italy,ITA,2023-09-11,26.153
Italy,ITA,2023-09-12,26.271
Italy,ITA,2023-09-13,26.915
Italy,ITA,2023-09-14,27.271
Italy,ITA,2023-09-15,27.881
Italy,ITA,2023-09-16,27.965
Italy,ITA,2023-09-17,27.44
Italy,ITA,2023-09-18,26.39
Italy,ITA,2023-09-19,26.424
Italy,ITA,2023-09-20,26.695
Italy,ITA,2023-09-21,26.627
Italy,ITA,2023-09-22,26.271
Italy,ITA,2023-09-23,26.661
Italy,ITA,2023-09-24,27.017
Italy,ITA,2023-09-25,27.643
Italy,ITA,2023-09-26,28.05
Italy,ITA,2023-09-27,28.575
Italy,ITA,2023-09-28,28.999
Italy,ITA,2023-09-29,29.812
Italy,ITA,2023-09-30,30.845
Italy,ITA,2023-10-01,31.472
Italy,ITA,2023-10-02,32.471
Italy,ITA,2023-10-03,33.386
Italy,ITA,2023-10-04,34.012
Italy,ITA,2023-10-05,35.181
Italy,ITA,2023-10-06,35.588
Italy,ITA,2023-10-07,35.35
Italy,ITA,2023-10-08,35.384
Italy,ITA,2023-10-09,35.486
Italy,ITA,2023-10-10,35.638
Italy,ITA,2023-10-11,35.181
Italy,ITA,2023-10-12,34.537
Italy,ITA,2023-10-13,34.097
Italy,ITA,2023-10-14,33.64
Italy,ITA,2023-10-15,33.487
Italy,ITA,2023-10-16,33.623
Italy,ITA,2023-10-17,32.251
Italy,ITA,2023-10-18,31.997
Italy,ITA,2023-10-19,31.895
Italy,ITA,2023-10-20,31.37
Italy,ITA,2023-10-21,31.878
Italy,ITA,2023-10-22,32.386
Italy,ITA,2023-10-23,32.115
Italy,ITA,2023-10-24,32.691
Italy,ITA,2023-10-25,33.453
Italy,ITA,2023-10-26,34.131
Italy,ITA,2023-10-27,34.436
Italy,ITA,2023-10-28,34.317
Italy,ITA,2023-10-29,33.792
Italy,ITA,2023-10-30,33.843
Italy,ITA,2023-10-31,34.351
Italy,ITA,2023-11-01,32.708
Italy,ITA,2023-11-02,32.589
Italy,ITA,2023-11-03,33.335
Italy,ITA,2023-11-04,33.369
Italy,ITA,2023-11-05,33.928
Italy,ITA,2023-11-06,34.859
Italy,ITA,2023-11-07,35.418
Italy,ITA,2023-11-08,37.603
Italy,ITA,2023-11-09,38.247
Italy,ITA,2023-11-10,39.06
Italy,ITA,2023-11-11,40.093
Italy,ITA,2023-11-12,40.652
Italy,ITA,2023-11-13,41.719
Italy,ITA,2023-11-14,43.87
Italy,ITA,2023-11-15,46.039
Italy,ITA,2023-11-16,47.123
Italy,ITA,2023-11-17,48.715
Italy,ITA,2023-11-18,50.019
Italy,ITA,2023-11-19,50.764
Italy,ITA,2023-11-20,52.323
Italy,ITA,2023-11-21,53.949
Italy,ITA,2023-11-22,55.897
Italy,ITA,2023-11-23,57.54
Italy,ITA,2023-11-24,58.268
Italy,ITA,2023-11-25,58.708
Italy,ITA,2023-11-26,59.555
Italy,ITA,2023-11-27,60.843
Italy,ITA,2023-11-28,60.69
Italy,ITA,2023-11-29,59.996
Italy,ITA,2023-11-30,60.521
Italy,ITA,2023-12-01,62.266
Italy,ITA,2023-12-02,63.621
Italy,ITA,2023-12-03,65.094
Italy,ITA,2023-12-04,65.992
Italy,ITA,2023-12-05,66.127
Italy,ITA,2023-12-06,68.092
Italy,ITA,2023-12-07,69.176
Italy,ITA,2023-12-08,65.518
Italy,ITA,2023-12-09,65.213
Italy,ITA,2023-12-10,65.314
Italy,ITA,2023-12-11,65.213
Italy,ITA,2023-12-12,66.957
Italy,ITA,2023-12-13,66.314
Italy,ITA,2023-12-14,65.738
Italy,ITA,2023-12-15,68.262
Italy,ITA,2023-12-16,67.144
Italy,ITA,2023-12-17,65.077
Italy,ITA,2023-12-18,63.654
Italy,ITA,2023-12-19,60.758
Italy,ITA,2023-12-20,59.047
Italy,ITA,2023-12-21,58.607
Italy,ITA,2023-12-22,57.269
Italy,ITA,2023-12-23,56.998
Italy,ITA,2023-12-24,57.523
Italy,ITA,2023-12-25,52.746
Italy,ITA,2023-12-26,50.51
Italy,ITA,2023-12-27,50.443
Italy,ITA,2023-12-28,49.172
Italy,ITA,2023-12-29,48.529
Italy,ITA,2023-12-30,48.19
Italy,ITA,2023-12-31,46.53
Italy,ITA,2024-01-01,46.157
Italy,ITA,2024-01-02,46.767
Italy,ITA,2024-01-03,43.955
Italy,ITA,2024-01-04,41.973
Italy,ITA,2024-01-05,39.907
Italy,ITA,2024-01-06,37.434
Italy,ITA,2024-01-07,36.418
Italy,ITA,2024-01-08,36.299
Italy,ITA,2024-01-09,33.369
Italy,ITA,2024-01-10,31.827
Italy,ITA,2024-01-11,29.219
Italy,ITA,2024-01-12,27.034
Italy,ITA,2024-01-13,25.662
Italy,ITA,2024-01-14,24.408
Italy,ITA,2024-01-15,23.358
Italy,ITA,2024-01-16,21.935
Italy,ITA,2024-01-17,20.004
Italy,ITA,2024-01-18,18.734
Italy,ITA,2024-01-19,18.073
Italy,ITA,2024-01-20,17.362
Italy,ITA,2024-01-21,16.43
Italy,ITA,2024-01-22,14.889
Italy,ITA,2024-01-23,14.076
Italy,ITA,2024-01-24,13.364
Italy,ITA,2024-01-25,12.534
Italy,ITA,2024-01-26,11.806
Italy,ITA,2024-01-27,11.247
Italy,ITA,2024-01-28,10.773
Italy,ITA,2024-01-29,10.637
Italy,ITA,2024-01-30,10.214
Italy,ITA,2024-01-31,9.706
Italy,ITA,2024-02-01,9.672
Italy,ITA,2024-02-02,9.299
Italy,ITA,2024-02-03,8.91
Italy,ITA,2024-02-04,8.571
Italy,ITA,2024-02-05,8.113
Italy,ITA,2024-02-06,7.826
Italy,ITA,2024-02-07,7.368
Italy,ITA,2024-02-08,6.945
Italy,ITA,2024-02-09,6.725
Italy,ITA,2024-02-10,6.572
Italy,ITA,2024-02-11,6.487
Italy,ITA,2024-02-12,6.047
Italy,ITA,2024-02-13,5.657
Italy,ITA,2024-02-14,5.556
Italy,ITA,2024-02-15,5.183
Italy,ITA,2024-02-16,4.98
Italy,ITA,2024-02-17,4.624
Italy,ITA,2024-02-18,4.506
Italy,ITA,2024-02-19,4.421
Italy,ITA,2024-02-20,4.268
Italy,ITA,2024-02-21,4.235
Italy,ITA,2024-02-22,4.353
Italy,ITA,2024-02-23,4.116
Italy,ITA,2024-02-24,4.15
Italy,ITA,2024-02-25,4.014
Italy,ITA,2024-02-26,3.777
Italy,ITA,2024-02-27,3.659
Italy,ITA,2024-02-28,3.455
Italy,ITA,2024-02-29,3.252
Italy,ITA,2024-03-01,3.167
Italy,ITA,2024-03-02,2.913
Italy,ITA,2024-03-03,2.88
Italy,ITA,2024-03-04,2.93
Italy,ITA,2024-03-05,2.913
Italy,ITA,2024-03-06,2.913
Italy,ITA,2024-03-07,2.795
Italy,ITA,2024-03-08,2.913
Italy,ITA,2024-03-09,2.981
Italy,ITA,2024-03-10,3.049
Italy,ITA,2024-03-11,3.201
Italy,ITA,2024-03-12,3.032
Italy,ITA,2024-03-13,3.032
Italy,ITA,2024-03-14,2.829
Latvia,LVA,2020-01-06,0
Latvia,LVA,2020-01-18,0
Latvia,LVA,2020-02-12,0
Latvia,LVA,2020-03-01,0
Latvia,LVA,2020-03-08,1.599
Latvia,LVA,2020-03-15,3.199
Latvia,LVA,2020-03-22,8.53
Latvia,LVA,2020-03-29,15.46
Latvia,LVA,2020-04-05,14.927
Latvia,LVA,2020-04-12,13.328
Latvia,LVA,2020-04-19,9.596
Latvia,LVA,2020-04-26,7.464
Latvia,LVA,2020-05-03,4.798
Latvia,LVA,2020-05-10,5.331
Latvia,LVA,2020-05-17,5.331
Latvia,LVA,2020-05-24,4.265
Latvia,LVA,2020-05-31,2.132
Latvia,LVA,2020-06-07,1.599
Latvia,LVA,2020-06-14,1.599
Latvia,LVA,2020-06-21,2.132
Latvia,LVA,2020-06-28,1.066
Latvia,LVA,2020-07-05,0.533
Latvia,LVA,2020-07-12,0.533
Latvia,LVA,2020-07-19,0.533
Latvia,LVA,2020-07-26,0.533
Latvia,LVA,2020-08-02,1.066
Latvia,LVA,2020-08-09,2.666
Latvia,LVA,2020-08-16,1.066
Latvia,LVA,2020-08-23,2.666
Latvia,LVA,2020-08-30,2.132
Latvia,LVA,2020-09-06,2.666
Latvia,LVA,2020-09-13,3.199
Latvia,LVA,2020-09-20,3.732
Latvia,LVA,2020-09-27,3.199
Latvia,LVA,2020-10-04,13.861
Latvia,LVA,2020-10-11,26.123
Latvia,LVA,2020-10-18,27.722
Latvia,LVA,2020-10-25,66.107
Latvia,LVA,2020-11-01,104.491
Latvia,LVA,2020-11-08,115.687
Latvia,LVA,2020-11-15,149.806
Latvia,LVA,2020-11-22,174.863
Latvia,LVA,2020-11-29,257.496
Latvia,LVA,2020-12-06,271.89
Latvia,LVA,2020-12-13,346.527
Latvia,LVA,2020-12-20,401.438
Latvia,LVA,2020-12-27,427.028
Latvia,LVA,2021-01-03,448.885
Latvia,LVA,2021-01-10,500.065
Latvia,LVA,2021-01-17,431.293
Latvia,LVA,2021-01-24,398.772
Latvia,LVA,2021-01-31,377.448
Latvia,LVA,2021-02-07,343.328
Latvia,LVA,2021-02-14,304.41
Latvia,LVA,2021-02-21,264.96
Latvia,LVA,2021-02-28,260.695
Latvia,LVA,2021-03-07,276.688
Latvia,LVA,2021-03-14,199.919
Latvia,LVA,2021-03-21,223.376
Latvia,LVA,2021-03-28,277.755
Latvia,LVA,2021-04-04,229.774
Latvia,LVA,2021-04-11,229.241
Latvia,LVA,2021-04-18,232.439
Latvia,LVA,2021-04-25,258.029
Latvia,LVA,2021-05-02,245.767
Latvia,LVA,2021-05-09,244.701
Latvia,LVA,2021-05-16,245.234
Latvia,LVA,2021-05-23,192.456
Latvia,LVA,2021-05-30,143.409
Latvia,LVA,2021-06-06,110.889
Latvia,LVA,2021-06-13,98.094
Latvia,LVA,2021-06-20,70.905
Latvia,LVA,2021-06-27,47.448
Latvia,LVA,2021-07-04,26.123
Latvia,LVA,2021-07-11,25.59
Latvia,LVA,2021-07-18,21.858
Latvia,LVA,2021-07-25,13.328
Latvia,LVA,2021-08-01,18.126
Latvia,LVA,2021-08-08,23.99
Latvia,LVA,2021-08-15,25.057
Latvia,LVA,2021-08-22,23.457
Latvia,LVA,2021-08-29,74.637
Latvia,LVA,2021-09-05,75.703
Latvia,LVA,2021-09-12,116.753
Latvia,LVA,2021-09-19,153.538
Latvia,LVA,2021-09-26,182.86
Latvia,LVA,2021-10-03,249.499
Latvia,LVA,2021-10-10,360.388
Latvia,LVA,2021-10-17,520.323
Latvia,LVA,2021-10-24,643.474
Latvia,LVA,2021-10-31,632.278
Latvia,LVA,2021-11-07,622.149
Latvia,LVA,2021-11-14,431.826
Latvia,LVA,2021-11-21,324.669
Latvia,LVA,2021-11-28,285.218
Latvia,LVA,2021-12-05,236.171
Latvia,LVA,2021-12-12,164.2
Latvia,LVA,2021-12-19,202.052
Latvia,LVA,2021-12-26,184.992
Latvia,LVA,2022-01-02,195.654
Latvia,LVA,2022-01-09,244.168
Latvia,LVA,2022-01-16,249.499
Latvia,LVA,2022-01-23,309.208
Latvia,LVA,2022-01-30,421.696
Latvia,LVA,2022-02-06,473.409
Latvia,LVA,2022-02-13,557.642
Latvia,LVA,2022-02-20,577.367
Latvia,LVA,2022-02-27,574.168
Latvia,LVA,2022-03-06,534.717
Latvia,LVA,2022-03-13,513.393
Latvia,LVA,2022-03-20,435.557
Latvia,LVA,2022-03-27,455.283
Latvia,LVA,2022-04-03,349.725
Latvia,LVA,2022-04-10,243.635
Latvia,LVA,2022-04-17,177.528
Latvia,LVA,2022-04-24,128.481
Latvia,LVA,2022-05-01,104.491
Latvia,LVA,2022-05-08,88.498
Latvia,LVA,2022-05-15,68.239
Latvia,LVA,2022-05-22,66.64
Latvia,LVA,2022-05-29,59.176
Latvia,LVA,2022-06-05,33.586
Latvia,LVA,2022-06-12,50.113
Latvia,LVA,2022-06-19,52.779
Latvia,LVA,2022-06-26,48.514
Latvia,LVA,2022-07-03,77.302
Latvia,LVA,2022-07-10,73.57
Latvia,LVA,2022-07-17,80.501
Latvia,LVA,2022-07-24,111.422
Latvia,LVA,2022-07-31,92.763
Latvia,LVA,2022-08-07,108.223
Latvia,LVA,2022-08-14,159.402
Latvia,LVA,2022-08-21,122.617
Latvia,LVA,2022-08-28,108.223
Latvia,LVA,2022-09-04,99.16
Latvia,LVA,2022-09-11,126.882
Latvia,LVA,2022-09-18,163.134
Latvia,LVA,2022-09-25,216.979
Latvia,LVA,2022-10-02,198.32
Latvia,LVA,2022-10-09,206.85
Latvia,LVA,2022-10-16,164.2
Latvia,LVA,2022-10-23,106.624
Latvia,LVA,2022-10-30,123.683
Latvia,LVA,2022-11-06,84.233
Latvia,LVA,2022-11-13,83.166
Latvia,LVA,2022-11-20,76.769
Latvia,LVA,2022-11-27,104.491
Latvia,LVA,2022-12-04,145.541
Latvia,LVA,2022-12-11,207.916
Latvia,LVA,2022-12-18,204.184
Latvia,LVA,2022-12-25,184.992
Latvia,LVA,2023-01-01,170.065
Latvia,LVA,2023-01-08,113.554
Latvia,LVA,2023-01-15,87.964
Latvia,LVA,2023-01-22,66.64
Latvia,LVA,2023-01-29,77.302
Latvia,LVA,2023-02-05,63.974
Latvia,LVA,2023-02-12,68.239
Latvia,LVA,2023-02-19,71.438
Latvia,LVA,2023-02-26,61.309
Latvia,LVA,2023-03-05,71.438
Latvia,LVA,2023-03-12,79.435
Latvia,LVA,2023-03-19,100.759
Latvia,LVA,2023-03-26,76.769
Latvia,LVA,2023-04-02,119.952
Latvia,LVA,2023-04-09,82.633
Latvia,LVA,2023-04-16,123.15
Latvia,LVA,2023-04-23,70.372
Latvia,LVA,2023-04-30,50.113
Latvia,LVA,2023-05-07,58.643
Latvia,LVA,2023-05-14,44.249
Latvia,LVA,2023-05-21,34.12
Latvia,LVA,2023-05-28,43.183
Latvia,LVA,2023-06-04,41.05
Latvia,LVA,2023-06-11,40.517
Latvia,LVA,2023-06-18,17.06
Latvia,LVA,2023-06-25,14.927
Latvia,LVA,2023-07-02,8.53
Latvia,LVA,2023-07-09,7.464
Latvia,LVA,2023-07-16,7.464
Latvia,LVA,2023-07-23,11.195
Latvia,LVA,2023-07-30,12.795
Latvia,LVA,2023-08-06,4.798
Latvia,LVA,2023-08-13,7.464
Latvia,LVA,2023-08-20,9.063
Latvia,LVA,2023-08-27,11.729
Latvia,LVA,2023-09-03,19.725
Latvia,LVA,2023-09-10,21.858
Latvia,LVA,2023-09-17,27.189
Latvia,LVA,2023-09-24,30.388
Latvia,LVA,2023-10-01,28.255
Latvia,LVA,2023-10-08,18.126
Latvia,LVA,2023-10-15,22.391
Latvia,LVA,2023-10-22,46.381
Latvia,LVA,2023-10-29,82.1
Latvia,LVA,2023-11-05,113.554
Latvia,LVA,2023-11-12,115.687
Latvia,LVA,2023-11-19,120.485
Latvia,LVA,2023-11-26,145.008
Liechtenstein,LIE,2022-06-05,25.44
Liechtenstein,LIE,2022-06-12,50.88
Liechtenstein,LIE,2022-06-19,50.88
Liechtenstein,LIE,2022-06-26,25.44
Liechtenstein,LIE,2022-07-03,50.88
Liechtenstein,LIE,2022-07-10,50.88
Liechtenstein,LIE,2022-07-17,0
Liechtenstein,LIE,2022-07-24,25.44
Liechtenstein,LIE,2022-07-31,50.88
Liechtenstein,LIE,2022-08-07,0
Liechtenstein,LIE,2022-08-14,0
Liechtenstein,LIE,2022-08-21,25.44
Liechtenstein,LIE,2022-08-28,25.44
Liechtenstein,LIE,2022-09-04,50.88
Liechtenstein,LIE,2022-09-11,50.88
Liechtenstein,LIE,2022-09-18,0
Liechtenstein,LIE,2022-09-25,0
Liechtenstein,LIE,2022-10-02,101.76
Liechtenstein,LIE,2022-10-09,0
Liechtenstein,LIE,2022-10-16,50.88
Liechtenstein,LIE,2022-10-23,50.88
Liechtenstein,LIE,2022-10-30,25.44
Liechtenstein,LIE,2022-11-06,25.44
Liechtenstein,LIE,2022-11-13,0
Liechtenstein,LIE,2022-11-20,25.44
Liechtenstein,LIE,2022-11-27,25.44
Liechtenstein,LIE,2022-12-04,0
Liechtenstein,LIE,2022-12-11,0
Liechtenstein,LIE,2022-12-18,50.88
Liechtenstein,LIE,2022-12-25,101.76
Liechtenstein,LIE,2023-01-01,25.44
Liechtenstein,LIE,2023-01-08,0
Liechtenstein,LIE,2023-01-15,0
Liechtenstein,LIE,2023-01-22,0
Liechtenstein,LIE,2023-01-29,0
Liechtenstein,LIE,2023-02-05,0
Liechtenstein,LIE,2023-02-12,0
Luxembourg,LUX,2020-02-12,1.549
Luxembourg,LUX,2020-03-01,3.099
Luxembourg,LUX,2020-03-08,10.846
Luxembourg,LUX,2020-03-15,30.989
Luxembourg,LUX,2020-03-22,134.801
Luxembourg,LUX,2020-03-29,207.624
Luxembourg,LUX,2020-04-05,150.295
Luxembourg,LUX,2020-04-12,100.713
Luxembourg,LUX,2020-04-19,103.812
Luxembourg,LUX,2020-04-26,72.823
Luxembourg,LUX,2020-05-03,29.439
Luxembourg,LUX,2020-05-10,21.692
Luxembourg,LUX,2020-05-17,18.593
Luxembourg,LUX,2020-05-24,15.494
Luxembourg,LUX,2020-05-31,4.648
Luxembourg,LUX,2020-06-07,10.846
Luxembourg,LUX,2020-06-14,6.198
Luxembourg,LUX,2020-06-21,1.549
Luxembourg,LUX,2020-06-28,10.846
Luxembourg,LUX,2020-07-05,26.34
Luxembourg,LUX,2020-07-12,46.483
Luxembourg,LUX,2020-07-19,40.285
Luxembourg,LUX,2020-07-26,55.78
Luxembourg,LUX,2020-08-02,48.032
Luxembourg,LUX,2020-08-09,44.934
Luxembourg,LUX,2020-08-16,23.242
Luxembourg,LUX,2020-08-23,12.395
Luxembourg,LUX,2020-08-30,15.494
Luxembourg,LUX,2020-09-06,12.395
Luxembourg,LUX,2020-09-13,17.044
Luxembourg,LUX,2020-09-20,10.846
Luxembourg,LUX,2020-09-27,29.439
Luxembourg,LUX,2020-10-04,41.835
Luxembourg,LUX,2020-10-11,49.582
Luxembourg,LUX,2020-10-18,85.219
Luxembourg,LUX,2020-10-25,204.525
Luxembourg,LUX,2020-11-01,278.898
Luxembourg,LUX,2020-11-08,190.58
Luxembourg,LUX,2020-11-15,220.02
Luxembourg,LUX,2020-11-22,193.679
Luxembourg,LUX,2020-11-29,187.482
Luxembourg,LUX,2020-12-06,192.13
Luxembourg,LUX,2020-12-13,241.712
Luxembourg,LUX,2020-12-20,161.141
Luxembourg,LUX,2020-12-27,123.955
Luxembourg,LUX,2021-01-03,41.835
Luxembourg,LUX,2021-01-10,86.768
Luxembourg,LUX,2021-01-17,77.472
Luxembourg,LUX,2021-01-24,74.373
Luxembourg,LUX,2021-01-31,74.373
Luxembourg,LUX,2021-02-07,82.12
Luxembourg,LUX,2021-02-14,79.021
Luxembourg,LUX,2021-02-21,110.01
Luxembourg,LUX,2021-02-28,117.757
Luxembourg,LUX,2021-03-07,154.943
Luxembourg,LUX,2021-03-14,130.152
Luxembourg,LUX,2021-03-21,131.702
Luxembourg,LUX,2021-03-28,140.998
Luxembourg,LUX,2021-04-04,164.24
Luxembourg,LUX,2021-04-11,168.888
Luxembourg,LUX,2021-04-18,125.504
Luxembourg,LUX,2021-04-25,125.504
Luxembourg,LUX,2021-05-02,92.966
Luxembourg,LUX,2021-05-09,91.417
Luxembourg,LUX,2021-05-16,77.472
Luxembourg,LUX,2021-05-23,24.791
Luxembourg,LUX,2021-05-30,27.89
Luxembourg,LUX,2021-06-06,18.593
Luxembourg,LUX,2021-06-13,15.494
Luxembourg,LUX,2021-06-20,4.648
Luxembourg,LUX,2021-06-27,7.747
Luxembourg,LUX,2021-07-04,4.648
Luxembourg,LUX,2021-07-11,15.494
Luxembourg,LUX,2021-07-18,27.89
Luxembourg,LUX,2021-07-25,38.736
Luxembourg,LUX,2021-08-01,35.637
Luxembourg,LUX,2021-08-08,20.143
Luxembourg,LUX,2021-08-15,18.593
Luxembourg,LUX,2021-08-22,27.89
Luxembourg,LUX,2021-08-29,49.582
Luxembourg,LUX,2021-09-05,38.736
Luxembourg,LUX,2021-09-12,38.736
Luxembourg,LUX,2021-09-19,21.692
Luxembourg,LUX,2021-09-26,18.593
Luxembourg,LUX,2021-10-03,24.791
Luxembourg,LUX,2021-10-10,18.593
Luxembourg,LUX,2021-10-17,15.494
Luxembourg,LUX,2021-10-24,30.989
Luxembourg,LUX,2021-10-31,37.186
Luxembourg,LUX,2021-11-07,48.032
Luxembourg,LUX,2021-11-14,37.186
Luxembourg,LUX,2021-11-21,60.428
Luxembourg,LUX,2021-11-28,66.626
Luxembourg,LUX,2021-12-05,89.867
Luxembourg,LUX,2021-12-12,83.669
Luxembourg,LUX,2021-12-19,89.867
Luxembourg,LUX,2021-12-26,61.977
Luxembourg,LUX,2022-01-02,80.571
Luxembourg,LUX,2022-01-09,86.768
Luxembourg,LUX,2022-01-16,83.669
Luxembourg,LUX,2022-01-23,88.318
Luxembourg,LUX,2022-01-30,86.768
Luxembourg,LUX,2022-02-06,89.867
Luxembourg,LUX,2022-02-13,75.922
Luxembourg,LUX,2022-02-20,48.032
Luxembourg,LUX,2022-02-27,34.088
Luxembourg,LUX,2022-03-06,38.736
Luxembourg,LUX,2022-03-13,43.384
Luxembourg,LUX,2022-03-20,49.582
Luxembourg,LUX,2022-03-27,41.835
Luxembourg,LUX,2022-04-03,44.934
Luxembourg,LUX,2022-04-10,44.934
Luxembourg,LUX,2022-04-17,43.384
Luxembourg,LUX,2022-04-24,37.186
Luxembourg,LUX,2022-05-01,20.143
Luxembourg,LUX,2022-05-08,32.538
Luxembourg,LUX,2022-05-15,23.242
Luxembourg,LUX,2022-05-22,21.692
Luxembourg,LUX,2022-05-29,15.494
Luxembourg,LUX,2022-06-05,4.648
Luxembourg,LUX,2022-06-12,23.242
Luxembourg,LUX,2022-06-19,37.186
Luxembourg,LUX,2022-06-26,18.593
Luxembourg,LUX,2022-07-03,34.088
Luxembourg,LUX,2022-07-10,51.131
Luxembourg,LUX,2022-07-17,48.032
Luxembourg,LUX,2022-07-24,37.186
Luxembourg,LUX,2022-07-31,30.989
Luxembourg,LUX,2022-08-07,23.242
Luxembourg,LUX,2022-08-14,21.692
Luxembourg,LUX,2022-08-21,24.791
Luxembourg,LUX,2022-08-28,12.395
Luxembourg,LUX,2022-09-04,23.242
Luxembourg,LUX,2022-09-11,7.747
Luxembourg,LUX,2022-09-18,20.143
Luxembourg,LUX,2022-09-25,21.692
Luxembourg,LUX,2022-10-02,40.285
Luxembourg,LUX,2022-10-09,43.384
Luxembourg,LUX,2022-10-16,41.835
Luxembourg,LUX,2022-10-23,52.681
Luxembourg,LUX,2022-10-30,40.285
Luxembourg,LUX,2022-11-06,17.044
Luxembourg,LUX,2022-11-13,37.186
Luxembourg,LUX,2022-11-20,35.637
Luxembourg,LUX,2022-11-27,30.989
Luxembourg,LUX,2022-12-04,30.989
Luxembourg,LUX,2022-12-11,37.186
Luxembourg,LUX,2022-12-18,71.274
Luxembourg,LUX,2022-12-25,43.384
Luxembourg,LUX,2023-01-01,26.34
Luxembourg,LUX,2023-01-08,34.088
Luxembourg,LUX,2023-01-15,20.143
Luxembourg,LUX,2023-01-22,17.044
Luxembourg,LUX,2023-01-29,9.297
Luxembourg,LUX,2023-02-05,26.34
Luxembourg,LUX,2023-02-12,18.593
Luxembourg,LUX,2023-02-19,20.143
Luxembourg,LUX,2023-02-26,32.538
Luxembourg,LUX,2023-03-05,37.186
Luxembourg,LUX,2023-03-12,18.593
Luxembourg,LUX,2023-03-19,23.242
Luxembourg,LUX,2023-03-26,29.439
Malaysia,MYS,2020-03-30,23.425
Malaysia,MYS,2020-03-31,25.458
Malaysia,MYS,2020-04-01,26.43
Malaysia,MYS,2020-04-02,27.55
Malaysia,MYS,2020-04-03,29.377
Malaysia,MYS,2020-04-04,29.937
Malaysia,MYS,2020-04-05,28.994
Malaysia,MYS,2020-04-06,29.141
Malaysia,MYS,2020-04-07,31.439
Malaysia,MYS,2020-04-08,31.616
Malaysia,MYS,2020-04-09,32.117
Malaysia,MYS,2020-04-10,30.025
Malaysia,MYS,2020-04-11,30.29
Malaysia,MYS,2020-04-12,30.084
Malaysia,MYS,2020-04-13,29.082
Malaysia,MYS,2020-04-14,28.463
Malaysia,MYS,2020-04-15,26.106
Malaysia,MYS,2020-04-16,25.016
Malaysia,MYS,2020-04-17,25.222
Malaysia,MYS,2020-04-18,21.804
Malaysia,MYS,2020-04-19,19.594
Malaysia,MYS,2020-04-20,18.74
Malaysia,MYS,2020-04-21,15.646
Malaysia,MYS,2020-04-22,15.057
Malaysia,MYS,2020-04-23,13.937
Malaysia,MYS,2020-04-24,12.758
Malaysia,MYS,2020-04-25,12.641
Malaysia,MYS,2020-04-26,12.258
Malaysia,MYS,2020-04-27,10.755
Malaysia,MYS,2020-04-28,10.372
Malaysia,MYS,2020-04-29,9.724
Malaysia,MYS,2020-04-30,8.869
Malaysia,MYS,2020-05-01,8.633
Malaysia,MYS,2020-05-02,8.398
Malaysia,MYS,2020-05-03,9.517
Malaysia,MYS,2020-05-04,9.635
Malaysia,MYS,2020-05-05,9.37
Malaysia,MYS,2020-05-06,8.899
Malaysia,MYS,2020-05-07,8.457
Malaysia,MYS,2020-05-08,8.604
Malaysia,MYS,2020-05-09,8.073
Malaysia,MYS,2020-05-10,6.865
Malaysia,MYS,2020-05-11,7.808
Malaysia,MYS,2020-05-12,8.28
Malaysia,MYS,2020-05-13,8.221
Malaysia,MYS,2020-05-14,8.545
Malaysia,MYS,2020-05-15,7.543
Malaysia,MYS,2020-05-16,6.924
Malaysia,MYS,2020-05-17,6.129
Malaysia,MYS,2020-05-18,4.243
Malaysia,MYS,2020-05-19,3.86
Malaysia,MYS,2020-05-20,4.243
Malaysia,MYS,2020-05-21,3.389
Malaysia,MYS,2020-05-22,3.418
Malaysia,MYS,2020-05-23,3.683
Malaysia,MYS,2020-05-24,4.066
Malaysia,MYS,2020-05-25,4.832
Malaysia,MYS,2020-05-26,5.422
Malaysia,MYS,2020-05-27,5.657
Malaysia,MYS,2020-05-28,5.952
Malaysia,MYS,2020-05-29,6.011
Malaysia,MYS,2020-05-30,7.219
Malaysia,MYS,2020-05-31,7.131
Malaysia,MYS,2020-06-01,7.425
Malaysia,MYS,2020-06-02,6.806
Malaysia,MYS,2020-06-03,6.247
Malaysia,MYS,2020-06-04,7.072
Malaysia,MYS,2020-06-05,7.396
Malaysia,MYS,2020-06-06,6.423
Malaysia,MYS,2020-06-07,6.541
Malaysia,MYS,2020-06-08,5.657
Malaysia,MYS,2020-06-09,5.245
Malaysia,MYS,2020-06-10,5.097
Malaysia,MYS,2020-06-11,4.037
Malaysia,MYS,2020-06-12,4.096
Malaysia,MYS,2020-06-13,3.83
Malaysia,MYS,2020-06-14,4.155
Malaysia,MYS,2020-06-15,4.538
Malaysia,MYS,2020-06-16,4.95
Malaysia,MYS,2020-06-17,5.009
Malaysia,MYS,2020-06-18,4.98
Malaysia,MYS,2020-06-19,4.155
Malaysia,MYS,2020-06-20,3.624
Malaysia,MYS,2020-06-21,2.74
Malaysia,MYS,2020-06-22,2.18
Malaysia,MYS,2020-06-23,1.974
Malaysia,MYS,2020-06-24,1.797
Malaysia,MYS,2020-06-25,1.65
Malaysia,MYS,2020-06-26,1.444
Malaysia,MYS,2020-06-27,1.385
Malaysia,MYS,2020-06-28,1.532
Malaysia,MYS,2020-06-29,1.355
Malaysia,MYS,2020-06-30,0.913
Malaysia,MYS,2020-07-01,0.943
Malaysia,MYS,2020-07-02,0.884
Malaysia,MYS,2020-07-03,0.972
Malaysia,MYS,2020-07-04,0.913
Malaysia,MYS,2020-07-05,0.796
Malaysia,MYS,2020-07-06,0.943
Malaysia,MYS,2020-07-07,0.972
Malaysia,MYS,2020-07-08,0.913
Malaysia,MYS,2020-07-09,0.913
Malaysia,MYS,2020-07-10,1.002
Malaysia,MYS,2020-07-11,1.061
Malaysia,MYS,2020-07-12,1.002
Malaysia,MYS,2020-07-13,1.031
Malaysia,MYS,2020-07-14,1.09
Malaysia,MYS,2020-07-15,1.179
Malaysia,MYS,2020-07-16,1.267
Malaysia,MYS,2020-07-17,1.208
Malaysia,MYS,2020-07-18,1.444
Malaysia,MYS,2020-07-19,1.68
Malaysia,MYS,2020-07-20,1.532
Malaysia,MYS,2020-07-21,2.21
Malaysia,MYS,2020-07-22,2.298
Malaysia,MYS,2020-07-23,2.593
Malaysia,MYS,2020-07-24,2.711
Malaysia,MYS,2020-07-25,3.005
Malaysia,MYS,2020-07-26,3.212
Malaysia,MYS,2020-07-27,3.182
Malaysia,MYS,2020-07-28,3.182
Malaysia,MYS,2020-07-29,3.889
Malaysia,MYS,2020-07-30,3.683
Malaysia,MYS,2020-07-31,3.595
Malaysia,MYS,2020-08-01,3.153
Malaysia,MYS,2020-08-02,2.947
Malaysia,MYS,2020-08-03,2.829
Malaysia,MYS,2020-08-04,2.092
Malaysia,MYS,2020-08-05,1.414
Malaysia,MYS,2020-08-06,1.355
Malaysia,MYS,2020-08-07,2.122
Malaysia,MYS,2020-08-08,2.18
Malaysia,MYS,2020-08-09,1.974
Malaysia,MYS,2020-08-10,2.357
Malaysia,MYS,2020-08-11,2.387
Malaysia,MYS,2020-08-12,2.505
Malaysia,MYS,2020-08-13,2.681
Malaysia,MYS,2020-08-14,2.239
Malaysia,MYS,2020-08-15,2.446
Malaysia,MYS,2020-08-16,2.917
Malaysia,MYS,2020-08-17,2.888
Malaysia,MYS,2020-08-18,3.064
Malaysia,MYS,2020-08-19,3.33
Malaysia,MYS,2020-08-20,3.064
Malaysia,MYS,2020-08-21,2.888
Malaysia,MYS,2020-08-22,2.622
Malaysia,MYS,2020-08-23,1.974
Malaysia,MYS,2020-08-24,1.974
Malaysia,MYS,2020-08-25,2.122
Malaysia,MYS,2020-08-26,1.738
Malaysia,MYS,2020-08-27,1.797
Malaysia,MYS,2020-08-28,1.709
Malaysia,MYS,2020-08-29,1.856
Malaysia,MYS,2020-08-30,2.122
Malaysia,MYS,2020-08-31,2.033
Malaysia,MYS,2020-09-01,1.768
Malaysia,MYS,2020-09-02,2.004
Malaysia,MYS,2020-09-03,2.033
Malaysia,MYS,2020-09-04,2.18
Malaysia,MYS,2020-09-05,2.122
Malaysia,MYS,2020-09-06,2.033
Malaysia,MYS,2020-09-07,2.151
Malaysia,MYS,2020-09-08,3.83
Malaysia,MYS,2020-09-09,6.247
Malaysia,MYS,2020-09-10,6.6
Malaysia,MYS,2020-09-11,6.748
Malaysia,MYS,2020-09-12,7.19
Malaysia,MYS,2020-09-13,7.632
Malaysia,MYS,2020-09-14,8.457
Malaysia,MYS,2020-09-15,7.808
Malaysia,MYS,2020-09-16,6.099
Malaysia,MYS,2020-09-17,7.072
Malaysia,MYS,2020-09-18,7.16
Malaysia,MYS,2020-09-19,7.632
Malaysia,MYS,2020-09-20,8.221
Malaysia,MYS,2020-09-21,8.044
Malaysia,MYS,2020-09-22,8.309
Malaysia,MYS,2020-09-23,8.103
Malaysia,MYS,2020-09-24,8.132
Malaysia,MYS,2020-09-25,7.72
Malaysia,MYS,2020-09-26,6.924
Malaysia,MYS,2020-09-27,5.716
Malaysia,MYS,2020-09-28,7.425
Malaysia,MYS,2020-09-29,7.897
Malaysia,MYS,2020-09-30,9.458
Malaysia,MYS,2020-10-01,9.812
Malaysia,MYS,2020-10-02,13.436
Malaysia,MYS,2020-10-03,16.471
Malaysia,MYS,2020-10-04,21.009
Malaysia,MYS,2020-10-05,22.246
Malaysia,MYS,2020-10-06,25.694
Malaysia,MYS,2020-10-07,29.76
Malaysia,MYS,2020-10-08,33.266
Malaysia,MYS,2020-10-09,34.003
Malaysia,MYS,2020-10-10,36.124
Malaysia,MYS,2020-10-11,37.804
Malaysia,MYS,2020-10-12,40.102
Malaysia,MYS,2020-10-13,41.428
Malaysia,MYS,2020-10-14,42.224
Malaysia,MYS,2020-10-15,45.141
Malaysia,MYS,2020-10-16,49.178
Malaysia,MYS,2020-10-17,52.861
Malaysia,MYS,2020-10-18,54.953
Malaysia,MYS,2020-10-19,58.695
Malaysia,MYS,2020-10-20,61.465
Malaysia,MYS,2020-10-21,64.47
Malaysia,MYS,2020-10-22,66.827
Malaysia,MYS,2020-10-23,66.592
Malaysia,MYS,2020-10-24,65.236
Malaysia,MYS,2020-10-25,67.534
Malaysia,MYS,2020-10-26,66.739
Malaysia,MYS,2020-10-27,67.505
Malaysia,MYS,2020-10-28,69.391
Malaysia,MYS,2020-10-29,68.389
Malaysia,MYS,2020-10-30,67.358
Malaysia,MYS,2020-10-31,65.089
Malaysia,MYS,2020-11-01,60.61
Malaysia,MYS,2020-11-02,60.757
Malaysia,MYS,2020-11-03,59.225
Malaysia,MYS,2020-11-04,54.363
Malaysia,MYS,2020-11-05,54.864
Malaysia,MYS,2020-11-06,60.433
Malaysia,MYS,2020-11-07,66.238
Malaysia,MYS,2020-11-08,72.396
Malaysia,MYS,2020-11-09,79.409
Malaysia,MYS,2020-11-10,83.593
Malaysia,MYS,2020-11-11,86.333
Malaysia,MYS,2020-11-12,84.153
Malaysia,MYS,2020-11-13,80.057
Malaysia,MYS,2020-11-14,81.472
Malaysia,MYS,2020-11-15,84.3
Malaysia,MYS,2020-11-16,80.205
Malaysia,MYS,2020-11-17,81.589
Malaysia,MYS,2020-11-18,87.335
Malaysia,MYS,2020-11-19,90.9
Malaysia,MYS,2020-11-20,93.11
Malaysia,MYS,2020-11-21,90.959
Malaysia,MYS,2020-11-22,87.659
Malaysia,MYS,2020-11-23,86.716
Malaysia,MYS,2020-11-24,93.11
Malaysia,MYS,2020-11-25,96.646
Malaysia,MYS,2020-11-26,99.357
Malaysia,MYS,2020-11-27,102.392
Malaysia,MYS,2020-11-28,111.497
Malaysia,MYS,2020-11-29,109.817
Malaysia,MYS,2020-11-30,117.242
Malaysia,MYS,2020-12-01,109.729
Malaysia,MYS,2020-12-02,108.58
Malaysia,MYS,2020-12-03,108.403
Malaysia,MYS,2020-12-04,107.165
Malaysia,MYS,2020-12-05,100.506
Malaysia,MYS,2020-12-06,102.922
Malaysia,MYS,2020-12-07,101.508
Malaysia,MYS,2020-12-08,101.331
Malaysia,MYS,2020-12-09,95.35
Malaysia,MYS,2020-12-10,95.409
Malaysia,MYS,2020-12-11,93.611
Malaysia,MYS,2020-12-12,91.018
Malaysia,MYS,2020-12-13,90.783
Malaysia,MYS,2020-12-14,84.359
Malaysia,MYS,2020-12-15,85.449
Malaysia,MYS,2020-12-16,91.578
Malaysia,MYS,2020-12-17,90.017
Malaysia,MYS,2020-12-18,89.28
Malaysia,MYS,2020-12-19,91.814
Malaysia,MYS,2020-12-20,88.926
Malaysia,MYS,2020-12-21,89.516
Malaysia,MYS,2020-12-22,87.099
Malaysia,MYS,2020-12-23,80.617
Malaysia,MYS,2020-12-24,78.938
Malaysia,MYS,2020-12-25,83.564
Malaysia,MYS,2020-12-26,85.449
Malaysia,MYS,2020-12-27,92.05
Malaysia,MYS,2020-12-28,105.456
Malaysia,MYS,2020-12-29,108.462
Malaysia,MYS,2020-12-30,112.646
Malaysia,MYS,2020-12-31,120.13
Malaysia,MYS,2021-01-01,121.397
Malaysia,MYS,2021-01-02,125.905
Malaysia,MYS,2021-01-03,129.971
Malaysia,MYS,2021-01-04,123.43
Malaysia,MYS,2021-01-05,129.913
Malaysia,MYS,2021-01-06,133.949
Malaysia,MYS,2021-01-07,135.246
Malaysia,MYS,2021-01-08,141.728
Malaysia,MYS,2021-01-09,142.848
Malaysia,MYS,2021-01-10,144.115
Malaysia,MYS,2021-01-11,150.42
Malaysia,MYS,2021-01-12,155.901
Malaysia,MYS,2021-01-13,166.626
Malaysia,MYS,2021-01-14,173.433
Malaysia,MYS,2021-01-15,176.527
Malaysia,MYS,2021-01-16,179.267
Malaysia,MYS,2021-01-17,186.692
Malaysia,MYS,2021-01-18,182.832
Malaysia,MYS,2021-01-19,184.247
Malaysia,MYS,2021-01-20,175.495
Malaysia,MYS,2021-01-21,175.142
Malaysia,MYS,2021-01-22,176.438
Malaysia,MYS,2021-01-23,182.361
Malaysia,MYS,2021-01-24,177.145
Malaysia,MYS,2021-01-25,182.007
Malaysia,MYS,2021-01-26,176.379
Malaysia,MYS,2021-01-27,180.416
Malaysia,MYS,2021-01-28,175.584
Malaysia,MYS,2021-01-29,171.547
Malaysia,MYS,2021-01-30,166.479
Malaysia,MYS,2021-01-31,160.94
Malaysia,MYS,2021-02-01,157.256
Malaysia,MYS,2021-02-02,154.104
Malaysia,MYS,2021-02-03,148.269
Malaysia,MYS,2021-02-04,149.684
Malaysia,MYS,2021-02-05,150.45
Malaysia,MYS,2021-02-06,147.091
Malaysia,MYS,2021-02-07,150.126
Malaysia,MYS,2021-02-08,149.094
Malaysia,MYS,2021-02-09,144.999
Malaysia,MYS,2021-02-10,141.964
Malaysia,MYS,2021-02-11,134.126
Malaysia,MYS,2021-02-12,126.966
Malaysia,MYS,2021-02-13,119.835
Malaysia,MYS,2021-02-14,111.202
Malaysia,MYS,2021-02-15,106.812
Malaysia,MYS,2021-02-16,104.337
Malaysia,MYS,2021-02-17,106.399
Malaysia,MYS,2021-02-18,103.895
Malaysia,MYS,2021-02-19,106.429
Malaysia,MYS,2021-02-20,107.578
Malaysia,MYS,2021-02-21,106.547
Malaysia,MYS,2021-02-22,100.978
Malaysia,MYS,2021-02-23,101.921
Malaysia,MYS,2021-02-24,93.611
Malaysia,MYS,2021-02-25,94.584
Malaysia,MYS,2021-02-26,92.521
Malaysia,MYS,2021-02-27,88.72
Malaysia,MYS,2021-02-28,89.486
Malaysia,MYS,2021-03-01,89.28
Malaysia,MYS,2021-03-02,88.131
Malaysia,MYS,2021-03-03,86.805
Malaysia,MYS,2021-03-04,83.652
Malaysia,MYS,2021-03-05,81.531
Malaysia,MYS,2021-03-06,83.888
Malaysia,MYS,2021-03-07,82.503
Malaysia,MYS,2021-03-08,81.413
Malaysia,MYS,2021-03-09,78.879
Malaysia,MYS,2021-03-10,83.122
Malaysia,MYS,2021-03-11,82.031
Malaysia,MYS,2021-03-12,77.553
Malaysia,MYS,2021-03-13,74.194
Malaysia,MYS,2021-03-14,74.842
Malaysia,MYS,2021-03-15,74.194
Malaysia,MYS,2021-03-16,75.873
Malaysia,MYS,2021-03-17,71.866
Malaysia,MYS,2021-03-18,75.814
Malaysia,MYS,2021-03-19,76.345
Malaysia,MYS,2021-03-20,78.289
Malaysia,MYS,2021-03-21,76.934
Malaysia,MYS,2021-03-22,80.617
Malaysia,MYS,2021-03-23,79.792
Malaysia,MYS,2021-03-24,80.44
Malaysia,MYS,2021-03-25,78.967
Malaysia,MYS,2021-03-26,79.851
Malaysia,MYS,2021-03-27,79.969
Malaysia,MYS,2021-03-28,81.413
Malaysia,MYS,2021-03-29,78.996
Malaysia,MYS,2021-03-30,77.877
Malaysia,MYS,2021-03-31,77.877
Malaysia,MYS,2021-04-01,76.669
Malaysia,MYS,2021-04-02,76.757
Malaysia,MYS,2021-04-03,76.993
Malaysia,MYS,2021-04-04,77.641
Malaysia,MYS,2021-04-05,79.262
Malaysia,MYS,2021-04-06,83.151
Malaysia,MYS,2021-04-07,85.538
Malaysia,MYS,2021-04-08,89.928
Malaysia,MYS,2021-04-09,91.608
Malaysia,MYS,2021-04-10,97.795
Malaysia,MYS,2021-04-11,100.978
Malaysia,MYS,2021-04-12,102.657
Malaysia,MYS,2021-04-13,103.688
Malaysia,MYS,2021-04-14,113.707
Malaysia,MYS,2021-04-15,122.605
Malaysia,MYS,2021-04-16,127.968
Malaysia,MYS,2021-04-17,129.382
Malaysia,MYS,2021-04-18,134.715
Malaysia,MYS,2021-04-19,138.811
Malaysia,MYS,2021-04-20,142.524
Malaysia,MYS,2021-04-21,139.666
Malaysia,MYS,2021-04-22,138.988
Malaysia,MYS,2021-04-23,142.936
Malaysia,MYS,2021-04-24,144.085
Malaysia,MYS,2021-04-25,143.025
Malaysia,MYS,2021-04-26,149.89
Malaysia,MYS,2021-04-27,157.816
Malaysia,MYS,2021-04-28,163.297
Malaysia,MYS,2021-04-29,164.505
Malaysia,MYS,2021-04-30,170.987
Malaysia,MYS,2021-05-01,175.525
Malaysia,MYS,2021-05-02,189.403
Malaysia,MYS,2021-05-03,189.904
Malaysia,MYS,2021-05-04,192.674
Malaysia,MYS,2021-05-05,197.83
Malaysia,MYS,2021-05-06,202.279
Malaysia,MYS,2021-05-07,202.103
Malaysia,MYS,2021-05-08,204.401
Malaysia,MYS,2021-05-09,205.786
Malaysia,MYS,2021-05-10,215.598
Malaysia,MYS,2021-05-11,216.865
Malaysia,MYS,2021-05-12,224.231
Malaysia,MYS,2021-05-13,232.039
Malaysia,MYS,2021-05-14,231.185
Malaysia,MYS,2021-05-15,235.634
Malaysia,MYS,2021-05-16,231.126
Malaysia,MYS,2021-05-17,229.77
Malaysia,MYS,2021-05-18,234.013
Malaysia,MYS,2021-05-19,234.19
Malaysia,MYS,2021-05-20,237.785
Malaysia,MYS,2021-05-21,249.542
Malaysia,MYS,2021-05-22,258.853
Malaysia,MYS,2021-05-23,269.991
Malaysia,MYS,2021-05-24,277.652
Malaysia,MYS,2021-05-25,286.02
Malaysia,MYS,2021-05-26,292.355
Malaysia,MYS,2021-05-27,295.537
Malaysia,MYS,2021-05-28,300.811
Malaysia,MYS,2021-05-29,303.787
Malaysia,MYS,2021-05-30,308.413
Malaysia,MYS,2021-05-31,306.38
Malaysia,MYS,2021-06-01,306.763
Malaysia,MYS,2021-06-02,305.644
Malaysia,MYS,2021-06-03,304.819
Malaysia,MYS,2021-06-04,299.132
Malaysia,MYS,2021-06-05,298.454
Malaysia,MYS,2021-06-06,295.242
Malaysia,MYS,2021-06-07,296.686
Malaysia,MYS,2021-06-08,293.209
Malaysia,MYS,2021-06-09,287.022
Malaysia,MYS,2021-06-10,283.132
Malaysia,MYS,2021-06-11,281.747
Malaysia,MYS,2021-06-12,275.589
Malaysia,MYS,2021-06-13,268.989
Malaysia,MYS,2021-06-14,264.893
Malaysia,MYS,2021-06-15,266.573
Malaysia,MYS,2021-06-16,264.215
Malaysia,MYS,2021-06-17,271.228
Malaysia,MYS,2021-06-18,274.499
Malaysia,MYS,2021-06-19,271.994
Malaysia,MYS,2021-06-20,271.199
Malaysia,MYS,2021-06-21,270.845
Malaysia,MYS,2021-06-22,271.611
Malaysia,MYS,2021-06-23,277.799
Malaysia,MYS,2021-06-24,272.525
Malaysia,MYS,2021-06-25,266.573
Malaysia,MYS,2021-06-26,269.048
Malaysia,MYS,2021-06-27,267.25
Malaysia,MYS,2021-06-28,268.93
Malaysia,MYS,2021-06-29,262.742
Malaysia,MYS,2021-06-30,255.081
Malaysia,MYS,2021-07-01,255.67
Malaysia,MYS,2021-07-02,260.739
Malaysia,MYS,2021-07-03,263.449
Malaysia,MYS,2021-07-04,266.72
Malaysia,MYS,2021-07-05,265.482
Malaysia,MYS,2021-07-06,271.199
Malaysia,MYS,2021-07-07,279.066
Malaysia,MYS,2021-07-08,280.215
Malaysia,MYS,2021-07-09,282.661
Malaysia,MYS,2021-07-10,284.605
Malaysia,MYS,2021-07-11,294.034
Malaysia,MYS,2021-07-12,299.751
Malaysia,MYS,2021-07-13,302.815
Malaysia,MYS,2021-07-14,313.275
Malaysia,MYS,2021-07-15,319.227
Malaysia,MYS,2021-07-16,319.875
Malaysia,MYS,2021-07-17,329.481
Malaysia,MYS,2021-07-18,333.606
Malaysia,MYS,2021-07-19,338.969
Malaysia,MYS,2021-07-20,343.006
Malaysia,MYS,2021-07-21,342.298
Malaysia,MYS,2021-07-22,349.576
Malaysia,MYS,2021-07-23,366.725
Malaysia,MYS,2021-07-24,370.526
Malaysia,MYS,2021-07-25,378.276
Malaysia,MYS,2021-07-26,383.373
Malaysia,MYS,2021-07-27,398.666
Malaysia,MYS,2021-07-28,404.058
Malaysia,MYS,2021-07-29,408.684
Malaysia,MYS,2021-07-30,412.426
Malaysia,MYS,2021-07-31,421.03
Malaysia,MYS,2021-08-01,424.89
Malaysia,MYS,2021-08-02,435.114
Malaysia,MYS,2021-08-03,435.998
Malaysia,MYS,2021-08-04,450.731
Malaysia,MYS,2021-08-05,454.09
Malaysia,MYS,2021-08-06,468.734
Malaysia,MYS,2021-08-07,470.502
Malaysia,MYS,2021-08-08,470.237
Malaysia,MYS,2021-08-09,468.351
Malaysia,MYS,2021-08-10,479.784
Malaysia,MYS,2021-08-11,481.345
Malaysia,MYS,2021-08-12,488.004
Malaysia,MYS,2021-08-13,478.723
Malaysia,MYS,2021-08-14,476.189
Malaysia,MYS,2021-08-15,480.285
Malaysia,MYS,2021-08-16,477.927
Malaysia,MYS,2021-08-17,470.09
Malaysia,MYS,2021-08-18,469.648
Malaysia,MYS,2021-08-19,463.254
Malaysia,MYS,2021-08-20,459.806
Malaysia,MYS,2021-08-21,458.303
Malaysia,MYS,2021-08-22,451.261
Malaysia,MYS,2021-08-23,449.11
Malaysia,MYS,2021-08-24,447.431
Malaysia,MYS,2021-08-25,443.718
Malaysia,MYS,2021-08-26,448.079
Malaysia,MYS,2021-08-27,442.422
Malaysia,MYS,2021-08-28,445.869
Malaysia,MYS,2021-08-29,447.401
Malaysia,MYS,2021-08-30,451.114
Malaysia,MYS,2021-08-31,443.453
Malaysia,MYS,2021-09-01,428.043
Malaysia,MYS,2021-09-02,420.588
Malaysia,MYS,2021-09-03,416.433
Malaysia,MYS,2021-09-04,410.098
Malaysia,MYS,2021-09-05,403.94
Malaysia,MYS,2021-09-06,400.699
Malaysia,MYS,2021-09-07,399.903
Malaysia,MYS,2021-09-08,405.619
Malaysia,MYS,2021-09-09,408.684
Malaysia,MYS,2021-09-10,413.487
Malaysia,MYS,2021-09-11,415.844
Malaysia,MYS,2021-09-12,418.231
Malaysia,MYS,2021-09-13,413.722
Malaysia,MYS,2021-09-14,403.203
Malaysia,MYS,2021-09-15,397.723
Malaysia,MYS,2021-09-16,384.021
Malaysia,MYS,2021-09-17,370.291
Malaysia,MYS,2021-09-18,351.963
Malaysia,MYS,2021-09-19,336.376
Malaysia,MYS,2021-09-20,328.744
Malaysia,MYS,2021-09-21,323.382
Malaysia,MYS,2021-09-22,314.925
Malaysia,MYS,2021-09-23,305.644
Malaysia,MYS,2021-09-24,297.924
Malaysia,MYS,2021-09-25,295.183
Malaysia,MYS,2021-09-26,289.968
Malaysia,MYS,2021-09-27,282.896
Malaysia,MYS,2021-09-28,278.506
Malaysia,MYS,2021-09-29,273.468
Malaysia,MYS,2021-09-30,264.775
Malaysia,MYS,2021-10-01,261.239
Malaysia,MYS,2021-10-02,252.459
Malaysia,MYS,2021-10-03,246.801
Malaysia,MYS,2021-10-04,238.109
Malaysia,MYS,2021-10-05,231.686
Malaysia,MYS,2021-10-06,223.17
Malaysia,MYS,2021-10-07,223.229
Malaysia,MYS,2021-10-08,219.075
Malaysia,MYS,2021-10-09,216.305
Malaysia,MYS,2021-10-10,215.097
Malaysia,MYS,2021-10-11,211.856
Malaysia,MYS,2021-10-12,212.18
Malaysia,MYS,2021-10-13,210.854
Malaysia,MYS,2021-10-14,219.192
Malaysia,MYS,2021-10-15,215.391
Malaysia,MYS,2021-10-16,211.708
Malaysia,MYS,2021-10-17,206.169
Malaysia,MYS,2021-10-18,220.518
Malaysia,MYS,2021-10-19,212.74
Malaysia,MYS,2021-10-20,203.34
Malaysia,MYS,2021-10-21,187.576
Malaysia,MYS,2021-10-22,179.768
Malaysia,MYS,2021-10-23,176.114
Malaysia,MYS,2021-10-24,171.901
Malaysia,MYS,2021-10-25,151.157
Malaysia,MYS,2021-10-26,147.091
Malaysia,MYS,2021-10-27,147.179
Malaysia,MYS,2021-10-28,142.465
Malaysia,MYS,2021-10-29,141.846
Malaysia,MYS,2021-10-30,139.96
Malaysia,MYS,2021-10-31,140.432
Malaysia,MYS,2021-11-01,138.192
Malaysia,MYS,2021-11-02,138.487
Malaysia,MYS,2021-11-03,137.161
Malaysia,MYS,2021-11-04,138.133
Malaysia,MYS,2021-11-05,134.332
Malaysia,MYS,2021-11-06,131.091
Malaysia,MYS,2021-11-07,129.117
Malaysia,MYS,2021-11-08,128.616
Malaysia,MYS,2021-11-09,127.909
Malaysia,MYS,2021-11-10,129.088
Malaysia,MYS,2021-11-11,128.911
Malaysia,MYS,2021-11-12,133.36
Malaysia,MYS,2021-11-13,137.367
Malaysia,MYS,2021-11-14,138.192
Malaysia,MYS,2021-11-15,139.695
Malaysia,MYS,2021-11-16,138.399
Malaysia,MYS,2021-11-17,137.632
Malaysia,MYS,2021-11-18,137.721
Malaysia,MYS,2021-11-19,137.544
Malaysia,MYS,2021-11-20,135.982
Malaysia,MYS,2021-11-21,133.773
Malaysia,MYS,2021-11-22,132.889
Malaysia,MYS,2021-11-23,135.452
Malaysia,MYS,2021-11-24,135.393
Malaysia,MYS,2021-11-25,133.861
Malaysia,MYS,2021-11-26,130.59
Malaysia,MYS,2021-11-27,127.821
Malaysia,MYS,2021-11-28,127.172
Malaysia,MYS,2021-11-29,124.314
Malaysia,MYS,2021-11-30,121.456
Malaysia,MYS,2021-12-01,120.248
Malaysia,MYS,2021-12-02,118.686
Malaysia,MYS,2021-12-03,118.922
Malaysia,MYS,2021-12-04,119.099
Malaysia,MYS,2021-12-05,116.977
Malaysia,MYS,2021-12-06,116.742
Malaysia,MYS,2021-12-07,114.296
Malaysia,MYS,2021-12-08,112.528
Malaysia,MYS,2021-12-09,112.499
Malaysia,MYS,2021-12-10,111.939
Malaysia,MYS,2021-12-11,110.377
Malaysia,MYS,2021-12-12,109.817
Malaysia,MYS,2021-12-13,108.167
Malaysia,MYS,2021-12-14,108.049
Malaysia,MYS,2021-12-15,105.25
Malaysia,MYS,2021-12-16,100.3
Malaysia,MYS,2021-12-17,96.852
Malaysia,MYS,2021-12-18,94.79
Malaysia,MYS,2021-12-19,92.256
Malaysia,MYS,2021-12-20,87.748
Malaysia,MYS,2021-12-21,84.831
Malaysia,MYS,2021-12-22,82.621
Malaysia,MYS,2021-12-23,82.149
Malaysia,MYS,2021-12-24,80.146
Malaysia,MYS,2021-12-25,77.435
Malaysia,MYS,2021-12-26,77.405
Malaysia,MYS,2021-12-27,78.996
Malaysia,MYS,2021-12-28,78.289
Malaysia,MYS,2021-12-29,77.376
Malaysia,MYS,2021-12-30,77.022
Malaysia,MYS,2021-12-31,76.669
Malaysia,MYS,2022-01-01,77.346
Malaysia,MYS,2022-01-02,75.785
Malaysia,MYS,2022-01-03,74.989
Malaysia,MYS,2022-01-04,73.457
Malaysia,MYS,2022-01-05,73.133
Malaysia,MYS,2022-01-06,73.044
Malaysia,MYS,2022-01-07,73.074
Malaysia,MYS,2022-01-08,72.956
Malaysia,MYS,2022-01-09,74.636
Malaysia,MYS,2022-01-10,73.369
Malaysia,MYS,2022-01-11,73.369
Malaysia,MYS,2022-01-12,74.164
Malaysia,MYS,2022-01-13,71.66
Malaysia,MYS,2022-01-14,69.214
Malaysia,MYS,2022-01-15,67.269
Malaysia,MYS,2022-01-16,64.647
Malaysia,MYS,2022-01-17,64.853
Malaysia,MYS,2022-01-18,62.437
Malaysia,MYS,2022-01-19,58.282
Malaysia,MYS,2022-01-20,57.87
Malaysia,MYS,2022-01-21,59.962
Malaysia,MYS,2022-01-22,61.907
Malaysia,MYS,2022-01-23,63.321
Malaysia,MYS,2022-01-24,64.676
Malaysia,MYS,2022-01-25,65.737
Malaysia,MYS,2022-01-26,71.836
Malaysia,MYS,2022-01-27,75.991
Malaysia,MYS,2022-01-28,76.993
Malaysia,MYS,2022-01-29,76.433
Malaysia,MYS,2022-01-30,77.081
Malaysia,MYS,2022-01-31,77.14
Malaysia,MYS,2022-02-01,80.647
Malaysia,MYS,2022-02-02,78.938
Malaysia,MYS,2022-02-03,78.643
Malaysia,MYS,2022-02-04,83.534
Malaysia,MYS,2022-02-05,92.433
Malaysia,MYS,2022-02-06,101.479
Malaysia,MYS,2022-02-07,111.143
Malaysia,MYS,2022-02-08,124.078
Malaysia,MYS,2022-02-09,139.666
Malaysia,MYS,2022-02-10,156.372
Malaysia,MYS,2022-02-11,171.282
Malaysia,MYS,2022-02-12,183.687
Malaysia,MYS,2022-02-13,194.559
Malaysia,MYS,2022-02-14,210.147
Malaysia,MYS,2022-02-15,224.437
Malaysia,MYS,2022-02-16,236.754
Malaysia,MYS,2022-02-17,250.809
Malaysia,MYS,2022-02-18,266.573
Malaysia,MYS,2022-02-19,279.979
Malaysia,MYS,2022-02-20,293.062
Malaysia,MYS,2022-02-21,302.844
Malaysia,MYS,2022-02-22,308.384
Malaysia,MYS,2022-02-23,322.262
Malaysia,MYS,2022-02-24,330.954
Malaysia,MYS,2022-02-25,332.428
Malaysia,MYS,2022-02-26,334.844
Malaysia,MYS,2022-02-27,337.614
Malaysia,MYS,2022-02-28,338.998
Malaysia,MYS,2022-03-01,345.775
Malaysia,MYS,2022-03-02,346.306
Malaysia,MYS,2022-03-03,354.674
Malaysia,MYS,2022-03-04,364.339
Malaysia,MYS,2022-03-05,376.596
Malaysia,MYS,2022-03-06,381.988
Malaysia,MYS,2022-03-07,391.329
Malaysia,MYS,2022-03-08,396.986
Malaysia,MYS,2022-03-09,399.108
Malaysia,MYS,2022-03-10,398.901
Malaysia,MYS,2022-03-11,402.909
Malaysia,MYS,2022-03-12,398.342
Malaysia,MYS,2022-03-13,398.931
Malaysia,MYS,2022-03-14,388.736
Malaysia,MYS,2022-03-15,383.373
Malaysia,MYS,2022-03-16,378.6
Malaysia,MYS,2022-03-17,367.698
Malaysia,MYS,2022-03-18,353.731
Malaysia,MYS,2022-03-19,341.356
Malaysia,MYS,2022-03-20,326.711
Malaysia,MYS,2022-03-21,318.903
Malaysia,MYS,2022-03-22,305.703
Malaysia,MYS,2022-03-23,293.74
Malaysia,MYS,2022-03-24,281.688
Malaysia,MYS,2022-03-25,265.07
Malaysia,MYS,2022-03-26,251.369
Malaysia,MYS,2022-03-27,239.229
Malaysia,MYS,2022-03-28,227.119
Malaysia,MYS,2022-03-29,214.478
Malaysia,MYS,2022-03-30,200.04
Malaysia,MYS,2022-03-31,186.132
Malaysia,MYS,2022-04-01,180.328
Malaysia,MYS,2022-04-02,170.162
Malaysia,MYS,2022-04-03,160.733
Malaysia,MYS,2022-04-04,151.01
Malaysia,MYS,2022-04-05,140.726
Malaysia,MYS,2022-04-06,132.358
Malaysia,MYS,2022-04-07,125.051
Malaysia,MYS,2022-04-08,113.589
Malaysia,MYS,2022-04-09,109.257
Malaysia,MYS,2022-04-10,104.779
Malaysia,MYS,2022-04-11,102.068
Malaysia,MYS,2022-04-12,97.294
Malaysia,MYS,2022-04-13,93.051
Malaysia,MYS,2022-04-14,88.131
Malaysia,MYS,2022-04-15,84.123
Malaysia,MYS,2022-04-16,79.497
Malaysia,MYS,2022-04-17,75.372
Malaysia,MYS,2022-04-18,71.866
Malaysia,MYS,2022-04-19,67.328
Malaysia,MYS,2022-04-20,62.113
Malaysia,MYS,2022-04-21,57.369
Malaysia,MYS,2022-04-22,53.391
Malaysia,MYS,2022-04-23,50.062
Malaysia,MYS,2022-04-24,47.793
Malaysia,MYS,2022-04-25,42.931
Malaysia,MYS,2022-04-26,41.134
Malaysia,MYS,2022-04-27,38.717
Malaysia,MYS,2022-04-28,36.655
Malaysia,MYS,2022-04-29,33.59
Malaysia,MYS,2022-04-30,30.909
Malaysia,MYS,2022-05-01,28.994
Malaysia,MYS,2022-05-02,26.931
Malaysia,MYS,2022-05-03,24.279
Malaysia,MYS,2022-05-04,22.305
Malaysia,MYS,2022-05-05,21.274
Malaysia,MYS,2022-05-06,21.244
Malaysia,MYS,2022-05-07,21.156
Malaysia,MYS,2022-05-08,21.922
Malaysia,MYS,2022-05-09,24.103
Malaysia,MYS,2022-05-10,26.519
Malaysia,MYS,2022-05-11,29.819
Malaysia,MYS,2022-05-12,31.322
Malaysia,MYS,2022-05-13,31.616
Malaysia,MYS,2022-05-14,31.587
Malaysia,MYS,2022-05-15,31.381
Malaysia,MYS,2022-05-16,29.377
Malaysia,MYS,2022-05-17,27.609
Malaysia,MYS,2022-05-18,25.546
Malaysia,MYS,2022-05-19,24.397
Malaysia,MYS,2022-05-20,23.749
Malaysia,MYS,2022-05-21,23.72
Malaysia,MYS,2022-05-22,23.219
Malaysia,MYS,2022-05-23,23.779
Malaysia,MYS,2022-05-24,23.012
Malaysia,MYS,2022-05-25,21.863
Malaysia,MYS,2022-05-26,20.685
Malaysia,MYS,2022-05-27,19.418
Malaysia,MYS,2022-05-28,18.386
Malaysia,MYS,2022-05-29,17.944
Malaysia,MYS,2022-05-30,17.237
Malaysia,MYS,2022-05-31,17.296
Malaysia,MYS,2022-06-01,17.031
Malaysia,MYS,2022-06-02,17.561
Malaysia,MYS,2022-06-03,19.27
Malaysia,MYS,2022-06-04,19.624
Malaysia,MYS,2022-06-05,20.036
Malaysia,MYS,2022-06-06,20.184
Malaysia,MYS,2022-06-07,20.744
Malaysia,MYS,2022-06-08,21.215
Malaysia,MYS,2022-06-09,21.981
Malaysia,MYS,2022-06-10,21.922
Malaysia,MYS,2022-06-11,22.806
Malaysia,MYS,2022-06-12,22.718
Malaysia,MYS,2022-06-13,23.454
Malaysia,MYS,2022-06-14,24.25
Malaysia,MYS,2022-06-15,24.898
Malaysia,MYS,2022-06-16,24.515
Malaysia,MYS,2022-06-17,24.604
Malaysia,MYS,2022-06-18,24.604
Malaysia,MYS,2022-06-19,25.34
Malaysia,MYS,2022-06-20,25.546
Malaysia,MYS,2022-06-21,25.664
Malaysia,MYS,2022-06-22,26.872
Malaysia,MYS,2022-06-23,28.434
Malaysia,MYS,2022-06-24,29.406
Malaysia,MYS,2022-06-25,30.438
Malaysia,MYS,2022-06-26,31.027
Malaysia,MYS,2022-06-27,32.294
Malaysia,MYS,2022-06-28,33.001
Malaysia,MYS,2022-06-29,33.473
Malaysia,MYS,2022-06-30,34.415
Malaysia,MYS,2022-07-01,37.391
Malaysia,MYS,2022-07-02,38.924
Malaysia,MYS,2022-07-03,39.808
Malaysia,MYS,2022-07-04,40.721
Malaysia,MYS,2022-07-05,41.87
Malaysia,MYS,2022-07-06,42.607
Malaysia,MYS,2022-07-07,43.019
Malaysia,MYS,2022-07-08,42.342
Malaysia,MYS,2022-07-09,43.285
Malaysia,MYS,2022-07-10,43.844
Malaysia,MYS,2022-07-11,44.61
Malaysia,MYS,2022-07-12,45.877
Malaysia,MYS,2022-07-13,47.528
Malaysia,MYS,2022-07-14,50.504
Malaysia,MYS,2022-07-15,54.187
Malaysia,MYS,2022-07-16,57.516
Malaysia,MYS,2022-07-17,60.374
Malaysia,MYS,2022-07-18,63.733
Malaysia,MYS,2022-07-19,66.326
Malaysia,MYS,2022-07-20,68.212
Malaysia,MYS,2022-07-21,68.536
Malaysia,MYS,2022-07-22,68.124
Malaysia,MYS,2022-07-23,67.859
Malaysia,MYS,2022-07-24,69.538
Malaysia,MYS,2022-07-25,68.389
Malaysia,MYS,2022-07-26,68.183
Malaysia,MYS,2022-07-27,69.126
Malaysia,MYS,2022-07-28,69.833
Malaysia,MYS,2022-07-29,71.041
Malaysia,MYS,2022-07-30,70.039
Malaysia,MYS,2022-07-31,68.801
Malaysia,MYS,2022-08-01,70.127
Malaysia,MYS,2022-08-02,70.687
Malaysia,MYS,2022-08-03,70.628
Malaysia,MYS,2022-08-04,70.746
Malaysia,MYS,2022-08-05,70.127
Malaysia,MYS,2022-08-06,70.245
Malaysia,MYS,2022-08-07,72.691
Malaysia,MYS,2022-08-08,72.75
Malaysia,MYS,2022-08-09,73.457
Malaysia,MYS,2022-08-10,74.253
Malaysia,MYS,2022-08-11,75.431
Malaysia,MYS,2022-08-12,74.812
Malaysia,MYS,2022-08-13,76.079
Malaysia,MYS,2022-08-14,74.046
Malaysia,MYS,2022-08-15,73.015
Malaysia,MYS,2022-08-16,72.603
Malaysia,MYS,2022-08-17,71.336
Malaysia,MYS,2022-08-18,71.748
Malaysia,MYS,2022-08-19,69.774
Malaysia,MYS,2022-08-20,67.122
Malaysia,MYS,2022-08-21,66.238
Malaysia,MYS,2022-08-22,65.472
Malaysia,MYS,2022-08-23,63.468
Malaysia,MYS,2022-08-24,61.759
Malaysia,MYS,2022-08-25,58.223
Malaysia,MYS,2022-08-26,58.577
Malaysia,MYS,2022-08-27,58.135
Malaysia,MYS,2022-08-28,56.956
Malaysia,MYS,2022-08-29,57.045
Malaysia,MYS,2022-08-30,57.281
Malaysia,MYS,2022-08-31,56.75
Malaysia,MYS,2022-09-01,55.277
Malaysia,MYS,2022-09-02,53.804
Malaysia,MYS,2022-09-03,53.627
Malaysia,MYS,2022-09-04,52.949
Malaysia,MYS,2022-09-05,51.859
Malaysia,MYS,2022-09-06,51.181
Malaysia,MYS,2022-09-07,52.242
Malaysia,MYS,2022-09-08,53.214
Malaysia,MYS,2022-09-09,54.069
Malaysia,MYS,2022-09-10,54.363
Malaysia,MYS,2022-09-11,54.334
Malaysia,MYS,2022-09-12,54.422
Malaysia,MYS,2022-09-13,54.54
Malaysia,MYS,2022-09-14,53.597
Malaysia,MYS,2022-09-15,53.745
Malaysia,MYS,2022-09-16,53.126
Malaysia,MYS,2022-09-17,51.358
Malaysia,MYS,2022-09-18,50.356
Malaysia,MYS,2022-09-19,48.883
Malaysia,MYS,2022-09-20,48.146
Malaysia,MYS,2022-09-21,47.645
Malaysia,MYS,2022-09-22,46.732
Malaysia,MYS,2022-09-23,45.936
Malaysia,MYS,2022-09-24,46.349
Malaysia,MYS,2022-09-25,46.555
Malaysia,MYS,2022-09-26,46.467
Malaysia,MYS,2022-09-27,45.642
Malaysia,MYS,2022-09-28,44.846
Malaysia,MYS,2022-09-29,43.785
Malaysia,MYS,2022-09-30,42.666
Malaysia,MYS,2022-10-01,41.605
Malaysia,MYS,2022-10-02,40.397
Malaysia,MYS,2022-10-03,39.719
Malaysia,MYS,2022-10-04,39.071
Malaysia,MYS,2022-10-05,38.717
Malaysia,MYS,2022-10-06,38.776
Malaysia,MYS,2022-10-07,38.894
Malaysia,MYS,2022-10-08,39.042
Malaysia,MYS,2022-10-09,38.983
Malaysia,MYS,2022-10-10,39.012
Malaysia,MYS,2022-10-11,38.482
Malaysia,MYS,2022-10-12,38.894
Malaysia,MYS,2022-10-13,39.189
Malaysia,MYS,2022-10-14,40.426
Malaysia,MYS,2022-10-15,40.751
Malaysia,MYS,2022-10-16,42.607
Malaysia,MYS,2022-10-17,43.314
Malaysia,MYS,2022-10-18,44.699
Malaysia,MYS,2022-10-19,45.612
Malaysia,MYS,2022-10-20,46.673
Malaysia,MYS,2022-10-21,46.85
Malaysia,MYS,2022-10-22,47.469
Malaysia,MYS,2022-10-23,47.262
Malaysia,MYS,2022-10-24,47.97
Malaysia,MYS,2022-10-25,49.472
Malaysia,MYS,2022-10-26,49.531
Malaysia,MYS,2022-10-27,51.27
Malaysia,MYS,2022-10-28,54.334
Malaysia,MYS,2022-10-29,57.723
Malaysia,MYS,2022-10-30,61.406
Malaysia,MYS,2022-10-31,64.647
Malaysia,MYS,2022-11-01,67.093
Malaysia,MYS,2022-11-02,71.601
Malaysia,MYS,2022-11-03,75.461
Malaysia,MYS,2022-11-04,77.7
Malaysia,MYS,2022-11-05,80.087
Malaysia,MYS,2022-11-06,81.206
Malaysia,MYS,2022-11-07,84.094
Malaysia,MYS,2022-11-08,86.392
Malaysia,MYS,2022-11-09,88.779
Malaysia,MYS,2022-11-10,90.576
Malaysia,MYS,2022-11-11,93.405
Malaysia,MYS,2022-11-12,93.788
Malaysia,MYS,2022-11-13,96.086
Malaysia,MYS,2022-11-14,96.41
Malaysia,MYS,2022-11-15,98.178
Malaysia,MYS,2022-11-16,101.302
Malaysia,MYS,2022-11-17,102.127
Malaysia,MYS,2022-11-18,103.217
Malaysia,MYS,2022-11-19,103.806
Malaysia,MYS,2022-11-20,103.246
Malaysia,MYS,2022-11-21,105.545
Malaysia,MYS,2022-11-22,106.075
Malaysia,MYS,2022-11-23,105.427
Malaysia,MYS,2022-11-24,107.047
Malaysia,MYS,2022-11-25,106.488
Malaysia,MYS,2022-11-26,107.401
Malaysia,MYS,2022-11-27,106.635
Malaysia,MYS,2022-11-28,104.366
Malaysia,MYS,2022-11-29,101.39
Malaysia,MYS,2022-11-30,97.501
Malaysia,MYS,2022-12-01,91.608
Malaysia,MYS,2022-12-02,86.805
Malaysia,MYS,2022-12-03,82.208
Malaysia,MYS,2022-12-04,80.264
Malaysia,MYS,2022-12-05,75.696
Malaysia,MYS,2022-12-06,72.337
Malaysia,MYS,2022-12-07,68.919
Malaysia,MYS,2022-12-08,66.444
Malaysia,MYS,2022-12-09,63.468
Malaysia,MYS,2022-12-10,61.17
Malaysia,MYS,2022-12-11,57.281
Malaysia,MYS,2022-12-12,55.1
Malaysia,MYS,2022-12-13,52.861
Malaysia,MYS,2022-12-14,48.971
Malaysia,MYS,2022-12-15,46.261
Malaysia,MYS,2022-12-16,43.933
Malaysia,MYS,2022-12-17,42.283
Malaysia,MYS,2022-12-18,41.959
Malaysia,MYS,2022-12-19,39.395
Malaysia,MYS,2022-12-20,38.658
Malaysia,MYS,2022-12-21,39.13
Malaysia,MYS,2022-12-22,39.425
Malaysia,MYS,2022-12-23,38.01
Malaysia,MYS,2022-12-24,36.949
Malaysia,MYS,2022-12-25,35.123
Malaysia,MYS,2022-12-26,35.034
Malaysia,MYS,2022-12-27,32.117
Malaysia,MYS,2022-12-28,29.112
Malaysia,MYS,2022-12-29,26.018
Malaysia,MYS,2022-12-30,25.723
Malaysia,MYS,2022-12-31,25.104
Malaysia,MYS,2023-01-01,24.162
Malaysia,MYS,2023-01-02,23.484
Malaysia,MYS,2023-01-03,23.042
Malaysia,MYS,2023-01-04,22.983
Malaysia,MYS,2023-01-05,22.629
Malaysia,MYS,2023-01-06,21.745
Malaysia,MYS,2023-01-07,21.303
Malaysia,MYS,2023-01-08,20.744
Malaysia,MYS,2023-01-09,19.801
Malaysia,MYS,2023-01-10,19.211
Malaysia,MYS,2023-01-11,17.856
Malaysia,MYS,2023-01-12,16.618
Malaysia,MYS,2023-01-13,14.998
Malaysia,MYS,2023-01-14,13.23
Malaysia,MYS,2023-01-15,12.258
Malaysia,MYS,2023-01-16,12.081
Malaysia,MYS,2023-01-17,11.403
Malaysia,MYS,2023-01-18,11.108
Malaysia,MYS,2023-01-19,10.843
Malaysia,MYS,2023-01-20,10.578
Malaysia,MYS,2023-01-21,10.107
Malaysia,MYS,2023-01-22,10.666
Malaysia,MYS,2023-01-23,11.816
Malaysia,MYS,2023-01-24,11.698
Malaysia,MYS,2023-01-25,11.108
Malaysia,MYS,2023-01-26,11.786
Malaysia,MYS,2023-01-27,12.199
Malaysia,MYS,2023-01-28,12.641
Malaysia,MYS,2023-01-29,11.963
Malaysia,MYS,2023-01-30,10.608
Malaysia,MYS,2023-01-31,10.932
Malaysia,MYS,2023-02-01,11.02
Malaysia,MYS,2023-02-02,10.401
Malaysia,MYS,2023-02-03,9.989
Malaysia,MYS,2023-02-04,9.547
Malaysia,MYS,2023-02-05,9.282
Malaysia,MYS,2023-02-06,9.075
Malaysia,MYS,2023-02-07,8.28
Malaysia,MYS,2023-02-08,8.398
Malaysia,MYS,2023-02-09,7.897
Malaysia,MYS,2023-02-10,7.779
Malaysia,MYS,2023-02-11,8.25
Malaysia,MYS,2023-02-12,8.339
Malaysia,MYS,2023-02-13,8.103
Malaysia,MYS,2023-02-14,8.781
Malaysia,MYS,2023-02-15,8.545
Malaysia,MYS,2023-02-16,8.84
Malaysia,MYS,2023-02-17,8.633
Malaysia,MYS,2023-02-18,8.044
Malaysia,MYS,2023-02-19,7.602
Malaysia,MYS,2023-02-20,7.808
Malaysia,MYS,2023-02-21,7.101
Malaysia,MYS,2023-02-22,6.954
Malaysia,MYS,2023-02-23,6.63
Malaysia,MYS,2023-02-24,6.689
Malaysia,MYS,2023-02-25,6.6
Malaysia,MYS,2023-02-26,7.366
Malaysia,MYS,2023-02-27,7.101
Malaysia,MYS,2023-02-28,7.514
Malaysia,MYS,2023-03-01,7.632
Malaysia,MYS,2023-03-02,7.867
Malaysia,MYS,2023-03-03,8.015
Malaysia,MYS,2023-03-04,7.749
Malaysia,MYS,2023-03-05,7.131
Malaysia,MYS,2023-03-06,7.101
Malaysia,MYS,2023-03-07,7.278
Malaysia,MYS,2023-03-08,7.69
Malaysia,MYS,2023-03-09,8.132
Malaysia,MYS,2023-03-10,8.368
Malaysia,MYS,2023-03-11,9.164
Malaysia,MYS,2023-03-12,9.488
Malaysia,MYS,2023-03-13,10.519
Malaysia,MYS,2023-03-14,10.961
Malaysia,MYS,2023-03-15,11.108
Malaysia,MYS,2023-03-16,10.932
Malaysia,MYS,2023-03-17,10.961
Malaysia,MYS,2023-03-18,10.843
Malaysia,MYS,2023-03-19,11.491
Malaysia,MYS,2023-03-20,10.666
Malaysia,MYS,2023-03-21,10.342
Malaysia,MYS,2023-03-22,10.431
Malaysia,MYS,2023-03-23,10.666
Malaysia,MYS,2023-03-24,10.696
Malaysia,MYS,2023-03-25,10.755
Malaysia,MYS,2023-03-26,10.195
Malaysia,MYS,2023-03-27,10.932
Malaysia,MYS,2023-03-28,12.14
Malaysia,MYS,2023-03-29,12.611
Malaysia,MYS,2023-03-30,13.937
Malaysia,MYS,2023-03-31,14.674
Malaysia,MYS,2023-04-01,15.617
Malaysia,MYS,2023-04-02,16.854
Malaysia,MYS,2023-04-03,17.119
Malaysia,MYS,2023-04-04,17.149
Malaysia,MYS,2023-04-05,18.151
Malaysia,MYS,2023-04-06,18.416
Malaysia,MYS,2023-04-07,18.769
Malaysia,MYS,2023-04-08,19.329
Malaysia,MYS,2023-04-09,20.39
Malaysia,MYS,2023-04-10,21.097
Malaysia,MYS,2023-04-11,22.688
Malaysia,MYS,2023-04-12,23.602
Malaysia,MYS,2023-04-13,24.928
Malaysia,MYS,2023-04-14,26.313
Malaysia,MYS,2023-04-15,27.049
Malaysia,MYS,2023-04-16,27.609
Malaysia,MYS,2023-04-17,28.139
Malaysia,MYS,2023-04-18,27.815
Malaysia,MYS,2023-04-19,27.815
Malaysia,MYS,2023-04-20,26.902
Malaysia,MYS,2023-04-21,26.489
Malaysia,MYS,2023-04-22,26.136
Malaysia,MYS,2023-04-23,24.486
Malaysia,MYS,2023-04-24,25.016
Malaysia,MYS,2023-04-25,25.046
Malaysia,MYS,2023-04-26,27.108
Malaysia,MYS,2023-04-27,28.788
Malaysia,MYS,2023-04-28,31.881
Malaysia,MYS,2023-04-29,35.182
Malaysia,MYS,2023-04-30,39.631
Malaysia,MYS,2023-05-01,43.078
Malaysia,MYS,2023-05-02,45.318
Malaysia,MYS,2023-05-03,46.938
Malaysia,MYS,2023-05-04,49.06
Malaysia,MYS,2023-05-05,48.853
Malaysia,MYS,2023-05-06,49.266
Malaysia,MYS,2023-05-07,48.382
Malaysia,MYS,2023-05-08,47.233
Malaysia,MYS,2023-05-09,46.938
Malaysia,MYS,2023-05-10,46.172
Malaysia,MYS,2023-05-11,45.052
Malaysia,MYS,2023-05-12,44.493
Malaysia,MYS,2023-05-13,43.167
Malaysia,MYS,2023-05-14,41.988
Malaysia,MYS,2023-05-15,40.338
Malaysia,MYS,2023-05-16,39.66
Malaysia,MYS,2023-05-17,38.924
Malaysia,MYS,2023-05-18,37.657
Malaysia,MYS,2023-05-19,36.508
Malaysia,MYS,2023-05-20,34.828
Malaysia,MYS,2023-05-21,34.268
Malaysia,MYS,2023-05-22,33.502
Malaysia,MYS,2023-05-23,32.441
Malaysia,MYS,2023-05-24,31.233
Malaysia,MYS,2023-05-25,31.027
Malaysia,MYS,2023-05-26,30.791
Malaysia,MYS,2023-05-27,30.231
Malaysia,MYS,2023-05-28,29.023
Malaysia,MYS,2023-05-29,28.493
Malaysia,MYS,2023-05-30,27.697
Malaysia,MYS,2023-05-31,26.43
Malaysia,MYS,2023-06-01,24.721
Malaysia,MYS,2023-06-02,23.101
Malaysia,MYS,2023-06-03,22.511
Malaysia,MYS,2023-06-04,21.981
Malaysia,MYS,2023-06-05,21.303
Malaysia,MYS,2023-06-06,20.213
Malaysia,MYS,2023-06-07,19.035
Malaysia,MYS,2023-06-08,18.917
Malaysia,MYS,2023-06-09,19.329
Malaysia,MYS,2023-06-10,19.506
Malaysia,MYS,2023-06-11,20.007
Malaysia,MYS,2023-06-12,20.125
Malaysia,MYS,2023-06-13,20.302
Malaysia,MYS,2023-06-14,20.154
Malaysia,MYS,2023-06-15,19.182
Malaysia,MYS,2023-06-16,18.799
Malaysia,MYS,2023-06-17,17.532
Malaysia,MYS,2023-06-18,16.176
Malaysia,MYS,2023-06-19,15.381
Malaysia,MYS,2023-06-20,14.851
Malaysia,MYS,2023-06-21,14.792
Malaysia,MYS,2023-06-22,14.291
Malaysia,MYS,2023-06-23,13.318
Malaysia,MYS,2023-06-24,12.935
Malaysia,MYS,2023-06-25,12.582
Malaysia,MYS,2023-06-26,12.169
Malaysia,MYS,2023-06-27,11.727
Malaysia,MYS,2023-06-28,11.197
Malaysia,MYS,2023-06-29,10.873
Malaysia,MYS,2023-06-30,10.107
Malaysia,MYS,2023-07-01,9.782
Malaysia,MYS,2023-07-02,9.635
Malaysia,MYS,2023-07-03,9.517
Malaysia,MYS,2023-07-04,9.164
Malaysia,MYS,2023-07-05,8.398
Malaysia,MYS,2023-07-06,8.633
Malaysia,MYS,2023-07-07,8.633
Malaysia,MYS,2023-07-08,8.398
Malaysia,MYS,2023-07-09,7.838
Malaysia,MYS,2023-07-10,7.808
Malaysia,MYS,2023-07-11,7.867
Malaysia,MYS,2023-07-12,8.221
Malaysia,MYS,2023-07-13,7.484
Malaysia,MYS,2023-07-14,7.366
Malaysia,MYS,2023-07-15,7.307
Malaysia,MYS,2023-07-16,7.307
Malaysia,MYS,2023-07-17,6.689
Malaysia,MYS,2023-07-18,6.217
Malaysia,MYS,2023-07-19,5.481
Malaysia,MYS,2023-07-20,5.097
Malaysia,MYS,2023-07-21,4.862
Malaysia,MYS,2023-07-22,4.685
Malaysia,MYS,2023-07-23,4.42
Malaysia,MYS,2023-07-24,4.538
Malaysia,MYS,2023-07-25,4.685
Malaysia,MYS,2023-07-26,4.685
Malaysia,MYS,2023-07-27,4.98
Malaysia,MYS,2023-07-28,5.039
Malaysia,MYS,2023-07-29,5.097
Malaysia,MYS,2023-07-30,5.097
Malaysia,MYS,2023-07-31,4.714
Malaysia,MYS,2023-08-01,4.39
Malaysia,MYS,2023-08-02,4.508
Malaysia,MYS,2023-08-03,4.39
Malaysia,MYS,2023-08-04,4.302
Malaysia,MYS,2023-08-05,3.948
Malaysia,MYS,2023-08-06,3.772
Malaysia,MYS,2023-08-07,3.683
Malaysia,MYS,2023-08-08,3.536
Malaysia,MYS,2023-08-09,3.212
Malaysia,MYS,2023-08-10,2.947
Malaysia,MYS,2023-08-11,2.563
Malaysia,MYS,2023-08-12,2.711
Malaysia,MYS,2023-08-13,2.829
Malaysia,MYS,2023-08-14,2.681
Malaysia,MYS,2023-08-15,2.505
Malaysia,MYS,2023-08-16,2.328
Malaysia,MYS,2023-08-17,2.151
Malaysia,MYS,2023-08-18,2.387
Malaysia,MYS,2023-08-19,2.269
Malaysia,MYS,2023-08-20,2.151
Malaysia,MYS,2023-08-21,2.298
Malaysia,MYS,2023-08-22,2.357
Malaysia,MYS,2023-08-23,2.652
Malaysia,MYS,2023-08-24,2.888
Malaysia,MYS,2023-08-25,2.888
Malaysia,MYS,2023-08-26,2.888
Malaysia,MYS,2023-08-27,2.976
Malaysia,MYS,2023-08-28,3.153
Malaysia,MYS,2023-08-29,3.212
Malaysia,MYS,2023-08-30,3.182
Malaysia,MYS,2023-08-31,3.123
Malaysia,MYS,2023-09-01,3.094
Malaysia,MYS,2023-09-02,3.123
Malaysia,MYS,2023-09-03,3.359
Malaysia,MYS,2023-09-04,3.33
Malaysia,MYS,2023-09-05,3.772
Malaysia,MYS,2023-09-06,3.978
Malaysia,MYS,2023-09-07,4.066
Malaysia,MYS,2023-09-08,4.155
Malaysia,MYS,2023-09-09,4.272
Malaysia,MYS,2023-09-10,4.096
Malaysia,MYS,2023-09-11,4.479
Malaysia,MYS,2023-09-12,4.214
Malaysia,MYS,2023-09-13,3.978
Malaysia,MYS,2023-09-14,3.978
Malaysia,MYS,2023-09-15,3.654
Malaysia,MYS,2023-09-16,3.447
Malaysia,MYS,2023-09-17,3.477
Malaysia,MYS,2023-09-18,2.947
Malaysia,MYS,2023-09-19,3.035
Malaysia,MYS,2023-09-20,3.418
Malaysia,MYS,2023-09-21,3.123
Malaysia,MYS,2023-09-22,3.123
Malaysia,MYS,2023-09-23,3.123
Malaysia,MYS,2023-09-24,3.123
Malaysia,MYS,2023-09-25,3.153
Malaysia,MYS,2023-09-26,3.153
Malaysia,MYS,2023-09-27,5.775
Malaysia,MYS,2023-09-28,6.07
Malaysia,MYS,2023-09-29,6.453
Malaysia,MYS,2023-09-30,7.19
Malaysia,MYS,2023-10-01,7.337
Malaysia,MYS,2023-10-02,7.278
Malaysia,MYS,2023-10-03,7.248
Malaysia,MYS,2023-10-04,4.302
Malaysia,MYS,2023-10-05,4.272
Malaysia,MYS,2023-10-06,3.948
Malaysia,MYS,2023-10-07,3.33
Malaysia,MYS,2023-10-08,3.035
Malaysia,MYS,2023-10-09,3.418
Malaysia,MYS,2023-10-10,3.536
Malaysia,MYS,2023-10-11,3.683
Malaysia,MYS,2023-10-12,4.066
Malaysia,MYS,2023-10-13,4.331
Malaysia,MYS,2023-10-14,4.744
Malaysia,MYS,2023-10-15,5.009
Malaysia,MYS,2023-10-16,4.921
Malaysia,MYS,2023-10-17,4.921
Malaysia,MYS,2023-10-18,4.921
Malaysia,MYS,2023-10-19,4.626
Malaysia,MYS,2023-10-20,4.538
Malaysia,MYS,2023-10-21,4.449
Malaysia,MYS,2023-10-22,4.272
Malaysia,MYS,2023-10-23,4.479
Malaysia,MYS,2023-10-24,4.656
Malaysia,MYS,2023-10-25,4.921
Malaysia,MYS,2023-10-26,5.392
Malaysia,MYS,2023-10-27,5.805
Malaysia,MYS,2023-10-28,6.07
Malaysia,MYS,2023-10-29,6.6
Malaysia,MYS,2023-10-30,6.718
Malaysia,MYS,2023-10-31,6.806
Malaysia,MYS,2023-11-01,6.895
Malaysia,MYS,2023-11-02,6.836
Malaysia,MYS,2023-11-03,6.571
Malaysia,MYS,2023-11-04,6.6
Malaysia,MYS,2023-11-05,6.63
Malaysia,MYS,2023-11-06,6.865
Malaysia,MYS,2023-11-07,6.777
Malaysia,MYS,2023-11-08,6.836
Malaysia,MYS,2023-11-09,7.337
Malaysia,MYS,2023-11-10,7.838
Malaysia,MYS,2023-11-11,7.749
Malaysia,MYS,2023-11-12,8.073
Malaysia,MYS,2023-11-13,8.457
Malaysia,MYS,2023-11-15,8.81
Malaysia,MYS,2023-11-16,9.547
Malaysia,MYS,2023-11-17,9.665
Malaysia,MYS,2023-11-18,9.959
Malaysia,MYS,2023-11-19,10.372
Malaysia,MYS,2023-11-20,11.049
Malaysia,MYS,2023-11-21,11.933
Malaysia,MYS,2023-11-22,12.935
Malaysia,MYS,2023-11-23,12.906
Malaysia,MYS,2023-11-24,13.407
Malaysia,MYS,2023-11-25,13.849
Malaysia,MYS,2023-11-26,14.644
Malaysia,MYS,2023-11-27,14.615
Malaysia,MYS,2023-11-28,15.322
Malaysia,MYS,2023-11-29,16
Malaysia,MYS,2023-11-30,17.267
Malaysia,MYS,2023-12-01,18.445
Malaysia,MYS,2023-12-02,19.094
Malaysia,MYS,2023-12-03,18.976
Malaysia,MYS,2023-12-04,20.213
Malaysia,MYS,2023-12-05,21.303
Malaysia,MYS,2023-12-06,22.04
Malaysia,MYS,2023-12-07,23.69
Malaysia,MYS,2023-12-08,25.841
Malaysia,MYS,2023-12-09,27.963
Malaysia,MYS,2023-12-10,29.672
Malaysia,MYS,2023-12-11,31.469
Malaysia,MYS,2023-12-12,32.5
Malaysia,MYS,2023-12-13,34.533
Malaysia,MYS,2023-12-14,36.066
Malaysia,MYS,2023-12-15,37.981
Malaysia,MYS,2023-12-16,40.043
Malaysia,MYS,2023-12-17,42.46
Malaysia,MYS,2023-12-18,44.168
Malaysia,MYS,2023-12-19,48.765
Malaysia,MYS,2023-12-20,54.275
Malaysia,MYS,2023-12-21,60.198
Malaysia,MYS,2023-12-22,65.03
Malaysia,MYS,2023-12-23,68.831
Malaysia,MYS,2023-12-24,72.278
Malaysia,MYS,2023-12-25,74.429
Malaysia,MYS,2023-12-26,73.103
Malaysia,MYS,2023-12-27,72.396
Malaysia,MYS,2023-12-28,70.304
Malaysia,MYS,2023-12-29,67.947
Malaysia,MYS,2023-12-30,67.093
Malaysia,MYS,2023-12-31,65.266
Malaysia,MYS,2024-01-01,64.647
Malaysia,MYS,2024-01-02,65.207
Malaysia,MYS,2024-01-03,63.203
Malaysia,MYS,2024-01-04,61.818
Malaysia,MYS,2024-01-05,59.49
Malaysia,MYS,2024-01-06,56.544
Malaysia,MYS,2024-01-07,54.393
Malaysia,MYS,2024-01-08,51.594
Malaysia,MYS,2024-01-09,47.793
Malaysia,MYS,2024-01-10,44.669
Malaysia,MYS,2024-01-11,41.016
Malaysia,MYS,2024-01-12,38.688
Malaysia,MYS,2024-01-13,36.596
Malaysia,MYS,2024-01-14,34.946
Malaysia,MYS,2024-01-15,33.178
Malaysia,MYS,2024-01-16,31.911
Malaysia,MYS,2024-01-17,30.379
Malaysia,MYS,2024-01-18,28.228
Malaysia,MYS,2024-01-19,25.782
Malaysia,MYS,2024-01-20,23.985
Malaysia,MYS,2024-01-21,22.482
Malaysia,MYS,2024-01-22,21.156
Malaysia,MYS,2024-01-23,19.329
Malaysia,MYS,2024-01-24,17.709
Malaysia,MYS,2024-01-25,16.972
Malaysia,MYS,2024-01-26,16.029
Malaysia,MYS,2024-01-27,14.909
Malaysia,MYS,2024-01-28,13.584
Malaysia,MYS,2024-01-29,12.935
Malaysia,MYS,2024-01-30,12.081
Malaysia,MYS,2024-01-31,11.108
Malaysia,MYS,2024-02-01,10.107
Malaysia,MYS,2024-02-02,9.134
Malaysia,MYS,2024-02-03,8.486
Malaysia,MYS,2024-02-04,8.25
Malaysia,MYS,2024-02-05,7.543
Malaysia,MYS,2024-02-06,7.219
Malaysia,MYS,2024-02-07,6.6
Malaysia,MYS,2024-02-08,5.981
Malaysia,MYS,2024-02-09,5.687
Malaysia,MYS,2024-02-10,4.95
Malaysia,MYS,2024-02-11,4.508
Malaysia,MYS,2024-02-12,5.539
Malaysia,MYS,2024-02-13,4.95
Malaysia,MYS,2024-02-14,4.862
Malaysia,MYS,2024-02-15,4.98
Malaysia,MYS,2024-02-16,4.921
Malaysia,MYS,2024-02-17,4.891
Malaysia,MYS,2024-02-18,4.773
Malaysia,MYS,2024-02-19,3.182
Malaysia,MYS,2024-02-20,3.153
Malaysia,MYS,2024-02-21,3.035
Malaysia,MYS,2024-02-22,2.74
Malaysia,MYS,2024-02-23,2.534
Malaysia,MYS,2024-02-24,2.357
Malaysia,MYS,2024-02-25,2.239
Malaysia,MYS,2024-02-26,2.033
Malaysia,MYS,2024-02-27,1.827
Malaysia,MYS,2024-02-28,1.473
Malaysia,MYS,2024-02-29,1.355
Malaysia,MYS,2024-03-01,1.296
Malaysia,MYS,2024-03-02,1.296
Malaysia,MYS,2024-03-03,1.208
Malaysia,MYS,2024-03-04,1.12
Malaysia,MYS,2024-03-05,1.09
Malaysia,MYS,2024-03-07,1.296
Malaysia,MYS,2024-03-08,1.532
Malaysia,MYS,2024-03-09,1.532
Malaysia,MYS,2024-03-10,1.562
Malaysia,MYS,2024-03-11,1.65
Malaysia,MYS,2024-03-12,1.68
Malaysia,MYS,2024-03-13,1.68
Malaysia,MYS,2024-03-14,1.532
Malaysia,MYS,2024-03-15,1.149
Malaysia,MYS,2024-03-16,1.061
Malaysia,MYS,2024-03-17,1.002
Malaysia,MYS,2024-03-18,1.002
Malaysia,MYS,2024-03-19,1.208
Malaysia,MYS,2024-03-20,1.296
Malaysia,MYS,2024-03-21,1.385
Malaysia,MYS,2024-03-22,1.355
Malaysia,MYS,2024-03-23,1.444
Malaysia,MYS,2024-03-24,1.532
Malaysia,MYS,2024-03-25,1.385
Malaysia,MYS,2024-03-26,1.296
Malaysia,MYS,2024-03-27,1.238
Malaysia,MYS,2024-03-29,1.12
Malaysia,MYS,2024-03-30,1.179
Malaysia,MYS,2024-04-01,1.09
Malaysia,MYS,2024-04-02,1.031
Malaysia,MYS,2024-04-03,1.031
Malaysia,MYS,2024-04-04,0.972
Malaysia,MYS,2024-04-05,0.884
Malaysia,MYS,2024-04-06,0.972
Malaysia,MYS,2024-04-07,0.884
Malaysia,MYS,2024-04-08,0.825
Malaysia,MYS,2024-04-09,0.707
Malaysia,MYS,2024-04-10,0.648
Malaysia,MYS,2024-04-11,0.766
Malaysia,MYS,2024-04-12,0.854
Malaysia,MYS,2024-04-13,0.796
Malaysia,MYS,2024-04-14,0.972
Malaysia,MYS,2024-04-15,1.002
Malaysia,MYS,2024-04-16,1.827
Malaysia,MYS,2024-04-17,2.004
Malaysia,MYS,2024-04-18,3.889
Malaysia,MYS,2024-04-19,4.125
Malaysia,MYS,2024-04-20,4.214
Malaysia,MYS,2024-04-21,4.066
Malaysia,MYS,2024-04-22,4.302
Malaysia,MYS,2024-04-23,3.683
Malaysia,MYS,2024-04-24,3.83
Malaysia,MYS,2024-04-25,1.974
Malaysia,MYS,2024-04-26,1.768
Malaysia,MYS,2024-04-27,1.856
Malaysia,MYS,2024-04-28,2.004
Malaysia,MYS,2024-04-29,1.856
Malaysia,MYS,2024-04-30,1.738
Malaysia,MYS,2024-05-01,1.562
Malaysia,MYS,2024-05-02,1.473
Malaysia,MYS,2024-05-03,1.562
Malaysia,MYS,2024-05-04,1.503
Malaysia,MYS,2024-05-05,1.503
Malaysia,MYS,2024-05-06,1.591
Malaysia,MYS,2024-05-07,1.856
Malaysia,MYS,2024-05-08,1.886
Malaysia,MYS,2024-05-09,7.69
Malaysia,MYS,2024-05-10,7.897
Malaysia,MYS,2024-05-11,8.368
Malaysia,MYS,2024-05-12,8.486
Malaysia,MYS,2024-05-13,8.692
Malaysia,MYS,2024-05-14,8.515
Malaysia,MYS,2024-05-15,8.545
Malaysia,MYS,2024-05-16,3.182
Malaysia,MYS,2024-05-17,3.212
Malaysia,MYS,2024-05-18,2.74
Malaysia,MYS,2024-05-19,2.74
Malaysia,MYS,2024-05-20,2.387
Malaysia,MYS,2024-05-21,2.387
Malaysia,MYS,2024-05-22,3.919
Malaysia,MYS,2024-05-23,3.536
Malaysia,MYS,2024-05-24,3.212
Malaysia,MYS,2024-05-25,3.359
Malaysia,MYS,2024-05-26,3.536
Malaysia,MYS,2024-05-27,3.889
Malaysia,MYS,2024-05-28,4.007
Malaysia,MYS,2024-05-29,2.858
Malaysia,MYS,2024-05-30,3.182
Malaysia,MYS,2024-05-31,3.536
Malaysia,MYS,2024-06-01,3.565
Malaysia,MYS,2024-06-02,3.506
Malaysia,MYS,2024-06-03,3.683
Malaysia,MYS,2024-06-04,3.978
Malaysia,MYS,2024-06-05,4.096
Malaysia,MYS,2024-06-06,4.361
Malaysia,MYS,2024-06-07,4.656
Malaysia,MYS,2024-06-08,5.039
Malaysia,MYS,2024-06-09,4.98
Malaysia,MYS,2024-06-10,5.097
Malaysia,MYS,2024-06-11,5.186
Malaysia,MYS,2024-06-12,5.156
Malaysia,MYS,2024-06-13,5.186
Malaysia,MYS,2024-06-14,5.156
Malaysia,MYS,2024-06-15,5.392
Malaysia,MYS,2024-06-16,5.569
Malaysia,MYS,2024-06-17,5.186
Malaysia,MYS,2024-06-18,5.097
Malaysia,MYS,2024-06-19,5.127
Malaysia,MYS,2024-06-20,5.333
Malaysia,MYS,2024-06-21,5.51
Malaysia,MYS,2024-06-22,5.481
Malaysia,MYS,2024-06-23,5.864
Malaysia,MYS,2024-06-24,6.394
Malaysia,MYS,2024-06-25,6.836
Malaysia,MYS,2024-06-26,7.425
Malaysia,MYS,2024-06-27,7.101
Malaysia,MYS,2024-06-28,7.307
Malaysia,MYS,2024-06-29,7.632
Malaysia,MYS,2024-06-30,7.543
Malaysia,MYS,2024-07-01,7.307
Malaysia,MYS,2024-07-02,6.895
Malaysia,MYS,2024-07-03,6.895
Malaysia,MYS,2024-07-04,7.131
Malaysia,MYS,2024-07-05,7.16
Malaysia,MYS,2024-07-06,7.278
Malaysia,MYS,2024-07-07,7.396
Malaysia,MYS,2024-07-08,7.396
Malaysia,MYS,2024-07-09,7.838
Malaysia,MYS,2024-07-10,7.307
Malaysia,MYS,2024-07-11,7.278
Malaysia,MYS,2024-07-12,6.777
Malaysia,MYS,2024-07-13,6.394
Malaysia,MYS,2024-07-14,6.247
Malaysia,MYS,2024-07-15,6.306
Malaysia,MYS,2024-07-16,5.864
Malaysia,MYS,2024-07-17,5.775
Malaysia,MYS,2024-07-18,5.598
Malaysia,MYS,2024-07-19,5.51
Malaysia,MYS,2024-07-20,5.215
Malaysia,MYS,2024-07-21,4.921
Malaysia,MYS,2024-07-22,4.744
Malaysia,MYS,2024-07-23,4.597
Malaysia,MYS,2024-07-24,4.449
Malaysia,MYS,2024-07-25,4.773
Malaysia,MYS,2024-07-26,4.714
Malaysia,MYS,2024-07-27,4.538
Malaysia,MYS,2024-07-28,4.567
Malaysia,MYS,2024-07-29,4.508
Malaysia,MYS,2024-07-30,4.272
Malaysia,MYS,2024-07-31,4.184
Malaysia,MYS,2024-08-01,3.447
Malaysia,MYS,2024-08-02,3.212
Malaysia,MYS,2024-08-03,3.241
Malaysia,MYS,2024-08-04,3.212
Malaysia,MYS,2024-08-05,3.064
Malaysia,MYS,2024-08-06,3.064
Malaysia,MYS,2024-08-07,2.917
Malaysia,MYS,2024-08-08,2.77
Malaysia,MYS,2024-08-09,2.74
Malaysia,MYS,2024-08-10,2.446
Malta,MLT,2020-03-08,0
Malta,MLT,2020-03-15,13.436
Malta,MLT,2020-03-22,7.678
Malta,MLT,2020-03-29,7.678
Malta,MLT,2020-04-05,13.436
Malta,MLT,2020-04-12,26.873
Malta,MLT,2020-04-19,3.839
Malta,MLT,2020-04-26,3.839
Malta,MLT,2020-05-03,1.919
Malta,MLT,2020-05-10,1.919
Malta,MLT,2020-05-17,1.919
Malta,MLT,2020-05-24,7.678
Malta,MLT,2020-05-31,5.758
Malta,MLT,2020-06-07,0
Malta,MLT,2020-06-14,1.919
Malta,MLT,2020-06-21,1.919
Malta,MLT,2020-06-28,1.919
Malta,MLT,2020-07-05,0
Malta,MLT,2020-07-12,0
Malta,MLT,2020-07-19,1.919
Malta,MLT,2020-07-26,0
Malta,MLT,2020-08-02,9.597
Malta,MLT,2020-08-09,15.356
Malta,MLT,2020-08-16,23.034
Malta,MLT,2020-08-23,26.873
Malta,MLT,2020-08-30,7.678
Malta,MLT,2020-09-06,17.275
Malta,MLT,2020-09-13,40.309
Malta,MLT,2020-09-20,67.182
Malta,MLT,2020-09-27,30.712
Malta,MLT,2020-10-04,40.309
Malta,MLT,2020-10-11,59.504
Malta,MLT,2020-10-18,88.297
Malta,MLT,2020-10-25,76.78
Malta,MLT,2020-11-01,142.042
Malta,MLT,2020-11-08,143.962
Malta,MLT,2020-11-15,197.708
Malta,MLT,2020-11-22,199.627
Malta,MLT,2020-11-29,166.996
Malta,MLT,2020-12-06,170.835
Malta,MLT,2020-12-13,80.619
Malta,MLT,2020-12-20,65.263
Malta,MLT,2020-12-27,49.907
Malta,MLT,2021-01-03,55.665
Malta,MLT,2021-01-10,74.86
Malta,MLT,2021-01-17,92.136
Malta,MLT,2021-01-24,40.309
Malta,MLT,2021-01-31,49.907
Malta,MLT,2021-02-07,53.746
Malta,MLT,2021-02-14,80.619
Malta,MLT,2021-02-21,76.78
Malta,MLT,2021-02-28,42.229
Malta,MLT,2021-03-07,130.525
Malta,MLT,2021-03-14,128.606
Malta,MLT,2021-03-21,78.699
Malta,MLT,2021-03-28,38.39
Malta,MLT,2021-04-04,61.424
Malta,MLT,2021-04-11,57.585
Malta,MLT,2021-04-18,57.585
Malta,MLT,2021-04-25,24.953
Malta,MLT,2021-05-02,42.229
Malta,MLT,2021-05-09,13.436
Malta,MLT,2021-05-16,7.678
Malta,MLT,2021-05-23,3.839
Malta,MLT,2021-05-30,3.839
Malta,MLT,2021-06-06,1.919
Malta,MLT,2021-06-13,0
Malta,MLT,2021-06-20,0
Malta,MLT,2021-06-27,0
Malta,MLT,2021-07-04,9.597
Malta,MLT,2021-07-11,19.195
Malta,MLT,2021-07-18,32.631
Malta,MLT,2021-07-25,23.034
Malta,MLT,2021-08-01,32.631
Malta,MLT,2021-08-08,49.907
Malta,MLT,2021-08-15,47.987
Malta,MLT,2021-08-22,34.551
Malta,MLT,2021-08-29,28.792
Malta,MLT,2021-09-05,24.953
Malta,MLT,2021-09-12,11.517
Malta,MLT,2021-09-19,13.436
Malta,MLT,2021-09-26,11.517
Malta,MLT,2021-10-03,5.758
Malta,MLT,2021-10-10,5.758
Malta,MLT,2021-10-17,0
Malta,MLT,2021-10-24,13.436
Malta,MLT,2021-10-31,7.678
Malta,MLT,2021-11-07,5.758
Malta,MLT,2021-11-14,7.678
Malta,MLT,2021-11-21,11.517
Malta,MLT,2021-11-28,15.356
Malta,MLT,2021-12-05,17.275
Malta,MLT,2021-12-12,19.195
Malta,MLT,2021-12-19,28.792
Malta,MLT,2021-12-26,113.25
Malta,MLT,2022-01-02,134.364
Malta,MLT,2022-01-09,130.525
Malta,MLT,2022-01-16,92.136
Malta,MLT,2022-01-23,86.377
Malta,MLT,2022-01-30,78.699
Malta,MLT,2022-02-06,109.411
Malta,MLT,2022-02-13,51.826
Malta,MLT,2022-02-20,57.585
Malta,MLT,2022-02-27,46.068
Malta,MLT,2022-03-06,51.826
Malta,MLT,2022-03-13,101.733
Malta,MLT,2022-03-20,105.572
Malta,MLT,2022-03-27,197.708
Malta,MLT,2022-04-03,232.259
Malta,MLT,2022-04-10,238.017
Malta,MLT,2022-04-17,92.136
Malta,MLT,2022-04-24,97.894
Malta,MLT,2022-05-01,115.17
Malta,MLT,2022-05-08,69.102
Malta,MLT,2022-05-15,44.148
Malta,MLT,2022-05-22,40.309
Malta,MLT,2022-05-29,28.792
Malta,MLT,2022-06-05,23.034
Malta,MLT,2022-06-12,69.102
Malta,MLT,2022-06-19,140.123
Malta,MLT,2022-06-26,168.915
Malta,MLT,2022-07-03,214.983
Malta,MLT,2022-07-10,153.559
Malta,MLT,2022-07-17,99.814
Malta,MLT,2022-07-24,38.39
Malta,MLT,2022-07-31,40.309
Malta,MLT,2022-08-07,24.953
Malta,MLT,2022-08-14,26.873
Malta,MLT,2022-08-21,17.275
Malta,MLT,2022-08-28,13.436
Malta,MLT,2022-09-04,23.034
Malta,MLT,2022-09-11,15.356
Malta,MLT,2022-09-18,7.678
Malta,MLT,2022-09-25,13.436
Malta,MLT,2022-10-02,9.597
Malta,MLT,2022-10-30,19.195
Malta,MLT,2022-11-06,15.356
Malta,MLT,2022-11-13,15.356
Malta,MLT,2022-11-20,17.275
Malta,MLT,2022-11-27,9.597
Malta,MLT,2022-12-04,11.517
Malta,MLT,2022-12-11,23.034
Malta,MLT,2022-12-18,24.953
Malta,MLT,2022-12-25,71.021
Malta,MLT,2023-01-01,74.86
Malta,MLT,2023-01-08,26.873
Malta,MLT,2023-01-15,30.712
Malta,MLT,2023-01-22,24.953
Malta,MLT,2023-01-29,28.792
Malta,MLT,2023-02-05,7.678
Malta,MLT,2023-02-12,21.114
Malta,MLT,2023-02-19,34.551
Malta,MLT,2023-02-26,34.551
Malta,MLT,2023-03-05,36.47
Malta,MLT,2023-03-12,44.148
Malta,MLT,2023-03-19,38.39
Malta,MLT,2023-03-26,21.114
Malta,MLT,2023-04-02,32.631
Malta,MLT,2023-04-09,30.712
Malta,MLT,2023-04-16,21.114
Malta,MLT,2023-04-23,32.631
Malta,MLT,2023-04-30,13.436
Malta,MLT,2023-05-07,13.436
Malta,MLT,2023-05-14,21.114
Malta,MLT,2023-05-21,19.195
Malta,MLT,2023-05-28,46.068
Malta,MLT,2023-06-04,46.068
Malta,MLT,2023-06-11,26.873
Malta,MLT,2023-06-18,46.068
Malta,MLT,2023-06-25,59.504
Malta,MLT,2023-07-02,65.263
Malta,MLT,2023-07-09,30.712
Malta,MLT,2023-07-16,53.746
Malta,MLT,2023-07-23,51.826
Malta,MLT,2023-07-30,95.975
Malta,MLT,2023-08-06,90.216
Malta,MLT,2023-08-13,78.699
Malta,MLT,2023-08-20,99.814
Malta,MLT,2023-08-27,84.458
Malta,MLT,2023-09-03,59.504
Malta,MLT,2023-09-10,42.229
Malta,MLT,2023-09-17,38.39
Malta,MLT,2023-09-24,61.424
Malta,MLT,2023-10-01,47.987
Malta,MLT,2023-10-08,40.309
Malta,MLT,2023-10-15,36.47
Malta,MLT,2023-10-22,38.39
Malta,MLT,2023-10-29,21.114
Malta,MLT,2023-11-05,17.275
Malta,MLT,2023-11-12,21.114
Malta,MLT,2023-11-19,11.517
Malta,MLT,2023-11-26,17.275
Netherlands,NLD,2021-01-07,100.66
Netherlands,NLD,2021-01-08,99.408
Netherlands,NLD,2021-01-09,99.009
Netherlands,NLD,2021-01-10,95.935
Netherlands,NLD,2021-01-11,92.917
Netherlands,NLD,2021-01-12,89.9
Netherlands,NLD,2021-01-13,86.996
Netherlands,NLD,2021-01-14,86.711
Netherlands,NLD,2021-01-15,86.711
Netherlands,NLD,2021-01-16,85.06
Netherlands,NLD,2021-01-17,84.605
Netherlands,NLD,2021-01-18,83.409
Netherlands,NLD,2021-01-19,82.157
Netherlands,NLD,2021-01-20,82.27
Netherlands,NLD,2021-01-21,82.27
Netherlands,NLD,2021-01-22,83.068
Netherlands,NLD,2021-01-23,83.181
Netherlands,NLD,2021-01-24,82.384
Netherlands,NLD,2021-01-25,83.352
Netherlands,NLD,2021-01-26,81.872
Netherlands,NLD,2021-01-27,81.132
Netherlands,NLD,2021-01-28,78.854
Netherlands,NLD,2021-01-29,76.862
Netherlands,NLD,2021-01-30,75.837
Netherlands,NLD,2021-01-31,74.527
Netherlands,NLD,2021-02-01,73.104
Netherlands,NLD,2021-02-02,73.047
Netherlands,NLD,2021-02-03,72.079
Netherlands,NLD,2021-02-04,72.079
Netherlands,NLD,2021-02-05,70.371
Netherlands,NLD,2021-02-06,68.663
Netherlands,NLD,2021-02-07,69.119
Netherlands,NLD,2021-02-08,67.752
Netherlands,NLD,2021-02-09,62.173
Netherlands,NLD,2021-02-10,63.027
Netherlands,NLD,2021-02-11,63.539
Netherlands,NLD,2021-02-12,64.45
Netherlands,NLD,2021-02-13,65.361
Netherlands,NLD,2021-02-14,64.507
Netherlands,NLD,2021-02-15,65.816
Netherlands,NLD,2021-02-16,70.884
Netherlands,NLD,2021-02-17,69.631
Netherlands,NLD,2021-02-18,70.2
Netherlands,NLD,2021-02-19,71.225
Netherlands,NLD,2021-02-20,69.745
Netherlands,NLD,2021-02-21,69.062
Netherlands,NLD,2021-02-22,67.866
Netherlands,NLD,2021-02-23,67.297
Netherlands,NLD,2021-02-24,65.816
Netherlands,NLD,2021-02-25,65.304
Netherlands,NLD,2021-02-26,64.507
Netherlands,NLD,2021-02-27,66.158
Netherlands,NLD,2021-02-28,68.265
Netherlands,NLD,2021-03-01,69.574
Netherlands,NLD,2021-03-02,71.225
Netherlands,NLD,2021-03-03,72.705
Netherlands,NLD,2021-03-04,71.054
Netherlands,NLD,2021-03-05,70.997
Netherlands,NLD,2021-03-06,70.485
Netherlands,NLD,2021-03-07,69.289
Netherlands,NLD,2021-03-08,69.403
Netherlands,NLD,2021-03-09,70.086
Netherlands,NLD,2021-03-10,71.339
Netherlands,NLD,2021-03-11,72.705
Netherlands,NLD,2021-03-12,74.186
Netherlands,NLD,2021-03-13,76.919
Netherlands,NLD,2021-03-14,79.879
Netherlands,NLD,2021-03-15,81.587
Netherlands,NLD,2021-03-16,80.733
Netherlands,NLD,2021-03-17,80.449
Netherlands,NLD,2021-03-18,81.246
Netherlands,NLD,2021-03-19,82.726
Netherlands,NLD,2021-03-20,85.231
Netherlands,NLD,2021-03-21,85.402
Netherlands,NLD,2021-03-22,84.833
Netherlands,NLD,2021-03-23,88.078
Netherlands,NLD,2021-03-24,89.501
Netherlands,NLD,2021-03-25,92.006
Netherlands,NLD,2021-03-26,92.177
Netherlands,NLD,2021-03-27,93.771
Netherlands,NLD,2021-03-28,93.088
Netherlands,NLD,2021-03-29,94.284
Netherlands,NLD,2021-03-30,94.91
Netherlands,NLD,2021-03-31,97.073
Netherlands,NLD,2021-04-01,98.611
Netherlands,NLD,2021-04-02,100.66
Netherlands,NLD,2021-04-03,97.643
Netherlands,NLD,2021-04-04,97.358
Netherlands,NLD,2021-04-05,98.326
Netherlands,NLD,2021-04-06,93.43
Netherlands,NLD,2021-04-07,95.024
Netherlands,NLD,2021-04-08,94.625
Netherlands,NLD,2021-04-09,93.828
Netherlands,NLD,2021-04-10,97.301
Netherlands,NLD,2021-04-11,99.636
Netherlands,NLD,2021-04-12,100.831
Netherlands,NLD,2021-04-13,103.906
Netherlands,NLD,2021-04-14,100.66
Netherlands,NLD,2021-04-15,98.554
Netherlands,NLD,2021-04-16,97.415
Netherlands,NLD,2021-04-17,95.536
Netherlands,NLD,2021-04-18,96.106
Netherlands,NLD,2021-04-19,93.942
Netherlands,NLD,2021-04-20,97.7
Netherlands,NLD,2021-04-21,101.571
Netherlands,NLD,2021-04-22,104.817
Netherlands,NLD,2021-04-23,104.532
Netherlands,NLD,2021-04-24,104.646
Netherlands,NLD,2021-04-25,103.45
Netherlands,NLD,2021-04-26,104.817
Netherlands,NLD,2021-04-27,105.272
Netherlands,NLD,2021-04-28,101.628
Netherlands,NLD,2021-04-29,102.027
Netherlands,NLD,2021-04-30,106.24
Netherlands,NLD,2021-05-01,105.5
Netherlands,NLD,2021-05-02,103.621
Netherlands,NLD,2021-05-03,103.507
Netherlands,NLD,2021-05-04,99.92
Netherlands,NLD,2021-05-05,100.603
Netherlands,NLD,2021-05-06,96.162
Netherlands,NLD,2021-05-07,92.291
Netherlands,NLD,2021-05-08,92.519
Netherlands,NLD,2021-05-09,92.576
Netherlands,NLD,2021-05-10,91.038
Netherlands,NLD,2021-05-11,90.07
Netherlands,NLD,2021-05-12,88.078
Netherlands,NLD,2021-05-13,87.338
Netherlands,NLD,2021-05-14,81.53
Netherlands,NLD,2021-05-15,79.025
Netherlands,NLD,2021-05-16,76.862
Netherlands,NLD,2021-05-17,72.99
Netherlands,NLD,2021-05-18,69.802
Netherlands,NLD,2021-05-19,66.898
Netherlands,NLD,2021-05-20,63.084
Netherlands,NLD,2021-05-21,62.742
Netherlands,NLD,2021-05-22,58.13
Netherlands,NLD,2021-05-23,55.796
Netherlands,NLD,2021-05-24,54.486
Netherlands,NLD,2021-05-25,49.135
Netherlands,NLD,2021-05-26,45.434
Netherlands,NLD,2021-05-27,41.505
Netherlands,NLD,2021-05-28,39.114
Netherlands,NLD,2021-05-29,36.495
Netherlands,NLD,2021-05-30,35.299
Netherlands,NLD,2021-05-31,33.193
Netherlands,NLD,2021-06-01,31.599
Netherlands,NLD,2021-06-02,30.232
Netherlands,NLD,2021-06-03,30.517
Netherlands,NLD,2021-06-04,28.809
Netherlands,NLD,2021-06-05,27.841
Netherlands,NLD,2021-06-06,26.247
Netherlands,NLD,2021-06-07,26.019
Netherlands,NLD,2021-06-08,24.425
Netherlands,NLD,2021-06-09,23.286
Netherlands,NLD,2021-06-10,21.35
Netherlands,NLD,2021-06-11,20.667
Netherlands,NLD,2021-06-12,18.959
Netherlands,NLD,2021-06-13,17.764
Netherlands,NLD,2021-06-14,16.226
Netherlands,NLD,2021-06-15,15.657
Netherlands,NLD,2021-06-16,14.689
Netherlands,NLD,2021-06-17,14.234
Netherlands,NLD,2021-06-18,13.152
Netherlands,NLD,2021-06-19,12.241
Netherlands,NLD,2021-06-20,12.583
Netherlands,NLD,2021-06-21,11.899
Netherlands,NLD,2021-06-22,10.761
Netherlands,NLD,2021-06-23,10.305
Netherlands,NLD,2021-06-24,9.11
Netherlands,NLD,2021-06-25,7.8
Netherlands,NLD,2021-06-26,7.174
Netherlands,NLD,2021-06-27,6.035
Netherlands,NLD,2021-06-28,5.807
Netherlands,NLD,2021-06-29,5.409
Netherlands,NLD,2021-06-30,4.669
Netherlands,NLD,2021-07-01,4.555
Netherlands,NLD,2021-07-02,4.669
Netherlands,NLD,2021-07-03,4.042
Netherlands,NLD,2021-07-04,3.587
Netherlands,NLD,2021-07-05,3.587
Netherlands,NLD,2021-07-06,3.359
Netherlands,NLD,2021-07-07,3.188
Netherlands,NLD,2021-07-08,3.188
Netherlands,NLD,2021-07-09,3.359
Netherlands,NLD,2021-07-10,3.587
Netherlands,NLD,2021-07-11,3.872
Netherlands,NLD,2021-07-12,4.099
Netherlands,NLD,2021-07-13,4.555
Netherlands,NLD,2021-07-14,5.124
Netherlands,NLD,2021-07-15,6.604
Netherlands,NLD,2021-07-16,8.597
Netherlands,NLD,2021-07-17,10.761
Netherlands,NLD,2021-07-18,12.639
Netherlands,NLD,2021-07-19,15.031
Netherlands,NLD,2021-07-20,18.447
Netherlands,NLD,2021-07-21,21.123
Netherlands,NLD,2021-07-22,22.603
Netherlands,NLD,2021-07-23,24.197
Netherlands,NLD,2021-07-24,25.45
Netherlands,NLD,2021-07-25,27.101
Netherlands,NLD,2021-07-26,28.296
Netherlands,NLD,2021-07-27,29.663
Netherlands,NLD,2021-07-28,31.371
Netherlands,NLD,2021-07-29,32.51
Netherlands,NLD,2021-07-30,32.339
Netherlands,NLD,2021-07-31,33.079
Netherlands,NLD,2021-08-01,32.567
Netherlands,NLD,2021-08-02,31.713
Netherlands,NLD,2021-08-03,31.086
Netherlands,NLD,2021-08-04,28.923
Netherlands,NLD,2021-08-05,28.467
Netherlands,NLD,2021-08-06,28.012
Netherlands,NLD,2021-08-07,27.442
Netherlands,NLD,2021-08-08,27.329
Netherlands,NLD,2021-08-09,26.873
Netherlands,NLD,2021-08-10,25.677
Netherlands,NLD,2021-08-11,25.734
Netherlands,NLD,2021-08-12,24.767
Netherlands,NLD,2021-08-13,25.165
Netherlands,NLD,2021-08-14,25.45
Netherlands,NLD,2021-08-15,25.279
Netherlands,NLD,2021-08-16,26.133
Netherlands,NLD,2021-08-17,26.361
Netherlands,NLD,2021-08-18,26.418
Netherlands,NLD,2021-08-19,26.304
Netherlands,NLD,2021-08-20,26.19
Netherlands,NLD,2021-08-21,24.88
Netherlands,NLD,2021-08-22,24.994
Netherlands,NLD,2021-08-23,24.539
Netherlands,NLD,2021-08-24,24.368
Netherlands,NLD,2021-08-25,24.197
Netherlands,NLD,2021-08-26,24.596
Netherlands,NLD,2021-08-27,23.969
Netherlands,NLD,2021-08-28,25.165
Netherlands,NLD,2021-08-29,25.165
Netherlands,NLD,2021-08-30,24.71
Netherlands,NLD,2021-08-31,24.482
Netherlands,NLD,2021-09-01,25.051
Netherlands,NLD,2021-09-02,25.507
Netherlands,NLD,2021-09-03,25.45
Netherlands,NLD,2021-09-04,25.279
Netherlands,NLD,2021-09-05,25.734
Netherlands,NLD,2021-09-06,24.994
Netherlands,NLD,2021-09-07,24.254
Netherlands,NLD,2021-09-08,23.856
Netherlands,NLD,2021-09-09,23.799
Netherlands,NLD,2021-09-10,23.856
Netherlands,NLD,2021-09-11,22.888
Netherlands,NLD,2021-09-12,22.034
Netherlands,NLD,2021-09-13,22.204
Netherlands,NLD,2021-09-14,22.148
Netherlands,NLD,2021-09-15,21.35
Netherlands,NLD,2021-09-16,20.269
Netherlands,NLD,2021-09-17,19.756
Netherlands,NLD,2021-09-18,19.301
Netherlands,NLD,2021-09-19,18.162
Netherlands,NLD,2021-09-20,17.536
Netherlands,NLD,2021-09-21,17.194
Netherlands,NLD,2021-09-22,15.942
Netherlands,NLD,2021-09-23,15.372
Netherlands,NLD,2021-09-24,14.803
Netherlands,NLD,2021-09-25,13.778
Netherlands,NLD,2021-09-26,13.607
Netherlands,NLD,2021-09-27,13.152
Netherlands,NLD,2021-09-28,12.81
Netherlands,NLD,2021-09-29,13.664
Netherlands,NLD,2021-09-30,13.437
Netherlands,NLD,2021-10-01,13.664
Netherlands,NLD,2021-10-02,13.835
Netherlands,NLD,2021-10-03,14.234
Netherlands,NLD,2021-10-04,14.575
Netherlands,NLD,2021-10-05,16.056
Netherlands,NLD,2021-10-06,16.34
Netherlands,NLD,2021-10-07,16.739
Netherlands,NLD,2021-10-08,16.796
Netherlands,NLD,2021-10-09,18.162
Netherlands,NLD,2021-10-10,18.845
Netherlands,NLD,2021-10-11,19.415
Netherlands,NLD,2021-10-12,19.073
Netherlands,NLD,2021-10-13,19.813
Netherlands,NLD,2021-10-14,20.44
Netherlands,NLD,2021-10-15,21.35
Netherlands,NLD,2021-10-16,21.407
Netherlands,NLD,2021-10-17,21.806
Netherlands,NLD,2021-10-18,22.546
Netherlands,NLD,2021-10-19,23.628
Netherlands,NLD,2021-10-20,25.222
Netherlands,NLD,2021-10-21,27.215
Netherlands,NLD,2021-10-22,30.403
Netherlands,NLD,2021-10-23,32.737
Netherlands,NLD,2021-10-24,34.616
Netherlands,NLD,2021-10-25,35.869
Netherlands,NLD,2021-10-26,38.374
Netherlands,NLD,2021-10-27,40.025
Netherlands,NLD,2021-10-28,43.783
Netherlands,NLD,2021-10-29,45.548
Netherlands,NLD,2021-10-30,47.711
Netherlands,NLD,2021-10-31,50.501
Netherlands,NLD,2021-11-01,53.348
Netherlands,NLD,2021-11-02,58.301
Netherlands,NLD,2021-11-03,61.034
Netherlands,NLD,2021-11-04,60.578
Netherlands,NLD,2021-11-05,61.66
Netherlands,NLD,2021-11-06,64.792
Netherlands,NLD,2021-11-07,66.215
Netherlands,NLD,2021-11-08,67.923
Netherlands,NLD,2021-11-09,68.891
Netherlands,NLD,2021-11-10,69.802
Netherlands,NLD,2021-11-11,72.705
Netherlands,NLD,2021-11-12,75.951
Netherlands,NLD,2021-11-13,77.886
Netherlands,NLD,2021-11-14,79.253
Netherlands,NLD,2021-11-15,82.954
Netherlands,NLD,2021-11-16,85.288
Netherlands,NLD,2021-11-17,90.298
Netherlands,NLD,2021-11-18,92.576
Netherlands,NLD,2021-11-19,95.024
Netherlands,NLD,2021-11-20,100.148
Netherlands,NLD,2021-11-21,103.906
Netherlands,NLD,2021-11-22,105.955
Netherlands,NLD,2021-11-23,110.624
Netherlands,NLD,2021-11-24,111.022
Netherlands,NLD,2021-11-25,114.837
Netherlands,NLD,2021-11-26,118.822
Netherlands,NLD,2021-11-27,120.872
Netherlands,NLD,2021-11-28,119.62
Netherlands,NLD,2021-11-29,119.335
Netherlands,NLD,2021-11-30,118.766
Netherlands,NLD,2021-12-01,121.612
Netherlands,NLD,2021-12-02,124.345
Netherlands,NLD,2021-12-03,119.847
Netherlands,NLD,2021-12-04,115.691
Netherlands,NLD,2021-12-05,115.406
Netherlands,NLD,2021-12-06,113.243
Netherlands,NLD,2021-12-07,112.218
Netherlands,NLD,2021-12-08,111.592
Netherlands,NLD,2021-12-09,108.46
Netherlands,NLD,2021-12-10,109.257
Netherlands,NLD,2021-12-11,110.396
Netherlands,NLD,2021-12-12,109.998
Netherlands,NLD,2021-12-13,108.403
Netherlands,NLD,2021-12-14,104.418
Netherlands,NLD,2021-12-15,99.351
Netherlands,NLD,2021-12-16,94.113
Netherlands,NLD,2021-12-17,89.16
Netherlands,NLD,2021-12-18,83.637
Netherlands,NLD,2021-12-19,79.538
Netherlands,NLD,2021-12-20,77.602
Netherlands,NLD,2021-12-21,75.211
Netherlands,NLD,2021-12-22,72.762
Netherlands,NLD,2021-12-23,70.314
Netherlands,NLD,2021-12-24,67.98
Netherlands,NLD,2021-12-25,65.532
Netherlands,NLD,2021-12-26,64.108
Netherlands,NLD,2021-12-27,62.799
Netherlands,NLD,2021-12-28,62.685
Netherlands,NLD,2021-12-29,62.856
Netherlands,NLD,2021-12-30,61.432
Netherlands,NLD,2021-12-31,60.863
Netherlands,NLD,2022-01-01,59.269
Netherlands,NLD,2022-01-02,58.756
Netherlands,NLD,2022-01-03,57.561
Netherlands,NLD,2022-01-04,54.373
Netherlands,NLD,2022-01-05,52.38
Netherlands,NLD,2022-01-06,50.786
Netherlands,NLD,2022-01-07,49.647
Netherlands,NLD,2022-01-08,50.558
Netherlands,NLD,2022-01-09,50.273
Netherlands,NLD,2022-01-10,50.843
Netherlands,NLD,2022-01-11,50.558
Netherlands,NLD,2022-01-12,47.54
Netherlands,NLD,2022-01-13,47.028
Netherlands,NLD,2022-01-14,46.629
Netherlands,NLD,2022-01-15,45.377
Netherlands,NLD,2022-01-16,44.409
Netherlands,NLD,2022-01-17,42.53
Netherlands,NLD,2022-01-18,39.911
Netherlands,NLD,2022-01-19,40.708
Netherlands,NLD,2022-01-20,42.587
Netherlands,NLD,2022-01-21,43.099
Netherlands,NLD,2022-01-22,42.929
Netherlands,NLD,2022-01-23,43.043
Netherlands,NLD,2022-01-24,45.605
Netherlands,NLD,2022-01-25,48.508
Netherlands,NLD,2022-01-26,49.932
Netherlands,NLD,2022-01-27,50.9
Netherlands,NLD,2022-01-28,52.38
Netherlands,NLD,2022-01-29,54.657
Netherlands,NLD,2022-01-30,57.39
Netherlands,NLD,2022-01-31,58.016
Netherlands,NLD,2022-02-01,62.913
Netherlands,NLD,2022-02-02,66.329
Netherlands,NLD,2022-02-03,69.232
Netherlands,NLD,2022-02-04,70.656
Netherlands,NLD,2022-02-05,71.567
Netherlands,NLD,2022-02-06,70.485
Netherlands,NLD,2022-02-07,71.396
Netherlands,NLD,2022-02-08,69.859
Netherlands,NLD,2022-02-09,69.176
Netherlands,NLD,2022-02-10,68.948
Netherlands,NLD,2022-02-11,71.339
Netherlands,NLD,2022-02-12,72.193
Netherlands,NLD,2022-02-13,73.958
Netherlands,NLD,2022-02-14,73.104
Netherlands,NLD,2022-02-15,75.268
Netherlands,NLD,2022-02-16,75.154
Netherlands,NLD,2022-02-17,73.446
Netherlands,NLD,2022-02-18,71.738
Netherlands,NLD,2022-02-19,71.453
Netherlands,NLD,2022-02-20,69.802
Netherlands,NLD,2022-02-21,69.916
Netherlands,NLD,2022-02-22,66.215
Netherlands,NLD,2022-02-23,65.247
Netherlands,NLD,2022-02-24,63.994
Netherlands,NLD,2022-02-25,63.14
Netherlands,NLD,2022-02-26,60.066
Netherlands,NLD,2022-02-27,58.016
Netherlands,NLD,2022-02-28,56.081
Netherlands,NLD,2022-03-01,54.657
Netherlands,NLD,2022-03-02,53.632
Netherlands,NLD,2022-03-03,55.853
Netherlands,NLD,2022-03-04,55.17
Netherlands,NLD,2022-03-05,57.048
Netherlands,NLD,2022-03-06,59.497
Netherlands,NLD,2022-03-07,62.286
Netherlands,NLD,2022-03-08,66.329
Netherlands,NLD,2022-03-09,70.314
Netherlands,NLD,2022-03-10,71.908
Netherlands,NLD,2022-03-11,76.52
Netherlands,NLD,2022-03-12,81.53
Netherlands,NLD,2022-03-13,85.459
Netherlands,NLD,2022-03-14,88.647
Netherlands,NLD,2022-03-15,92.177
Netherlands,NLD,2022-03-16,95.536
Netherlands,NLD,2022-03-17,95.308
Netherlands,NLD,2022-03-18,96.561
Netherlands,NLD,2022-03-19,94.398
Netherlands,NLD,2022-03-20,93.259
Netherlands,NLD,2022-03-21,92.405
Netherlands,NLD,2022-03-22,91.437
Netherlands,NLD,2022-03-23,89.957
Netherlands,NLD,2022-03-24,91.209
Netherlands,NLD,2022-03-25,89.273
Netherlands,NLD,2022-03-26,89.672
Netherlands,NLD,2022-03-27,88.989
Netherlands,NLD,2022-03-28,85.971
Netherlands,NLD,2022-03-29,84.662
Netherlands,NLD,2022-03-30,83.409
Netherlands,NLD,2022-03-31,82.157
Netherlands,NLD,2022-04-01,80.392
Netherlands,NLD,2022-04-02,78.114
Netherlands,NLD,2022-04-03,74.812
Netherlands,NLD,2022-04-04,74.3
Netherlands,NLD,2022-04-05,68.663
Netherlands,NLD,2022-04-06,65.076
Netherlands,NLD,2022-04-07,62.685
Netherlands,NLD,2022-04-08,60.521
Netherlands,NLD,2022-04-09,57.618
Netherlands,NLD,2022-04-10,57.333
Netherlands,NLD,2022-04-11,55.283
Netherlands,NLD,2022-04-12,55.283
Netherlands,NLD,2022-04-13,53.974
Netherlands,NLD,2022-04-14,51.924
Netherlands,NLD,2022-04-15,50.615
Netherlands,NLD,2022-04-19,48.394
Netherlands,NLD,2022-04-20,49.248
Netherlands,NLD,2022-04-21,48.964
Netherlands,NLD,2022-04-22,45.206
Netherlands,NLD,2022-04-25,41.904
Netherlands,NLD,2022-04-26,39.626
Netherlands,NLD,2022-04-28,35.356
Netherlands,NLD,2022-04-29,33.364
Netherlands,NLD,2022-05-02,30.403
Netherlands,NLD,2022-05-03,28.467
Netherlands,NLD,2022-05-04,25.962
Netherlands,NLD,2022-05-06,24.254
Netherlands,NLD,2022-05-09,22.318
Netherlands,NLD,2022-05-10,21.692
Netherlands,NLD,2022-05-11,20.952
Netherlands,NLD,2022-05-12,19.472
Netherlands,NLD,2022-05-13,18.504
Netherlands,NLD,2022-05-16,18.105
Netherlands,NLD,2022-05-17,18.048
Netherlands,NLD,2022-05-18,17.536
Netherlands,NLD,2022-05-19,16.967
Netherlands,NLD,2022-05-20,16.397
Netherlands,NLD,2022-05-23,15.372
Netherlands,NLD,2022-05-24,15.031
Netherlands,NLD,2022-05-25,15.372
Netherlands,NLD,2022-05-27,14.063
Netherlands,NLD,2022-05-30,13.095
Netherlands,NLD,2022-05-31,13.209
Netherlands,NLD,2022-06-01,12.81
Netherlands,NLD,2022-06-02,13.493
Netherlands,NLD,2022-06-03,13.38
Netherlands,NLD,2022-06-07,13.38
Netherlands,NLD,2022-06-08,13.835
Netherlands,NLD,2022-06-09,14.575
Netherlands,NLD,2022-06-10,15.088
Netherlands,NLD,2022-06-13,15.942
Netherlands,NLD,2022-06-14,16.226
Netherlands,NLD,2022-06-15,17.194
Netherlands,NLD,2022-06-16,18.504
Netherlands,NLD,2022-06-17,20.553
Netherlands,NLD,2022-06-20,22.034
Netherlands,NLD,2022-06-21,24.14
Netherlands,NLD,2022-06-22,25.677
Netherlands,NLD,2022-06-23,28.183
Netherlands,NLD,2022-06-24,30.688
Netherlands,NLD,2022-06-27,32.282
Netherlands,NLD,2022-06-28,34.901
Netherlands,NLD,2022-06-29,35.243
Netherlands,NLD,2022-06-30,36.78
Netherlands,NLD,2022-07-01,38.716
Netherlands,NLD,2022-07-04,40.993
Netherlands,NLD,2022-07-05,43.726
Netherlands,NLD,2022-07-06,43.384
Netherlands,NLD,2022-07-07,43.498
Netherlands,NLD,2022-07-08,45.775
Netherlands,NLD,2022-07-11,47.768
Netherlands,NLD,2022-07-12,51.64
Netherlands,NLD,2022-07-13,53.405
Netherlands,NLD,2022-07-14,53.063
Netherlands,NLD,2022-07-15,55.17
Netherlands,NLD,2022-07-18,55.796
Netherlands,NLD,2022-07-19,57.959
Netherlands,NLD,2022-07-20,58.415
Netherlands,NLD,2022-07-21,58.016
Netherlands,NLD,2022-07-22,57.618
Netherlands,NLD,2022-07-25,57.447
Netherlands,NLD,2022-07-26,59.44
Netherlands,NLD,2022-07-27,58.13
Netherlands,NLD,2022-07-28,56.024
Netherlands,NLD,2022-07-29,52.778
Netherlands,NLD,2022-08-01,48.337
Netherlands,NLD,2022-08-02,46.629
Netherlands,NLD,2022-08-03,44.295
Netherlands,NLD,2022-08-04,41.79
Netherlands,NLD,2022-08-05,42.075
Netherlands,NLD,2022-08-08,40.253
Netherlands,NLD,2022-08-09,39.74
Netherlands,NLD,2022-08-10,38.659
Netherlands,NLD,2022-08-11,36.495
Netherlands,NLD,2022-08-12,35.584
Netherlands,NLD,2022-08-15,33.364
Netherlands,NLD,2022-08-16,32.282
Netherlands,NLD,2022-08-17,31.713
Netherlands,NLD,2022-08-18,30.802
Netherlands,NLD,2022-08-19,30.859
Netherlands,NLD,2022-08-22,29.948
Netherlands,NLD,2022-08-23,28.353
Netherlands,NLD,2022-08-24,27.841
Netherlands,NLD,2022-08-25,26.076
Netherlands,NLD,2022-08-26,25.165
Netherlands,NLD,2022-08-29,23.969
Netherlands,NLD,2022-08-30,22.432
Netherlands,NLD,2022-08-31,21.237
Netherlands,NLD,2022-09-01,20.667
Netherlands,NLD,2022-09-02,19.016
Netherlands,NLD,2022-09-05,18.561
Netherlands,NLD,2022-09-06,18.675
Netherlands,NLD,2022-09-07,18.333
Netherlands,NLD,2022-09-08,18.39
Netherlands,NLD,2022-09-09,18.504
Netherlands,NLD,2022-09-12,19.244
Netherlands,NLD,2022-09-13,20.098
Netherlands,NLD,2022-09-14,20.781
Netherlands,NLD,2022-09-15,20.553
Netherlands,NLD,2022-09-16,21.066
Netherlands,NLD,2022-09-19,21.237
Netherlands,NLD,2022-09-20,22.375
Netherlands,NLD,2022-09-21,23.457
Netherlands,NLD,2022-09-22,24.937
Netherlands,NLD,2022-09-23,24.88
Netherlands,NLD,2022-09-26,26.702
Netherlands,NLD,2022-09-27,30.175
Netherlands,NLD,2022-09-28,34.104
Netherlands,NLD,2022-09-29,37.52
Netherlands,NLD,2022-09-30,40.31
Netherlands,NLD,2022-10-03,44.01
Netherlands,NLD,2022-10-04,48.736
Netherlands,NLD,2022-10-05,51.754
Netherlands,NLD,2022-10-06,53.348
Netherlands,NLD,2022-10-07,54.714
Netherlands,NLD,2022-10-10,56.821
Netherlands,NLD,2022-10-11,58.87
Netherlands,NLD,2022-10-12,58.643
Netherlands,NLD,2022-10-13,59.041
Netherlands,NLD,2022-10-14,59.44
Netherlands,NLD,2022-10-17,61.717
Netherlands,NLD,2022-10-18,64.222
Netherlands,NLD,2022-10-19,64.45
Netherlands,NLD,2022-10-20,62.97
Netherlands,NLD,2022-10-21,63.425
Netherlands,NLD,2022-10-24,62.457
Netherlands,NLD,2022-10-25,62.173
Netherlands,NLD,2022-10-26,60.009
Netherlands,NLD,2022-10-27,56.935
Netherlands,NLD,2022-10-28,53.518
Netherlands,NLD,2022-10-31,51.981
Netherlands,NLD,2022-11-01,48.736
Netherlands,NLD,2022-11-02,45.718
Netherlands,NLD,2022-11-03,43.441
Netherlands,NLD,2022-11-04,40.196
Netherlands,NLD,2022-11-07,38.089
Netherlands,NLD,2022-11-08,36.951
Netherlands,NLD,2022-11-09,34.388
Netherlands,NLD,2022-11-10,32.965
Netherlands,NLD,2022-11-11,32.168
Netherlands,NLD,2022-11-14,29.663
Netherlands,NLD,2022-11-15,28.695
Netherlands,NLD,2022-11-16,26.873
Netherlands,NLD,2022-11-17,24.994
Netherlands,NLD,2022-11-18,24.88
Netherlands,NLD,2022-11-21,24.254
Netherlands,NLD,2022-11-22,24.368
Netherlands,NLD,2022-11-23,24.88
Netherlands,NLD,2022-11-24,25.45
Netherlands,NLD,2022-11-25,26.361
Netherlands,NLD,2022-11-28,27.044
Netherlands,NLD,2022-11-29,28.638
Netherlands,NLD,2022-11-30,29.549
Netherlands,NLD,2022-12-01,29.834
Netherlands,NLD,2022-12-02,30.061
Netherlands,NLD,2022-12-05,28.98
Netherlands,NLD,2022-12-06,27.727
Netherlands,NLD,2022-12-07,28.467
Netherlands,NLD,2022-12-08,28.183
Netherlands,NLD,2022-12-09,29.435
Netherlands,NLD,2022-12-12,30.289
Netherlands,NLD,2022-12-13,31.656
Netherlands,NLD,2022-12-14,32.567
Netherlands,NLD,2022-12-15,34.73
Netherlands,NLD,2022-12-16,36.324
Netherlands,NLD,2022-12-19,37.861
Netherlands,NLD,2022-12-20,38.26
Netherlands,NLD,2022-12-21,39.626
Netherlands,NLD,2022-12-22,41.619
Netherlands,NLD,2022-12-23,43.953
Netherlands,NLD,2022-12-27,47.768
Netherlands,NLD,2022-12-28,49.704
Netherlands,NLD,2022-12-29,51.013
Netherlands,NLD,2022-12-30,53.689
Netherlands,NLD,2023-01-02,54.942
Netherlands,NLD,2023-01-03,56.194
Netherlands,NLD,2023-01-04,57.162
Netherlands,NLD,2023-01-05,54.714
Netherlands,NLD,2023-01-06,52.551
Netherlands,NLD,2023-01-09,51.64
Netherlands,NLD,2023-01-10,49.932
Netherlands,NLD,2023-01-11,47.37
Netherlands,NLD,2023-01-12,42.929
Netherlands,NLD,2023-01-13,39.74
Netherlands,NLD,2023-01-16,36.951
Netherlands,NLD,2023-01-17,36.324
Netherlands,NLD,2023-01-18,33.421
Netherlands,NLD,2023-01-19,30.061
Netherlands,NLD,2023-01-20,28.467
Netherlands,NLD,2023-01-23,27.101
Netherlands,NLD,2023-01-24,26.475
Netherlands,NLD,2023-01-25,25.45
Netherlands,NLD,2023-01-26,23.457
Netherlands,NLD,2023-01-27,23.343
Netherlands,NLD,2023-01-30,23.002
Netherlands,NLD,2023-01-31,23.4
Netherlands,NLD,2023-02-01,23.685
Netherlands,NLD,2023-02-02,23.172
Netherlands,NLD,2023-02-03,22.888
Netherlands,NLD,2023-02-06,22.66
Netherlands,NLD,2023-02-07,22.603
Netherlands,NLD,2023-02-08,23.002
Netherlands,NLD,2023-02-09,22.432
Netherlands,NLD,2023-02-10,22.774
Netherlands,NLD,2023-02-13,23.856
Netherlands,NLD,2023-02-14,26.532
Netherlands,NLD,2023-02-15,27.329
Netherlands,NLD,2023-02-16,28.524
Netherlands,NLD,2023-02-17,30.232
Netherlands,NLD,2023-02-20,33.591
Netherlands,NLD,2023-02-21,36.381
Netherlands,NLD,2023-02-22,37.918
Netherlands,NLD,2023-02-23,39.285
Netherlands,NLD,2023-02-24,41.619
Netherlands,NLD,2023-02-27,44.978
Netherlands,NLD,2023-02-28,49.305
Netherlands,NLD,2023-03-01,51.127
Netherlands,NLD,2023-03-02,52.437
Netherlands,NLD,2023-03-03,54.486
Netherlands,NLD,2023-03-06,58.13
Netherlands,NLD,2023-03-07,63.425
Netherlands,NLD,2023-03-08,65.304
Netherlands,NLD,2023-03-09,66.386
Netherlands,NLD,2023-03-10,65.93
Netherlands,NLD,2023-03-13,67.524
Netherlands,NLD,2023-03-14,70.371
Netherlands,NLD,2023-03-15,69.46
Netherlands,NLD,2023-03-16,67.354
Netherlands,NLD,2023-03-17,66.215
Netherlands,NLD,2023-03-20,63.767
Netherlands,NLD,2023-03-21,64.393
Netherlands,NLD,2023-03-22,63.767
Netherlands,NLD,2023-03-23,58.643
Netherlands,NLD,2023-03-24,55.511
Netherlands,NLD,2023-03-27,53.063
Netherlands,NLD,2023-03-28,51.526
Netherlands,NLD,2023-03-29,49.875
Netherlands,NLD,2023-03-30,47.256
Netherlands,NLD,2023-03-31,45.206
Netherlands,NLD,2023-04-03,44.751
Netherlands,NLD,2023-04-04,43.099
Netherlands,NLD,2023-04-05,40.708
Netherlands,NLD,2023-04-06,38.659
Netherlands,NLD,2023-04-07,36.837
Netherlands,NLD,2023-04-11,37.235
Netherlands,NLD,2023-04-12,35.698
Netherlands,NLD,2023-04-13,35.527
Netherlands,NLD,2023-04-14,35.869
Netherlands,NLD,2023-04-17,34.673
Netherlands,NLD,2023-04-18,33.819
Netherlands,NLD,2023-04-19,33.762
Netherlands,NLD,2023-04-20,30.46
Netherlands,NLD,2023-04-21,29.037
Netherlands,NLD,2023-04-24,27.955
Netherlands,NLD,2023-04-25,27.272
Netherlands,NLD,2023-04-26,27.955
Netherlands,NLD,2023-04-28,25.848
Netherlands,NLD,2023-05-01,24.539
Netherlands,NLD,2023-05-02,24.425
Netherlands,NLD,2023-05-03,23.628
Netherlands,NLD,2023-05-04,22.375
Netherlands,NLD,2023-05-05,21.237
Netherlands,NLD,2023-05-08,19.984
Netherlands,NLD,2023-05-09,20.724
Netherlands,NLD,2023-05-10,19.813
Netherlands,NLD,2023-05-11,19.187
Netherlands,NLD,2023-05-12,18.731
Netherlands,NLD,2023-05-15,17.536
Netherlands,NLD,2023-05-16,16.511
Netherlands,NLD,2023-05-17,15.885
Netherlands,NLD,2023-05-19,14.006
Netherlands,NLD,2023-05-22,13.493
Netherlands,NLD,2023-05-23,12.298
Netherlands,NLD,2023-05-24,11.729
Netherlands,NLD,2023-05-25,12.013
Netherlands,NLD,2023-05-26,11.387
Netherlands,NLD,2023-05-30,11.159
Netherlands,NLD,2023-05-31,11.387
Netherlands,NLD,2023-06-01,10.988
Netherlands,NLD,2023-06-02,11.102
Netherlands,NLD,2023-06-05,10.647
Netherlands,NLD,2023-06-06,10.362
Netherlands,NLD,2023-06-07,9.85
Netherlands,NLD,2023-06-08,9.508
Netherlands,NLD,2023-06-09,9.223
Netherlands,NLD,2023-06-12,8.996
Netherlands,NLD,2023-06-13,8.711
Netherlands,NLD,2023-06-14,8.882
Netherlands,NLD,2023-06-15,8.483
Netherlands,NLD,2023-06-16,8.483
Netherlands,NLD,2023-06-19,8.085
Netherlands,NLD,2023-06-20,8.028
Netherlands,NLD,2023-06-21,7.914
Netherlands,NLD,2023-06-22,7.572
Netherlands,NLD,2023-06-23,7.117
Netherlands,NLD,2023-06-26,6.718
Netherlands,NLD,2023-06-27,6.604
Netherlands,NLD,2023-06-28,6.661
Netherlands,NLD,2023-06-29,6.661
Netherlands,NLD,2023-06-30,6.604
Netherlands,NLD,2023-07-03,6.547
Netherlands,NLD,2023-07-04,6.491
Netherlands,NLD,2023-07-05,6.661
Netherlands,NLD,2023-07-06,6.377
Netherlands,NLD,2023-07-07,6.035
Netherlands,NLD,2023-07-10,6.32
Netherlands,NLD,2023-07-11,6.434
Netherlands,NLD,2023-07-12,6.206
Netherlands,NLD,2023-07-13,6.092
Netherlands,NLD,2023-07-14,6.149
Netherlands,NLD,2023-07-17,6.149
Netherlands,NLD,2023-07-18,6.206
Netherlands,NLD,2023-07-19,5.978
Netherlands,NLD,2023-07-20,5.864
Netherlands,NLD,2023-07-21,6.092
Netherlands,NLD,2023-07-24,6.092
Netherlands,NLD,2023-07-25,6.206
Netherlands,NLD,2023-07-26,6.604
Netherlands,NLD,2023-07-27,6.775
Netherlands,NLD,2023-07-28,6.718
Netherlands,NLD,2023-07-31,6.832
Netherlands,NLD,2023-08-01,7.003
Netherlands,NLD,2023-08-02,7.231
Netherlands,NLD,2023-08-03,7.288
Netherlands,NLD,2023-08-04,7.515
Netherlands,NLD,2023-08-07,7.743
Netherlands,NLD,2023-08-08,8.085
Netherlands,NLD,2023-08-09,8.426
Netherlands,NLD,2023-08-10,8.426
Netherlands,NLD,2023-08-11,8.369
Netherlands,NLD,2023-08-14,8.426
Netherlands,NLD,2023-08-15,8.54
Netherlands,NLD,2023-08-16,8.939
Netherlands,NLD,2023-08-17,8.825
Netherlands,NLD,2023-08-18,8.882
Netherlands,NLD,2023-08-21,9.166
Netherlands,NLD,2023-08-22,9.793
Netherlands,NLD,2023-08-23,9.85
Netherlands,NLD,2023-08-24,10.305
Netherlands,NLD,2023-08-25,10.191
Netherlands,NLD,2023-08-28,10.875
Netherlands,NLD,2023-08-29,11.216
Netherlands,NLD,2023-08-30,11.216
Netherlands,NLD,2023-08-31,11.273
Netherlands,NLD,2023-09-01,11.785
Netherlands,NLD,2023-09-04,12.184
Netherlands,NLD,2023-09-05,12.81
Netherlands,NLD,2023-09-06,13.095
Netherlands,NLD,2023-09-07,13.437
Netherlands,NLD,2023-09-08,14.974
Netherlands,NLD,2023-09-11,15.6
Netherlands,NLD,2023-09-12,17.308
Netherlands,NLD,2023-09-13,17.593
Netherlands,NLD,2023-09-14,17.707
Netherlands,NLD,2023-09-15,18.39
Netherlands,NLD,2023-09-18,18.675
Netherlands,NLD,2023-09-19,18.845
Netherlands,NLD,2023-09-20,19.301
Netherlands,NLD,2023-09-21,19.187
Netherlands,NLD,2023-09-22,19.87
Netherlands,NLD,2023-09-25,19.813
Netherlands,NLD,2023-09-26,20.383
Netherlands,NLD,2023-09-27,20.781
Netherlands,NLD,2023-09-28,20.269
Netherlands,NLD,2023-09-29,20.496
Netherlands,NLD,2023-10-02,20.041
Netherlands,NLD,2023-10-03,20.61
Netherlands,NLD,2023-10-04,21.863
Netherlands,NLD,2023-10-05,21.464
Netherlands,NLD,2023-10-06,21.92
Netherlands,NLD,2023-10-09,23.115
Netherlands,NLD,2023-10-10,24.425
Netherlands,NLD,2023-10-11,25.108
Netherlands,NLD,2023-10-12,24.823
Netherlands,NLD,2023-10-13,24.767
Netherlands,NLD,2023-10-16,25.393
Netherlands,NLD,2023-10-17,25.905
Netherlands,NLD,2023-10-18,26.247
Netherlands,NLD,2023-10-19,25.848
Netherlands,NLD,2023-10-20,27.215
Netherlands,NLD,2023-10-23,28.467
Netherlands,NLD,2023-10-24,30.802
Netherlands,NLD,2023-10-25,32.225
Netherlands,NLD,2023-10-26,34.104
Netherlands,NLD,2023-10-27,36.153
Netherlands,NLD,2023-10-30,37.691
Netherlands,NLD,2023-10-31,38.488
Netherlands,NLD,2023-11-01,38.772
Netherlands,NLD,2023-11-02,39
Netherlands,NLD,2023-11-03,39.74
Netherlands,NLD,2023-11-06,39.683
Netherlands,NLD,2023-11-07,40.367
Netherlands,NLD,2023-11-08,40.48
Netherlands,NLD,2023-11-09,40.424
Netherlands,NLD,2023-11-10,41.676
Netherlands,NLD,2023-11-13,40.765
Netherlands,NLD,2023-11-14,40.48
Netherlands,NLD,2023-11-15,41.164
Netherlands,NLD,2023-11-16,39.399
Netherlands,NLD,2023-11-17,38.659
Netherlands,NLD,2023-11-20,38.829
Netherlands,NLD,2023-11-21,39.171
Netherlands,NLD,2023-11-22,39.513
Netherlands,NLD,2023-11-23,40.139
Netherlands,NLD,2023-11-24,39.626
Netherlands,NLD,2023-11-27,39.626
Netherlands,NLD,2023-11-28,41.562
Netherlands,NLD,2023-11-29,41.164
Netherlands,NLD,2023-11-30,39.626
Netherlands,NLD,2023-12-01,40.993
Netherlands,NLD,2023-12-04,41.505
Netherlands,NLD,2023-12-05,45.035
Netherlands,NLD,2023-12-06,48.565
Netherlands,NLD,2023-12-07,48.508
Netherlands,NLD,2023-12-08,51.298
Netherlands,NLD,2023-12-11,54.031
Netherlands,NLD,2023-12-12,57.048
Netherlands,NLD,2023-12-13,60.351
Netherlands,NLD,2023-12-14,59.724
Netherlands,NLD,2023-12-15,60.578
Netherlands,NLD,2023-12-18,62.457
Netherlands,NLD,2023-12-19,64.848
Netherlands,NLD,2023-12-20,65.418
Netherlands,NLD,2023-12-21,64.792
Netherlands,NLD,2023-12-22,64.165
Netherlands,NLD,2023-12-27,63.14
Netherlands,NLD,2023-12-28,62.97
Netherlands,NLD,2023-12-29,61.489
Netherlands,NLD,2024-01-02,56.992
Netherlands,NLD,2024-01-03,56.422
Netherlands,NLD,2024-01-04,53.632
Netherlands,NLD,2024-01-05,49.191
Netherlands,NLD,2024-01-08,45.662
Netherlands,NLD,2024-01-09,40.708
Netherlands,NLD,2024-01-10,37.634
Netherlands,NLD,2024-01-11,35.413
Netherlands,NLD,2024-01-12,31.428
Netherlands,NLD,2024-01-15,28.012
Netherlands,NLD,2024-01-16,27.158
Netherlands,NLD,2024-01-17,26.475
Netherlands,NLD,2024-01-18,25.393
Netherlands,NLD,2024-01-19,24.994
Netherlands,NLD,2024-01-22,23.571
Netherlands,NLD,2024-01-23,23.059
Netherlands,NLD,2024-01-24,22.831
Netherlands,NLD,2024-01-25,22.261
Netherlands,NLD,2024-01-26,21.692
Netherlands,NLD,2024-01-29,21.009
Netherlands,NLD,2024-01-30,20.838
Netherlands,NLD,2024-01-31,21.18
Netherlands,NLD,2024-02-01,21.237
Netherlands,NLD,2024-02-02,20.952
Netherlands,NLD,2024-02-05,19.927
Netherlands,NLD,2024-02-06,19.13
Netherlands,NLD,2024-02-07,18.845
Netherlands,NLD,2024-02-08,18.162
Netherlands,NLD,2024-02-09,17.764
Netherlands,NLD,2024-02-12,16.112
Netherlands,NLD,2024-02-13,16.169
Netherlands,NLD,2024-02-14,15.885
Netherlands,NLD,2024-02-15,15.486
Netherlands,NLD,2024-02-16,14.689
Netherlands,NLD,2024-02-19,13.38
Netherlands,NLD,2024-02-20,12.981
Netherlands,NLD,2024-02-21,12.81
Netherlands,NLD,2024-02-22,11.615
Netherlands,NLD,2024-02-23,11.045
Netherlands,NLD,2024-02-26,10.704
Netherlands,NLD,2024-02-27,11.045
Netherlands,NLD,2024-02-28,10.931
Netherlands,NLD,2024-02-29,10.191
Netherlands,NLD,2024-03-01,9.793
Netherlands,NLD,2024-03-04,9.622
Netherlands,NLD,2024-03-05,9.337
Netherlands,NLD,2024-03-06,9.28
Netherlands,NLD,2024-03-07,8.483
Netherlands,NLD,2024-03-08,8.199
Netherlands,NLD,2024-03-11,7.686
Netherlands,NLD,2024-03-12,7.686
Netherlands,NLD,2024-03-13,7.686
Netherlands,NLD,2024-03-14,7.401
Netherlands,NLD,2024-03-15,7.401
Netherlands,NLD,2024-03-18,7.345
Netherlands,NLD,2024-03-20,7.06
Netherlands,NLD,2024-03-21,7.401
Netherlands,NLD,2024-03-22,7.401
Netherlands,NLD,2024-03-25,7.174
Netherlands,NLD,2024-03-26,7.231
Netherlands,NLD,2024-03-27,7.174
Netherlands,NLD,2024-03-28,7.231
Netherlands,NLD,2024-03-29,7.572
Netherlands,NLD,2024-04-02,7.401
Netherlands,NLD,2024-04-03,7.231
Netherlands,NLD,2024-04-04,7.231
Netherlands,NLD,2024-04-05,6.946
Netherlands,NLD,2024-04-08,6.604
Netherlands,NLD,2024-04-09,6.547
Netherlands,NLD,2024-04-10,6.32
Netherlands,NLD,2024-04-11,6.149
Netherlands,NLD,2024-04-12,6.035
Netherlands,NLD,2024-04-15,6.092
Netherlands,NLD,2024-04-16,6.32
Netherlands,NLD,2024-04-17,6.547
Netherlands,NLD,2024-04-18,6.661
Netherlands,NLD,2024-04-19,6.434
Netherlands,NLD,2024-04-22,6.434
Netherlands,NLD,2024-04-23,6.604
Netherlands,NLD,2024-04-24,6.434
Netherlands,NLD,2024-04-26,6.491
Netherlands,NLD,2024-04-29,6.092
Netherlands,NLD,2024-04-30,5.978
Netherlands,NLD,2024-05-01,6.32
Netherlands,NLD,2024-05-02,6.434
Netherlands,NLD,2024-05-03,6.149
Netherlands,NLD,2024-05-06,6.149
Netherlands,NLD,2024-05-07,6.32
Netherlands,NLD,2024-05-08,6.491
Netherlands,NLD,2024-05-10,6.263
Netherlands,NLD,2024-05-13,5.75
Netherlands,NLD,2024-05-14,5.523
Netherlands,NLD,2024-05-15,5.693
Netherlands,NLD,2024-05-16,5.693
Netherlands,NLD,2024-05-17,5.238
Netherlands,NLD,2024-05-21,5.181
Netherlands,NLD,2024-05-22,5.807
Netherlands,NLD,2024-05-23,6.32
Netherlands,NLD,2024-05-24,6.491
Netherlands,NLD,2024-05-27,6.434
Netherlands,NLD,2024-05-28,6.832
Netherlands,NLD,2024-05-29,7.06
Netherlands,NLD,2024-05-30,7.174
Netherlands,NLD,2024-05-31,6.775
Northern Ireland,,2020-03-16,1.055
Northern Ireland,,2020-03-17,0.527
Northern Ireland,,2020-03-18,0.527
Northern Ireland,,2020-03-19,0.527
Northern Ireland,,2020-03-20,0.527
Northern Ireland,,2020-03-21,0.527
Northern Ireland,,2020-03-22,0.527
Northern Ireland,,2020-03-23,3.692
Northern Ireland,,2020-03-24,5.274
Northern Ireland,,2020-03-25,6.857
Northern Ireland,,2020-03-26,9.494
Northern Ireland,,2020-03-27,14.241
Northern Ireland,,2020-03-28,20.042
Northern Ireland,,2020-03-29,26.371
Northern Ireland,,2020-03-30,27.954
Northern Ireland,,2020-03-31,35.865
Northern Ireland,,2020-04-01,42.722
Northern Ireland,,2020-04-02,47.996
Northern Ireland,,2020-04-03,52.215
Northern Ireland,,2020-04-04,55.907
Northern Ireland,,2020-04-05,53.797
Northern Ireland,,2020-04-06,59.072
Northern Ireland,,2020-04-07,63.291
Northern Ireland,,2020-04-08,64.873
Northern Ireland,,2020-04-09,69.62
Northern Ireland,,2020-04-10,64.873
Northern Ireland,,2020-04-11,64.873
Northern Ireland,,2020-04-12,69.62
Northern Ireland,,2020-04-13,66.983
Northern Ireland,,2020-04-14,62.764
Northern Ireland,,2020-04-15,62.764
Northern Ireland,,2020-04-16,59.599
Northern Ireland,,2020-04-17,65.928
Northern Ireland,,2020-04-18,60.127
Northern Ireland,,2020-04-19,58.017
Northern Ireland,,2020-04-20,62.236
Northern Ireland,,2020-04-21,62.236
Northern Ireland,,2020-04-22,60.127
Northern Ireland,,2020-04-23,57.489
Northern Ireland,,2020-04-24,52.215
Northern Ireland,,2020-04-25,54.852
Northern Ireland,,2020-04-26,51.16
Northern Ireland,,2020-04-27,46.941
Northern Ireland,,2020-04-28,41.667
Northern Ireland,,2020-04-29,39.557
Northern Ireland,,2020-04-30,41.139
Northern Ireland,,2020-05-01,41.139
Northern Ireland,,2020-05-02,37.447
Northern Ireland,,2020-05-03,36.92
Northern Ireland,,2020-05-04,31.118
Northern Ireland,,2020-05-05,30.591
Northern Ireland,,2020-05-06,28.481
Northern Ireland,,2020-05-07,22.679
Northern Ireland,,2020-05-08,18.987
Northern Ireland,,2020-05-09,20.042
Northern Ireland,,2020-05-10,22.152
Northern Ireland,,2020-05-11,27.426
Northern Ireland,,2020-05-12,26.899
Northern Ireland,,2020-05-13,29.536
Northern Ireland,,2020-05-14,30.063
Northern Ireland,,2020-05-15,29.008
Northern Ireland,,2020-05-16,26.899
Northern Ireland,,2020-05-17,25.316
Northern Ireland,,2020-05-18,18.987
Northern Ireland,,2020-05-19,17.405
Northern Ireland,,2020-05-20,12.131
Northern Ireland,,2020-05-21,9.494
Northern Ireland,,2020-05-22,9.494
Northern Ireland,,2020-05-23,8.439
Northern Ireland,,2020-05-24,5.802
Northern Ireland,,2020-05-25,6.329
Northern Ireland,,2020-05-26,7.384
Northern Ireland,,2020-05-27,6.329
Northern Ireland,,2020-05-28,6.857
Northern Ireland,,2020-05-29,7.384
Northern Ireland,,2020-05-30,7.384
Northern Ireland,,2020-05-31,8.439
Northern Ireland,,2020-06-01,8.439
Northern Ireland,,2020-06-02,6.857
Northern Ireland,,2020-06-03,8.439
Northern Ireland,,2020-06-04,7.911
Northern Ireland,,2020-06-05,6.857
Northern Ireland,,2020-06-06,7.384
Northern Ireland,,2020-06-07,5.802
Northern Ireland,,2020-06-08,4.219
Northern Ireland,,2020-06-09,3.692
Northern Ireland,,2020-06-10,2.11
Northern Ireland,,2020-06-11,2.11
Northern Ireland,,2020-06-12,2.637
Northern Ireland,,2020-06-13,2.637
Northern Ireland,,2020-06-14,2.637
Northern Ireland,,2020-06-15,2.637
Northern Ireland,,2020-06-16,2.11
Northern Ireland,,2020-06-17,2.11
Northern Ireland,,2020-06-18,1.582
Northern Ireland,,2020-06-19,2.11
Northern Ireland,,2020-06-20,1.055
Northern Ireland,,2020-06-21,1.582
Northern Ireland,,2020-06-22,2.11
Northern Ireland,,2020-06-23,2.11
Northern Ireland,,2020-06-24,2.11
Northern Ireland,,2020-06-25,2.11
Northern Ireland,,2020-06-26,1.582
Northern Ireland,,2020-06-27,1.582
Northern Ireland,,2020-06-28,2.11
Northern Ireland,,2020-06-29,1.582
Northern Ireland,,2020-06-30,1.582
Northern Ireland,,2020-07-01,1.582
Northern Ireland,,2020-07-02,1.582
Northern Ireland,,2020-07-03,1.055
Northern Ireland,,2020-07-04,1.055
Northern Ireland,,2020-07-05,0
Northern Ireland,,2020-07-06,0
Northern Ireland,,2020-07-07,0
Northern Ireland,,2020-07-08,0.527
Northern Ireland,,2020-07-09,0.527
Northern Ireland,,2020-07-10,0.527
Northern Ireland,,2020-07-11,0.527
Northern Ireland,,2020-07-12,0.527
Northern Ireland,,2020-07-13,1.055
Northern Ireland,,2020-07-14,1.055
Northern Ireland,,2020-07-15,0.527
Northern Ireland,,2020-07-16,1.582
Northern Ireland,,2020-07-17,2.11
Northern Ireland,,2020-07-18,2.11
Northern Ireland,,2020-07-19,2.11
Northern Ireland,,2020-07-20,1.582
Northern Ireland,,2020-07-21,1.582
Northern Ireland,,2020-07-22,2.11
Northern Ireland,,2020-07-23,1.055
Northern Ireland,,2020-07-24,0.527
Northern Ireland,,2020-07-25,1.055
Northern Ireland,,2020-07-26,1.055
Northern Ireland,,2020-07-27,1.582
Northern Ireland,,2020-07-28,1.582
Northern Ireland,,2020-07-29,1.582
Northern Ireland,,2020-07-30,2.11
Northern Ireland,,2020-07-31,2.11
Northern Ireland,,2020-08-01,2.637
Northern Ireland,,2020-08-02,2.637
Northern Ireland,,2020-08-03,3.165
Northern Ireland,,2020-08-04,3.165
Northern Ireland,,2020-08-05,3.692
Northern Ireland,,2020-08-06,3.692
Northern Ireland,,2020-08-07,4.219
Northern Ireland,,2020-08-08,4.747
Northern Ireland,,2020-08-09,5.274
Northern Ireland,,2020-08-10,4.747
Northern Ireland,,2020-08-11,5.274
Northern Ireland,,2020-08-12,4.219
Northern Ireland,,2020-08-13,4.747
Northern Ireland,,2020-08-14,5.274
Northern Ireland,,2020-08-15,4.747
Northern Ireland,,2020-08-16,5.274
Northern Ireland,,2020-08-17,5.802
Northern Ireland,,2020-08-18,6.329
Northern Ireland,,2020-08-19,7.911
Northern Ireland,,2020-08-20,8.439
Northern Ireland,,2020-08-21,7.384
Northern Ireland,,2020-08-22,6.857
Northern Ireland,,2020-08-23,7.384
Northern Ireland,,2020-08-24,8.966
Northern Ireland,,2020-08-25,8.966
Northern Ireland,,2020-08-26,7.384
Northern Ireland,,2020-08-27,5.802
Northern Ireland,,2020-08-28,6.857
Northern Ireland,,2020-08-29,6.329
Northern Ireland,,2020-08-30,4.747
Northern Ireland,,2020-08-31,3.165
Northern Ireland,,2020-09-01,3.165
Northern Ireland,,2020-09-02,3.165
Northern Ireland,,2020-09-03,3.165
Northern Ireland,,2020-09-04,3.165
Northern Ireland,,2020-09-05,3.165
Northern Ireland,,2020-09-06,4.747
Northern Ireland,,2020-09-07,3.692
Northern Ireland,,2020-09-08,4.747
Northern Ireland,,2020-09-09,5.274
Northern Ireland,,2020-09-10,6.857
Northern Ireland,,2020-09-11,6.857
Northern Ireland,,2020-09-12,7.384
Northern Ireland,,2020-09-13,7.384
Northern Ireland,,2020-09-14,10.021
Northern Ireland,,2020-09-15,10.021
Northern Ireland,,2020-09-16,11.076
Northern Ireland,,2020-09-17,10.549
Northern Ireland,,2020-09-18,10.549
Northern Ireland,,2020-09-19,10.549
Northern Ireland,,2020-09-20,10.549
Northern Ireland,,2020-09-21,11.076
Northern Ireland,,2020-09-22,11.603
Northern Ireland,,2020-09-23,13.186
Northern Ireland,,2020-09-24,13.186
Northern Ireland,,2020-09-25,13.186
Northern Ireland,,2020-09-26,15.295
Northern Ireland,,2020-09-27,16.878
Northern Ireland,,2020-09-28,19.515
Northern Ireland,,2020-09-29,18.987
Northern Ireland,,2020-09-30,21.624
Northern Ireland,,2020-10-01,26.371
Northern Ireland,,2020-10-02,30.591
Northern Ireland,,2020-10-03,35.865
Northern Ireland,,2020-10-04,39.557
Northern Ireland,,2020-10-05,42.722
Northern Ireland,,2020-10-06,54.325
Northern Ireland,,2020-10-07,61.181
Northern Ireland,,2020-10-08,66.456
Northern Ireland,,2020-10-09,73.312
Northern Ireland,,2020-10-10,74.367
Northern Ireland,,2020-10-11,84.916
Northern Ireland,,2020-10-12,88.08
Northern Ireland,,2020-10-13,88.08
Northern Ireland,,2020-10-14,88.608
Northern Ireland,,2020-10-15,97.574
Northern Ireland,,2020-10-16,102.321
Northern Ireland,,2020-10-17,109.705
Northern Ireland,,2020-10-18,110.759
Northern Ireland,,2020-10-19,114.451
Northern Ireland,,2020-10-20,125.527
Northern Ireland,,2020-10-21,126.055
Northern Ireland,,2020-10-22,126.055
Northern Ireland,,2020-10-23,126.582
Northern Ireland,,2020-10-24,132.911
Northern Ireland,,2020-10-25,132.911
Northern Ireland,,2020-10-26,137.131
Northern Ireland,,2020-10-27,131.329
Northern Ireland,,2020-10-28,135.021
Northern Ireland,,2020-10-29,132.384
Northern Ireland,,2020-10-30,131.857
Northern Ireland,,2020-10-31,120.253
Northern Ireland,,2020-11-01,117.089
Northern Ireland,,2020-11-02,116.034
Northern Ireland,,2020-11-03,118.671
Northern Ireland,,2020-11-04,115.506
Northern Ireland,,2020-11-05,105.485
Northern Ireland,,2020-11-06,104.43
Northern Ireland,,2020-11-07,102.848
Northern Ireland,,2020-11-08,102.321
Northern Ireland,,2020-11-09,101.266
Northern Ireland,,2020-11-10,101.266
Northern Ireland,,2020-11-11,104.958
Northern Ireland,,2020-11-12,107.068
Northern Ireland,,2020-11-13,101.266
Northern Ireland,,2020-11-14,105.485
Northern Ireland,,2020-11-15,104.958
Northern Ireland,,2020-11-16,101.266
Northern Ireland,,2020-11-17,93.882
Northern Ireland,,2020-11-18,89.135
Northern Ireland,,2020-11-19,90.19
Northern Ireland,,2020-11-20,94.937
Northern Ireland,,2020-11-21,90.19
Northern Ireland,,2020-11-22,83.861
Northern Ireland,,2020-11-23,75.949
Northern Ireland,,2020-11-24,68.038
Northern Ireland,,2020-11-25,65.401
Northern Ireland,,2020-11-26,63.291
Northern Ireland,,2020-11-27,59.599
Northern Ireland,,2020-11-28,54.852
Northern Ireland,,2020-11-29,55.907
Northern Ireland,,2020-11-30,58.544
Northern Ireland,,2020-12-01,60.654
Northern Ireland,,2020-12-02,58.017
Northern Ireland,,2020-12-03,61.181
Northern Ireland,,2020-12-04,61.709
Northern Ireland,,2020-12-05,66.983
Northern Ireland,,2020-12-06,70.148
Northern Ireland,,2020-12-07,75.422
Northern Ireland,,2020-12-08,82.806
Northern Ireland,,2020-12-09,82.806
Northern Ireland,,2020-12-10,79.641
Northern Ireland,,2020-12-11,79.114
Northern Ireland,,2020-12-12,79.641
Northern Ireland,,2020-12-13,82.278
Northern Ireland,,2020-12-14,83.861
Northern Ireland,,2020-12-15,79.641
Northern Ireland,,2020-12-16,85.97
Northern Ireland,,2020-12-17,88.608
Northern Ireland,,2020-12-18,90.19
Northern Ireland,,2020-12-19,89.662
Northern Ireland,,2020-12-20,83.333
Northern Ireland,,2020-12-21,83.333
Northern Ireland,,2020-12-22,85.443
Northern Ireland,,2020-12-23,84.916
Northern Ireland,,2020-12-24,84.916
Northern Ireland,,2020-12-25,85.443
Northern Ireland,,2020-12-26,88.608
Northern Ireland,,2020-12-27,92.3
Northern Ireland,,2020-12-28,99.684
Northern Ireland,,2020-12-29,112.342
Northern Ireland,,2020-12-30,120.253
Northern Ireland,,2020-12-31,126.582
Northern Ireland,,2021-01-01,131.857
Northern Ireland,,2021-01-02,137.131
Northern Ireland,,2021-01-03,150.316
Northern Ireland,,2021-01-04,153.481
Northern Ireland,,2021-01-05,160.338
Northern Ireland,,2021-01-06,169.304
Northern Ireland,,2021-01-07,180.907
Northern Ireland,,2021-01-08,203.586
Northern Ireland,,2021-01-09,216.772
Northern Ireland,,2021-01-10,226.793
Northern Ireland,,2021-01-11,233.65
Northern Ireland,,2021-01-12,231.54
Northern Ireland,,2021-01-13,229.958
Northern Ireland,,2021-01-14,227.321
Northern Ireland,,2021-01-15,210.97
Northern Ireland,,2021-01-16,206.224
Northern Ireland,,2021-01-17,195.675
Northern Ireland,,2021-01-18,190.928
Northern Ireland,,2021-01-19,184.072
Northern Ireland,,2021-01-20,181.435
Northern Ireland,,2021-01-21,179.325
Northern Ireland,,2021-01-22,174.578
Northern Ireland,,2021-01-23,165.084
Northern Ireland,,2021-01-24,158.755
Northern Ireland,,2021-01-25,148.207
Northern Ireland,,2021-01-26,148.207
Northern Ireland,,2021-01-27,141.35
Northern Ireland,,2021-01-28,132.384
Northern Ireland,,2021-01-29,135.021
Northern Ireland,,2021-01-30,135.021
Northern Ireland,,2021-01-31,127.11
Northern Ireland,,2021-02-01,126.055
Northern Ireland,,2021-02-02,121.308
Northern Ireland,,2021-02-03,114.979
Northern Ireland,,2021-02-04,108.122
Northern Ireland,,2021-02-05,96.519
Northern Ireland,,2021-02-06,90.717
Northern Ireland,,2021-02-07,88.08
Northern Ireland,,2021-02-08,82.278
Northern Ireland,,2021-02-09,69.62
Northern Ireland,,2021-02-10,65.401
Northern Ireland,,2021-02-11,68.565
Northern Ireland,,2021-02-12,65.401
Northern Ireland,,2021-02-13,61.181
Northern Ireland,,2021-02-14,58.017
Northern Ireland,,2021-02-15,58.544
Northern Ireland,,2021-02-16,59.599
Northern Ireland,,2021-02-17,56.435
Northern Ireland,,2021-02-18,56.962
Northern Ireland,,2021-02-19,62.236
Northern Ireland,,2021-02-20,62.236
Northern Ireland,,2021-02-21,62.764
Northern Ireland,,2021-02-22,60.127
Northern Ireland,,2021-02-23,62.764
Northern Ireland,,2021-02-24,64.346
Northern Ireland,,2021-02-25,59.072
Northern Ireland,,2021-02-26,50.633
Northern Ireland,,2021-02-27,47.996
Northern Ireland,,2021-02-28,47.996
Northern Ireland,,2021-03-01,43.249
Northern Ireland,,2021-03-02,39.557
Northern Ireland,,2021-03-03,39.03
Northern Ireland,,2021-03-04,36.92
Northern Ireland,,2021-03-05,35.865
Northern Ireland,,2021-03-06,36.92
Northern Ireland,,2021-03-07,35.865
Northern Ireland,,2021-03-08,34.283
Northern Ireland,,2021-03-09,29.536
Northern Ireland,,2021-03-10,27.426
Northern Ireland,,2021-03-11,28.481
Northern Ireland,,2021-03-12,29.536
Northern Ireland,,2021-03-13,29.008
Northern Ireland,,2021-03-14,27.954
Northern Ireland,,2021-03-15,29.008
Northern Ireland,,2021-03-16,31.118
Northern Ireland,,2021-03-17,29.008
Northern Ireland,,2021-03-18,25.316
Northern Ireland,,2021-03-19,24.789
Northern Ireland,,2021-03-20,21.624
Northern Ireland,,2021-03-21,23.207
Northern Ireland,,2021-03-22,22.679
Northern Ireland,,2021-03-23,21.624
Northern Ireland,,2021-03-24,22.152
Northern Ireland,,2021-03-25,21.624
Northern Ireland,,2021-03-26,20.042
Northern Ireland,,2021-03-27,21.097
Northern Ireland,,2021-03-28,18.987
Northern Ireland,,2021-03-29,21.097
Northern Ireland,,2021-03-30,18.987
Northern Ireland,,2021-03-31,16.878
Northern Ireland,,2021-04-01,18.46
Northern Ireland,,2021-04-02,18.987
Northern Ireland,,2021-04-03,18.987
Northern Ireland,,2021-04-04,17.932
Northern Ireland,,2021-04-05,13.186
Northern Ireland,,2021-04-06,14.241
Northern Ireland,,2021-04-07,15.823
Northern Ireland,,2021-04-08,13.186
Northern Ireland,,2021-04-09,11.076
Northern Ireland,,2021-04-10,12.658
Northern Ireland,,2021-04-11,12.658
Northern Ireland,,2021-04-12,12.658
Northern Ireland,,2021-04-13,12.658
Northern Ireland,,2021-04-14,11.076
Northern Ireland,,2021-04-15,12.131
Northern Ireland,,2021-04-16,13.186
Northern Ireland,,2021-04-17,10.021
Northern Ireland,,2021-04-18,8.439
Northern Ireland,,2021-04-19,8.439
Northern Ireland,,2021-04-20,7.384
Northern Ireland,,2021-04-21,10.021
Northern Ireland,,2021-04-22,10.021
Northern Ireland,,2021-04-23,10.021
Northern Ireland,,2021-04-24,12.131
Northern Ireland,,2021-04-25,14.241
Northern Ireland,,2021-04-26,15.295
Northern Ireland,,2021-04-27,15.823
Northern Ireland,,2021-04-28,14.768
Northern Ireland,,2021-04-29,14.241
Northern Ireland,,2021-04-30,15.295
Northern Ireland,,2021-05-01,13.186
Northern Ireland,,2021-05-02,11.603
Northern Ireland,,2021-05-03,12.658
Northern Ireland,,2021-05-04,12.131
Northern Ireland,,2021-05-05,11.076
Northern Ireland,,2021-05-06,11.603
Northern Ireland,,2021-05-07,8.966
Northern Ireland,,2021-05-08,8.439
Northern Ireland,,2021-05-09,8.966
Northern Ireland,,2021-05-10,8.439
Northern Ireland,,2021-05-11,8.439
Northern Ireland,,2021-05-12,7.384
Northern Ireland,,2021-05-13,6.857
Northern Ireland,,2021-05-14,8.439
Northern Ireland,,2021-05-15,7.911
Northern Ireland,,2021-05-16,6.857
Northern Ireland,,2021-05-17,7.911
Northern Ireland,,2021-05-18,7.911
Northern Ireland,,2021-05-19,8.439
Northern Ireland,,2021-05-20,7.384
Northern Ireland,,2021-05-21,5.274
Northern Ireland,,2021-05-22,6.857
Northern Ireland,,2021-05-23,7.384
Northern Ireland,,2021-05-24,6.329
Northern Ireland,,2021-05-25,6.857
Northern Ireland,,2021-05-26,6.329
Northern Ireland,,2021-05-27,6.857
Northern Ireland,,2021-05-28,7.911
Northern Ireland,,2021-05-29,6.329
Northern Ireland,,2021-05-30,5.802
Northern Ireland,,2021-05-31,3.692
Northern Ireland,,2021-06-01,2.637
Northern Ireland,,2021-06-02,3.165
Northern Ireland,,2021-06-03,3.165
Northern Ireland,,2021-06-04,2.637
Northern Ireland,,2021-06-05,2.637
Northern Ireland,,2021-06-06,3.165
Northern Ireland,,2021-06-07,4.219
Northern Ireland,,2021-06-08,5.274
Northern Ireland,,2021-06-09,4.219
Northern Ireland,,2021-06-10,4.219
Northern Ireland,,2021-06-11,4.747
Northern Ireland,,2021-06-12,5.274
Northern Ireland,,2021-06-13,5.274
Northern Ireland,,2021-06-14,4.219
Northern Ireland,,2021-06-15,3.165
Northern Ireland,,2021-06-16,4.747
Northern Ireland,,2021-06-17,5.274
Northern Ireland,,2021-06-18,4.219
Northern Ireland,,2021-06-19,4.219
Northern Ireland,,2021-06-20,3.692
Northern Ireland,,2021-06-21,5.274
Northern Ireland,,2021-06-22,5.274
Northern Ireland,,2021-06-23,4.747
Northern Ireland,,2021-06-24,4.747
Northern Ireland,,2021-06-25,5.802
Northern Ireland,,2021-06-26,7.911
Northern Ireland,,2021-06-27,8.439
Northern Ireland,,2021-06-28,9.494
Northern Ireland,,2021-06-29,12.131
Northern Ireland,,2021-06-30,15.823
Northern Ireland,,2021-07-01,17.405
Northern Ireland,,2021-07-02,17.932
Northern Ireland,,2021-07-03,16.878
Northern Ireland,,2021-07-04,17.405
Northern Ireland,,2021-07-05,18.987
Northern Ireland,,2021-07-06,21.624
Northern Ireland,,2021-07-07,20.57
Northern Ireland,,2021-07-08,24.262
Northern Ireland,,2021-07-09,26.899
Northern Ireland,,2021-07-10,30.591
Northern Ireland,,2021-07-11,34.81
Northern Ireland,,2021-07-12,36.392
Northern Ireland,,2021-07-13,35.865
Northern Ireland,,2021-07-14,43.776
Northern Ireland,,2021-07-15,48.523
Northern Ireland,,2021-07-16,53.797
Northern Ireland,,2021-07-17,55.38
Northern Ireland,,2021-07-18,61.181
Northern Ireland,,2021-07-19,71.73
Northern Ireland,,2021-07-20,80.169
Northern Ireland,,2021-07-21,88.08
Northern Ireland,,2021-07-22,102.321
Northern Ireland,,2021-07-23,109.705
Northern Ireland,,2021-07-24,115.506
Northern Ireland,,2021-07-25,124.473
Northern Ireland,,2021-07-26,128.692
Northern Ireland,,2021-07-27,128.692
Northern Ireland,,2021-07-28,130.802
Northern Ireland,,2021-07-29,120.781
Northern Ireland,,2021-07-30,121.835
Northern Ireland,,2021-07-31,124.473
Northern Ireland,,2021-08-01,122.363
Northern Ireland,,2021-08-02,119.726
Northern Ireland,,2021-08-03,118.143
Northern Ireland,,2021-08-04,114.451
Northern Ireland,,2021-08-05,116.034
Northern Ireland,,2021-08-06,113.397
Northern Ireland,,2021-08-07,112.342
Northern Ireland,,2021-08-08,110.232
Northern Ireland,,2021-08-09,108.65
Northern Ireland,,2021-08-10,113.397
Northern Ireland,,2021-08-11,113.397
Northern Ireland,,2021-08-12,119.198
Northern Ireland,,2021-08-13,120.253
Northern Ireland,,2021-08-14,122.89
Northern Ireland,,2021-08-15,122.363
Northern Ireland,,2021-08-16,128.165
Northern Ireland,,2021-08-17,131.857
Northern Ireland,,2021-08-18,130.802
Northern Ireland,,2021-08-19,123.418
Northern Ireland,,2021-08-20,124.473
Northern Ireland,,2021-08-21,127.11
Northern Ireland,,2021-08-22,130.274
Northern Ireland,,2021-08-23,130.274
Northern Ireland,,2021-08-24,129.219
Northern Ireland,,2021-08-25,136.076
Northern Ireland,,2021-08-26,140.823
Northern Ireland,,2021-08-27,146.624
Northern Ireland,,2021-08-28,142.405
Northern Ireland,,2021-08-29,140.295
Northern Ireland,,2021-08-30,135.549
Northern Ireland,,2021-08-31,134.494
Northern Ireland,,2021-09-01,129.219
Northern Ireland,,2021-09-02,125
Northern Ireland,,2021-09-03,123.945
Northern Ireland,,2021-09-04,122.89
Northern Ireland,,2021-09-05,121.835
Northern Ireland,,2021-09-06,126.055
Northern Ireland,,2021-09-07,127.11
Northern Ireland,,2021-09-08,132.384
Northern Ireland,,2021-09-09,134.494
Northern Ireland,,2021-09-10,123.418
Northern Ireland,,2021-09-11,122.89
Northern Ireland,,2021-09-12,120.253
Northern Ireland,,2021-09-13,113.924
Northern Ireland,,2021-09-14,104.958
Northern Ireland,,2021-09-15,97.046
Northern Ireland,,2021-09-16,91.245
Northern Ireland,,2021-09-17,92.3
Northern Ireland,,2021-09-18,87.025
Northern Ireland,,2021-09-19,82.278
Northern Ireland,,2021-09-20,81.224
Northern Ireland,,2021-09-21,84.388
Northern Ireland,,2021-09-22,80.169
Northern Ireland,,2021-09-23,78.586
Northern Ireland,,2021-09-24,74.367
Northern Ireland,,2021-09-25,76.477
Northern Ireland,,2021-09-26,78.059
Northern Ireland,,2021-09-27,77.004
Northern Ireland,,2021-09-28,72.785
Northern Ireland,,2021-09-29,72.785
Northern Ireland,,2021-09-30,69.093
Northern Ireland,,2021-10-01,74.367
Northern Ireland,,2021-10-02,73.84
Northern Ireland,,2021-10-03,73.84
Northern Ireland,,2021-10-04,72.785
Northern Ireland,,2021-10-05,76.477
Northern Ireland,,2021-10-06,78.586
Northern Ireland,,2021-10-07,85.97
Northern Ireland,,2021-10-08,85.443
Northern Ireland,,2021-10-09,88.08
Northern Ireland,,2021-10-10,84.916
Northern Ireland,,2021-10-11,84.388
Northern Ireland,,2021-10-12,85.97
Northern Ireland,,2021-10-13,82.806
Northern Ireland,,2021-10-14,77.004
Northern Ireland,,2021-10-15,74.895
Northern Ireland,,2021-10-16,70.675
Northern Ireland,,2021-10-17,79.641
Northern Ireland,,2021-10-18,82.278
Northern Ireland,,2021-10-19,83.861
Northern Ireland,,2021-10-20,84.916
Northern Ireland,,2021-10-21,88.608
Northern Ireland,,2021-10-22,86.498
Northern Ireland,,2021-10-23,89.662
Northern Ireland,,2021-10-24,82.806
Northern Ireland,,2021-10-25,82.806
Northern Ireland,,2021-10-26,77.532
Northern Ireland,,2021-10-27,81.751
Northern Ireland,,2021-10-28,84.388
Northern Ireland,,2021-10-29,85.443
Northern Ireland,,2021-10-30,83.333
Northern Ireland,,2021-10-31,86.498
Northern Ireland,,2021-11-01,81.751
Northern Ireland,,2021-11-02,85.97
Northern Ireland,,2021-11-03,81.224
Northern Ireland,,2021-11-04,76.477
Northern Ireland,,2021-11-05,78.586
Northern Ireland,,2021-11-06,79.641
Northern Ireland,,2021-11-07,77.532
Northern Ireland,,2021-11-08,78.586
Northern Ireland,,2021-11-09,76.477
Northern Ireland,,2021-11-10,79.114
Northern Ireland,,2021-11-11,78.059
Northern Ireland,,2021-11-12,76.477
Northern Ireland,,2021-11-13,80.169
Northern Ireland,,2021-11-14,81.224
Northern Ireland,,2021-11-15,81.751
Northern Ireland,,2021-11-16,76.477
Northern Ireland,,2021-11-17,75.422
Northern Ireland,,2021-11-18,78.586
Northern Ireland,,2021-11-19,82.278
Northern Ireland,,2021-11-20,79.114
Northern Ireland,,2021-11-21,76.477
Northern Ireland,,2021-11-22,76.477
Northern Ireland,,2021-11-23,79.114
Northern Ireland,,2021-11-24,77.004
Northern Ireland,,2021-11-25,73.84
Northern Ireland,,2021-11-26,69.62
Northern Ireland,,2021-11-27,65.401
Northern Ireland,,2021-11-28,68.565
Northern Ireland,,2021-11-29,66.456
Northern Ireland,,2021-11-30,71.73
Northern Ireland,,2021-12-01,68.565
Northern Ireland,,2021-12-02,71.73
Northern Ireland,,2021-12-03,74.895
Northern Ireland,,2021-12-04,78.586
Northern Ireland,,2021-12-05,78.059
Northern Ireland,,2021-12-06,81.751
Northern Ireland,,2021-12-07,75.949
Northern Ireland,,2021-12-08,82.278
Northern Ireland,,2021-12-09,79.114
Northern Ireland,,2021-12-10,76.477
Northern Ireland,,2021-12-11,77.004
Northern Ireland,,2021-12-12,77.532
Northern Ireland,,2021-12-13,73.312
Northern Ireland,,2021-12-14,72.257
Northern Ireland,,2021-12-15,68.038
Northern Ireland,,2021-12-16,68.565
Northern Ireland,,2021-12-17,66.983
Northern Ireland,,2021-12-18,64.346
Northern Ireland,,2021-12-19,59.599
Northern Ireland,,2021-12-20,56.962
Northern Ireland,,2021-12-21,55.38
Northern Ireland,,2021-12-22,56.962
Northern Ireland,,2021-12-23,56.962
Northern Ireland,,2021-12-24,60.654
Northern Ireland,,2021-12-25,61.709
Northern Ireland,,2021-12-26,65.401
Northern Ireland,,2021-12-27,74.367
Northern Ireland,,2021-12-28,77.532
Northern Ireland,,2021-12-29,88.608
Northern Ireland,,2021-12-30,95.992
Northern Ireland,,2021-12-31,104.43
Northern Ireland,,2022-01-01,111.287
Northern Ireland,,2022-01-02,112.342
Northern Ireland,,2022-01-03,113.924
Northern Ireland,,2022-01-04,123.418
Northern Ireland,,2022-01-05,118.143
Northern Ireland,,2022-01-06,123.418
Northern Ireland,,2022-01-07,117.089
Northern Ireland,,2022-01-08,116.561
Northern Ireland,,2022-01-09,120.781
Northern Ireland,,2022-01-10,127.11
Northern Ireland,,2022-01-11,123.945
Northern Ireland,,2022-01-12,120.781
Northern Ireland,,2022-01-13,116.034
Northern Ireland,,2022-01-14,114.451
Northern Ireland,,2022-01-15,111.814
Northern Ireland,,2022-01-16,106.54
Northern Ireland,,2022-01-17,95.464
Northern Ireland,,2022-01-18,93.882
Northern Ireland,,2022-01-19,89.135
Northern Ireland,,2022-01-20,83.861
Northern Ireland,,2022-01-21,87.553
Northern Ireland,,2022-01-22,82.806
Northern Ireland,,2022-01-23,85.97
Northern Ireland,,2022-01-24,84.388
Northern Ireland,,2022-01-25,80.169
Northern Ireland,,2022-01-26,87.025
Northern Ireland,,2022-01-27,85.443
Northern Ireland,,2022-01-28,75.949
Northern Ireland,,2022-01-29,75.422
Northern Ireland,,2022-01-30,73.84
Northern Ireland,,2022-01-31,77.532
Northern Ireland,,2022-02-01,79.114
Northern Ireland,,2022-02-02,77.532
Northern Ireland,,2022-02-03,80.696
Northern Ireland,,2022-02-04,87.553
Northern Ireland,,2022-02-05,91.772
Northern Ireland,,2022-02-06,88.608
Northern Ireland,,2022-02-07,88.608
Northern Ireland,,2022-02-08,92.3
Northern Ireland,,2022-02-09,97.574
Northern Ireland,,2022-02-10,97.046
Northern Ireland,,2022-02-11,96.519
Northern Ireland,,2022-02-12,100.738
Northern Ireland,,2022-02-13,104.958
Northern Ireland,,2022-02-14,102.321
Northern Ireland,,2022-02-15,99.156
Northern Ireland,,2022-02-16,102.321
Northern Ireland,,2022-02-17,102.848
Northern Ireland,,2022-02-18,102.848
Northern Ireland,,2022-02-19,107.068
Northern Ireland,,2022-02-20,108.65
Northern Ireland,,2022-02-21,110.232
Northern Ireland,,2022-02-22,108.122
Northern Ireland,,2022-02-23,98.629
Northern Ireland,,2022-02-24,93.354
Northern Ireland,,2022-02-25,90.717
Northern Ireland,,2022-02-26,86.498
Northern Ireland,,2022-02-27,82.278
Northern Ireland,,2022-02-28,84.916
Northern Ireland,,2022-03-01,89.135
Northern Ireland,,2022-03-02,91.245
Northern Ireland,,2022-03-03,98.101
Northern Ireland,,2022-03-04,106.54
Northern Ireland,,2022-03-05,102.848
Northern Ireland,,2022-03-06,105.485
Northern Ireland,,2022-03-07,101.266
Northern Ireland,,2022-03-08,102.848
Northern Ireland,,2022-03-09,99.684
Northern Ireland,,2022-03-10,97.046
Northern Ireland,,2022-03-11,93.354
Northern Ireland,,2022-03-12,91.245
Northern Ireland,,2022-03-13,88.608
Northern Ireland,,2022-03-14,92.3
Northern Ireland,,2022-03-15,87.553
Northern Ireland,,2022-03-16,89.135
Northern Ireland,,2022-03-17,89.135
Northern Ireland,,2022-03-18,88.608
Northern Ireland,,2022-03-19,89.662
Northern Ireland,,2022-03-20,90.19
Northern Ireland,,2022-03-21,87.025
Northern Ireland,,2022-03-22,90.717
Northern Ireland,,2022-03-23,94.409
Northern Ireland,,2022-03-24,97.574
Northern Ireland,,2022-03-25,97.046
Northern Ireland,,2022-03-26,97.574
Northern Ireland,,2022-03-27,95.992
Northern Ireland,,2022-03-28,98.101
Northern Ireland,,2022-03-29,91.772
Northern Ireland,,2022-03-30,85.443
Northern Ireland,,2022-03-31,78.586
Northern Ireland,,2022-04-01,77.532
Northern Ireland,,2022-04-02,77.532
Northern Ireland,,2022-04-03,76.477
Northern Ireland,,2022-04-04,75.949
Northern Ireland,,2022-04-05,80.696
Northern Ireland,,2022-04-06,80.696
Northern Ireland,,2022-04-07,78.586
Northern Ireland,,2022-04-08,75.422
Northern Ireland,,2022-04-09,68.565
Northern Ireland,,2022-04-10,71.203
Northern Ireland,,2022-04-11,65.401
Northern Ireland,,2022-04-12,58.544
Northern Ireland,,2022-04-13,55.38
Northern Ireland,,2022-04-14,56.962
Northern Ireland,,2022-04-15,54.325
Northern Ireland,,2022-04-16,53.27
Northern Ireland,,2022-04-17,47.468
Northern Ireland,,2022-04-18,44.304
Northern Ireland,,2022-04-19,43.249
Northern Ireland,,2022-04-20,38.502
Northern Ireland,,2022-04-21,37.975
Northern Ireland,,2022-04-22,36.392
Northern Ireland,,2022-04-23,36.392
Northern Ireland,,2022-04-24,35.865
Northern Ireland,,2022-04-25,35.865
Northern Ireland,,2022-04-26,36.392
Northern Ireland,,2022-04-27,36.92
Northern Ireland,,2022-04-28,33.228
Northern Ireland,,2022-04-29,30.591
Northern Ireland,,2022-04-30,28.481
Northern Ireland,,2022-05-01,26.899
Northern Ireland,,2022-05-02,25.316
Northern Ireland,,2022-05-03,22.152
Northern Ireland,,2022-05-04,21.624
Northern Ireland,,2022-05-05,18.46
Northern Ireland,,2022-05-06,18.46
Northern Ireland,,2022-05-07,20.57
Northern Ireland,,2022-05-08,19.515
Northern Ireland,,2022-05-09,19.515
Northern Ireland,,2022-05-10,20.57
Northern Ireland,,2022-05-11,19.515
Northern Ireland,,2022-05-12,21.097
Northern Ireland,,2022-05-13,20.57
Northern Ireland,,2022-05-14,20.57
Northern Ireland,,2022-05-15,22.152
Northern Ireland,,2022-05-16,24.789
Northern Ireland,,2022-05-17,22.152
Northern Ireland,,2022-05-18,23.734
Northern Ireland,,2022-05-19,24.262
Northern Ireland,,2022-05-20,23.207
Northern Ireland,,2022-05-21,20.57
Northern Ireland,,2022-05-22,22.152
Northern Ireland,,2022-05-23,22.679
Northern Ireland,,2022-05-24,22.679
Northern Ireland,,2022-05-25,21.624
Northern Ireland,,2022-05-26,20.57
Northern Ireland,,2022-05-27,21.624
Northern Ireland,,2022-05-28,22.679
Northern Ireland,,2022-05-29,18.987
Northern Ireland,,2022-05-30,14.768
Northern Ireland,,2022-05-31,15.823
Northern Ireland,,2022-06-01,19.515
Northern Ireland,,2022-06-02,19.515
Northern Ireland,,2022-06-03,20.57
Northern Ireland,,2022-06-04,21.624
Northern Ireland,,2022-06-05,26.371
Northern Ireland,,2022-06-06,29.008
Northern Ireland,,2022-06-07,37.447
Northern Ireland,,2022-06-08,36.392
Northern Ireland,,2022-06-09,40.084
Northern Ireland,,2022-06-10,44.304
Northern Ireland,,2022-06-11,47.996
Northern Ireland,,2022-06-12,46.941
Northern Ireland,,2022-06-13,47.996
Northern Ireland,,2022-06-14,45.359
Northern Ireland,,2022-06-15,51.16
Northern Ireland,,2022-06-16,54.852
Northern Ireland,,2022-06-17,54.325
Northern Ireland,,2022-06-18,52.215
Northern Ireland,,2022-06-19,57.489
Northern Ireland,,2022-06-20,60.127
Northern Ireland,,2022-06-21,66.456
Northern Ireland,,2022-06-22,65.401
Northern Ireland,,2022-06-23,67.511
Northern Ireland,,2022-06-24,72.785
Northern Ireland,,2022-06-25,80.169
Northern Ireland,,2022-06-26,78.586
Northern Ireland,,2022-06-27,82.278
Northern Ireland,,2022-06-28,77.532
Northern Ireland,,2022-06-29,83.333
Northern Ireland,,2022-06-30,89.662
Northern Ireland,,2022-07-01,85.97
Northern Ireland,,2022-07-02,91.245
Northern Ireland,,2022-07-03,99.684
Northern Ireland,,2022-07-04,105.485
Northern Ireland,,2022-07-05,113.397
Northern Ireland,,2022-07-06,115.506
Northern Ireland,,2022-07-07,112.869
Northern Ireland,,2022-07-08,120.253
Northern Ireland,,2022-07-09,118.143
Northern Ireland,,2022-07-10,121.308
Northern Ireland,,2022-07-11,119.198
Northern Ireland,,2022-07-12,114.451
Northern Ireland,,2022-07-13,109.177
Northern Ireland,,2022-07-14,107.595
Northern Ireland,,2022-07-15,107.595
Northern Ireland,,2022-07-16,101.793
Northern Ireland,,2022-07-17,86.498
Northern Ireland,,2022-07-18,91.245
Northern Ireland,,2022-07-19,91.245
Northern Ireland,,2022-07-20,92.3
Northern Ireland,,2022-07-21,87.025
Northern Ireland,,2022-07-22,81.224
Northern Ireland,,2022-07-23,76.477
Northern Ireland,,2022-07-24,79.114
Northern Ireland,,2022-07-25,68.038
Northern Ireland,,2022-07-26,61.709
Northern Ireland,,2022-07-27,55.38
Northern Ireland,,2022-07-28,51.688
Northern Ireland,,2022-07-29,46.414
Northern Ireland,,2022-07-30,49.578
Northern Ireland,,2022-07-31,49.051
Northern Ireland,,2022-08-01,43.776
Northern Ireland,,2022-08-02,41.667
Northern Ireland,,2022-08-03,42.194
Northern Ireland,,2022-08-04,42.722
Northern Ireland,,2022-08-05,42.194
Northern Ireland,,2022-08-06,38.502
Northern Ireland,,2022-08-07,35.865
Northern Ireland,,2022-08-08,38.502
Northern Ireland,,2022-08-09,37.975
Northern Ireland,,2022-08-10,36.92
Northern Ireland,,2022-08-11,40.612
Northern Ireland,,2022-08-12,41.667
Northern Ireland,,2022-08-13,42.194
Northern Ireland,,2022-08-14,43.249
Northern Ireland,,2022-08-15,41.667
Northern Ireland,,2022-08-16,41.667
Northern Ireland,,2022-08-17,36.92
Northern Ireland,,2022-08-18,32.173
Northern Ireland,,2022-08-19,30.591
Northern Ireland,,2022-08-20,27.954
Northern Ireland,,2022-08-21,27.426
Northern Ireland,,2022-08-22,26.371
Northern Ireland,,2022-08-23,25.316
Northern Ireland,,2022-08-24,26.899
Northern Ireland,,2022-08-25,30.591
Northern Ireland,,2022-08-26,30.591
Northern Ireland,,2022-08-27,31.646
Northern Ireland,,2022-08-28,31.118
Northern Ireland,,2022-08-29,31.118
Northern Ireland,,2022-08-30,30.063
Northern Ireland,,2022-08-31,28.481
Northern Ireland,,2022-09-01,27.426
Northern Ireland,,2022-09-02,26.899
Northern Ireland,,2022-09-03,25.844
Northern Ireland,,2022-09-04,24.262
Northern Ireland,,2022-09-05,26.371
Northern Ireland,,2022-09-06,30.591
Northern Ireland,,2022-09-07,33.755
Northern Ireland,,2022-09-08,31.646
Northern Ireland,,2022-09-09,32.173
Northern Ireland,,2022-09-10,31.646
Northern Ireland,,2022-09-11,31.646
Northern Ireland,,2022-09-12,28.481
Northern Ireland,,2022-09-13,25.316
Northern Ireland,,2022-09-14,24.262
Northern Ireland,,2022-09-15,23.207
Northern Ireland,,2022-09-16,23.734
Northern Ireland,,2022-09-17,24.789
Northern Ireland,,2022-09-18,28.481
Northern Ireland,,2022-09-19,31.118
Northern Ireland,,2022-09-20,31.118
Northern Ireland,,2022-09-21,31.118
Northern Ireland,,2022-09-22,33.228
Northern Ireland,,2022-09-23,35.338
Northern Ireland,,2022-09-24,37.447
Northern Ireland,,2022-09-25,35.338
Northern Ireland,,2022-09-26,37.975
Northern Ireland,,2022-09-27,39.03
Northern Ireland,,2022-09-28,40.612
Northern Ireland,,2022-09-29,42.194
Northern Ireland,,2022-09-30,41.139
Northern Ireland,,2022-10-01,42.194
Northern Ireland,,2022-10-02,40.612
Northern Ireland,,2022-10-03,38.502
Northern Ireland,,2022-10-04,42.722
Northern Ireland,,2022-10-05,45.886
Northern Ireland,,2022-10-06,45.886
Northern Ireland,,2022-10-07,47.468
Northern Ireland,,2022-10-08,50.105
Northern Ireland,,2022-10-09,53.27
Northern Ireland,,2022-10-10,51.688
Northern Ireland,,2022-10-11,51.688
Northern Ireland,,2022-10-12,49.578
Northern Ireland,,2022-10-13,47.996
Northern Ireland,,2022-10-14,47.468
Northern Ireland,,2022-10-15,47.996
Northern Ireland,,2022-10-16,46.414
Northern Ireland,,2022-10-17,49.578
Northern Ireland,,2022-10-18,47.996
Northern Ireland,,2022-10-19,48.523
Northern Ireland,,2022-10-20,49.051
Northern Ireland,,2022-10-21,52.215
Northern Ireland,,2022-10-22,50.633
Northern Ireland,,2022-10-23,51.688
Northern Ireland,,2022-10-24,51.16
Northern Ireland,,2022-10-25,48.523
Northern Ireland,,2022-10-26,46.414
Northern Ireland,,2022-10-27,44.304
Northern Ireland,,2022-10-28,39.03
Northern Ireland,,2022-10-29,37.975
Northern Ireland,,2022-10-30,35.865
Northern Ireland,,2022-10-31,32.173
Northern Ireland,,2022-11-01,33.755
Northern Ireland,,2022-11-02,29.536
Northern Ireland,,2022-11-03,29.008
Northern Ireland,,2022-11-04,29.536
Northern Ireland,,2022-11-05,24.789
Northern Ireland,,2022-11-06,25.316
Northern Ireland,,2022-11-07,26.899
Northern Ireland,,2022-11-08,24.789
Northern Ireland,,2022-11-09,27.954
Northern Ireland,,2022-11-10,28.481
Northern Ireland,,2022-11-11,27.954
Northern Ireland,,2022-11-12,31.646
Northern Ireland,,2022-11-13,32.7
Northern Ireland,,2022-11-14,30.591
Northern Ireland,,2022-11-15,30.591
Northern Ireland,,2022-11-16,28.481
Northern Ireland,,2022-11-17,29.008
Northern Ireland,,2022-11-18,30.063
Northern Ireland,,2022-11-19,29.536
Northern Ireland,,2022-11-20,27.954
Northern Ireland,,2022-11-21,30.063
Northern Ireland,,2022-11-22,33.228
Northern Ireland,,2022-11-23,35.338
Northern Ireland,,2022-11-24,35.865
Northern Ireland,,2022-11-25,32.7
Northern Ireland,,2022-11-26,30.063
Northern Ireland,,2022-11-27,30.063
Northern Ireland,,2022-11-28,29.536
Northern Ireland,,2022-11-29,25.844
Northern Ireland,,2022-11-30,26.899
Northern Ireland,,2022-12-01,27.954
Northern Ireland,,2022-12-02,27.426
Northern Ireland,,2022-12-03,26.371
Northern Ireland,,2022-12-04,26.899
Northern Ireland,,2022-12-05,24.789
Northern Ireland,,2022-12-06,24.789
Northern Ireland,,2022-12-07,25.316
Northern Ireland,,2022-12-08,23.734
Northern Ireland,,2022-12-09,26.371
Northern Ireland,,2022-12-10,30.591
Northern Ireland,,2022-12-11,32.173
Northern Ireland,,2022-12-12,37.975
Northern Ireland,,2022-12-13,43.776
Northern Ireland,,2022-12-14,46.414
Northern Ireland,,2022-12-15,50.105
Northern Ireland,,2022-12-16,56.435
Northern Ireland,,2022-12-17,56.962
Northern Ireland,,2022-12-18,60.654
Northern Ireland,,2022-12-19,64.346
Northern Ireland,,2022-12-20,61.709
Northern Ireland,,2022-12-21,63.291
Northern Ireland,,2022-12-22,64.873
Northern Ireland,,2022-12-23,64.873
Northern Ireland,,2022-12-24,65.401
Northern Ireland,,2022-12-25,61.181
Northern Ireland,,2022-12-26,62.764
Northern Ireland,,2022-12-27,68.565
Northern Ireland,,2022-12-28,72.257
Northern Ireland,,2022-12-29,73.84
Northern Ireland,,2022-12-30,78.586
Northern Ireland,,2022-12-31,88.08
Northern Ireland,,2023-01-01,97.046
Northern Ireland,,2023-01-02,94.409
Northern Ireland,,2023-01-03,88.608
Northern Ireland,,2023-01-04,89.662
Northern Ireland,,2023-01-05,89.135
Northern Ireland,,2023-01-06,82.278
Northern Ireland,,2023-01-07,74.895
Northern Ireland,,2023-01-08,65.401
Northern Ireland,,2023-01-09,64.873
Northern Ireland,,2023-01-10,66.983
Northern Ireland,,2023-01-11,57.489
Northern Ireland,,2023-01-12,53.797
Northern Ireland,,2023-01-13,52.743
Northern Ireland,,2023-01-14,51.16
Northern Ireland,,2023-01-15,52.215
Northern Ireland,,2023-01-16,47.996
Northern Ireland,,2023-01-17,45.359
Northern Ireland,,2023-01-18,43.776
Northern Ireland,,2023-01-19,38.502
Northern Ireland,,2023-01-20,33.755
Northern Ireland,,2023-01-21,28.481
Northern Ireland,,2023-01-22,24.789
Northern Ireland,,2023-01-23,20.042
Northern Ireland,,2023-01-24,15.823
Northern Ireland,,2023-01-25,15.295
Northern Ireland,,2023-01-26,16.878
Northern Ireland,,2023-01-27,14.768
Northern Ireland,,2023-01-28,13.186
Northern Ireland,,2023-01-29,14.241
Northern Ireland,,2023-01-30,16.878
Northern Ireland,,2023-01-31,18.46
Northern Ireland,,2023-02-01,16.878
Northern Ireland,,2023-02-02,14.768
Northern Ireland,,2023-02-03,14.768
Northern Ireland,,2023-02-04,17.405
Northern Ireland,,2023-02-05,16.878
Northern Ireland,,2023-02-06,14.768
Northern Ireland,,2023-02-07,12.658
Northern Ireland,,2023-02-08,12.131
Northern Ireland,,2023-02-09,13.713
Northern Ireland,,2023-02-10,13.713
Northern Ireland,,2023-02-11,13.713
Northern Ireland,,2023-02-12,14.241
Northern Ireland,,2023-02-13,15.823
Northern Ireland,,2023-02-14,18.987
Northern Ireland,,2023-02-15,20.57
Northern Ireland,,2023-02-16,19.515
Northern Ireland,,2023-02-17,21.097
Northern Ireland,,2023-02-18,20.57
Northern Ireland,,2023-02-19,18.987
Northern Ireland,,2023-02-20,17.932
Northern Ireland,,2023-02-21,15.295
Northern Ireland,,2023-02-22,13.713
Northern Ireland,,2023-02-23,12.658
Northern Ireland,,2023-02-24,13.186
Northern Ireland,,2023-02-25,13.713
Northern Ireland,,2023-02-26,13.713
Northern Ireland,,2023-02-27,13.713
Northern Ireland,,2023-02-28,14.241
Northern Ireland,,2023-03-01,15.823
Northern Ireland,,2023-03-02,16.35
Northern Ireland,,2023-03-03,18.987
Northern Ireland,,2023-03-04,18.46
Northern Ireland,,2023-03-05,20.57
Northern Ireland,,2023-03-06,21.624
Northern Ireland,,2023-03-07,21.624
Northern Ireland,,2023-03-08,23.207
Northern Ireland,,2023-03-09,25.844
Northern Ireland,,2023-03-10,24.262
Northern Ireland,,2023-03-11,25.316
Northern Ireland,,2023-03-12,24.262
Northern Ireland,,2023-03-13,25.844
Northern Ireland,,2023-03-14,27.426
Northern Ireland,,2023-03-15,26.371
Northern Ireland,,2023-03-16,27.426
Northern Ireland,,2023-03-17,27.426
Northern Ireland,,2023-03-18,28.481
Northern Ireland,,2023-03-19,29.536
Northern Ireland,,2023-03-20,30.063
Northern Ireland,,2023-03-21,35.338
Northern Ireland,,2023-03-22,37.447
Northern Ireland,,2023-03-23,39.03
Northern Ireland,,2023-03-24,41.667
Northern Ireland,,2023-03-25,41.667
Northern Ireland,,2023-03-26,43.776
Northern Ireland,,2023-03-27,43.776
Northern Ireland,,2023-03-28,41.139
Northern Ireland,,2023-03-29,41.667
Northern Ireland,,2023-03-30,40.612
Northern Ireland,,2023-03-31,38.502
Northern Ireland,,2023-04-01,39.03
Northern Ireland,,2023-04-02,39.03
Northern Ireland,,2023-04-03,41.139
Northern Ireland,,2023-04-04,41.139
Northern Ireland,,2023-04-05,39.03
Northern Ireland,,2023-04-06,36.92
Northern Ireland,,2023-04-07,38.502
Northern Ireland,,2023-04-08,39.03
Northern Ireland,,2023-04-09,37.447
Northern Ireland,,2023-04-10,36.92
Northern Ireland,,2023-04-11,32.7
Northern Ireland,,2023-04-12,33.228
Northern Ireland,,2023-04-13,33.755
Northern Ireland,,2023-04-14,32.173
Northern Ireland,,2023-04-15,29.536
Northern Ireland,,2023-04-16,32.173
Northern Ireland,,2023-04-17,32.173
Northern Ireland,,2023-04-18,32.7
Northern Ireland,,2023-04-19,31.118
Northern Ireland,,2023-04-20,31.118
Northern Ireland,,2023-04-21,29.536
Northern Ireland,,2023-04-22,29.536
Northern Ireland,,2023-04-23,26.371
Northern Ireland,,2023-04-24,24.262
Northern Ireland,,2023-04-25,24.262
Northern Ireland,,2023-04-26,25.316
Northern Ireland,,2023-04-27,25.316
Northern Ireland,,2023-04-28,25.844
Northern Ireland,,2023-04-29,27.426
Northern Ireland,,2023-04-30,27.426
Northern Ireland,,2023-05-01,24.262
Northern Ireland,,2023-05-02,22.152
Northern Ireland,,2023-05-03,20.042
Northern Ireland,,2023-05-04,17.932
Northern Ireland,,2023-05-05,17.932
Northern Ireland,,2023-05-06,15.295
Northern Ireland,,2023-05-07,15.823
Northern Ireland,,2023-05-08,17.405
Northern Ireland,,2023-05-09,18.987
Northern Ireland,,2023-05-10,20.57
Northern Ireland,,2023-05-11,22.679
Northern Ireland,,2023-05-12,23.207
Northern Ireland,,2023-05-13,23.734
Northern Ireland,,2023-05-14,22.152
Northern Ireland,,2023-05-15,21.624
Northern Ireland,,2023-05-16,21.624
Northern Ireland,,2023-05-17,18.987
Northern Ireland,,2023-05-18,17.405
Northern Ireland,,2023-05-19,14.241
Northern Ireland,,2023-05-20,13.713
Northern Ireland,,2023-05-21,12.658
Northern Ireland,,2023-05-22,12.131
Northern Ireland,,2023-05-23,12.658
Northern Ireland,,2023-05-24,14.768
Northern Ireland,,2023-05-25,15.295
Northern Ireland,,2023-05-26,16.35
Northern Ireland,,2023-05-27,15.823
Northern Ireland,,2023-05-28,18.46
Northern Ireland,,2023-05-29,17.932
Northern Ireland,,2023-05-30,16.878
Northern Ireland,,2023-05-31,15.295
Northern Ireland,,2023-06-01,12.658
Northern Ireland,,2023-06-02,10.549
Northern Ireland,,2023-06-03,10.549
Northern Ireland,,2023-06-04,8.439
Northern Ireland,,2023-06-05,9.494
Northern Ireland,,2023-06-06,9.494
Northern Ireland,,2023-06-07,10.021
Northern Ireland,,2023-06-08,11.076
Northern Ireland,,2023-06-09,12.131
Northern Ireland,,2023-06-10,12.131
Northern Ireland,,2023-06-11,11.603
Northern Ireland,,2023-06-12,12.131
Northern Ireland,,2023-06-13,11.603
Northern Ireland,,2023-06-14,13.186
Northern Ireland,,2023-06-15,12.131
Northern Ireland,,2023-06-16,13.186
Northern Ireland,,2023-06-17,12.658
Northern Ireland,,2023-06-18,12.131
Northern Ireland,,2023-06-19,10.021
Northern Ireland,,2023-06-20,8.966
Northern Ireland,,2023-06-21,7.911
Northern Ireland,,2023-06-22,8.439
Northern Ireland,,2023-06-23,7.384
Northern Ireland,,2023-06-24,6.857
Northern Ireland,,2023-06-25,6.857
Northern Ireland,,2023-06-26,6.857
Northern Ireland,,2023-06-27,6.857
Northern Ireland,,2023-06-28,5.274
Northern Ireland,,2023-06-29,4.747
Northern Ireland,,2023-06-30,3.692
Northern Ireland,,2023-07-01,3.165
Northern Ireland,,2023-07-02,2.637
Northern Ireland,,2023-07-03,2.11
Northern Ireland,,2023-07-04,4.219
Northern Ireland,,2023-07-05,4.747
Northern Ireland,,2023-07-06,4.747
Northern Ireland,,2023-07-07,7.384
Northern Ireland,,2023-07-08,8.966
Northern Ireland,,2023-07-09,9.494
Northern Ireland,,2023-07-10,11.076
Northern Ireland,,2023-07-11,10.549
Northern Ireland,,2023-07-12,10.021
Northern Ireland,,2023-07-13,11.603
Northern Ireland,,2023-07-14,10.549
Northern Ireland,,2023-07-15,9.494
Northern Ireland,,2023-07-16,13.186
Northern Ireland,,2023-07-17,14.241
Northern Ireland,,2023-07-18,14.241
Northern Ireland,,2023-07-19,15.823
Northern Ireland,,2023-07-20,15.823
Northern Ireland,,2023-07-21,16.35
Northern Ireland,,2023-07-22,16.878
Northern Ireland,,2023-07-23,14.768
Northern Ireland,,2023-07-24,14.241
Northern Ireland,,2023-07-25,14.241
Northern Ireland,,2023-07-26,15.823
Northern Ireland,,2023-07-27,16.878
Northern Ireland,,2023-07-28,16.35
Northern Ireland,,2023-07-29,16.878
Northern Ireland,,2023-07-30,18.46
Northern Ireland,,2023-07-31,20.042
Northern Ireland,,2023-08-01,23.207
Northern Ireland,,2023-08-02,25.844
Northern Ireland,,2023-08-03,27.426
Northern Ireland,,2023-08-04,27.426
Northern Ireland,,2023-08-05,29.008
Northern Ireland,,2023-08-06,27.954
Northern Ireland,,2023-08-07,31.646
Northern Ireland,,2023-08-08,33.228
Northern Ireland,,2023-08-09,31.118
Northern Ireland,,2023-08-10,33.228
Northern Ireland,,2023-08-11,36.92
Northern Ireland,,2023-08-12,37.447
Northern Ireland,,2023-08-13,42.194
Northern Ireland,,2023-08-14,40.084
Northern Ireland,,2023-08-15,39.557
Northern Ireland,,2023-08-16,40.084
Northern Ireland,,2023-08-17,40.084
Northern Ireland,,2023-08-18,41.139
Northern Ireland,,2023-08-19,42.194
Northern Ireland,,2023-08-20,39.03
Northern Ireland,,2023-08-21,40.612
Northern Ireland,,2023-08-22,42.194
Northern Ireland,,2023-08-23,45.359
Northern Ireland,,2023-08-24,40.084
Northern Ireland,,2023-08-25,36.92
Northern Ireland,,2023-08-26,35.338
Northern Ireland,,2023-08-27,32.7
Northern Ireland,,2023-08-28,30.063
Northern Ireland,,2023-08-29,28.481
Northern Ireland,,2023-08-30,23.207
Northern Ireland,,2023-08-31,24.262
Northern Ireland,,2023-09-01,26.371
Northern Ireland,,2023-09-02,26.371
Northern Ireland,,2023-09-03,29.536
Northern Ireland,,2023-09-04,28.481
Northern Ireland,,2023-09-05,27.426
Northern Ireland,,2023-09-06,27.426
Northern Ireland,,2023-09-07,29.008
Northern Ireland,,2023-09-08,28.481
Northern Ireland,,2023-09-09,28.481
Northern Ireland,,2023-09-10,28.481
Northern Ireland,,2023-09-11,27.426
Northern Ireland,,2023-09-12,26.371
Northern Ireland,,2023-09-13,25.844
Northern Ireland,,2023-09-14,26.371
Northern Ireland,,2023-09-15,24.789
Northern Ireland,,2023-09-16,28.481
Northern Ireland,,2023-09-17,26.371
Northern Ireland,,2023-09-18,29.008
Northern Ireland,,2023-09-19,27.954
Northern Ireland,,2023-09-20,29.008
Northern Ireland,,2023-09-21,26.899
Northern Ireland,,2023-09-22,27.954
Northern Ireland,,2023-09-23,25.316
Northern Ireland,,2023-09-24,25.844
Northern Ireland,,2023-09-25,23.207
Northern Ireland,,2023-09-26,25.316
Northern Ireland,,2023-09-27,27.954
Northern Ireland,,2023-09-28,30.063
Northern Ireland,,2023-09-29,30.591
Northern Ireland,,2023-09-30,30.591
Northern Ireland,,2023-10-01,29.536
Northern Ireland,,2023-10-02,30.063
Northern Ireland,,2023-10-03,32.173
Northern Ireland,,2023-10-04,30.063
Northern Ireland,,2023-10-05,31.118
Northern Ireland,,2023-10-06,33.228
Northern Ireland,,2023-10-07,32.7
Northern Ireland,,2023-10-08,32.7
Northern Ireland,,2023-10-09,35.338
Northern Ireland,,2023-10-10,30.063
Northern Ireland,,2023-10-11,31.118
Northern Ireland,,2023-10-12,28.481
Northern Ireland,,2023-10-13,22.679
Northern Ireland,,2023-10-14,20.57
Northern Ireland,,2023-10-15,21.624
Northern Ireland,,2023-10-16,20.57
Northern Ireland,,2023-10-17,22.679
Northern Ireland,,2023-10-18,22.152
Northern Ireland,,2023-10-19,20.57
Northern Ireland,,2023-10-20,22.679
Northern Ireland,,2023-10-21,23.207
Northern Ireland,,2023-10-22,23.207
Northern Ireland,,2023-10-23,20.57
Northern Ireland,,2023-10-24,20.042
Northern Ireland,,2023-10-25,19.515
Northern Ireland,,2023-10-26,19.515
Northern Ireland,,2023-10-27,17.405
Northern Ireland,,2023-10-28,17.932
Northern Ireland,,2023-10-29,15.823
Northern Ireland,,2023-10-30,15.823
Northern Ireland,,2023-10-31,16.878
Northern Ireland,,2023-11-01,14.768
Northern Ireland,,2023-11-02,14.768
Northern Ireland,,2023-11-03,16.35
Northern Ireland,,2023-11-04,15.823
Northern Ireland,,2023-11-05,16.35
Northern Ireland,,2023-11-06,15.823
Northern Ireland,,2023-11-07,14.241
Northern Ireland,,2023-11-08,17.405
Northern Ireland,,2023-11-09,16.35
Northern Ireland,,2023-11-10,15.823
Northern Ireland,,2023-11-11,14.241
Northern Ireland,,2023-11-12,14.241
Northern Ireland,,2023-11-13,14.241
Northern Ireland,,2023-11-14,13.713
Northern Ireland,,2023-11-15,10.549
Northern Ireland,,2023-11-16,11.076
Northern Ireland,,2023-11-17,10.549
Northern Ireland,,2023-11-18,11.076
Northern Ireland,,2023-11-19,10.549
Northern Ireland,,2023-11-20,10.021
Northern Ireland,,2023-11-21,9.494
Northern Ireland,,2023-11-22,10.021
Northern Ireland,,2023-11-23,11.076
Northern Ireland,,2023-11-24,11.076
Northern Ireland,,2023-11-25,11.076
Northern Ireland,,2023-11-26,11.076
Northern Ireland,,2023-11-27,12.131
Northern Ireland,,2023-11-28,13.186
Northern Ireland,,2023-11-29,13.713
Northern Ireland,,2023-11-30,12.131
Northern Ireland,,2023-12-01,12.131
Northern Ireland,,2023-12-02,13.713
Northern Ireland,,2023-12-03,15.823
Northern Ireland,,2023-12-04,16.35
Northern Ireland,,2023-12-05,15.295
Northern Ireland,,2023-12-06,15.295
Northern Ireland,,2023-12-07,17.405
Northern Ireland,,2023-12-08,18.987
Northern Ireland,,2023-12-09,17.932
Northern Ireland,,2023-12-10,17.405
Northern Ireland,,2023-12-11,15.295
Norway,NOR,2020-02-12,0
Norway,NOR,2020-03-01,0
Norway,NOR,2020-03-08,0.371
Norway,NOR,2020-03-15,9.274
Norway,NOR,2020-03-22,34.871
Norway,NOR,2020-03-29,53.419
Norway,NOR,2020-04-05,36.54
Norway,NOR,2020-04-12,16.879
Norway,NOR,2020-04-19,12.242
Norway,NOR,2020-04-26,7.419
Norway,NOR,2020-05-03,2.968
Norway,NOR,2020-05-10,3.153
Norway,NOR,2020-05-17,2.04
Norway,NOR,2020-05-24,1.855
Norway,NOR,2020-05-31,1.855
Norway,NOR,2020-06-07,0.371
Norway,NOR,2020-06-14,1.484
Norway,NOR,2020-06-21,1.298
Norway,NOR,2020-06-28,2.411
Norway,NOR,2020-07-05,1.113
Norway,NOR,2020-07-12,0.371
Norway,NOR,2020-07-19,1.484
Norway,NOR,2020-07-26,0.556
Norway,NOR,2020-08-02,2.04
Norway,NOR,2020-08-09,2.968
Norway,NOR,2020-08-16,1.855
Norway,NOR,2020-08-23,2.226
Norway,NOR,2020-08-30,2.226
Norway,NOR,2020-09-06,2.226
Norway,NOR,2020-09-13,3.71
Norway,NOR,2020-09-20,4.266
Norway,NOR,2020-09-27,2.782
Norway,NOR,2020-10-04,4.266
Norway,NOR,2020-10-11,5.935
Norway,NOR,2020-10-18,4.081
Norway,NOR,2020-10-25,7.976
Norway,NOR,2020-11-01,10.016
Norway,NOR,2020-11-08,18.363
Norway,NOR,2020-11-15,20.403
Norway,NOR,2020-11-22,20.217
Norway,NOR,2020-11-29,17.621
Norway,NOR,2020-12-06,20.588
Norway,NOR,2020-12-13,15.209
Norway,NOR,2020-12-20,18.363
Norway,NOR,2020-12-27,14.468
Norway,NOR,2021-01-03,18.177
Norway,NOR,2021-01-10,16.879
Norway,NOR,2021-01-17,16.693
Norway,NOR,2021-01-24,16.879
Norway,NOR,2021-01-31,8.903
Norway,NOR,2021-02-07,6.306
Norway,NOR,2021-02-14,8.532
Norway,NOR,2021-02-21,11.5
Norway,NOR,2021-02-28,13.726
Norway,NOR,2021-03-07,19.476
Norway,NOR,2021-03-14,32.088
Norway,NOR,2021-03-21,42.475
Norway,NOR,2021-03-28,38.395
Norway,NOR,2021-04-04,38.951
Norway,NOR,2021-04-11,37.096
Norway,NOR,2021-04-18,31.717
Norway,NOR,2021-04-25,24.669
Norway,NOR,2021-05-02,13.169
Norway,NOR,2021-05-09,13.169
Norway,NOR,2021-05-16,12.056
Norway,NOR,2021-05-23,11.314
Norway,NOR,2021-05-30,9.46
Norway,NOR,2021-06-06,9.274
Norway,NOR,2021-06-13,5.379
Norway,NOR,2021-06-20,4.081
Norway,NOR,2021-06-27,3.71
Norway,NOR,2021-07-04,3.153
Norway,NOR,2021-07-11,3.339
Norway,NOR,2021-07-18,3.339
Norway,NOR,2021-07-25,3.524
Norway,NOR,2021-08-01,3.71
Norway,NOR,2021-08-08,6.306
Norway,NOR,2021-08-15,6.677
Norway,NOR,2021-08-22,9.089
Norway,NOR,2021-08-29,12.798
Norway,NOR,2021-09-05,12.798
Norway,NOR,2021-09-12,18.734
Norway,NOR,2021-09-19,14.653
Norway,NOR,2021-09-26,11.871
Norway,NOR,2021-10-03,11.129
Norway,NOR,2021-10-10,10.758
Norway,NOR,2021-10-17,11.5
Norway,NOR,2021-10-24,15.024
Norway,NOR,2021-10-31,21.516
Norway,NOR,2021-11-07,26.895
Norway,NOR,2021-11-14,30.604
Norway,NOR,2021-11-21,28.008
Norway,NOR,2021-11-28,33.387
Norway,NOR,2021-12-05,40.435
Norway,NOR,2021-12-12,42.104
Norway,NOR,2021-12-19,47.298
Norway,NOR,2021-12-26,36.911
Norway,NOR,2022-01-02,35.056
Norway,NOR,2022-01-09,27.822
Norway,NOR,2022-01-16,22.443
Norway,NOR,2022-01-23,29.306
Norway,NOR,2022-01-30,42.475
Norway,NOR,2022-02-06,45.628
Norway,NOR,2022-02-13,59.725
Norway,NOR,2022-02-20,84.209
Norway,NOR,2022-02-27,99.604
Norway,NOR,2022-03-06,103.313
Norway,NOR,2022-03-13,101.644
Norway,NOR,2022-03-20,75.862
Norway,NOR,2022-03-27,65.661
Norway,NOR,2022-04-03,47.669
Norway,NOR,2022-04-10,40.435
Norway,NOR,2022-04-17,30.419
Norway,NOR,2022-04-24,26.153
Norway,NOR,2022-05-01,15.024
Norway,NOR,2022-05-08,14.653
Norway,NOR,2022-05-15,16.693
Norway,NOR,2022-05-22,15.024
Norway,NOR,2022-05-29,16.879
Norway,NOR,2022-06-05,20.032
Norway,NOR,2022-06-12,30.79
Norway,NOR,2022-06-19,43.959
Norway,NOR,2022-06-26,61.765
Norway,NOR,2022-07-03,70.112
Norway,NOR,2022-07-10,63.249
Norway,NOR,2022-07-17,54.717
Norway,NOR,2022-07-24,39.693
Norway,NOR,2022-07-31,43.774
Norway,NOR,2022-08-07,34.871
Norway,NOR,2022-08-14,39.508
Norway,NOR,2022-08-21,24.855
Norway,NOR,2022-08-28,20.588
Norway,NOR,2022-09-04,17.992
Norway,NOR,2022-09-11,19.847
Norway,NOR,2022-09-18,16.322
Norway,NOR,2022-09-25,17.992
Norway,NOR,2022-10-02,19.29
Norway,NOR,2022-10-09,18.734
Norway,NOR,2022-10-16,21.701
Norway,NOR,2022-10-23,22.258
Norway,NOR,2022-10-30,28.008
Norway,NOR,2022-11-06,33.387
Norway,NOR,2022-11-13,14.839
Scotland,,2020-03-07,15.917
Scotland,,2020-03-08,17.197
Scotland,,2020-03-09,18.661
Scotland,,2020-03-10,21.405
Scotland,,2020-03-11,24.698
Scotland,,2020-03-12,25.613
Scotland,,2020-03-13,25.796
Scotland,,2020-03-14,27.991
Scotland,,2020-03-15,29.272
Scotland,,2020-03-16,31.284
Scotland,,2020-03-17,33.663
Scotland,,2020-03-18,36.956
Scotland,,2020-03-19,40.798
Scotland,,2020-03-20,49.579
Scotland,,2020-03-21,57.446
Scotland,,2020-03-22,64.032
Scotland,,2020-03-23,75.924
Scotland,,2020-03-24,85.803
Scotland,,2020-03-25,100.439
Scotland,,2020-03-26,121.112
Scotland,,2020-03-27,135.382
Scotland,,2020-03-28,152.945
Scotland,,2020-03-29,168.679
Scotland,,2020-03-30,186.059
Scotland,,2020-03-31,202.525
Scotland,,2020-04-01,218.807
Scotland,,2020-04-02,221.003
Scotland,,2020-04-03,232.711
Scotland,,2020-04-04,231.614
Scotland,,2020-04-05,235.09
Scotland,,2020-04-06,237.468
Scotland,,2020-04-07,234.724
Scotland,,2020-04-08,224.296
Scotland,,2020-04-09,217.527
Scotland,,2020-04-10,199.598
Scotland,,2020-04-11,186.059
Scotland,,2020-04-12,172.704
Scotland,,2020-04-13,154.409
Scotland,,2020-04-14,141.603
Scotland,,2020-04-15,130.809
Scotland,,2020-04-16,124.405
Scotland,,2020-04-17,123.125
Scotland,,2020-04-18,122.21
Scotland,,2020-04-19,117.27
Scotland,,2020-04-20,110.684
Scotland,,2020-04-21,104.83
Scotland,,2020-04-22,98.975
Scotland,,2020-04-23,93.304
Scotland,,2020-04-24,90.011
Scotland,,2020-04-25,83.974
Scotland,,2020-04-26,80.498
Scotland,,2020-04-27,81.778
Scotland,,2020-04-28,82.327
Scotland,,2020-04-29,79.217
Scotland,,2020-04-30,77.387
Scotland,,2020-05-01,70.801
Scotland,,2020-05-02,71.533
Scotland,,2020-05-03,71.716
Scotland,,2020-05-04,67.691
Scotland,,2020-05-05,61.837
Scotland,,2020-05-06,60.922
Scotland,,2020-05-07,57.446
Scotland,,2020-05-08,53.238
Scotland,,2020-05-09,48.664
Scotland,,2020-05-10,46.286
Scotland,,2020-05-11,42.81
Scotland,,2020-05-12,42.261
Scotland,,2020-05-13,39.151
Scotland,,2020-05-14,37.322
Scotland,,2020-05-15,37.139
Scotland,,2020-05-16,36.59
Scotland,,2020-05-17,33.297
Scotland,,2020-05-18,32.199
Scotland,,2020-05-19,27.808
Scotland,,2020-05-20,26.162
Scotland,,2020-05-21,23.6
Scotland,,2020-05-22,20.856
Scotland,,2020-05-23,20.124
Scotland,,2020-05-24,19.941
Scotland,,2020-05-25,17.38
Scotland,,2020-05-26,17.563
Scotland,,2020-05-27,16.282
Scotland,,2020-05-28,15.002
Scotland,,2020-05-29,13.904
Scotland,,2020-05-30,12.075
Scotland,,2020-05-31,12.441
Scotland,,2020-06-01,11.343
Scotland,,2020-06-02,9.696
Scotland,,2020-06-03,8.965
Scotland,,2020-06-04,8.965
Scotland,,2020-06-05,8.965
Scotland,,2020-06-06,9.33
Scotland,,2020-06-07,8.599
Scotland,,2020-06-08,7.867
Scotland,,2020-06-09,7.867
Scotland,,2020-06-10,7.867
Scotland,,2020-06-11,8.05
Scotland,,2020-06-12,6.769
Scotland,,2020-06-13,6.403
Scotland,,2020-06-14,6.403
Scotland,,2020-06-15,6.952
Scotland,,2020-06-16,6.952
Scotland,,2020-06-17,6.586
Scotland,,2020-06-18,5.671
Scotland,,2020-06-19,5.854
Scotland,,2020-06-20,5.488
Scotland,,2020-06-21,4.574
Scotland,,2020-06-22,4.391
Scotland,,2020-06-23,4.391
Scotland,,2020-06-24,4.025
Scotland,,2020-06-25,4.025
Scotland,,2020-06-26,3.293
Scotland,,2020-06-27,3.476
Scotland,,2020-06-28,3.842
Scotland,,2020-06-29,3.11
Scotland,,2020-06-30,2.378
Scotland,,2020-07-01,2.378
Scotland,,2020-07-02,2.195
Scotland,,2020-07-03,2.561
Scotland,,2020-07-04,2.195
Scotland,,2020-07-05,1.829
Scotland,,2020-07-06,2.012
Scotland,,2020-07-07,2.195
Scotland,,2020-07-08,1.647
Scotland,,2020-07-09,1.464
Scotland,,2020-07-10,1.647
Scotland,,2020-07-11,2.012
Scotland,,2020-07-12,2.012
Scotland,,2020-07-13,1.829
Scotland,,2020-07-14,1.647
Scotland,,2020-07-15,2.195
Scotland,,2020-07-16,2.561
Scotland,,2020-07-17,2.195
Scotland,,2020-07-18,1.829
Scotland,,2020-07-19,2.012
Scotland,,2020-07-20,1.829
Scotland,,2020-07-21,1.647
Scotland,,2020-07-22,1.464
Scotland,,2020-07-23,1.281
Scotland,,2020-07-24,1.464
Scotland,,2020-07-25,2.195
Scotland,,2020-07-26,1.829
Scotland,,2020-07-27,2.195
Scotland,,2020-07-28,2.195
Scotland,,2020-07-29,2.195
Scotland,,2020-07-30,2.561
Scotland,,2020-07-31,2.744
Scotland,,2020-08-01,2.195
Scotland,,2020-08-02,2.195
Scotland,,2020-08-03,2.378
Scotland,,2020-08-04,2.561
Scotland,,2020-08-05,2.744
Scotland,,2020-08-06,2.195
Scotland,,2020-08-07,2.378
Scotland,,2020-08-08,2.378
Scotland,,2020-08-09,2.378
Scotland,,2020-08-10,2.744
Scotland,,2020-08-11,2.927
Scotland,,2020-08-12,2.744
Scotland,,2020-08-13,3.11
Scotland,,2020-08-14,3.11
Scotland,,2020-08-15,4.025
Scotland,,2020-08-16,4.391
Scotland,,2020-08-17,4.391
Scotland,,2020-08-18,4.574
Scotland,,2020-08-19,4.94
Scotland,,2020-08-20,6.037
Scotland,,2020-08-21,6.037
Scotland,,2020-08-22,5.854
Scotland,,2020-08-23,5.671
Scotland,,2020-08-24,6.22
Scotland,,2020-08-25,7.135
Scotland,,2020-08-26,8.05
Scotland,,2020-08-27,8.233
Scotland,,2020-08-28,8.599
Scotland,,2020-08-29,8.233
Scotland,,2020-08-30,8.599
Scotland,,2020-08-31,7.867
Scotland,,2020-09-01,6.952
Scotland,,2020-09-02,6.586
Scotland,,2020-09-03,5.671
Scotland,,2020-09-04,7.501
Scotland,,2020-09-05,8.233
Scotland,,2020-09-06,8.782
Scotland,,2020-09-07,10.611
Scotland,,2020-09-08,12.075
Scotland,,2020-09-09,12.258
Scotland,,2020-09-10,14.819
Scotland,,2020-09-11,15.185
Scotland,,2020-09-12,16.465
Scotland,,2020-09-13,17.746
Scotland,,2020-09-14,18.478
Scotland,,2020-09-15,19.576
Scotland,,2020-09-16,23.6
Scotland,,2020-09-17,23.783
Scotland,,2020-09-18,22.869
Scotland,,2020-09-19,23.6
Scotland,,2020-09-20,24.332
Scotland,,2020-09-21,25.796
Scotland,,2020-09-22,28.357
Scotland,,2020-09-23,27.442
Scotland,,2020-09-24,30.004
Scotland,,2020-09-25,34.029
Scotland,,2020-09-26,36.773
Scotland,,2020-09-27,39.7
Scotland,,2020-09-28,42.993
Scotland,,2020-09-29,42.993
Scotland,,2020-09-30,46.835
Scotland,,2020-10-01,52.323
Scotland,,2020-10-02,56.165
Scotland,,2020-10-03,58.91
Scotland,,2020-10-04,61.288
Scotland,,2020-10-05,66.776
Scotland,,2020-10-06,78.302
Scotland,,2020-10-07,85.62
Scotland,,2020-10-08,91.658
Scotland,,2020-10-09,96.231
Scotland,,2020-10-10,100.805
Scotland,,2020-10-11,107.208
Scotland,,2020-10-12,113.063
Scotland,,2020-10-13,118.368
Scotland,,2020-10-14,124.04
Scotland,,2020-10-15,125.503
Scotland,,2020-10-16,136.297
Scotland,,2020-10-17,138.675
Scotland,,2020-10-18,139.956
Scotland,,2020-10-19,145.81
Scotland,,2020-10-20,148.006
Scotland,,2020-10-21,150.933
Scotland,,2020-10-22,156.604
Scotland,,2020-10-23,154.958
Scotland,,2020-10-24,160.812
Scotland,,2020-10-25,165.569
Scotland,,2020-10-26,165.752
Scotland,,2020-10-27,165.935
Scotland,,2020-10-28,165.569
Scotland,,2020-10-29,159.349
Scotland,,2020-10-30,159.166
Scotland,,2020-10-31,156.239
Scotland,,2020-11-01,154.409
Scotland,,2020-11-02,149.652
Scotland,,2020-11-03,145.628
Scotland,,2020-11-04,144.164
Scotland,,2020-11-05,144.164
Scotland,,2020-11-06,138.127
Scotland,,2020-11-07,135.199
Scotland,,2020-11-08,130.992
Scotland,,2020-11-09,128.796
Scotland,,2020-11-10,127.333
Scotland,,2020-11-11,126.052
Scotland,,2020-11-12,128.43
Scotland,,2020-11-13,130.809
Scotland,,2020-11-14,133.187
Scotland,,2020-11-15,135.382
Scotland,,2020-11-16,134.285
Scotland,,2020-11-17,135.199
Scotland,,2020-11-18,131.357
Scotland,,2020-11-19,128.247
Scotland,,2020-11-20,127.698
Scotland,,2020-11-21,125.503
Scotland,,2020-11-22,120.929
Scotland,,2020-11-23,123.308
Scotland,,2020-11-24,122.21
Scotland,,2020-11-25,120.381
Scotland,,2020-11-26,121.112
Scotland,,2020-11-27,118.368
Scotland,,2020-11-28,113.794
Scotland,,2020-11-29,114.16
Scotland,,2020-11-30,110.501
Scotland,,2020-12-01,106.293
Scotland,,2020-12-02,109.587
Scotland,,2020-12-03,104.464
Scotland,,2020-12-04,103.183
Scotland,,2020-12-05,106.111
Scotland,,2020-12-06,105.379
Scotland,,2020-12-07,105.745
Scotland,,2020-12-08,109.587
Scotland,,2020-12-09,108.306
Scotland,,2020-12-10,111.782
Scotland,,2020-12-11,113.246
Scotland,,2020-12-12,111.233
Scotland,,2020-12-13,112.331
Scotland,,2020-12-14,112.514
Scotland,,2020-12-15,109.221
Scotland,,2020-12-16,111.416
Scotland,,2020-12-17,112.331
Scotland,,2020-12-18,111.782
Scotland,,2020-12-19,116.356
Scotland,,2020-12-20,115.807
Scotland,,2020-12-21,118.551
Scotland,,2020-12-22,122.027
Scotland,,2020-12-23,121.295
Scotland,,2020-12-24,121.661
Scotland,,2020-12-25,120.015
Scotland,,2020-12-26,123.125
Scotland,,2020-12-27,136.48
Scotland,,2020-12-28,144.896
Scotland,,2020-12-29,154.043
Scotland,,2020-12-30,169.228
Scotland,,2020-12-31,183.132
Scotland,,2021-01-01,192.097
Scotland,,2021-01-02,199.78
Scotland,,2021-01-03,199.049
Scotland,,2021-01-04,205.635
Scotland,,2021-01-05,212.587
Scotland,,2021-01-06,215.88
Scotland,,2021-01-07,221.003
Scotland,,2021-01-08,233.992
Scotland,,2021-01-09,239.297
Scotland,,2021-01-10,245.518
Scotland,,2021-01-11,255.214
Scotland,,2021-01-12,258.141
Scotland,,2021-01-13,253.75
Scotland,,2021-01-14,253.202
Scotland,,2021-01-15,249.726
Scotland,,2021-01-16,248.262
Scotland,,2021-01-17,246.25
Scotland,,2021-01-18,233.626
Scotland,,2021-01-19,231.614
Scotland,,2021-01-20,232.162
Scotland,,2021-01-21,231.248
Scotland,,2021-01-22,229.235
Scotland,,2021-01-23,224.662
Scotland,,2021-01-24,217.161
Scotland,,2021-01-25,212.77
Scotland,,2021-01-26,205.818
Scotland,,2021-01-27,200.512
Scotland,,2021-01-28,190.267
Scotland,,2021-01-29,186.791
Scotland,,2021-01-30,180.937
Scotland,,2021-01-31,178.741
Scotland,,2021-02-01,174.716
Scotland,,2021-02-02,165.752
Scotland,,2021-02-03,158.068
Scotland,,2021-02-04,152.945
Scotland,,2021-02-05,145.81
Scotland,,2021-02-06,141.237
Scotland,,2021-02-07,139.041
Scotland,,2021-02-08,131.175
Scotland,,2021-02-09,128.613
Scotland,,2021-02-10,122.759
Scotland,,2021-02-11,119.832
Scotland,,2021-02-12,116.539
Scotland,,2021-02-13,112.88
Scotland,,2021-02-14,107.391
Scotland,,2021-02-15,108.123
Scotland,,2021-02-16,108.489
Scotland,,2021-02-17,107.025
Scotland,,2021-02-18,103.915
Scotland,,2021-02-19,102.817
Scotland,,2021-02-20,104.83
Scotland,,2021-02-21,105.379
Scotland,,2021-02-22,102.634
Scotland,,2021-02-23,96.597
Scotland,,2021-02-24,93.67
Scotland,,2021-02-25,88.73
Scotland,,2021-02-26,83.791
Scotland,,2021-02-27,77.936
Scotland,,2021-02-28,75.192
Scotland,,2021-03-01,74.46
Scotland,,2021-03-02,74.277
Scotland,,2021-03-03,71.167
Scotland,,2021-03-04,70.252
Scotland,,2021-03-05,65.862
Scotland,,2021-03-06,62.935
Scotland,,2021-03-07,57.263
Scotland,,2021-03-08,50.86
Scotland,,2021-03-09,47.384
Scotland,,2021-03-10,46.286
Scotland,,2021-03-11,44.091
Scotland,,2021-03-12,44.091
Scotland,,2021-03-13,43.176
Scotland,,2021-03-14,43.542
Scotland,,2021-03-15,44.823
Scotland,,2021-03-16,41.164
Scotland,,2021-03-17,41.347
Scotland,,2021-03-18,40.981
Scotland,,2021-03-19,38.053
Scotland,,2021-03-20,36.224
Scotland,,2021-03-21,36.956
Scotland,,2021-03-22,35.492
Scotland,,2021-03-23,36.041
Scotland,,2021-03-24,34.76
Scotland,,2021-03-25,34.394
Scotland,,2021-03-26,34.577
Scotland,,2021-03-27,34.76
Scotland,,2021-03-28,34.029
Scotland,,2021-03-29,32.199
Scotland,,2021-03-30,30.735
Scotland,,2021-03-31,29.638
Scotland,,2021-04-01,28.357
Scotland,,2021-04-02,28.723
Scotland,,2021-04-03,27.991
Scotland,,2021-04-04,26.162
Scotland,,2021-04-05,27.808
Scotland,,2021-04-06,27.442
Scotland,,2021-04-07,27.442
Scotland,,2021-04-08,26.894
Scotland,,2021-04-09,26.162
Scotland,,2021-04-10,25.613
Scotland,,2021-04-11,25.43
Scotland,,2021-04-12,21.954
Scotland,,2021-04-13,20.856
Scotland,,2021-04-14,19.759
Scotland,,2021-04-15,18.661
Scotland,,2021-04-16,17.563
Scotland,,2021-04-17,17.197
Scotland,,2021-04-18,16.831
Scotland,,2021-04-19,17.563
Scotland,,2021-04-20,17.197
Scotland,,2021-04-21,16.831
Scotland,,2021-04-22,16.648
Scotland,,2021-04-23,16.465
Scotland,,2021-04-24,16.282
Scotland,,2021-04-25,15.734
Scotland,,2021-04-26,15.185
Scotland,,2021-04-27,15.734
Scotland,,2021-04-28,14.453
Scotland,,2021-04-29,14.087
Scotland,,2021-04-30,13.904
Scotland,,2021-05-01,13.721
Scotland,,2021-05-02,13.355
Scotland,,2021-05-03,12.075
Scotland,,2021-05-04,11.526
Scotland,,2021-05-05,11.526
Scotland,,2021-05-06,12.441
Scotland,,2021-05-07,12.075
Scotland,,2021-05-08,12.806
Scotland,,2021-05-09,13.538
Scotland,,2021-05-10,13.904
Scotland,,2021-05-11,14.636
Scotland,,2021-05-12,15.734
Scotland,,2021-05-13,14.636
Scotland,,2021-05-14,14.819
Scotland,,2021-05-15,13.538
Scotland,,2021-05-16,13.721
Scotland,,2021-05-17,14.27
Scotland,,2021-05-18,15.551
Scotland,,2021-05-19,16.648
Scotland,,2021-05-20,18.295
Scotland,,2021-05-21,20.856
Scotland,,2021-05-22,23.417
Scotland,,2021-05-23,24.149
Scotland,,2021-05-24,25.979
Scotland,,2021-05-25,25.796
Scotland,,2021-05-26,24.881
Scotland,,2021-05-27,24.515
Scotland,,2021-05-28,24.515
Scotland,,2021-05-29,25.796
Scotland,,2021-05-30,26.528
Scotland,,2021-05-31,26.345
Scotland,,2021-06-01,28.723
Scotland,,2021-06-02,30.37
Scotland,,2021-06-03,33.297
Scotland,,2021-06-04,32.931
Scotland,,2021-06-05,32.016
Scotland,,2021-06-06,33.846
Scotland,,2021-06-07,35.675
Scotland,,2021-06-08,33.663
Scotland,,2021-06-09,34.577
Scotland,,2021-06-10,34.394
Scotland,,2021-06-11,34.76
Scotland,,2021-06-12,36.773
Scotland,,2021-06-13,35.858
Scotland,,2021-06-14,37.505
Scotland,,2021-06-15,39.334
Scotland,,2021-06-16,41.712
Scotland,,2021-06-17,40.798
Scotland,,2021-06-18,44.274
Scotland,,2021-06-19,42.81
Scotland,,2021-06-20,43.908
Scotland,,2021-06-21,43.725
Scotland,,2021-06-22,46.835
Scotland,,2021-06-23,48.847
Scotland,,2021-06-24,53.055
Scotland,,2021-06-25,52.689
Scotland,,2021-06-26,53.787
Scotland,,2021-06-27,54.153
Scotland,,2021-06-28,57.995
Scotland,,2021-06-29,61.654
Scotland,,2021-06-30,64.764
Scotland,,2021-07-01,67.142
Scotland,,2021-07-02,71.35
Scotland,,2021-07-03,76.473
Scotland,,2021-07-04,83.425
Scotland,,2021-07-05,88.364
Scotland,,2021-07-06,94.768
Scotland,,2021-07-07,98.793
Scotland,,2021-07-08,105.562
Scotland,,2021-07-09,108.123
Scotland,,2021-07-10,112.697
Scotland,,2021-07-11,113.063
Scotland,,2021-07-12,115.807
Scotland,,2021-07-13,115.624
Scotland,,2021-07-14,113.246
Scotland,,2021-07-15,109.587
Scotland,,2021-07-16,107.208
Scotland,,2021-07-17,100.988
Scotland,,2021-07-18,99.89
Scotland,,2021-07-19,95.682
Scotland,,2021-07-20,88.73
Scotland,,2021-07-21,87.999
Scotland,,2021-07-22,84.157
Scotland,,2021-07-23,83.425
Scotland,,2021-07-24,82.144
Scotland,,2021-07-25,78.851
Scotland,,2021-07-26,74.826
Scotland,,2021-07-27,74.094
Scotland,,2021-07-28,72.814
Scotland,,2021-07-29,69.887
Scotland,,2021-07-30,67.325
Scotland,,2021-07-31,65.862
Scotland,,2021-08-01,63.666
Scotland,,2021-08-02,62.752
Scotland,,2021-08-03,60.556
Scotland,,2021-08-04,55.251
Scotland,,2021-08-05,59.458
Scotland,,2021-08-06,60.739
Scotland,,2021-08-07,61.837
Scotland,,2021-08-08,62.02
Scotland,,2021-08-09,59.824
Scotland,,2021-08-10,63.849
Scotland,,2021-08-11,64.581
Scotland,,2021-08-12,59.824
Scotland,,2021-08-13,57.08
Scotland,,2021-08-14,57.629
Scotland,,2021-08-15,56.165
Scotland,,2021-08-16,54.885
Scotland,,2021-08-17,52.506
Scotland,,2021-08-18,56.165
Scotland,,2021-08-19,60.373
Scotland,,2021-08-20,65.13
Scotland,,2021-08-21,66.411
Scotland,,2021-08-22,71.167
Scotland,,2021-08-23,78.851
Scotland,,2021-08-24,86.718
Scotland,,2021-08-25,94.951
Scotland,,2021-08-26,102.634
Scotland,,2021-08-27,110.135
Scotland,,2021-08-28,119.649
Scotland,,2021-08-29,126.418
Scotland,,2021-08-30,132.455
Scotland,,2021-08-31,138.31
Scotland,,2021-09-01,147.274
Scotland,,2021-09-02,151.665
Scotland,,2021-09-03,160.08
Scotland,,2021-09-04,163.739
Scotland,,2021-09-05,167.581
Scotland,,2021-09-06,176.729
Scotland,,2021-09-07,189.169
Scotland,,2021-09-08,191.731
Scotland,,2021-09-09,198.866
Scotland,,2021-09-10,202.525
Scotland,,2021-09-11,204.354
Scotland,,2021-09-12,209.294
Scotland,,2021-09-13,212.953
Scotland,,2021-09-14,205.635
Scotland,,2021-09-15,206.367
Scotland,,2021-09-16,204.354
Scotland,,2021-09-17,198.5
Scotland,,2021-09-18,195.207
Scotland,,2021-09-19,188.255
Scotland,,2021-09-20,183.498
Scotland,,2021-09-21,176.546
Scotland,,2021-09-22,164.654
Scotland,,2021-09-23,159.898
Scotland,,2021-09-24,154.043
Scotland,,2021-09-25,149.286
Scotland,,2021-09-26,145.445
Scotland,,2021-09-27,138.858
Scotland,,2021-09-28,138.675
Scotland,,2021-09-29,137.029
Scotland,,2021-09-30,129.162
Scotland,,2021-10-01,128.247
Scotland,,2021-10-02,128.247
Scotland,,2021-10-03,129.528
Scotland,,2021-10-04,133.553
Scotland,,2021-10-05,131.54
Scotland,,2021-10-06,129.345
Scotland,,2021-10-07,135.931
Scotland,,2021-10-08,137.029
Scotland,,2021-10-09,137.578
Scotland,,2021-10-10,135.199
Scotland,,2021-10-11,126.784
Scotland,,2021-10-12,125.32
Scotland,,2021-10-13,125.137
Scotland,,2021-10-14,123.491
Scotland,,2021-10-15,126.418
Scotland,,2021-10-16,124.771
Scotland,,2021-10-17,123.674
Scotland,,2021-10-18,129.345
Scotland,,2021-10-19,134.651
Scotland,,2021-10-20,140.139
Scotland,,2021-10-21,137.944
Scotland,,2021-10-22,135.565
Scotland,,2021-10-23,135.016
Scotland,,2021-10-24,135.565
Scotland,,2021-10-25,136.48
Scotland,,2021-10-26,134.102
Scotland,,2021-10-27,135.199
Scotland,,2021-10-28,137.578
Scotland,,2021-10-29,135.931
Scotland,,2021-10-30,135.565
Scotland,,2021-10-31,137.029
Scotland,,2021-11-01,137.212
Scotland,,2021-11-02,135.565
Scotland,,2021-11-03,129.711
Scotland,,2021-11-04,125.503
Scotland,,2021-11-05,123.674
Scotland,,2021-11-06,121.112
Scotland,,2021-11-07,121.478
Scotland,,2021-11-08,117.636
Scotland,,2021-11-09,116.356
Scotland,,2021-11-10,115.441
Scotland,,2021-11-11,117.453
Scotland,,2021-11-12,115.99
Scotland,,2021-11-13,114.343
Scotland,,2021-11-14,112.697
Scotland,,2021-11-15,109.221
Scotland,,2021-11-16,110.318
Scotland,,2021-11-17,109.221
Scotland,,2021-11-18,105.928
Scotland,,2021-11-19,103.183
Scotland,,2021-11-20,102.817
Scotland,,2021-11-21,99.524
Scotland,,2021-11-22,99.707
Scotland,,2021-11-23,92.755
Scotland,,2021-11-24,95.499
Scotland,,2021-11-25,93.487
Scotland,,2021-11-26,92.755
Scotland,,2021-11-27,94.585
Scotland,,2021-11-28,94.585
Scotland,,2021-11-29,95.134
Scotland,,2021-11-30,96.414
Scotland,,2021-12-01,93.121
Scotland,,2021-12-02,91.109
Scotland,,2021-12-03,88.547
Scotland,,2021-12-04,88.73
Scotland,,2021-12-05,90.011
Scotland,,2021-12-06,90.194
Scotland,,2021-12-07,93.67
Scotland,,2021-12-08,94.219
Scotland,,2021-12-09,100.622
Scotland,,2021-12-10,104.464
Scotland,,2021-12-11,101.72
Scotland,,2021-12-12,99.158
Scotland,,2021-12-13,99.158
Scotland,,2021-12-14,96.597
Scotland,,2021-12-15,98.793
Scotland,,2021-12-16,97.512
Scotland,,2021-12-17,98.061
Scotland,,2021-12-18,100.622
Scotland,,2021-12-19,101.354
Scotland,,2021-12-20,107.208
Scotland,,2021-12-21,110.501
Scotland,,2021-12-22,114.709
Scotland,,2021-12-23,116.173
Scotland,,2021-12-24,123.308
Scotland,,2021-12-25,126.601
Scotland,,2021-12-26,138.127
Scotland,,2021-12-27,143.432
Scotland,,2021-12-28,154.592
Scotland,,2021-12-29,167.764
Scotland,,2021-12-30,183.315
Scotland,,2021-12-31,201.244
Scotland,,2022-01-01,211.855
Scotland,,2022-01-02,219.356
Scotland,,2022-01-03,222.283
Scotland,,2022-01-04,229.418
Scotland,,2022-01-05,226.308
Scotland,,2022-01-06,227.04
Scotland,,2022-01-07,222.466
Scotland,,2022-01-08,225.576
Scotland,,2022-01-09,226.308
Scotland,,2022-01-10,228.869
Scotland,,2022-01-11,229.418
Scotland,,2022-01-12,227.955
Scotland,,2022-01-13,223.564
Scotland,,2022-01-14,218.441
Scotland,,2022-01-15,208.928
Scotland,,2022-01-16,198.866
Scotland,,2022-01-17,193.194
Scotland,,2022-01-18,183.132
Scotland,,2022-01-19,179.107
Scotland,,2022-01-20,173.802
Scotland,,2022-01-21,171.24
Scotland,,2022-01-22,171.606
Scotland,,2022-01-23,171.423
Scotland,,2022-01-24,169.777
Scotland,,2022-01-25,168.862
Scotland,,2022-01-26,166.301
Scotland,,2022-01-27,162.825
Scotland,,2022-01-28,157.885
Scotland,,2022-01-29,154.226
Scotland,,2022-01-30,151.116
Scotland,,2022-01-31,152.763
Scotland,,2022-02-01,154.409
Scotland,,2022-02-02,154.775
Scotland,,2022-02-03,157.153
Scotland,,2022-02-04,162.825
Scotland,,2022-02-05,165.752
Scotland,,2022-02-06,163.374
Scotland,,2022-02-07,159.349
Scotland,,2022-02-08,157.885
Scotland,,2022-02-09,158.617
Scotland,,2022-02-10,155.324
Scotland,,2022-02-11,150.384
Scotland,,2022-02-12,149.104
Scotland,,2022-02-13,156.056
Scotland,,2022-02-14,160.08
Scotland,,2022-02-15,161.544
Scotland,,2022-02-16,170.692
Scotland,,2022-02-17,177.644
Scotland,,2022-02-18,182.217
Scotland,,2022-02-19,185.876
Scotland,,2022-02-20,184.413
Scotland,,2022-02-21,184.23
Scotland,,2022-02-22,183.681
Scotland,,2022-02-23,183.864
Scotland,,2022-02-24,187.889
Scotland,,2022-02-25,198.317
Scotland,,2022-02-26,201.244
Scotland,,2022-02-27,203.074
Scotland,,2022-02-28,212.221
Scotland,,2022-03-01,220.454
Scotland,,2022-03-02,223.564
Scotland,,2022-03-03,224.296
Scotland,,2022-03-04,228.869
Scotland,,2022-03-05,230.333
Scotland,,2022-03-06,235.821
Scotland,,2022-03-07,234.907
Scotland,,2022-03-08,242.591
Scotland,,2022-03-09,249.36
Scotland,,2022-03-10,259.239
Scotland,,2022-03-11,259.971
Scotland,,2022-03-12,270.948
Scotland,,2022-03-13,277.168
Scotland,,2022-03-14,289.608
Scotland,,2022-03-15,295.097
Scotland,,2022-03-16,298.573
Scotland,,2022-03-17,304.793
Scotland,,2022-03-18,309.367
Scotland,,2022-03-19,305.342
Scotland,,2022-03-20,307.72
Scotland,,2022-03-21,303.696
Scotland,,2022-03-22,299.488
Scotland,,2022-03-23,301.683
Scotland,,2022-03-24,298.939
Scotland,,2022-03-25,294.731
Scotland,,2022-03-26,294.914
Scotland,,2022-03-27,285.767
Scotland,,2022-03-28,279.363
Scotland,,2022-03-29,283.937
Scotland,,2022-03-30,281.193
Scotland,,2022-03-31,278.814
Scotland,,2022-04-01,273.143
Scotland,,2022-04-02,272.045
Scotland,,2022-04-03,273.326
Scotland,,2022-04-04,276.07
Scotland,,2022-04-05,264.544
Scotland,,2022-04-06,249.543
Scotland,,2022-04-07,242.774
Scotland,,2022-04-08,238.2
Scotland,,2022-04-09,231.431
Scotland,,2022-04-10,230.699
Scotland,,2022-04-11,217.892
Scotland,,2022-04-12,212.221
Scotland,,2022-04-13,211.855
Scotland,,2022-04-14,205.818
Scotland,,2022-04-15,201.427
Scotland,,2022-04-16,198.317
Scotland,,2022-04-17,190.45
Scotland,,2022-04-18,184.413
Scotland,,2022-04-19,179.656
Scotland,,2022-04-20,176.18
Scotland,,2022-04-21,168.496
Scotland,,2022-04-22,165.203
Scotland,,2022-04-23,158.068
Scotland,,2022-04-24,152.397
Scotland,,2022-04-25,149.469
Scotland,,2022-04-26,142.883
Scotland,,2022-04-27,136.48
Scotland,,2022-04-28,132.455
Scotland,,2022-04-29,124.222
Scotland,,2022-04-30,124.954
Scotland,,2022-05-01,125.503
Scotland,,2022-05-02,123.308
Scotland,,2022-05-03,121.295
Scotland,,2022-05-04,117.453
Scotland,,2022-05-05,112.331
Scotland,,2022-05-06,109.404
Scotland,,2022-05-07,106.842
Scotland,,2022-05-08,104.83
Scotland,,2022-05-09,107.025
Scotland,,2022-05-10,110.501
Scotland,,2022-05-11,108.306
Scotland,,2022-05-12,110.867
Scotland,,2022-05-13,109.404
Scotland,,2022-05-14,105.745
Scotland,,2022-05-15,103.183
Scotland,,2022-05-16,100.622
Scotland,,2022-05-17,93.304
Scotland,,2022-05-18,92.938
Scotland,,2022-05-19,89.462
Scotland,,2022-05-20,89.645
Scotland,,2022-05-21,90.926
Scotland,,2022-05-22,91.475
Scotland,,2022-05-23,88.364
Scotland,,2022-05-24,93.487
Scotland,,2022-05-25,98.61
Scotland,,2022-05-26,98.793
Scotland,,2022-05-27,99.707
Scotland,,2022-05-28,100.439
Scotland,,2022-05-29,106.293
Scotland,,2022-05-30,112.148
Scotland,,2022-05-31,106.842
Scotland,,2022-06-01,103.366
Scotland,,2022-06-02,109.952
Scotland,,2022-06-03,112.514
Scotland,,2022-06-04,115.258
Scotland,,2022-06-05,117.453
Scotland,,2022-06-06,122.21
Scotland,,2022-06-07,130.26
Scotland,,2022-06-08,137.212
Scotland,,2022-06-09,141.054
Scotland,,2022-06-10,149.104
Scotland,,2022-06-11,152.763
Scotland,,2022-06-12,154.775
Scotland,,2022-06-13,157.153
Scotland,,2022-06-14,161.91
Scotland,,2022-06-15,167.398
Scotland,,2022-06-16,171.789
Scotland,,2022-06-17,175.448
Scotland,,2022-06-18,178.558
Scotland,,2022-06-19,178.192
Scotland,,2022-06-20,183.132
Scotland,,2022-06-21,189.901
Scotland,,2022-06-22,193.743
Scotland,,2022-06-23,201.793
Scotland,,2022-06-24,212.953
Scotland,,2022-06-25,221.734
Scotland,,2022-06-26,231.248
Scotland,,2022-06-27,235.09
Scotland,,2022-06-28,242.225
Scotland,,2022-06-29,245.518
Scotland,,2022-06-30,246.615
Scotland,,2022-07-01,240.944
Scotland,,2022-07-02,242.225
Scotland,,2022-07-03,237.285
Scotland,,2022-07-04,238.2
Scotland,,2022-07-05,233.992
Scotland,,2022-07-06,233.077
Scotland,,2022-07-07,234.541
Scotland,,2022-07-08,231.98
Scotland,,2022-07-09,228.503
Scotland,,2022-07-10,226.125
Scotland,,2022-07-11,227.589
Scotland,,2022-07-12,228.503
Scotland,,2022-07-13,225.576
Scotland,,2022-07-14,216.429
Scotland,,2022-07-15,210.757
Scotland,,2022-07-16,205.269
Scotland,,2022-07-17,208.562
Scotland,,2022-07-18,204.72
Scotland,,2022-07-19,195.573
Scotland,,2022-07-20,193.194
Scotland,,2022-07-21,190.45
Scotland,,2022-07-22,190.816
Scotland,,2022-07-23,192.462
Scotland,,2022-07-24,186.059
Scotland,,2022-07-25,177.278
Scotland,,2022-07-26,169.594
Scotland,,2022-07-27,163.374
Scotland,,2022-07-28,160.446
Scotland,,2022-07-29,154.043
Scotland,,2022-07-30,145.262
Scotland,,2022-07-31,141.42
Scotland,,2022-08-01,136.297
Scotland,,2022-08-02,134.651
Scotland,,2022-08-03,128.43
Scotland,,2022-08-04,120.929
Scotland,,2022-08-05,115.075
Scotland,,2022-08-06,109.221
Scotland,,2022-08-07,106.111
Scotland,,2022-08-08,101.903
Scotland,,2022-08-09,98.427
Scotland,,2022-08-10,97.512
Scotland,,2022-08-11,95.682
Scotland,,2022-08-12,99.158
Scotland,,2022-08-13,100.805
Scotland,,2022-08-14,99.341
Scotland,,2022-08-15,100.439
Scotland,,2022-08-16,96.597
Scotland,,2022-08-17,90.926
Scotland,,2022-08-18,87.267
Scotland,,2022-08-19,83.608
Scotland,,2022-08-20,79.766
Scotland,,2022-08-21,79.4
Scotland,,2022-08-22,75.375
Scotland,,2022-08-23,75.375
Scotland,,2022-08-24,77.753
Scotland,,2022-08-25,80.864
Scotland,,2022-08-26,76.29
Scotland,,2022-08-27,77.205
Scotland,,2022-08-28,76.839
Scotland,,2022-08-29,75.741
Scotland,,2022-08-30,73.18
Scotland,,2022-08-31,70.801
Scotland,,2022-09-01,68.24
Scotland,,2022-09-02,71.716
Scotland,,2022-09-03,72.631
Scotland,,2022-09-04,72.814
Scotland,,2022-09-05,74.46
Scotland,,2022-09-06,78.668
Scotland,,2022-09-07,77.387
Scotland,,2022-09-08,77.753
Scotland,,2022-09-09,74.46
Scotland,,2022-09-10,71.533
Scotland,,2022-09-11,67.691
Singapore,SGP,2023-02-26,14.901
Singapore,SGP,2023-03-05,28.384
Singapore,SGP,2023-03-12,38.673
Singapore,SGP,2023-03-19,47.365
Singapore,SGP,2023-03-26,60.138
Singapore,SGP,2023-04-02,75.217
Singapore,SGP,2023-04-09,92.602
Singapore,SGP,2023-04-16,99.875
Singapore,SGP,2023-04-23,100.762
Singapore,SGP,2023-04-30,97.037
Singapore,SGP,2023-05-07,97.924
Singapore,SGP,2023-05-14,67.234
Singapore,SGP,2023-05-21,61.735
Singapore,SGP,2023-05-28,39.028
Singapore,SGP,2023-06-04,39.382
Singapore,SGP,2023-06-11,33.528
Singapore,SGP,2023-06-18,26.078
Singapore,SGP,2023-06-25,27.497
Singapore,SGP,2023-07-02,26.965
Singapore,SGP,2023-07-09,20.046
Singapore,SGP,2023-07-16,17.74
Singapore,SGP,2023-07-23,18.095
Singapore,SGP,2023-07-30,15.611
Singapore,SGP,2023-08-06,14.901
Singapore,SGP,2023-08-13,18.095
Singapore,SGP,2023-08-20,16.853
Singapore,SGP,2023-08-27,22.352
Singapore,SGP,2023-09-03,26.787
Singapore,SGP,2023-09-10,24.658
Singapore,SGP,2023-09-17,28.206
Singapore,SGP,2023-09-24,39.737
Singapore,SGP,2023-10-01,46.478
Singapore,SGP,2023-10-08,44.172
Singapore,SGP,2023-10-15,39.56
Singapore,SGP,2023-10-22,42.043
Singapore,SGP,2023-10-29,41.156
Singapore,SGP,2023-11-05,38.496
Singapore,SGP,2023-11-12,40.269
Singapore,SGP,2023-11-19,47.72
Singapore,SGP,2023-11-26,81.603
Singapore,SGP,2023-12-03,135.355
Singapore,SGP,2023-12-10,171.19
Singapore,SGP,2023-12-17,153.272
Singapore,SGP,2023-12-24,87.99
Singapore,SGP,2023-12-31,52.155
Singapore,SGP,2024-01-07,37.786
Singapore,SGP,2024-01-14,30.69
Singapore,SGP,2024-01-21,14.724
Singapore,SGP,2024-01-28,10.644
Singapore,SGP,2024-02-04,4.967
Singapore,SGP,2024-02-11,4.258
Singapore,SGP,2024-02-18,3.548
Slovakia,SVK,2020-03-08,1.288
Slovakia,SVK,2020-03-15,4.232
Slovakia,SVK,2020-03-22,5.888
Slovakia,SVK,2020-03-29,4.6
Slovakia,SVK,2020-04-05,3.864
Slovakia,SVK,2020-04-12,4.968
Slovakia,SVK,2020-04-19,10.672
Slovakia,SVK,2020-04-26,4.784
Slovakia,SVK,2020-05-03,0.92
Slovakia,SVK,2020-05-10,0.184
Slovakia,SVK,2020-05-17,0.736
Slovakia,SVK,2020-05-24,0.368
Slovakia,SVK,2020-05-31,0.184
Slovakia,SVK,2020-06-21,0.368
Slovakia,SVK,2020-06-28,1.104
Slovakia,SVK,2020-07-05,0.736
Slovakia,SVK,2020-07-12,0.552
Slovakia,SVK,2020-07-19,1.84
Slovakia,SVK,2020-07-26,2.024
Slovakia,SVK,2020-08-02,2.76
Slovakia,SVK,2020-08-09,3.312
Slovakia,SVK,2020-08-16,4.416
Slovakia,SVK,2020-08-23,3.496
Slovakia,SVK,2020-08-30,7.912
Slovakia,SVK,2020-09-06,11.04
Slovakia,SVK,2020-09-13,10.12
Slovakia,SVK,2020-09-20,14.352
Slovakia,SVK,2020-09-27,30.176
Slovakia,SVK,2020-10-04,44.345
Slovakia,SVK,2020-10-11,55.201
Slovakia,SVK,2020-10-18,84.641
Slovakia,SVK,2020-10-25,143.154
Slovakia,SVK,2020-11-01,161.738
Slovakia,SVK,2020-11-08,144.626
Slovakia,SVK,2020-11-15,116.842
Slovakia,SVK,2020-11-22,133.034
Slovakia,SVK,2020-11-29,149.042
Slovakia,SVK,2020-12-06,149.41
Slovakia,SVK,2020-12-13,174.618
Slovakia,SVK,2020-12-20,184.922
Slovakia,SVK,2020-12-27,156.954
Slovakia,SVK,2021-01-03,195.963
Slovakia,SVK,2021-01-10,201.299
Slovakia,SVK,2021-01-17,207.739
Slovakia,SVK,2021-01-24,214.363
Slovakia,SVK,2021-01-31,198.171
Slovakia,SVK,2021-02-07,197.987
Slovakia,SVK,2021-02-14,207.187
Slovakia,SVK,2021-02-21,225.403
Slovakia,SVK,2021-02-28,221.355
Slovakia,SVK,2021-03-07,217.123
Slovakia,SVK,2021-03-14,194.675
Slovakia,SVK,2021-03-21,165.97
Slovakia,SVK,2021-03-28,153.826
Slovakia,SVK,2021-04-04,125.858
Slovakia,SVK,2021-04-11,103.593
Slovakia,SVK,2021-04-18,86.481
Slovakia,SVK,2021-04-25,69.369
Slovakia,SVK,2021-05-02,55.937
Slovakia,SVK,2021-05-09,41.033
Slovakia,SVK,2021-05-16,38.272
Slovakia,SVK,2021-05-23,24.288
Slovakia,SVK,2021-05-30,21.344
Slovakia,SVK,2021-06-06,18.4
Slovakia,SVK,2021-06-13,13.984
Slovakia,SVK,2021-06-20,11.96
Slovakia,SVK,2021-06-27,5.336
Slovakia,SVK,2021-07-04,3.128
Slovakia,SVK,2021-07-11,2.392
Slovakia,SVK,2021-07-18,2.576
Slovakia,SVK,2021-07-25,1.84
Slovakia,SVK,2021-08-01,3.68
Slovakia,SVK,2021-08-08,2.944
Slovakia,SVK,2021-08-15,4.048
Slovakia,SVK,2021-08-22,4.232
Slovakia,SVK,2021-08-29,5.52
Slovakia,SVK,2021-09-05,12.328
Slovakia,SVK,2021-09-12,28.704
Slovakia,SVK,2021-09-19,35.144
Slovakia,SVK,2021-09-26,53.545
Slovakia,SVK,2021-10-03,68.449
Slovakia,SVK,2021-10-10,68.817
Slovakia,SVK,2021-10-17,84.273
Slovakia,SVK,2021-10-24,113.713
Slovakia,SVK,2021-10-31,165.97
Slovakia,SVK,2021-11-07,208.291
Slovakia,SVK,2021-11-14,224.483
Slovakia,SVK,2021-11-21,250.427
Slovakia,SVK,2021-11-28,254.843
Slovakia,SVK,2021-12-05,241.411
Slovakia,SVK,2021-12-12,210.683
Slovakia,SVK,2021-12-19,173.514
Slovakia,SVK,2021-12-26,123.65
Slovakia,SVK,2022-01-02,121.994
Slovakia,SVK,2022-01-09,92.921
Slovakia,SVK,2022-01-16,71.761
Slovakia,SVK,2022-01-23,76.177
Slovakia,SVK,2022-01-30,123.098
Slovakia,SVK,2022-02-06,187.498
Slovakia,SVK,2022-02-13,200.747
Slovakia,SVK,2022-02-20,221.539
Slovakia,SVK,2022-02-27,192.835
Slovakia,SVK,2022-03-06,172.962
Slovakia,SVK,2022-03-13,161.37
Slovakia,SVK,2022-03-20,169.65
Slovakia,SVK,2022-03-27,152.722
Slovakia,SVK,2022-04-03,133.402
Slovakia,SVK,2022-04-10,108.009
Slovakia,SVK,2022-04-17,55.017
Slovakia,SVK,2022-04-24,60.905
Slovakia,SVK,2022-05-01,53.177
Slovakia,SVK,2022-05-08,28.888
Slovakia,SVK,2022-05-15,21.16
Slovakia,SVK,2022-05-22,11.96
Slovakia,SVK,2022-05-29,9.016
Slovakia,SVK,2022-06-05,9.936
Slovakia,SVK,2022-06-12,9.2
Slovakia,SVK,2022-06-19,13.432
Slovakia,SVK,2022-06-26,28.888
Slovakia,SVK,2022-07-03,28.52
Slovakia,SVK,2022-07-10,29.992
Slovakia,SVK,2022-07-17,43.977
Slovakia,SVK,2022-07-24,68.081
Slovakia,SVK,2022-07-31,77.281
Slovakia,SVK,2022-08-07,55.201
Slovakia,SVK,2022-08-14,51.705
Slovakia,SVK,2022-08-21,49.865
Slovakia,SVK,2022-08-28,44.897
Slovakia,SVK,2022-09-04,35.144
Slovakia,SVK,2022-09-11,33.672
Slovakia,SVK,2022-09-18,40.849
Slovakia,SVK,2022-09-25,58.697
Slovakia,SVK,2022-10-02,103.777
Slovakia,SVK,2022-10-09,96.417
Slovakia,SVK,2022-10-16,86.113
Slovakia,SVK,2022-10-23,67.345
Slovakia,SVK,2022-10-30,57.409
Slovakia,SVK,2022-11-06,48.761
Slovakia,SVK,2022-11-13,33.856
Slovakia,SVK,2022-11-20,31.28
Slovakia,SVK,2022-11-27,31.464
Slovakia,SVK,2022-12-04,45.633
Slovakia,SVK,2022-12-11,58.329
Slovakia,SVK,2022-12-18,46.001
Slovakia,SVK,2022-12-25,43.977
Slovakia,SVK,2023-01-01,42.689
Slovakia,SVK,2023-01-08,28.152
Slovakia,SVK,2023-01-15,28.704
Slovakia,SVK,2023-01-22,27.416
Slovakia,SVK,2023-01-29,23.552
Slovakia,SVK,2023-02-05,33.12
Slovakia,SVK,2023-02-12,50.969
Slovakia,SVK,2023-02-19,55.201
Slovakia,SVK,2023-02-26,48.945
Slovakia,SVK,2023-03-05,62.929
Slovakia,SVK,2023-03-12,69.921
Slovakia,SVK,2023-03-19,56.673
Slovakia,SVK,2023-03-26,49.313
Slovakia,SVK,2023-04-02,40.849
Slovakia,SVK,2023-04-09,27.6
Slovakia,SVK,2023-04-16,35.144
Slovakia,SVK,2023-04-23,24.472
Slovakia,SVK,2023-04-30,18.584
Slovakia,SVK,2023-05-07,13.8
Slovakia,SVK,2023-05-14,12.512
Slovakia,SVK,2023-05-21,7.912
Slovakia,SVK,2023-05-28,7.544
Slovakia,SVK,2023-06-04,6.072
Slovakia,SVK,2023-06-11,3.496
Slovakia,SVK,2023-06-18,4.784
Slovakia,SVK,2023-06-25,3.496
Slovakia,SVK,2023-07-02,1.472
Slovakia,SVK,2023-07-09,1.104
Slovakia,SVK,2023-07-16,2.76
Slovakia,SVK,2023-07-23,1.288
Slovakia,SVK,2023-07-30,1.104
Slovakia,SVK,2023-08-06,1.104
Slovakia,SVK,2023-08-13,1.472
Slovakia,SVK,2023-08-20,2.392
Slovakia,SVK,2023-08-27,4.416
Slovakia,SVK,2023-09-03,4.232
Slovakia,SVK,2023-09-10,7.176
Slovakia,SVK,2023-09-17,7.728
Slovakia,SVK,2023-09-24,16.008
Slovakia,SVK,2023-10-01,23.552
Slovakia,SVK,2023-10-08,19.688
Slovakia,SVK,2023-10-15,24.472
Slovakia,SVK,2023-10-22,31.28
Slovakia,SVK,2023-10-29,32.568
Slovakia,SVK,2023-11-05,29.256
Slovakia,SVK,2023-11-12,29.44
Slovakia,SVK,2023-11-19,26.312
Slovakia,SVK,2023-11-26,32.384
Slovenia,SVN,2020-02-12,0
Slovenia,SVN,2020-03-01,0
Slovenia,SVN,2020-03-08,9.966
Slovenia,SVN,2020-03-15,16.135
Slovenia,SVN,2020-03-22,19.457
Slovenia,SVN,2020-03-29,36.542
Slovenia,SVN,2020-04-05,24.678
Slovenia,SVN,2020-04-12,26.576
Slovenia,SVN,2020-04-19,21.356
Slovenia,SVN,2020-04-26,11.39
Slovenia,SVN,2020-05-03,8.542
Slovenia,SVN,2020-05-10,3.322
Slovenia,SVN,2020-05-17,1.898
Slovenia,SVN,2020-05-24,0
Slovenia,SVN,2020-05-31,0.475
Slovenia,SVN,2020-06-07,0.475
Slovenia,SVN,2020-06-14,0.475
Slovenia,SVN,2020-06-21,1.424
Slovenia,SVN,2020-06-28,1.424
Slovenia,SVN,2020-07-05,1.898
Slovenia,SVN,2020-07-12,7.119
Slovenia,SVN,2020-07-19,5.22
Slovenia,SVN,2020-07-26,9.017
Slovenia,SVN,2020-08-02,4.271
Slovenia,SVN,2020-08-09,6.169
Slovenia,SVN,2020-08-16,5.695
Slovenia,SVN,2020-08-23,5.22
Slovenia,SVN,2020-08-30,7.119
Slovenia,SVN,2020-09-06,8.068
Slovenia,SVN,2020-09-13,14.237
Slovenia,SVN,2020-09-20,25.627
Slovenia,SVN,2020-09-27,34.169
Slovenia,SVN,2020-10-04,40.338
Slovenia,SVN,2020-10-11,62.643
Slovenia,SVN,2020-10-18,111.523
Slovenia,SVN,2020-10-25,222.098
Slovenia,SVN,2020-11-01,333.147
Slovenia,SVN,2020-11-08,430.433
Slovenia,SVN,2020-11-15,421.891
Slovenia,SVN,2020-11-22,349.757
Slovenia,SVN,2020-11-29,408.128
Slovenia,SVN,2020-12-06,390.095
Slovenia,SVN,2020-12-13,405.281
Slovenia,SVN,2020-12-20,345.485
Slovenia,SVN,2020-12-27,326.977
Slovenia,SVN,2021-01-03,356.4
Slovenia,SVN,2021-01-10,353.079
Slovenia,SVN,2021-01-17,354.977
Slovenia,SVN,2021-01-24,330.299
Slovenia,SVN,2021-01-31,274.775
Slovenia,SVN,2021-02-07,236.335
Slovenia,SVN,2021-02-14,175.59
Slovenia,SVN,2021-02-21,132.404
Slovenia,SVN,2021-02-28,150.438
Slovenia,SVN,2021-03-07,150.438
Slovenia,SVN,2021-03-14,127.184
Slovenia,SVN,2021-03-21,154.709
Slovenia,SVN,2021-03-28,175.59
Slovenia,SVN,2021-04-04,188.878
Slovenia,SVN,2021-04-11,214.03
Slovenia,SVN,2021-04-18,204.064
Slovenia,SVN,2021-04-25,192.675
Slovenia,SVN,2021-05-02,173.692
Slovenia,SVN,2021-05-09,133.354
Slovenia,SVN,2021-05-16,111.523
Slovenia,SVN,2021-05-23,76.405
Slovenia,SVN,2021-05-30,57.897
Slovenia,SVN,2021-06-06,46.508
Slovenia,SVN,2021-06-13,39.864
Slovenia,SVN,2021-06-20,23.728
Slovenia,SVN,2021-06-27,12.813
Slovenia,SVN,2021-07-04,11.864
Slovenia,SVN,2021-07-11,8.542
Slovenia,SVN,2021-07-18,3.797
Slovenia,SVN,2021-07-25,7.119
Slovenia,SVN,2021-08-01,6.644
Slovenia,SVN,2021-08-08,9.491
Slovenia,SVN,2021-08-15,18.508
Slovenia,SVN,2021-08-22,27.525
Slovenia,SVN,2021-08-29,65.016
Slovenia,SVN,2021-09-05,87.32
Slovenia,SVN,2021-09-12,106.303
Slovenia,SVN,2021-09-19,123.862
Slovenia,SVN,2021-09-26,131.93
Slovenia,SVN,2021-10-03,144.743
Slovenia,SVN,2021-10-10,126.235
Slovenia,SVN,2021-10-17,122.439
Slovenia,SVN,2021-10-24,168.946
Slovenia,SVN,2021-10-31,250.097
Slovenia,SVN,2021-11-07,309.418
Slovenia,SVN,2021-11-14,342.638
Slovenia,SVN,2021-11-21,349.757
Slovenia,SVN,2021-11-28,326.503
Slovenia,SVN,2021-12-05,273.826
Slovenia,SVN,2021-12-12,220.2
Slovenia,SVN,2021-12-19,157.082
Slovenia,SVN,2021-12-26,134.777
Slovenia,SVN,2022-01-02,134.303
Slovenia,SVN,2022-01-09,155.658
Slovenia,SVN,2022-01-16,178.912
Slovenia,SVN,2022-01-23,214.979
Slovenia,SVN,2022-01-30,284.741
Slovenia,SVN,2022-02-06,316.537
Slovenia,SVN,2022-02-13,322.706
Slovenia,SVN,2022-02-20,273.826
Slovenia,SVN,2022-02-27,167.048
Slovenia,SVN,2022-03-06,119.591
Slovenia,SVN,2022-03-13,106.778
Slovenia,SVN,2022-03-20,95.863
Slovenia,SVN,2022-03-27,105.829
Slovenia,SVN,2022-04-03,104.405
Slovenia,SVN,2022-04-10,97.761
Slovenia,SVN,2022-04-17,66.914
Slovenia,SVN,2022-04-24,63.118
Slovenia,SVN,2022-05-01,62.643
Slovenia,SVN,2022-05-08,46.982
Slovenia,SVN,2022-05-15,29.423
Slovenia,SVN,2022-05-22,16.61
Slovenia,SVN,2022-05-29,15.186
Slovenia,SVN,2022-06-05,16.135
Slovenia,SVN,2022-06-12,13.762
Slovenia,SVN,2022-06-19,14.237
Slovenia,SVN,2022-06-26,20.881
Slovenia,SVN,2022-07-03,40.338
Slovenia,SVN,2022-07-10,39.864
Slovenia,SVN,2022-07-17,71.185
Slovenia,SVN,2022-07-24,65.965
Slovenia,SVN,2022-07-31,50.779
Slovenia,SVN,2022-08-07,56.948
Slovenia,SVN,2022-08-14,58.372
Slovenia,SVN,2022-08-21,49.355
Slovenia,SVN,2022-08-28,44.609
Slovenia,SVN,2022-09-04,47.931
Slovenia,SVN,2022-09-11,34.643
Slovenia,SVN,2022-09-18,42.711
Slovenia,SVN,2022-09-25,37.965
Slovenia,SVN,2022-10-02,66.914
Slovenia,SVN,2022-10-09,62.643
Slovenia,SVN,2022-10-16,56.474
Slovenia,SVN,2022-10-23,40.813
Slovenia,SVN,2022-10-30,43.186
Slovenia,SVN,2022-11-06,44.609
Slovenia,SVN,2022-11-13,43.186
Slovenia,SVN,2022-11-20,44.135
Slovenia,SVN,2022-11-27,46.508
Slovenia,SVN,2022-12-04,46.508
Slovenia,SVN,2022-12-11,60.745
Slovenia,SVN,2022-12-18,77.355
Slovenia,SVN,2022-12-25,67.389
Slovenia,SVN,2023-01-01,66.914
Slovenia,SVN,2023-01-08,58.372
Slovenia,SVN,2023-01-15,44.609
Slovenia,SVN,2023-01-22,32.745
Slovenia,SVN,2023-01-29,21.356
Slovenia,SVN,2023-02-05,16.61
Slovenia,SVN,2023-02-12,10.915
Slovenia,SVN,2023-02-19,16.135
Slovenia,SVN,2023-02-26,16.61
Slovenia,SVN,2023-03-05,26.576
Slovenia,SVN,2023-03-12,20.406
Slovenia,SVN,2023-03-19,36.067
Slovenia,SVN,2023-03-26,29.423
South Africa,ZAF,2020-04-25,4.491
South Africa,ZAF,2020-05-02,6.512
South Africa,ZAF,2020-05-09,7.714
South Africa,ZAF,2020-05-16,18.049
South Africa,ZAF,2020-05-23,23.809
South Africa,ZAF,2020-05-30,33.242
South Africa,ZAF,2020-06-06,38.869
South Africa,ZAF,2020-06-13,50.506
South Africa,ZAF,2020-06-20,72.528
South Africa,ZAF,2020-06-27,99.175
South Africa,ZAF,2020-07-04,120.897
South Africa,ZAF,2020-07-11,137.844
South Africa,ZAF,2020-07-18,147.995
South Africa,ZAF,2020-07-25,143.721
South Africa,ZAF,2020-08-01,122.583
South Africa,ZAF,2020-08-08,100.561
South Africa,ZAF,2020-08-15,74.832
South Africa,ZAF,2020-08-22,62.11
South Africa,ZAF,2020-08-29,48.619
South Africa,ZAF,2020-09-05,41.841
South Africa,ZAF,2020-09-12,37.917
South Africa,ZAF,2020-09-19,32.875
South Africa,ZAF,2020-09-26,31.105
South Africa,ZAF,2020-10-03,28.384
South Africa,ZAF,2020-10-10,31.923
South Africa,ZAF,2020-10-17,31.422
South Africa,ZAF,2020-10-24,33.359
South Africa,ZAF,2020-10-31,34.912
South Africa,ZAF,2020-11-07,36.264
South Africa,ZAF,2020-11-14,41.941
South Africa,ZAF,2020-11-21,52.276
South Africa,ZAF,2020-11-28,63.779
South Africa,ZAF,2020-12-05,83.848
South Africa,ZAF,2020-12-12,125.906
South Africa,ZAF,2020-12-19,168.281
South Africa,ZAF,2020-12-26,214.763
South Africa,ZAF,2021-01-02,268.425
South Africa,ZAF,2021-01-09,303.604
South Africa,ZAF,2021-01-16,281.448
South Africa,ZAF,2021-01-23,198.501
South Africa,ZAF,2021-01-30,122.35
South Africa,ZAF,2021-02-06,88.223
South Africa,ZAF,2021-02-13,65.482
South Africa,ZAF,2021-02-20,50.506
South Africa,ZAF,2021-02-27,40.655
South Africa,ZAF,2021-03-06,35.613
South Africa,ZAF,2021-03-13,32.491
South Africa,ZAF,2021-03-20,31.923
South Africa,ZAF,2021-03-27,29.352
South Africa,ZAF,2021-04-03,27.816
South Africa,ZAF,2021-04-10,29.402
South Africa,ZAF,2021-04-17,32.908
South Africa,ZAF,2021-04-24,36.281
South Africa,ZAF,2021-05-01,37.5
South Africa,ZAF,2021-05-08,43.026
South Africa,ZAF,2021-05-15,49.588
South Africa,ZAF,2021-05-22,61.225
South Africa,ZAF,2021-05-29,73.764
South Africa,ZAF,2021-06-05,83.18
South Africa,ZAF,2021-06-12,109.026
South Africa,ZAF,2021-06-19,134.955
South Africa,ZAF,2021-06-26,177.564
South Africa,ZAF,2021-07-03,212.359
South Africa,ZAF,2021-07-10,245.902
South Africa,ZAF,2021-07-17,238.455
South Africa,ZAF,2021-07-24,219.455
South Africa,ZAF,2021-07-31,192.34
South Africa,ZAF,2021-08-07,173.674
South Africa,ZAF,2021-08-14,158.764
South Africa,ZAF,2021-08-21,164.207
South Africa,ZAF,2021-08-28,143.738
South Africa,ZAF,2021-09-04,115.22
South Africa,ZAF,2021-09-11,92.146
South Africa,ZAF,2021-09-18,64.214
South Africa,ZAF,2021-09-25,42.726
South Africa,ZAF,2021-10-02,34.428
South Africa,ZAF,2021-10-09,24.61
South Africa,ZAF,2021-10-16,19.535
South Africa,ZAF,2021-10-23,14.275
South Africa,ZAF,2021-10-30,10.519
South Africa,ZAF,2021-11-06,10.151
South Africa,ZAF,2021-11-13,10.235
South Africa,ZAF,2021-11-20,13.073
South Africa,ZAF,2021-11-27,26.297
South Africa,ZAF,2021-12-04,70.258
South Africa,ZAF,2021-12-11,136.625
South Africa,ZAF,2021-12-18,163.573
South Africa,ZAF,2021-12-25,164.007
South Africa,ZAF,2022-01-01,142.752
South Africa,ZAF,2022-01-08,122.233
South Africa,ZAF,2022-01-15,89.759
South Africa,ZAF,2022-01-22,59.939
South Africa,ZAF,2022-01-29,51.608
South Africa,ZAF,2022-02-05,41.924
South Africa,ZAF,2022-02-12,36.264
South Africa,ZAF,2022-02-19,30.604
South Africa,ZAF,2022-02-26,25.812
South Africa,ZAF,2022-03-05,20.97
South Africa,ZAF,2022-03-12,19.1
South Africa,ZAF,2022-03-19,16.713
South Africa,ZAF,2022-03-26,16.663
South Africa,ZAF,2022-04-02,15.878
South Africa,ZAF,2022-04-09,16.295
South Africa,ZAF,2022-04-16,16.696
South Africa,ZAF,2022-04-23,28.851
South Africa,ZAF,2022-04-30,37.65
South Africa,ZAF,2022-05-07,48.686
South Africa,ZAF,2022-05-14,57.335
South Africa,ZAF,2022-05-21,52.576
South Africa,ZAF,2022-05-28,41.69
South Africa,ZAF,2022-06-04,30.554
South Africa,ZAF,2022-06-11,25.412
South Africa,ZAF,2022-06-18,16.563
South Africa,ZAF,2022-06-25,12.923
South Africa,ZAF,2022-07-02,8.231
South Africa,ZAF,2022-07-09,6.896
South Africa,ZAF,2022-07-16,5.56
South Korea,KOR,2021-11-13,63.359
South Korea,KOR,2021-11-14,63.649
South Korea,KOR,2021-11-15,66.003
South Korea,KOR,2021-11-16,67.45
South Korea,KOR,2021-11-17,66.312
South Korea,KOR,2021-11-18,67.586
South Korea,KOR,2021-11-19,68.473
South Korea,KOR,2021-11-20,70.423
South Korea,KOR,2021-11-21,71.291
South Korea,KOR,2021-11-22,73.395
South Korea,KOR,2021-11-23,74.919
South Korea,KOR,2021-11-24,78.991
South Korea,KOR,2021-11-25,81.076
South Korea,KOR,2021-11-26,83.604
South Korea,KOR,2021-11-27,83.411
South Korea,KOR,2021-11-28,87.965
South Korea,KOR,2021-11-29,87.676
South Korea,KOR,2021-11-30,89.355
South Korea,KOR,2021-12-01,88.699
South Korea,KOR,2021-12-02,90.397
South Korea,KOR,2021-12-03,91.285
South Korea,KOR,2021-12-04,91.015
South Korea,KOR,2021-12-05,92.057
South Korea,KOR,2021-12-06,94.064
South Korea,KOR,2021-12-07,95.743
South Korea,KOR,2021-12-08,100.259
South Korea,KOR,2021-12-09,103.791
South Korea,KOR,2021-12-10,104.678
South Korea,KOR,2021-12-11,108.519
South Korea,KOR,2021-12-12,109.387
South Korea,KOR,2021-12-13,109.696
South Korea,KOR,2021-12-14,110.468
South Korea,KOR,2021-12-15,109.909
South Korea,KOR,2021-12-16,107.033
South Korea,KOR,2021-12-17,106.184
South Korea,KOR,2021-12-18,104.543
South Korea,KOR,2021-12-19,101.996
South Korea,KOR,2021-12-20,99.757
South Korea,KOR,2021-12-21,97.171
South Korea,KOR,2021-12-22,95.782
South Korea,KOR,2021-12-23,93.601
South Korea,KOR,2021-12-24,92.578
South Korea,KOR,2021-12-25,89.702
South Korea,KOR,2021-12-26,87.039
South Korea,KOR,2021-12-27,83.372
South Korea,KOR,2021-12-28,79.242
South Korea,KOR,2021-12-29,76.309
South Korea,KOR,2021-12-30,74.417
South Korea,KOR,2021-12-31,71.696
South Korea,KOR,2022-01-01,70.828
South Korea,KOR,2022-01-02,68.415
South Korea,KOR,2022-01-03,67.566
South Korea,KOR,2022-01-04,66.042
South Korea,KOR,2022-01-05,64.478
South Korea,KOR,2022-01-06,61.699
South Korea,KOR,2022-01-07,60.02
South Korea,KOR,2022-01-08,57.318
South Korea,KOR,2022-01-09,56.72
South Korea,KOR,2022-01-10,57.203
South Korea,KOR,2022-01-11,57.608
South Korea,KOR,2022-01-12,56.141
South Korea,KOR,2022-01-13,56.682
South Korea,KOR,2022-01-14,57.434
South Korea,KOR,2022-01-15,58.322
South Korea,KOR,2022-01-16,59.055
South Korea,KOR,2022-01-17,60.638
South Korea,KOR,2022-01-18,62.819
South Korea,KOR,2022-01-19,67.296
South Korea,KOR,2022-01-20,71.137
South Korea,KOR,2022-01-21,73.375
South Korea,KOR,2022-01-22,78.547
South Korea,KOR,2022-01-23,85.186
South Korea,KOR,2022-01-24,89.953
South Korea,KOR,2022-01-25,96.052
South Korea,KOR,2022-01-26,100.298
South Korea,KOR,2022-01-27,107.033
South Korea,KOR,2022-01-28,113.614
South Korea,KOR,2022-01-29,119.635
South Korea,KOR,2022-01-30,124.537
South Korea,KOR,2022-01-31,131.35
South Korea,KOR,2022-02-01,135.634
South Korea,KOR,2022-02-02,141.424
South Korea,KOR,2022-02-03,144.956
South Korea,KOR,2022-02-04,152.618
South Korea,KOR,2022-02-05,163.02
South Korea,KOR,2022-02-06,168.906
South Korea,KOR,2022-02-07,173.634
South Korea,KOR,2022-02-08,180.736
South Korea,KOR,2022-02-09,185.889
South Korea,KOR,2022-02-10,189.614
South Korea,KOR,2022-02-11,187.954
South Korea,KOR,2022-02-12,185.272
South Korea,KOR,2022-02-13,184.422
South Korea,KOR,2022-02-14,182.879
South Korea,KOR,2022-02-15,179.598
South Korea,KOR,2022-02-16,183.786
South Korea,KOR,2022-02-17,185.773
South Korea,KOR,2022-02-18,190.193
South Korea,KOR,2022-02-19,191.1
South Korea,KOR,2022-02-20,196.677
South Korea,KOR,2022-02-21,199.823
South Korea,KOR,2022-02-22,205.652
South Korea,KOR,2022-02-23,209.453
South Korea,KOR,2022-02-24,215.668
South Korea,KOR,2022-02-25,223.947
South Korea,KOR,2022-02-26,233.365
South Korea,KOR,2022-02-27,238.614
South Korea,KOR,2022-02-28,240.081
South Korea,KOR,2022-03-01,243.285
South Korea,KOR,2022-03-02,238.344
South Korea,KOR,2022-03-03,234.697
South Korea,KOR,2022-03-04,233.693
South Korea,KOR,2022-03-05,235.314
South Korea,KOR,2022-03-06,232.169
South Korea,KOR,2022-03-07,230.76
South Korea,KOR,2022-03-08,231.705
South Korea,KOR,2022-03-09,241.779
South Korea,KOR,2022-03-10,249.325
South Korea,KOR,2022-03-11,251.217
South Korea,KOR,2022-03-12,253.996
South Korea,KOR,2022-03-13,257.142
South Korea,KOR,2022-03-14,257.142
South Korea,KOR,2022-03-15,259.477
South Korea,KOR,2022-03-16,259.265
South Korea,KOR,2022-03-17,260.461
South Korea,KOR,2022-03-18,256.138
South Korea,KOR,2022-03-19,250.136
South Korea,KOR,2022-03-20,245.446
South Korea,KOR,2022-03-21,242.725
South Korea,KOR,2022-03-22,239.579
South Korea,KOR,2022-03-23,238.479
South Korea,KOR,2022-03-24,236.549
South Korea,KOR,2022-03-25,241.046
South Korea,KOR,2022-03-26,242.783
South Korea,KOR,2022-03-27,244.366
South Korea,KOR,2022-03-28,243.208
South Korea,KOR,2022-03-29,241.857
South Korea,KOR,2022-03-30,240.139
South Korea,KOR,2022-03-31,234.986
South Korea,KOR,2022-04-01,230.605
South Korea,KOR,2022-04-02,227.247
South Korea,KOR,2022-04-03,221.747
South Korea,KOR,2022-04-04,219.238
South Korea,KOR,2022-04-05,214.934
South Korea,KOR,2022-04-06,210.766
South Korea,KOR,2022-04-07,208.103
South Korea,KOR,2022-04-08,201.193
South Korea,KOR,2022-04-09,194.535
South Korea,KOR,2022-04-10,189.903
South Korea,KOR,2022-04-11,187.24
South Korea,KOR,2022-04-12,186.372
South Korea,KOR,2022-04-13,181.682
South Korea,KOR,2022-04-14,174.348
South Korea,KOR,2022-04-15,168.153
South Korea,KOR,2022-04-16,160.202
South Korea,KOR,2022-04-17,152.174
South Korea,KOR,2022-04-18,145.129
South Korea,KOR,2022-04-19,134.399
South Korea,KOR,2022-04-20,120.465
South Korea,KOR,2022-04-21,109.909
South Korea,KOR,2022-04-22,102.42
South Korea,KOR,2022-04-23,97.171
South Korea,KOR,2022-04-24,94.875
South Korea,KOR,2022-04-25,91.13
South Korea,KOR,2022-04-26,88.622
South Korea,KOR,2022-04-27,85.457
South Korea,KOR,2022-04-28,84.607
South Korea,KOR,2022-04-29,80.439
South Korea,KOR,2022-04-30,74.282
South Korea,KOR,2022-05-01,69.207
South Korea,KOR,2022-05-02,66.949
South Korea,KOR,2022-05-03,62.741
South Korea,KOR,2022-05-04,59.326
South Korea,KOR,2022-05-05,56.585
South Korea,KOR,2022-05-06,52.59
South Korea,KOR,2022-05-07,52.262
South Korea,KOR,2022-05-08,51.992
South Korea,KOR,2022-05-09,53.111
South Korea,KOR,2022-05-10,52.532
South Korea,KOR,2022-05-11,51.548
South Korea,KOR,2022-05-12,49.772
South Korea,KOR,2022-05-13,51.336
South Korea,KOR,2022-05-14,49.464
South Korea,KOR,2022-05-15,47.418
South Korea,KOR,2022-05-16,44.697
South Korea,KOR,2022-05-17,42.034
South Korea,KOR,2022-05-18,38.579
South Korea,KOR,2022-05-19,35.549
South Korea,KOR,2022-05-20,33.117
South Korea,KOR,2022-05-21,31.901
South Korea,KOR,2022-05-22,29.779
South Korea,KOR,2022-05-23,29.142
South Korea,KOR,2022-05-24,28.022
South Korea,KOR,2022-05-25,27.598
South Korea,KOR,2022-05-26,26.864
South Korea,KOR,2022-05-27,25.205
South Korea,KOR,2022-05-28,22.696
South Korea,KOR,2022-05-29,21.615
South Korea,KOR,2022-05-30,20.882
South Korea,KOR,2022-05-31,19.666
South Korea,KOR,2022-06-01,17.967
South Korea,KOR,2022-06-02,16.076
South Korea,KOR,2022-06-03,15.266
South Korea,KOR,2022-06-04,14.648
South Korea,KOR,2022-06-05,14.725
South Korea,KOR,2022-06-06,14.243
South Korea,KOR,2022-06-07,12.93
South Korea,KOR,2022-06-08,12.043
South Korea,KOR,2022-06-09,12.66
South Korea,KOR,2022-06-10,12.68
South Korea,KOR,2022-06-11,12.351
South Korea,KOR,2022-06-12,11.56
South Korea,KOR,2022-06-13,11.483
South Korea,KOR,2022-06-14,11.444
South Korea,KOR,2022-06-15,11.174
South Korea,KOR,2022-06-16,10.479
South Korea,KOR,2022-06-17,9.669
South Korea,KOR,2022-06-18,8.974
South Korea,KOR,2022-06-19,8.607
South Korea,KOR,2022-06-20,8.357
South Korea,KOR,2022-06-21,8.144
South Korea,KOR,2022-06-22,8.376
South Korea,KOR,2022-06-23,8.26
South Korea,KOR,2022-06-24,8.241
South Korea,KOR,2022-06-25,8.241
South Korea,KOR,2022-06-26,8.221
South Korea,KOR,2022-06-27,8.125
South Korea,KOR,2022-06-28,8.279
South Korea,KOR,2022-06-29,7.971
South Korea,KOR,2022-06-30,7.681
South Korea,KOR,2022-07-01,7.546
South Korea,KOR,2022-07-02,7.585
South Korea,KOR,2022-07-03,7.874
South Korea,KOR,2022-07-04,8.569
South Korea,KOR,2022-07-05,9.206
South Korea,KOR,2022-07-06,10.036
South Korea,KOR,2022-07-07,11.502
South Korea,KOR,2022-07-08,12.969
South Korea,KOR,2022-07-09,14.938
South Korea,KOR,2022-07-10,15.439
South Korea,KOR,2022-07-11,15.845
South Korea,KOR,2022-07-12,17.041
South Korea,KOR,2022-07-13,18.566
South Korea,KOR,2022-07-14,18.913
South Korea,KOR,2022-07-15,20.592
South Korea,KOR,2022-07-16,21.422
South Korea,KOR,2022-07-18,23.12
South Korea,KOR,2022-07-19,25.571
South Korea,KOR,2022-07-20,27.733
South Korea,KOR,2022-07-21,28.871
South Korea,KOR,2022-07-22,32.21
South Korea,KOR,2022-07-23,33.272
South Korea,KOR,2022-07-24,33.831
South Korea,KOR,2022-07-25,34.256
South Korea,KOR,2022-07-26,35.26
South Korea,KOR,2022-07-27,35.626
South Korea,KOR,2022-07-28,37.286
South Korea,KOR,2022-07-29,37.46
South Korea,KOR,2022-07-30,38.811
South Korea,KOR,2022-07-31,40.335
South Korea,KOR,2022-08-01,40.509
South Korea,KOR,2022-08-02,41.59
South Korea,KOR,2022-08-03,45.006
South Korea,KOR,2022-08-04,47.823
South Korea,KOR,2022-08-05,50.911
South Korea,KOR,2022-08-06,53.748
South Korea,KOR,2022-08-07,55.446
South Korea,KOR,2022-08-08,57.28
South Korea,KOR,2022-08-09,58.997
South Korea,KOR,2022-08-10,59.808
South Korea,KOR,2022-08-11,59.904
South Korea,KOR,2022-08-12,62.606
South Korea,KOR,2022-08-13,66.003
South Korea,KOR,2022-08-14,69.651
South Korea,KOR,2022-08-15,71.812
South Korea,KOR,2022-08-16,72.391
South Korea,KOR,2022-08-17,74.958
South Korea,KOR,2022-08-18,79.223
South Korea,KOR,2022-08-19,78.798
South Korea,KOR,2022-08-20,74.244
South Korea,KOR,2022-08-21,69.245
South Korea,KOR,2022-08-22,66.254
South Korea,KOR,2022-08-23,66.717
South Korea,KOR,2022-08-24,62.684
South Korea,KOR,2022-08-25,56.411
South Korea,KOR,2022-08-26,52.397
South Korea,KOR,2022-08-27,50.853
South Korea,KOR,2022-08-28,50.66
South Korea,KOR,2022-08-29,49.058
South Korea,KOR,2022-08-30,46.569
South Korea,KOR,2022-08-31,44.292
South Korea,KOR,2022-09-01,42.053
South Korea,KOR,2022-09-02,40.084
South Korea,KOR,2022-09-03,38.849
South Korea,KOR,2022-09-04,37.286
South Korea,KOR,2022-09-05,37.054
South Korea,KOR,2022-09-06,35.858
South Korea,KOR,2022-09-07,35.51
South Korea,KOR,2022-09-08,35.838
South Korea,KOR,2022-09-09,35.896
South Korea,KOR,2022-09-10,34.082
South Korea,KOR,2022-09-11,32.287
South Korea,KOR,2022-09-12,32.172
South Korea,KOR,2022-09-13,29.759
South Korea,KOR,2022-09-14,28.698
South Korea,KOR,2022-09-15,28.428
South Korea,KOR,2022-09-16,27.135
South Korea,KOR,2022-09-17,27.771
South Korea,KOR,2022-09-18,28.119
South Korea,KOR,2022-09-19,27.173
South Korea,KOR,2022-09-20,27.27
South Korea,KOR,2022-09-21,26.035
South Korea,KOR,2022-09-22,23.487
South Korea,KOR,2022-09-23,21.538
South Korea,KOR,2022-09-24,19.878
South Korea,KOR,2022-09-25,18.643
South Korea,KOR,2022-09-26,18.006
South Korea,KOR,2022-09-27,17.678
South Korea,KOR,2022-09-28,17.003
South Korea,KOR,2022-09-29,16.597
South Korea,KOR,2022-09-30,16.713
South Korea,KOR,2022-10-01,16.288
South Korea,KOR,2022-10-02,16.25
South Korea,KOR,2022-10-03,16.346
South Korea,KOR,2022-10-04,15.111
South Korea,KOR,2022-10-05,14.513
South Korea,KOR,2022-10-06,14.86
South Korea,KOR,2022-10-07,14.088
South Korea,KOR,2022-10-08,13.76
South Korea,KOR,2022-10-09,13.336
South Korea,KOR,2022-10-10,12.602
South Korea,KOR,2022-10-11,12.448
South Korea,KOR,2022-10-12,11.637
South Korea,KOR,2022-10-13,11.174
South Korea,KOR,2022-10-14,11.193
South Korea,KOR,2022-10-15,11.444
South Korea,KOR,2022-10-16,11.734
South Korea,KOR,2022-10-17,12.371
South Korea,KOR,2022-10-18,13.567
South Korea,KOR,2022-10-19,14.629
South Korea,KOR,2022-10-20,14.822
South Korea,KOR,2022-10-21,15.478
South Korea,KOR,2022-10-22,16.095
South Korea,KOR,2022-10-23,16.385
South Korea,KOR,2022-10-24,16.269
South Korea,KOR,2022-10-25,16.404
South Korea,KOR,2022-10-26,16.617
South Korea,KOR,2022-10-27,17.099
South Korea,KOR,2022-10-28,17.427
South Korea,KOR,2022-10-29,17.987
South Korea,KOR,2022-10-30,18.643
South Korea,KOR,2022-10-31,19.241
South Korea,KOR,2022-11-01,19.666
South Korea,KOR,2022-11-02,21.364
South Korea,KOR,2022-11-03,22.638
South Korea,KOR,2022-11-04,23.989
South Korea,KOR,2022-11-05,23.989
South Korea,KOR,2022-11-06,23.989
South Korea,KOR,2022-11-07,24.336
South Korea,KOR,2022-11-08,25.687
South Korea,KOR,2022-11-09,25.61
South Korea,KOR,2022-11-10,26.208
South Korea,KOR,2022-11-11,26.556
South Korea,KOR,2022-11-12,28.312
South Korea,KOR,2022-11-13,29.335
South Korea,KOR,2022-11-14,30.551
South Korea,KOR,2022-11-15,31.091
South Korea,KOR,2022-11-16,31.419
South Korea,KOR,2022-11-17,30.801
South Korea,KOR,2022-11-18,30.068
South Korea,KOR,2022-11-19,28.794
South Korea,KOR,2022-11-20,28.273
South Korea,KOR,2022-11-21,27.25
South Korea,KOR,2022-11-22,26.652
South Korea,KOR,2022-11-23,25.842
South Korea,KOR,2022-11-24,25.726
South Korea,KOR,2022-11-25,25.649
South Korea,KOR,2022-11-26,25.07
South Korea,KOR,2022-11-27,24.51
South Korea,KOR,2022-11-28,24.356
South Korea,KOR,2022-11-29,23.931
South Korea,KOR,2022-11-30,24.51
South Korea,KOR,2022-12-01,24.568
South Korea,KOR,2022-12-02,24.259
South Korea,KOR,2022-12-03,24.201
South Korea,KOR,2022-12-04,24.375
South Korea,KOR,2022-12-05,24.24
South Korea,KOR,2022-12-06,23.95
South Korea,KOR,2022-12-07,23.584
South Korea,KOR,2022-12-08,23.12
South Korea,KOR,2022-12-09,23.777
South Korea,KOR,2022-12-10,25.668
South Korea,KOR,2022-12-11,25.919
South Korea,KOR,2022-12-12,25.687
South Korea,KOR,2022-12-13,26.073
South Korea,KOR,2022-12-14,26.189
South Korea,KOR,2022-12-15,26.305
South Korea,KOR,2022-12-16,26.092
South Korea,KOR,2022-12-17,25.166
South Korea,KOR,2022-12-18,25.301
South Korea,KOR,2022-12-19,25.764
South Korea,KOR,2022-12-20,25.513
South Korea,KOR,2022-12-21,25.977
South Korea,KOR,2022-12-22,26.343
South Korea,KOR,2022-12-23,26.073
South Korea,KOR,2022-12-24,26.228
South Korea,KOR,2022-12-25,25.957
South Korea,KOR,2022-12-26,25.784
South Korea,KOR,2022-12-27,25.764
South Korea,KOR,2022-12-28,25.842
South Korea,KOR,2022-12-29,26.401
South Korea,KOR,2022-12-30,26.98
South Korea,KOR,2022-12-31,26.247
South Korea,KOR,2023-01-01,26.073
South Korea,KOR,2023-01-02,26.266
South Korea,KOR,2023-01-03,25.475
South Korea,KOR,2023-01-04,24.703
South Korea,KOR,2023-01-05,23.873
South Korea,KOR,2023-01-06,22.599
South Korea,KOR,2023-01-07,22.561
South Korea,KOR,2023-01-09,21.692
South Korea,KOR,2023-01-10,22.445
South Korea,KOR,2023-01-11,23.005
South Korea,KOR,2023-01-12,21.75
South Korea,KOR,2023-01-13,20.766
South Korea,KOR,2023-01-14,20.882
South Korea,KOR,2023-01-15,19.897
South Korea,KOR,2023-01-16,19.164
South Korea,KOR,2023-01-17,18.18
South Korea,KOR,2023-01-18,17.446
South Korea,KOR,2023-01-19,17.138
South Korea,KOR,2023-01-20,17.08
South Korea,KOR,2023-01-21,16.25
South Korea,KOR,2023-01-22,15.285
South Korea,KOR,2023-01-23,15.517
South Korea,KOR,2023-01-24,14.397
South Korea,KOR,2023-01-25,13.085
South Korea,KOR,2023-01-26,12.834
South Korea,KOR,2023-01-27,12.757
South Korea,KOR,2023-01-28,12.197
South Korea,KOR,2023-01-29,12.294
South Korea,KOR,2023-01-30,11.637
South Korea,KOR,2023-01-31,11.869
South Korea,KOR,2023-02-01,12.139
South Korea,KOR,2023-02-02,11.464
South Korea,KOR,2023-02-03,10.537
South Korea,KOR,2023-02-04,9.264
South Korea,KOR,2023-02-08,9.09
South Korea,KOR,2023-02-09,9.457
South Korea,KOR,2023-02-10,9.534
South Korea,KOR,2023-02-11,8.82
South Korea,KOR,2023-02-12,7.971
South Korea,KOR,2023-02-13,6.735
South Korea,KOR,2023-02-14,7.334
South Korea,KOR,2023-02-15,7.411
South Korea,KOR,2023-02-16,7.276
South Korea,KOR,2023-02-17,6.677
South Korea,KOR,2023-02-18,6.562
South Korea,KOR,2023-02-19,6.542
South Korea,KOR,2023-02-20,6.677
South Korea,KOR,2023-02-21,6.735
South Korea,KOR,2023-02-22,6.369
South Korea,KOR,2023-02-24,6.234
South Korea,KOR,2023-02-25,6.311
South Korea,KOR,2023-02-26,6.407
South Korea,KOR,2023-02-27,6.407
South Korea,KOR,2023-02-28,6.099
South Korea,KOR,2023-03-01,5.886
South Korea,KOR,2023-03-02,5.732
South Korea,KOR,2023-03-03,5.346
South Korea,KOR,2023-03-04,4.941
Spain,ESP,2020-08-07,58.202
Spain,ESP,2020-08-08,59.505
Spain,ESP,2020-08-09,60.536
Spain,ESP,2020-08-10,63.774
Spain,ESP,2020-08-11,67.538
Spain,ESP,2020-08-12,70.208
Spain,ESP,2020-08-13,73.762
Spain,ESP,2020-08-14,77.588
Spain,ESP,2020-08-15,81.205
Spain,ESP,2020-08-16,84.149
Spain,ESP,2020-08-17,86.924
Spain,ESP,2020-08-18,90.331
Spain,ESP,2020-08-19,93.779
Spain,ESP,2020-08-20,96.933
Spain,ESP,2020-08-21,99.982
Spain,ESP,2020-08-22,102.863
Spain,ESP,2020-08-23,104.86
Spain,ESP,2020-08-24,109.023
Spain,ESP,2020-08-25,113.102
Spain,ESP,2020-08-26,115.331
Spain,ESP,2020-08-27,118.99
Spain,ESP,2020-08-28,122.943
Spain,ESP,2020-08-29,127.148
Spain,ESP,2020-08-30,128.725
Spain,ESP,2020-08-31,127.968
Spain,ESP,2020-09-01,128.915
Spain,ESP,2020-09-02,131.921
Spain,ESP,2020-09-03,133.288
Spain,ESP,2020-09-04,133.73
Spain,ESP,2020-09-05,133.393
Spain,ESP,2020-09-06,134.592
Spain,ESP,2020-09-07,136.463
Spain,ESP,2020-09-08,137.662
Spain,ESP,2020-09-09,139.386
Spain,ESP,2020-09-10,140.689
Spain,ESP,2020-09-11,144.558
Spain,ESP,2020-09-12,148.722
Spain,ESP,2020-09-13,152.338
Spain,ESP,2020-09-14,156.649
Spain,ESP,2020-09-15,160.875
Spain,ESP,2020-09-16,163.503
Spain,ESP,2020-09-17,167.204
Spain,ESP,2020-09-18,170.253
Spain,ESP,2020-09-19,172.902
Spain,ESP,2020-09-20,172.23
Spain,ESP,2020-09-21,173.071
Spain,ESP,2020-09-22,173.743
Spain,ESP,2020-09-23,174.269
Spain,ESP,2020-09-24,175.068
Spain,ESP,2020-09-25,172.629
Spain,ESP,2020-09-26,170.085
Spain,ESP,2020-09-27,169.244
Spain,ESP,2020-09-28,167.835
Spain,ESP,2020-09-29,165.732
Spain,ESP,2020-09-30,164.176
Spain,ESP,2020-10-01,160.833
Spain,ESP,2020-10-02,159.992
Spain,ESP,2020-10-03,158.857
Spain,ESP,2020-10-04,157.301
Spain,ESP,2020-10-05,156.754
Spain,ESP,2020-10-06,157.49
Spain,ESP,2020-10-07,157.301
Spain,ESP,2020-10-08,159.214
Spain,ESP,2020-10-09,161.947
Spain,ESP,2020-10-10,165.165
Spain,ESP,2020-10-11,172.272
Spain,ESP,2020-10-12,172.124
Spain,ESP,2020-10-13,174.458
Spain,ESP,2020-10-14,178.453
Spain,ESP,2020-10-15,181.692
Spain,ESP,2020-10-16,185.287
Spain,ESP,2020-10-17,188.672
Spain,ESP,2020-10-18,189.892
Spain,ESP,2020-10-19,200.468
Spain,ESP,2020-10-20,208.585
Spain,ESP,2020-10-21,217.206
Spain,ESP,2020-10-22,227.803
Spain,ESP,2020-10-23,235.961
Spain,ESP,2020-10-24,244.603
Spain,ESP,2020-10-25,250.007
Spain,ESP,2020-10-26,257.535
Spain,ESP,2020-10-27,265.399
Spain,ESP,2020-10-28,273.221
Spain,ESP,2020-10-29,278.099
Spain,ESP,2020-10-30,285.164
Spain,ESP,2020-10-31,292.313
Spain,ESP,2020-11-01,299.104
Spain,ESP,2020-11-02,298.516
Spain,ESP,2020-11-03,301.817
Spain,ESP,2020-11-04,303.394
Spain,ESP,2020-11-05,301.838
Spain,ESP,2020-11-06,300.934
Spain,ESP,2020-11-07,298.6
Spain,ESP,2020-11-08,294.752
Spain,ESP,2020-11-09,297.191
Spain,ESP,2020-11-10,296.014
Spain,ESP,2020-11-11,291.556
Spain,ESP,2020-11-12,289.138
Spain,ESP,2020-11-13,283.776
Spain,ESP,2020-11-14,279.55
Spain,ESP,2020-11-15,274.041
Spain,ESP,2020-11-16,269.793
Spain,ESP,2020-11-17,261.193
Spain,ESP,2020-11-18,251.815
Spain,ESP,2020-11-19,243.363
Spain,ESP,2020-11-20,233.838
Spain,ESP,2020-11-21,224.628
Spain,ESP,2020-11-22,217.668
Spain,ESP,2020-11-23,207.281
Spain,ESP,2020-11-24,197.735
Spain,ESP,2020-11-25,191.658
Spain,ESP,2020-11-26,186.002
Spain,ESP,2020-11-27,180.787
Spain,ESP,2020-11-28,175.005
Spain,ESP,2020-11-29,171.241
Spain,ESP,2020-11-30,167.541
Spain,ESP,2020-12-01,164.681
Spain,ESP,2020-12-02,159.656
Spain,ESP,2020-12-03,154.546
Spain,ESP,2020-12-04,151.266
Spain,ESP,2020-12-05,147.649
Spain,ESP,2020-12-06,147.082
Spain,ESP,2020-12-07,140.311
Spain,ESP,2020-12-08,132.174
Spain,ESP,2020-12-09,131.669
Spain,ESP,2020-12-10,134.36
Spain,ESP,2020-12-11,135.559
Spain,ESP,2020-12-12,137.557
Spain,ESP,2020-12-13,137.094
Spain,ESP,2020-12-14,142.939
Spain,ESP,2020-12-15,150.194
Spain,ESP,2020-12-16,151.476
Spain,ESP,2020-12-17,149.962
Spain,ESP,2020-12-18,150.656
Spain,ESP,2020-12-19,150.698
Spain,ESP,2020-12-20,152.17
Spain,ESP,2020-12-21,153.221
Spain,ESP,2020-12-22,153.873
Spain,ESP,2020-12-23,156.291
Spain,ESP,2020-12-24,158.436
Spain,ESP,2020-12-25,154.294
Spain,ESP,2020-12-26,150.383
Spain,ESP,2020-12-27,153.705
Spain,ESP,2020-12-28,155.03
Spain,ESP,2020-12-29,158.478
Spain,ESP,2020-12-30,159.424
Spain,ESP,2020-12-31,161.106
Spain,ESP,2021-01-01,164.029
Spain,ESP,2021-01-02,167.961
Spain,ESP,2021-01-03,172.124
Spain,ESP,2021-01-04,180.451
Spain,ESP,2021-01-05,186.78
Spain,ESP,2021-01-06,192.836
Spain,ESP,2021-01-07,204.695
Spain,ESP,2021-01-08,222.021
Spain,ESP,2021-01-09,237.013
Spain,ESP,2021-01-10,245.718
Spain,ESP,2021-01-11,256.883
Spain,ESP,2021-01-12,270.403
Spain,ESP,2021-01-13,290.631
Spain,ESP,2021-01-14,307.011
Spain,ESP,2021-01-15,324.294
Spain,ESP,2021-01-16,341.915
Spain,ESP,2021-01-17,356.318
Spain,ESP,2021-01-18,375.768
Spain,ESP,2021-01-19,398.098
Spain,ESP,2021-01-20,417.905
Spain,ESP,2021-01-21,434.748
Spain,ESP,2021-01-22,450.118
Spain,ESP,2021-01-23,464.837
Spain,ESP,2021-01-24,470.619
Spain,ESP,2021-01-25,476.654
Spain,ESP,2021-01-26,475.876
Spain,ESP,2021-01-27,470.808
Spain,ESP,2021-01-28,464.311
Spain,ESP,2021-01-29,457.183
Spain,ESP,2021-01-30,449.256
Spain,ESP,2021-01-31,441.014
Spain,ESP,2021-02-01,425.559
Spain,ESP,2021-02-02,412.817
Spain,ESP,2021-02-03,395.869
Spain,ESP,2021-02-04,382.643
Spain,ESP,2021-02-05,365.444
Spain,ESP,2021-02-06,349.379
Spain,ESP,2021-02-07,333.777
Spain,ESP,2021-02-08,320.846
Spain,ESP,2021-02-09,304.592
Spain,ESP,2021-02-10,290.231
Spain,ESP,2021-02-11,271.665
Spain,ESP,2021-02-12,256.988
Spain,ESP,2021-02-13,242.774
Spain,ESP,2021-02-14,231.966
Spain,ESP,2021-02-15,218.11
Spain,ESP,2021-02-16,204.947
Spain,ESP,2021-02-17,194.77
Spain,ESP,2021-02-18,185.729
Spain,ESP,2021-02-19,175.468
Spain,ESP,2021-02-20,165.459
Spain,ESP,2021-02-21,161.38
Spain,ESP,2021-02-22,155.429
Spain,ESP,2021-02-23,148.385
Spain,ESP,2021-02-24,143.213
Spain,ESP,2021-02-25,139.197
Spain,ESP,2021-02-26,136.947
Spain,ESP,2021-02-27,135.916
Spain,ESP,2021-02-28,134.445
Spain,ESP,2021-03-01,129.188
Spain,ESP,2021-03-02,127.401
Spain,ESP,2021-03-03,124.184
Spain,ESP,2021-03-04,121.618
Spain,ESP,2021-03-05,117.182
Spain,ESP,2021-03-06,112.261
Spain,ESP,2021-03-07,110.748
Spain,ESP,2021-03-08,109.633
Spain,ESP,2021-03-09,107.594
Spain,ESP,2021-03-10,105.512
Spain,ESP,2021-03-11,103.872
Spain,ESP,2021-03-12,104.734
Spain,ESP,2021-03-13,106.185
Spain,ESP,2021-03-14,104.86
Spain,ESP,2021-03-15,104.587
Spain,ESP,2021-03-16,103.914
Spain,ESP,2021-03-17,105.007
Spain,ESP,2021-03-18,104.187
Spain,ESP,2021-03-19,101.222
Spain,ESP,2021-03-20,98.426
Spain,ESP,2021-03-21,98.068
Spain,ESP,2021-03-22,99.393
Spain,ESP,2021-03-23,99.351
Spain,ESP,2021-03-24,99.814
Spain,ESP,2021-03-25,102.127
Spain,ESP,2021-03-26,104.503
Spain,ESP,2021-03-27,106.858
Spain,ESP,2021-03-28,108.329
Spain,ESP,2021-03-29,110.537
Spain,ESP,2021-03-30,113.902
Spain,ESP,2021-03-31,117.14
Spain,ESP,2021-04-01,118.611
Spain,ESP,2021-04-02,119.684
Spain,ESP,2021-04-03,119.999
Spain,ESP,2021-04-04,125.046
Spain,ESP,2021-04-05,126.475
Spain,ESP,2021-04-06,129.903
Spain,ESP,2021-04-07,131.648
Spain,ESP,2021-04-08,134.613
Spain,ESP,2021-04-09,138.545
Spain,ESP,2021-04-10,143.234
Spain,ESP,2021-04-11,141.951
Spain,ESP,2021-04-12,145.526
Spain,ESP,2021-04-13,144.495
Spain,ESP,2021-04-14,145.547
Spain,ESP,2021-04-15,145.736
Spain,ESP,2021-04-16,148.385
Spain,ESP,2021-04-17,150.215
Spain,ESP,2021-04-18,150.614
Spain,ESP,2021-04-19,149.605
Spain,ESP,2021-04-20,151.287
Spain,ESP,2021-04-21,150.845
Spain,ESP,2021-04-22,151.686
Spain,ESP,2021-04-23,148.28
Spain,ESP,2021-04-24,144.832
Spain,ESP,2021-04-25,143.423
Spain,ESP,2021-04-26,143.36
Spain,ESP,2021-04-27,141.425
Spain,ESP,2021-04-28,138.419
Spain,ESP,2021-04-29,136.106
Spain,ESP,2021-04-30,134.907
Spain,ESP,2021-05-01,133.73
Spain,ESP,2021-05-02,132.657
Spain,ESP,2021-05-03,125.508
Spain,ESP,2021-05-04,122.901
Spain,ESP,2021-05-05,121.219
Spain,ESP,2021-05-06,118.17
Spain,ESP,2021-05-07,115.016
Spain,ESP,2021-05-08,111.715
Spain,ESP,2021-05-09,108.813
Spain,ESP,2021-05-10,107.152
Spain,ESP,2021-05-11,102.337
Spain,ESP,2021-05-12,98.573
Spain,ESP,2021-05-13,95.062
Spain,ESP,2021-05-14,92.391
Spain,ESP,2021-05-15,90.898
Spain,ESP,2021-05-16,88.564
Spain,ESP,2021-05-17,85.452
Spain,ESP,2021-05-18,83.434
Spain,ESP,2021-05-19,80.658
Spain,ESP,2021-05-20,77.652
Spain,ESP,2021-05-21,74.582
Spain,ESP,2021-05-22,71.322
Spain,ESP,2021-05-23,69.514
Spain,ESP,2021-05-24,68.631
Spain,ESP,2021-05-25,66.949
Spain,ESP,2021-05-26,66.613
Spain,ESP,2021-05-27,65.603
Spain,ESP,2021-05-28,65.036
Spain,ESP,2021-05-29,64.594
Spain,ESP,2021-05-30,64.909
Spain,ESP,2021-05-31,63.669
Spain,ESP,2021-06-01,62.87
Spain,ESP,2021-06-02,60.914
Spain,ESP,2021-06-03,59.358
Spain,ESP,2021-06-04,57.781
Spain,ESP,2021-06-05,56.33
Spain,ESP,2021-06-06,55.574
Spain,ESP,2021-06-07,54.522
Spain,ESP,2021-06-08,53.555
Spain,ESP,2021-06-09,52.525
Spain,ESP,2021-06-10,51.599
Spain,ESP,2021-06-11,50.317
Spain,ESP,2021-06-12,48.445
Spain,ESP,2021-06-13,47.289
Spain,ESP,2021-06-14,45.796
Spain,ESP,2021-06-15,44.24
Spain,ESP,2021-06-16,43.042
Spain,ESP,2021-06-17,42.053
Spain,ESP,2021-06-18,40.666
Spain,ESP,2021-06-19,39.761
Spain,ESP,2021-06-20,38.584
Spain,ESP,2021-06-21,37.491
Spain,ESP,2021-06-22,36.292
Spain,ESP,2021-06-23,35.661
Spain,ESP,2021-06-24,34.799
Spain,ESP,2021-06-25,35.325
Spain,ESP,2021-06-26,35.872
Spain,ESP,2021-06-27,36.334
Spain,ESP,2021-06-28,36.166
Spain,ESP,2021-06-29,37.049
Spain,ESP,2021-06-30,37.238
Spain,ESP,2021-07-01,39.341
Spain,ESP,2021-07-02,40.056
Spain,ESP,2021-07-03,40.581
Spain,ESP,2021-07-04,43.252
Spain,ESP,2021-07-05,46.595
Spain,ESP,2021-07-06,49.287
Spain,ESP,2021-07-07,53.029
Spain,ESP,2021-07-08,57.003
Spain,ESP,2021-07-09,62.239
Spain,ESP,2021-07-10,67.222
Spain,ESP,2021-07-11,72.542
Spain,ESP,2021-07-12,79.313
Spain,ESP,2021-07-13,86.756
Spain,ESP,2021-07-14,93.653
Spain,ESP,2021-07-15,101.349
Spain,ESP,2021-07-16,108.939
Spain,ESP,2021-07-17,116.488
Spain,ESP,2021-07-18,123.847
Spain,ESP,2021-07-19,132.426
Spain,ESP,2021-07-20,142.456
Spain,ESP,2021-07-21,152.464
Spain,ESP,2021-07-22,159.109
Spain,ESP,2021-07-23,165.858
Spain,ESP,2021-07-24,172.524
Spain,ESP,2021-07-25,176.119
Spain,ESP,2021-07-26,178.432
Spain,ESP,2021-07-27,178.916
Spain,ESP,2021-07-28,179.925
Spain,ESP,2021-07-29,179.715
Spain,ESP,2021-07-30,179
Spain,ESP,2021-07-31,177.297
Spain,ESP,2021-08-01,175.405
Spain,ESP,2021-08-02,172.776
Spain,ESP,2021-08-03,172.187
Spain,ESP,2021-08-04,168.424
Spain,ESP,2021-08-05,165.837
Spain,ESP,2021-08-06,162.999
Spain,ESP,2021-08-07,161.338
Spain,ESP,2021-08-08,158.92
Spain,ESP,2021-08-09,157.216
Spain,ESP,2021-08-10,153.348
Spain,ESP,2021-08-11,149.352
Spain,ESP,2021-08-12,146.871
Spain,ESP,2021-08-13,144.075
Spain,ESP,2021-08-14,141.467
Spain,ESP,2021-08-15,139.428
Spain,ESP,2021-08-16,133.898
Spain,ESP,2021-08-17,128.999
Spain,ESP,2021-08-18,125.424
Spain,ESP,2021-08-19,121.534
Spain,ESP,2021-08-20,117.897
Spain,ESP,2021-08-21,114.364
Spain,ESP,2021-08-22,111.042
Spain,ESP,2021-08-23,109.528
Spain,ESP,2021-08-24,106.584
Spain,ESP,2021-08-25,105.323
Spain,ESP,2021-08-26,102.652
Spain,ESP,2021-08-27,100.991
Spain,ESP,2021-08-28,98.72
Spain,ESP,2021-08-29,95.861
Spain,ESP,2021-08-30,92.98
Spain,ESP,2021-08-31,90.099
Spain,ESP,2021-09-01,86.693
Spain,ESP,2021-09-02,83.371
Spain,ESP,2021-09-03,78.114
Spain,ESP,2021-09-04,73.299
Spain,ESP,2021-09-05,70.65
Spain,ESP,2021-09-06,68.168
Spain,ESP,2021-09-07,65.456
Spain,ESP,2021-09-08,62.744
Spain,ESP,2021-09-09,59.695
Spain,ESP,2021-09-10,57.108
Spain,ESP,2021-09-11,54.564
Spain,ESP,2021-09-12,52.567
Spain,ESP,2021-09-13,49.434
Spain,ESP,2021-09-14,46.427
Spain,ESP,2021-09-15,44.556
Spain,ESP,2021-09-16,43.546
Spain,ESP,2021-09-17,43.231
Spain,ESP,2021-09-18,42.705
Spain,ESP,2021-09-19,40.708
Spain,ESP,2021-09-20,39.068
Spain,ESP,2021-09-21,38.184
Spain,ESP,2021-09-22,36.797
Spain,ESP,2021-09-23,35.914
Spain,ESP,2021-09-24,34.526
Spain,ESP,2021-09-25,33.495
Spain,ESP,2021-09-26,32.991
Spain,ESP,2021-09-27,32.949
Spain,ESP,2021-09-28,32.108
Spain,ESP,2021-09-29,31.204
Spain,ESP,2021-09-30,29.753
Spain,ESP,2021-10-01,28.996
Spain,ESP,2021-10-02,28.344
Spain,ESP,2021-10-03,27.839
Spain,ESP,2021-10-04,26.704
Spain,ESP,2021-10-05,26.241
Spain,ESP,2021-10-06,25.905
Spain,ESP,2021-10-07,25.505
Spain,ESP,2021-10-08,24.517
Spain,ESP,2021-10-09,23.571
Spain,ESP,2021-10-10,23.066
Spain,ESP,2021-10-11,22.309
Spain,ESP,2021-10-12,21.805
Spain,ESP,2021-10-13,21.594
Spain,ESP,2021-10-14,21.531
Spain,ESP,2021-10-15,21.721
Spain,ESP,2021-10-16,21.7
Spain,ESP,2021-10-17,21.889
Spain,ESP,2021-10-18,23.003
Spain,ESP,2021-10-19,23.886
Spain,ESP,2021-10-20,23.97
Spain,ESP,2021-10-21,24.643
Spain,ESP,2021-10-22,25.232
Spain,ESP,2021-10-23,26.01
Spain,ESP,2021-10-24,26.283
Spain,ESP,2021-10-25,26.052
Spain,ESP,2021-10-26,25.653
Spain,ESP,2021-10-27,25.463
Spain,ESP,2021-10-28,24.959
Spain,ESP,2021-10-29,24.601
Spain,ESP,2021-10-30,24.244
Spain,ESP,2021-10-31,24.307
Spain,ESP,2021-11-01,23.928
Spain,ESP,2021-11-02,24.685
Spain,ESP,2021-11-03,25.4
Spain,ESP,2021-11-04,26.515
Spain,ESP,2021-11-05,27.23
Spain,ESP,2021-11-06,27.881
Spain,ESP,2021-11-07,27.755
Spain,ESP,2021-11-08,28.659
Spain,ESP,2021-11-09,28.701
Spain,ESP,2021-11-10,29.479
Spain,ESP,2021-11-11,29.437
Spain,ESP,2021-11-12,29.879
Spain,ESP,2021-11-13,30.51
Spain,ESP,2021-11-14,32.675
Spain,ESP,2021-11-15,33.664
Spain,ESP,2021-11-16,35.598
Spain,ESP,2021-11-17,36.229
Spain,ESP,2021-11-18,38.584
Spain,ESP,2021-11-19,41.065
Spain,ESP,2021-11-20,43.315
Spain,ESP,2021-11-21,45.418
Spain,ESP,2021-11-22,49.034
Spain,ESP,2021-11-23,52.525
Spain,ESP,2021-11-24,55.658
Spain,ESP,2021-11-25,57.508
Spain,ESP,2021-11-26,59.148
Spain,ESP,2021-11-27,60.851
Spain,ESP,2021-11-28,61.398
Spain,ESP,2021-11-29,61.987
Spain,ESP,2021-11-30,63.332
Spain,ESP,2021-12-01,64.699
Spain,ESP,2021-12-02,66.402
Spain,ESP,2021-12-03,68.337
Spain,ESP,2021-12-04,70.061
Spain,ESP,2021-12-05,72.058
Spain,ESP,2021-12-06,73.509
Spain,ESP,2021-12-07,73.762
Spain,ESP,2021-12-08,75.17
Spain,ESP,2021-12-09,78.766
Spain,ESP,2021-12-10,81.92
Spain,ESP,2021-12-11,85.074
Spain,ESP,2021-12-12,88.312
Spain,ESP,2021-12-13,92.013
Spain,ESP,2021-12-14,96.639
Spain,ESP,2021-12-15,100.465
Spain,ESP,2021-12-16,102.274
Spain,ESP,2021-12-17,103.956
Spain,ESP,2021-12-18,105.596
Spain,ESP,2021-12-19,108.834
Spain,ESP,2021-12-20,112.703
Spain,ESP,2021-12-21,117.981
Spain,ESP,2021-12-22,123.595
Spain,ESP,2021-12-23,130.45
Spain,ESP,2021-12-24,137.241
Spain,ESP,2021-12-25,144.138
Spain,ESP,2021-12-26,152.948
Spain,ESP,2021-12-27,162.221
Spain,ESP,2021-12-28,174.059
Spain,ESP,2021-12-29,185.119
Spain,ESP,2021-12-30,195.338
Spain,ESP,2021-12-31,205.304
Spain,ESP,2022-01-01,215.376
Spain,ESP,2022-01-02,218.656
Spain,ESP,2022-01-03,229.527
Spain,ESP,2022-01-04,238.842
Spain,ESP,2022-01-05,248.683
Spain,ESP,2022-01-06,253.897
Spain,ESP,2022-01-07,259.112
Spain,ESP,2022-01-08,263.485
Spain,ESP,2022-01-09,273.116
Spain,ESP,2022-01-10,277.552
Spain,ESP,2022-01-11,283.103
Spain,ESP,2022-01-12,288.507
Spain,ESP,2022-01-13,295.74
Spain,ESP,2022-01-14,302.364
Spain,ESP,2022-01-15,308.945
Spain,ESP,2022-01-16,309.975
Spain,ESP,2022-01-17,313.34
Spain,ESP,2022-01-18,313.424
Spain,ESP,2022-01-19,314.265
Spain,ESP,2022-01-20,311.027
Spain,ESP,2022-01-21,309.66
Spain,ESP,2022-01-22,308.398
Spain,ESP,2022-01-23,308.272
Spain,ESP,2022-01-24,304.403
Spain,ESP,2022-01-25,298.516
Spain,ESP,2022-01-26,292.439
Spain,ESP,2022-01-27,290.652
Spain,ESP,2022-01-28,287.75
Spain,ESP,2022-01-29,284.659
Spain,ESP,2022-01-30,280.054
Spain,ESP,2022-01-31,273.473
Spain,ESP,2022-02-01,266.471
Spain,ESP,2022-02-02,257.598
Spain,ESP,2022-02-03,249.313
Spain,ESP,2022-02-04,240.293
Spain,ESP,2022-02-05,231.756
Spain,ESP,2022-02-06,222.799
Spain,ESP,2022-02-07,215.166
Spain,ESP,2022-02-08,207.365
Spain,ESP,2022-02-09,197.546
Spain,ESP,2022-02-10,188.988
Spain,ESP,2022-02-11,181.565
Spain,ESP,2022-02-12,174.122
Spain,ESP,2022-02-13,166.742
Spain,ESP,2022-02-14,158.289
Spain,ESP,2022-02-15,151.813
Spain,ESP,2022-02-16,146.114
Spain,ESP,2022-02-17,139.764
Spain,ESP,2022-02-18,132.678
Spain,ESP,2022-02-19,125.74
Spain,ESP,2022-02-20,120.861
Spain,ESP,2022-02-21,114.932
Spain,ESP,2022-02-22,108.435
Spain,ESP,2022-02-23,103.598
Spain,ESP,2022-02-24,98.3
Spain,ESP,2022-02-25,93.548
Spain,ESP,2022-02-26,88.859
Spain,ESP,2022-02-27,85.053
Spain,ESP,2022-02-28,82.614
Spain,ESP,2022-03-01,79.039
Spain,ESP,2022-03-02,76.81
Spain,ESP,2022-03-03,75.318
Spain,ESP,2022-03-04,74.266
Spain,ESP,2022-03-05,73.614
Spain,ESP,2022-03-06,72.584
Spain,ESP,2022-03-07,71.407
Spain,ESP,2022-03-08,70.523
Spain,ESP,2022-03-09,68.631
Spain,ESP,2022-03-10,67.412
Spain,ESP,2022-03-11,66.213
Spain,ESP,2022-03-12,64.93
Spain,ESP,2022-03-13,65.835
Spain,ESP,2022-03-14,65.813
Spain,ESP,2022-03-15,66.886
Spain,ESP,2022-03-16,68.253
Spain,ESP,2022-03-17,68.757
Spain,ESP,2022-03-18,68.694
Spain,ESP,2022-03-19,68.715
Spain,ESP,2022-03-20,68.82
Spain,ESP,2022-03-21,67.895
Spain,ESP,2022-03-22,67.538
Spain,ESP,2022-03-23,67.916
Spain,ESP,2022-03-24,68.547
Spain,ESP,2022-03-25,68.968
Spain,ESP,2022-03-26,69.22
Spain,ESP,2022-03-27,67.811
Spain,ESP,2022-03-28,67.622
Spain,ESP,2022-03-29,68.253
Spain,ESP,2022-03-30,67.895
Spain,ESP,2022-03-31,67.454
Spain,ESP,2022-04-01,67.327
Spain,ESP,2022-04-02,67.117
Spain,ESP,2022-04-03,67.264
Spain,ESP,2022-04-04,67.369
Spain,ESP,2022-04-05,66.297
Spain,ESP,2022-04-06,66.171
Spain,ESP,2022-04-07,67.559
Spain,ESP,2022-04-08,69.073
Spain,ESP,2022-04-09,70.755
Spain,ESP,2022-04-10,75.212
Spain,ESP,2022-04-11,79.039
Spain,ESP,2022-04-12,82.172
Spain,ESP,2022-04-13,85.389
Spain,ESP,2022-04-14,87.576
Spain,ESP,2022-04-15,89.405
Spain,ESP,2022-04-16,81.605
Spain,ESP,2022-04-17,80.932
Spain,ESP,2022-04-18,84.338
Spain,ESP,2022-04-19,88.249
Spain,ESP,2022-04-20,91.529
Spain,ESP,2022-04-21,93.653
Spain,ESP,2022-04-22,95.734
Spain,ESP,2022-04-23,107.236
Spain,ESP,2022-04-24,110.369
Spain,ESP,2022-04-25,110.958
Spain,ESP,2022-04-26,111.42
Spain,ESP,2022-04-27,112.829
Spain,ESP,2022-04-28,113.796
Spain,ESP,2022-04-29,114.89
Spain,ESP,2022-04-30,116.278
Spain,ESP,2022-05-01,116.088
Spain,ESP,2022-05-02,119.537
Spain,ESP,2022-05-03,119.873
Spain,ESP,2022-05-04,121.156
Spain,ESP,2022-05-05,123.7
Spain,ESP,2022-05-06,126.286
Spain,ESP,2022-05-07,128.915
Spain,ESP,2022-05-08,133.835
Spain,ESP,2022-05-09,133.625
Spain,ESP,2022-05-10,136.19
Spain,ESP,2022-05-11,138.166
Spain,ESP,2022-05-12,138.797
Spain,ESP,2022-05-13,139.512
Spain,ESP,2022-05-14,140.038
Spain,ESP,2022-05-15,139.659
Spain,ESP,2022-05-16,139.89
Spain,ESP,2022-05-17,138.187
Spain,ESP,2022-05-18,136.547
Spain,ESP,2022-05-19,135.622
Spain,ESP,2022-05-20,134.676
Spain,ESP,2022-05-21,133.709
Spain,ESP,2022-05-22,132.005
Spain,ESP,2022-05-23,129.545
Spain,ESP,2022-05-24,128.683
Spain,ESP,2022-05-25,125.634
Spain,ESP,2022-05-26,122.312
Spain,ESP,2022-05-27,119.095
Spain,ESP,2022-05-28,115.584
Spain,ESP,2022-05-29,113.965
Spain,ESP,2022-05-30,112.64
Spain,ESP,2022-05-31,111.252
Spain,ESP,2022-06-01,110.726
Spain,ESP,2022-06-02,111.147
Spain,ESP,2022-06-03,111.441
Spain,ESP,2022-06-04,111.799
Spain,ESP,2022-06-05,111.042
Spain,ESP,2022-06-06,110.495
Spain,ESP,2022-06-07,111.399
Spain,ESP,2022-06-08,112.009
Spain,ESP,2022-06-09,113.397
Spain,ESP,2022-06-10,114.953
Spain,ESP,2022-06-11,116.32
Spain,ESP,2022-06-12,119.705
Spain,ESP,2022-06-13,121.093
Spain,ESP,2022-06-14,122.67
Spain,ESP,2022-06-15,125.319
Spain,ESP,2022-06-16,127.148
Spain,ESP,2022-06-17,128.978
Spain,ESP,2022-06-18,130.765
Spain,ESP,2022-06-19,133.519
Spain,ESP,2022-06-20,139.827
Spain,ESP,2022-06-21,145.336
Spain,ESP,2022-06-22,151.392
Spain,ESP,2022-06-23,158.436
Spain,ESP,2022-06-24,164.996
Spain,ESP,2022-06-25,171.599
Spain,ESP,2022-06-26,180.03
Spain,ESP,2022-06-27,186.675
Spain,ESP,2022-06-28,192.394
Spain,ESP,2022-06-29,198.05
Spain,ESP,2022-06-30,202.214
Spain,ESP,2022-07-01,206.734
Spain,ESP,2022-07-02,211.297
Spain,ESP,2022-07-03,214.283
Spain,ESP,2022-07-04,217.521
Spain,ESP,2022-07-05,224.165
Spain,ESP,2022-07-06,225.763
Spain,ESP,2022-07-07,227.593
Spain,ESP,2022-07-08,228.896
Spain,ESP,2022-07-09,229.506
Spain,ESP,2022-07-10,227.635
Spain,ESP,2022-07-11,225.133
Spain,ESP,2022-07-12,219.813
Spain,ESP,2022-07-13,216.932
Spain,ESP,2022-07-14,213.568
Spain,ESP,2022-07-15,210.94
Spain,ESP,2022-07-16,208.458
Spain,ESP,2022-07-17,202.697
Spain,ESP,2022-07-18,197.588
Spain,ESP,2022-07-19,193.067
Spain,ESP,2022-07-20,187.579
Spain,ESP,2022-07-21,182.764
Spain,ESP,2022-07-22,176.624
Spain,ESP,2022-07-23,170.589
Spain,ESP,2022-07-24,166.552
Spain,ESP,2022-07-25,160.434
Spain,ESP,2022-07-26,154.062
Spain,ESP,2022-07-27,149.5
Spain,ESP,2022-07-28,142.266
Spain,ESP,2022-07-29,135.98
Spain,ESP,2022-07-30,130.323
Spain,ESP,2022-07-31,124.835
Spain,ESP,2022-08-01,120.798
Spain,ESP,2022-08-02,114.322
Spain,ESP,2022-08-03,107.972
Spain,ESP,2022-08-04,104.187
Spain,ESP,2022-08-05,100.297
Spain,ESP,2022-08-06,96.618
Spain,ESP,2022-08-07,92.77
Spain,ESP,2022-08-08,88.627
Spain,ESP,2022-08-09,85.179
Spain,ESP,2022-08-10,82.572
Spain,ESP,2022-08-11,79.355
Spain,ESP,2022-08-12,76.6
Spain,ESP,2022-08-13,73.699
Spain,ESP,2022-08-14,70.692
Spain,ESP,2022-08-15,68.232
Spain,ESP,2022-08-16,67.096
Spain,ESP,2022-08-17,65.835
Spain,ESP,2022-08-18,64.531
Spain,ESP,2022-08-19,63.185
Spain,ESP,2022-08-20,61.945
Spain,ESP,2022-08-21,61.061
Spain,ESP,2022-08-22,60.41
Spain,ESP,2022-08-23,57.992
Spain,ESP,2022-08-24,56.246
Spain,ESP,2022-08-25,55.742
Spain,ESP,2022-08-26,55.132
Spain,ESP,2022-08-27,54.522
Spain,ESP,2022-08-28,52.903
Spain,ESP,2022-08-29,50.716
Spain,ESP,2022-08-30,49.728
Spain,ESP,2022-08-31,48.677
Spain,ESP,2022-09-01,46.553
Spain,ESP,2022-09-02,44.64
Spain,ESP,2022-09-03,42.894
Spain,ESP,2022-09-04,42.432
Spain,ESP,2022-09-05,41.801
Spain,ESP,2022-09-06,41.296
Spain,ESP,2022-09-07,40.645
Spain,ESP,2022-09-08,41.381
Spain,ESP,2022-09-09,41.969
Spain,ESP,2022-09-10,42.432
Spain,ESP,2022-09-11,41.023
Spain,ESP,2022-09-12,41.675
Spain,ESP,2022-09-13,42.285
Spain,ESP,2022-09-14,41.864
Spain,ESP,2022-09-15,40.834
Spain,ESP,2022-09-16,39.972
Spain,ESP,2022-09-17,39.152
Spain,ESP,2022-09-18,40.098
Spain,ESP,2022-09-19,39.004
Spain,ESP,2022-09-20,37.932
Spain,ESP,2022-09-21,37.764
Spain,ESP,2022-09-22,37.722
Spain,ESP,2022-09-23,37.427
Spain,ESP,2022-09-24,37.322
Spain,ESP,2022-09-25,36.692
Spain,ESP,2022-09-26,36.776
Spain,ESP,2022-09-27,37.196
Spain,ESP,2022-09-28,37.596
Spain,ESP,2022-09-29,39.047
Spain,ESP,2022-09-30,40.771
Spain,ESP,2022-10-01,42.285
Spain,ESP,2022-10-02,44.24
Spain,ESP,2022-10-03,46.301
Spain,ESP,2022-10-04,49.139
Spain,ESP,2022-10-05,50.864
Spain,ESP,2022-10-06,51.368
Spain,ESP,2022-10-07,51.873
Spain,ESP,2022-10-08,52.293
Spain,ESP,2022-10-09,54.354
Spain,ESP,2022-10-10,55.321
Spain,ESP,2022-10-11,55.637
Spain,ESP,2022-10-12,55.994
Spain,ESP,2022-10-13,57.676
Spain,ESP,2022-10-14,59.211
Spain,ESP,2022-10-15,60.809
Spain,ESP,2022-10-16,60.62
Spain,ESP,2022-10-17,60.283
Spain,ESP,2022-10-18,59.905
Spain,ESP,2022-10-19,61.293
Spain,ESP,2022-10-20,60.914
Spain,ESP,2022-10-21,60.136
Spain,ESP,2022-10-22,59.295
Spain,ESP,2022-10-23,58.454
Spain,ESP,2022-10-24,59.211
Spain,ESP,2022-10-25,59.316
Spain,ESP,2022-10-26,58.034
Spain,ESP,2022-10-27,57.403
Spain,ESP,2022-10-28,57.108
Spain,ESP,2022-10-29,57.045
Spain,ESP,2022-10-30,56.52
Spain,ESP,2022-10-31,54.312
Spain,ESP,2022-11-01,53.891
Spain,ESP,2022-11-02,54.039
Spain,ESP,2022-11-03,54.417
Spain,ESP,2022-11-04,54.817
Spain,ESP,2022-11-05,55.027
Spain,ESP,2022-11-06,55.405
Spain,ESP,2022-11-07,57.108
Spain,ESP,2022-11-08,57.76
Spain,ESP,2022-11-09,58.98
Spain,ESP,2022-11-10,58.097
Spain,ESP,2022-11-11,57.277
Spain,ESP,2022-11-12,56.541
Spain,ESP,2022-11-13,58.728
Spain,ESP,2022-11-14,60.557
Spain,ESP,2022-11-15,62.05
Spain,ESP,2022-11-16,63.185
Spain,ESP,2022-11-17,66.108
Spain,ESP,2022-11-18,68.673
Spain,ESP,2022-11-19,71.07
Spain,ESP,2022-11-20,69.535
Spain,ESP,2022-11-21,67.958
Spain,ESP,2022-11-22,67.496
Spain,ESP,2022-11-23,67.622
Spain,ESP,2022-11-24,66.255
Spain,ESP,2022-11-25,65.288
Spain,ESP,2022-11-26,64.552
Spain,ESP,2022-11-27,65.162
Spain,ESP,2022-11-28,66.697
Spain,ESP,2022-11-29,67.222
Spain,ESP,2022-11-30,66.318
Spain,ESP,2022-12-01,67.348
Spain,ESP,2022-12-02,68.274
Spain,ESP,2022-12-03,69.01
Spain,ESP,2022-12-04,69.661
Spain,ESP,2022-12-05,68.757
Spain,ESP,2022-12-06,68.19
Spain,ESP,2022-12-07,68.736
Spain,ESP,2022-12-08,69.01
Spain,ESP,2022-12-09,69.493
Spain,ESP,2022-12-10,69.283
Spain,ESP,2022-12-11,70.923
Spain,ESP,2022-12-12,72.185
Spain,ESP,2022-12-13,73.677
Spain,ESP,2022-12-14,74.098
Spain,ESP,2022-12-15,74.413
Spain,ESP,2022-12-16,74.897
Spain,ESP,2022-12-17,75.969
Spain,ESP,2022-12-18,72.984
Spain,ESP,2022-12-19,72.164
Spain,ESP,2022-12-20,70.523
Spain,ESP,2022-12-21,69.43
Spain,ESP,2022-12-22,67.811
Spain,ESP,2022-12-23,65.687
Spain,ESP,2022-12-24,63.816
Spain,ESP,2022-12-25,63.648
Spain,ESP,2022-12-26,63.816
Spain,ESP,2022-12-27,63.564
Spain,ESP,2022-12-28,64.047
Spain,ESP,2022-12-29,64.089
Spain,ESP,2022-12-30,64.3
Spain,ESP,2022-12-31,64.321
Spain,ESP,2023-01-01,63.038
Spain,ESP,2023-01-02,63.374
Spain,ESP,2023-01-03,63.837
Spain,ESP,2023-01-04,63.185
Spain,ESP,2023-01-05,63.522
Spain,ESP,2023-01-06,63.648
Spain,ESP,2023-01-07,63.963
Spain,ESP,2023-01-08,67.222
Spain,ESP,2023-01-09,66.15
Spain,ESP,2023-01-10,64.468
Spain,ESP,2023-01-11,63.374
Spain,ESP,2023-01-12,61.019
Spain,ESP,2023-01-13,58.812
Spain,ESP,2023-01-14,56.646
Spain,ESP,2023-01-15,53.092
Spain,ESP,2023-01-16,51.011
Spain,ESP,2023-01-17,49.413
Spain,ESP,2023-01-18,47.226
Spain,ESP,2023-01-19,45.249
Spain,ESP,2023-01-20,43.336
Spain,ESP,2023-01-21,41.423
Spain,ESP,2023-01-22,38.983
Spain,ESP,2023-01-23,36.797
Spain,ESP,2023-01-24,35.998
Spain,ESP,2023-01-25,34.337
Spain,ESP,2023-01-26,34.105
Spain,ESP,2023-01-27,33.811
Spain,ESP,2023-01-28,33.538
Spain,ESP,2023-01-29,34.063
Spain,ESP,2023-01-30,33.538
Spain,ESP,2023-01-31,32.276
Spain,ESP,2023-02-01,32.255
Spain,ESP,2023-02-02,31.897
Spain,ESP,2023-02-03,31.498
Spain,ESP,2023-02-04,31.014
Spain,ESP,2023-02-05,29.942
Spain,ESP,2023-02-06,29.942
Spain,ESP,2023-02-07,29.879
Spain,ESP,2023-02-08,29.353
Spain,ESP,2023-02-09,28.638
Spain,ESP,2023-02-10,27.965
Spain,ESP,2023-02-11,27.335
Spain,ESP,2023-02-12,27.545
Spain,ESP,2023-02-13,27.209
Spain,ESP,2023-02-14,27.251
Spain,ESP,2023-02-15,27.44
Spain,ESP,2023-02-16,27.692
Spain,ESP,2023-02-17,27.987
Spain,ESP,2023-02-18,28.281
Spain,ESP,2023-02-19,28.512
Spain,ESP,2023-02-20,29.29
Spain,ESP,2023-02-21,29.017
Spain,ESP,2023-02-22,29.311
Spain,ESP,2023-02-23,29.353
Spain,ESP,2023-02-24,29.311
Spain,ESP,2023-02-25,29.29
Spain,ESP,2023-02-26,29.5
Spain,ESP,2023-02-27,28.449
Spain,ESP,2023-02-28,28.933
Spain,ESP,2023-03-01,28.912
Spain,ESP,2023-03-02,29.395
Spain,ESP,2023-03-03,30.005
Spain,ESP,2023-03-04,30.51
Spain,ESP,2023-03-05,30.699
Spain,ESP,2023-03-06,32.276
Spain,ESP,2023-03-07,33.138
Spain,ESP,2023-03-08,34.883
Spain,ESP,2023-03-09,36.439
Spain,ESP,2023-03-10,38.016
Spain,ESP,2023-03-11,39.53
Spain,ESP,2023-03-12,40.434
Spain,ESP,2023-03-13,40.329
Spain,ESP,2023-03-14,39.425
Spain,ESP,2023-03-15,38.163
Spain,ESP,2023-03-16,36.671
Spain,ESP,2023-03-17,35.136
Spain,ESP,2023-03-18,33.79
Spain,ESP,2023-03-19,33.075
Spain,ESP,2023-03-20,32.928
Spain,ESP,2023-03-21,33.559
Spain,ESP,2023-03-22,33.832
Spain,ESP,2023-03-23,34.084
Spain,ESP,2023-03-24,34.189
Spain,ESP,2023-03-25,34.168
Spain,ESP,2023-03-26,34.252
Spain,ESP,2023-03-27,35.072
Spain,ESP,2023-03-28,34.946
Spain,ESP,2023-03-29,35.136
Spain,ESP,2023-03-30,34.946
Spain,ESP,2023-03-31,34.883
Spain,ESP,2023-04-01,35.009
Spain,ESP,2023-04-02,34.442
Spain,ESP,2023-04-03,33.474
Spain,ESP,2023-04-04,33.138
Spain,ESP,2023-04-05,32.739
Spain,ESP,2023-04-06,32.991
Spain,ESP,2023-04-07,33.264
Spain,ESP,2023-04-08,33.432
Spain,ESP,2023-04-09,34.988
Spain,ESP,2023-04-10,36.797
Spain,ESP,2023-04-11,37.869
Spain,ESP,2023-04-12,38.521
Spain,ESP,2023-04-13,39.026
Spain,ESP,2023-04-14,39.446
Spain,ESP,2023-04-15,39.846
Spain,ESP,2023-04-16,40.308
Spain,ESP,2023-04-17,39.867
Spain,ESP,2023-04-18,40.035
Spain,ESP,2023-04-19,40.35
Spain,ESP,2023-04-20,41.402
Spain,ESP,2023-04-21,42.579
Spain,ESP,2023-04-22,43.651
Spain,ESP,2023-04-23,43.883
Spain,ESP,2023-04-24,43.967
Spain,ESP,2023-04-25,44.072
Spain,ESP,2023-04-26,43.546
Spain,ESP,2023-04-27,42.768
Spain,ESP,2023-04-28,42.137
Spain,ESP,2023-04-29,41.612
Spain,ESP,2023-04-30,40.792
Spain,ESP,2023-05-01,40.708
Spain,ESP,2023-05-02,41.528
Spain,ESP,2023-05-03,43.399
Spain,ESP,2023-05-04,44.177
Spain,ESP,2023-05-05,44.682
Spain,ESP,2023-05-06,45.207
Spain,ESP,2023-05-07,46.28
Spain,ESP,2023-05-08,46.953
Spain,ESP,2023-05-09,46.448
Spain,ESP,2023-05-10,45.46
Spain,ESP,2023-05-11,44.219
Spain,ESP,2023-05-12,43.084
Spain,ESP,2023-05-13,41.948
Spain,ESP,2023-05-14,41.023
Spain,ESP,2023-05-15,40.182
Spain,ESP,2023-05-16,40.35
Spain,ESP,2023-05-17,40.329
Spain,ESP,2023-05-18,40.518
Spain,ESP,2023-05-19,40.729
Spain,ESP,2023-05-20,40.918
Spain,ESP,2023-05-21,40.771
Spain,ESP,2023-05-22,40.834
Spain,ESP,2023-05-23,40.014
Spain,ESP,2023-05-24,39.719
Spain,ESP,2023-05-25,39.656
Spain,ESP,2023-05-26,39.614
Spain,ESP,2023-05-27,39.53
Spain,ESP,2023-05-28,40.035
Spain,ESP,2023-05-29,39.278
Spain,ESP,2023-05-30,38.983
Spain,ESP,2023-05-31,38.521
Spain,ESP,2023-06-01,38.479
Spain,ESP,2023-06-02,38.311
Spain,ESP,2023-06-03,38.163
Spain,ESP,2023-06-04,37.47
Spain,ESP,2023-06-05,37.049
Spain,ESP,2023-06-06,36.25
Spain,ESP,2023-06-07,35.072
Spain,ESP,2023-06-08,33.685
Spain,ESP,2023-06-09,32.486
Spain,ESP,2023-06-10,31.414
Spain,ESP,2023-06-11,29.921
Switzerland,CHE,2020-03-01,5.949
Switzerland,CHE,2020-03-02,6.865
Switzerland,CHE,2020-03-03,8.352
Switzerland,CHE,2020-03-04,8.81
Switzerland,CHE,2020-03-05,10.297
Switzerland,CHE,2020-03-06,12.471
Switzerland,CHE,2020-03-07,11.784
Switzerland,CHE,2020-03-08,12.7
Switzerland,CHE,2020-03-09,14.53
Switzerland,CHE,2020-03-10,17.39
Switzerland,CHE,2020-03-11,21.509
Switzerland,CHE,2020-03-12,25.399
Switzerland,CHE,2020-03-13,29.289
Switzerland,CHE,2020-03-14,35.81
Switzerland,CHE,2020-03-15,40.158
Switzerland,CHE,2020-03-16,50.569
Switzerland,CHE,2020-03-17,56.976
Switzerland,CHE,2020-03-18,64.299
Switzerland,CHE,2020-03-19,70.934
Switzerland,CHE,2020-03-20,80.659
Switzerland,CHE,2020-03-21,86.837
Switzerland,CHE,2020-03-22,96.105
Switzerland,CHE,2020-03-23,101.368
Switzerland,CHE,2020-03-24,110.864
Switzerland,CHE,2020-03-25,120.932
Switzerland,CHE,2020-03-26,127.567
Switzerland,CHE,2020-03-27,135.233
Switzerland,CHE,2020-03-28,135.919
Switzerland,CHE,2020-03-29,134.318
Switzerland,CHE,2020-03-30,134.432
Switzerland,CHE,2020-03-31,128.368
Switzerland,CHE,2020-04-01,116.699
Switzerland,CHE,2020-04-02,108.347
Switzerland,CHE,2020-04-03,93.016
Switzerland,CHE,2020-04-04,85.35
Switzerland,CHE,2020-04-05,76.998
Switzerland,CHE,2020-04-06,66.358
Switzerland,CHE,2020-04-07,58.464
Switzerland,CHE,2020-04-08,54.116
Switzerland,CHE,2020-04-09,49.997
Switzerland,CHE,2020-04-10,46.451
Switzerland,CHE,2020-04-11,45.078
Switzerland,CHE,2020-04-12,43.362
Switzerland,CHE,2020-04-13,38.327
Switzerland,CHE,2020-04-14,37.527
Switzerland,CHE,2020-04-15,34.552
Switzerland,CHE,2020-04-16,32.264
Switzerland,CHE,2020-04-17,30.776
Switzerland,CHE,2020-04-18,27.23
Switzerland,CHE,2020-04-19,25.857
Switzerland,CHE,2020-04-20,25.056
Switzerland,CHE,2020-04-21,21.395
Switzerland,CHE,2020-04-22,19.907
Switzerland,CHE,2020-04-23,16.475
Switzerland,CHE,2020-04-24,14.301
Switzerland,CHE,2020-04-25,14.301
Switzerland,CHE,2020-04-26,12.356
Switzerland,CHE,2020-04-27,11.212
Switzerland,CHE,2020-04-28,10.64
Switzerland,CHE,2020-04-29,9.382
Switzerland,CHE,2020-04-30,8.924
Switzerland,CHE,2020-05-01,8.352
Switzerland,CHE,2020-05-02,7.437
Switzerland,CHE,2020-05-03,7.551
Switzerland,CHE,2020-05-04,6.521
Switzerland,CHE,2020-05-05,5.492
Switzerland,CHE,2020-05-06,4.576
Switzerland,CHE,2020-05-07,4.805
Switzerland,CHE,2020-05-08,4.233
Switzerland,CHE,2020-05-09,3.661
Switzerland,CHE,2020-05-10,3.547
Switzerland,CHE,2020-05-11,3.661
Switzerland,CHE,2020-05-12,3.089
Switzerland,CHE,2020-05-13,3.318
Switzerland,CHE,2020-05-14,2.86
Switzerland,CHE,2020-05-15,2.86
Switzerland,CHE,2020-05-16,2.975
Switzerland,CHE,2020-05-17,2.86
Switzerland,CHE,2020-05-18,2.746
Switzerland,CHE,2020-05-19,2.86
Switzerland,CHE,2020-05-20,2.517
Switzerland,CHE,2020-05-21,2.517
Switzerland,CHE,2020-05-22,2.631
Switzerland,CHE,2020-05-23,2.403
Switzerland,CHE,2020-05-24,1.945
Switzerland,CHE,2020-05-25,1.602
Switzerland,CHE,2020-05-26,1.945
Switzerland,CHE,2020-05-27,1.716
Switzerland,CHE,2020-05-28,1.945
Switzerland,CHE,2020-05-29,1.716
Switzerland,CHE,2020-05-30,1.945
Switzerland,CHE,2020-05-31,2.174
Switzerland,CHE,2020-06-01,2.059
Switzerland,CHE,2020-06-02,1.487
Switzerland,CHE,2020-06-03,1.716
Switzerland,CHE,2020-06-04,1.487
Switzerland,CHE,2020-06-05,1.259
Switzerland,CHE,2020-06-06,0.915
Switzerland,CHE,2020-06-07,0.572
Switzerland,CHE,2020-06-08,0.801
Switzerland,CHE,2020-06-09,0.801
Switzerland,CHE,2020-06-10,0.686
Switzerland,CHE,2020-06-11,0.458
Switzerland,CHE,2020-06-12,0.801
Switzerland,CHE,2020-06-13,0.801
Switzerland,CHE,2020-06-14,0.915
Switzerland,CHE,2020-06-15,0.801
Switzerland,CHE,2020-06-16,0.801
Switzerland,CHE,2020-06-17,0.915
Switzerland,CHE,2020-06-18,1.144
Switzerland,CHE,2020-06-19,1.373
Switzerland,CHE,2020-06-20,2.059
Switzerland,CHE,2020-06-21,1.945
Switzerland,CHE,2020-06-22,2.174
Switzerland,CHE,2020-06-23,2.517
Switzerland,CHE,2020-06-24,2.746
Switzerland,CHE,2020-06-25,2.403
Switzerland,CHE,2020-06-26,2.403
Switzerland,CHE,2020-06-27,1.831
Switzerland,CHE,2020-06-28,1.945
Switzerland,CHE,2020-06-29,2.174
Switzerland,CHE,2020-06-30,2.746
Switzerland,CHE,2020-07-01,2.975
Switzerland,CHE,2020-07-02,3.547
Switzerland,CHE,2020-07-03,3.547
Switzerland,CHE,2020-07-04,3.661
Switzerland,CHE,2020-07-05,4.348
Switzerland,CHE,2020-07-06,4.233
Switzerland,CHE,2020-07-07,4.119
Switzerland,CHE,2020-07-08,4.004
Switzerland,CHE,2020-07-09,4.691
Switzerland,CHE,2020-07-10,4.92
Switzerland,CHE,2020-07-11,5.835
Switzerland,CHE,2020-07-12,6.407
Switzerland,CHE,2020-07-13,6.521
Switzerland,CHE,2020-07-14,6.293
Switzerland,CHE,2020-07-15,6.636
Switzerland,CHE,2020-07-16,5.949
Switzerland,CHE,2020-07-17,5.835
Switzerland,CHE,2020-07-18,5.377
Switzerland,CHE,2020-07-19,4.119
Switzerland,CHE,2020-07-20,4.348
Switzerland,CHE,2020-07-21,4.462
Switzerland,CHE,2020-07-22,4.462
Switzerland,CHE,2020-07-23,4.805
Switzerland,CHE,2020-07-24,5.949
Switzerland,CHE,2020-07-25,6.407
Switzerland,CHE,2020-07-26,6.75
Switzerland,CHE,2020-07-27,6.865
Switzerland,CHE,2020-07-28,7.665
Switzerland,CHE,2020-07-29,8.352
Switzerland,CHE,2020-07-30,8.123
Switzerland,CHE,2020-07-31,7.322
Switzerland,CHE,2020-08-01,6.865
Switzerland,CHE,2020-08-02,7.093
Switzerland,CHE,2020-08-03,6.75
Switzerland,CHE,2020-08-04,5.606
Switzerland,CHE,2020-08-05,4.805
Switzerland,CHE,2020-08-06,5.606
Switzerland,CHE,2020-08-07,5.263
Switzerland,CHE,2020-08-08,5.606
Switzerland,CHE,2020-08-09,5.721
Switzerland,CHE,2020-08-10,6.178
Switzerland,CHE,2020-08-11,6.521
Switzerland,CHE,2020-08-12,6.293
Switzerland,CHE,2020-08-13,5.949
Switzerland,CHE,2020-08-14,6.293
Switzerland,CHE,2020-08-15,6.178
Switzerland,CHE,2020-08-16,6.064
Switzerland,CHE,2020-08-17,6.178
Switzerland,CHE,2020-08-18,6.293
Switzerland,CHE,2020-08-19,6.521
Switzerland,CHE,2020-08-20,6.293
Switzerland,CHE,2020-08-21,6.293
Switzerland,CHE,2020-08-22,5.949
Switzerland,CHE,2020-08-23,5.835
Switzerland,CHE,2020-08-24,5.492
Switzerland,CHE,2020-08-25,5.377
Switzerland,CHE,2020-08-26,5.377
Switzerland,CHE,2020-08-27,5.148
Switzerland,CHE,2020-08-28,5.148
Switzerland,CHE,2020-08-29,4.805
Switzerland,CHE,2020-08-30,5.034
Switzerland,CHE,2020-08-31,5.377
Switzerland,CHE,2020-09-01,5.949
Switzerland,CHE,2020-09-02,6.407
Switzerland,CHE,2020-09-03,7.208
Switzerland,CHE,2020-09-04,7.665
Switzerland,CHE,2020-09-05,8.581
Switzerland,CHE,2020-09-06,8.695
Switzerland,CHE,2020-09-07,9.153
Switzerland,CHE,2020-09-08,8.81
Switzerland,CHE,2020-09-09,9.267
Switzerland,CHE,2020-09-10,10.411
Switzerland,CHE,2020-09-11,10.755
Switzerland,CHE,2020-09-12,11.098
Switzerland,CHE,2020-09-13,11.441
Switzerland,CHE,2020-09-14,10.983
Switzerland,CHE,2020-09-15,11.327
Switzerland,CHE,2020-09-16,12.127
Switzerland,CHE,2020-09-17,11.327
Switzerland,CHE,2020-09-18,12.471
Switzerland,CHE,2020-09-19,12.356
Switzerland,CHE,2020-09-20,12.242
Switzerland,CHE,2020-09-21,13.615
Switzerland,CHE,2020-09-22,13.729
Switzerland,CHE,2020-09-23,13.157
Switzerland,CHE,2020-09-24,13.729
Switzerland,CHE,2020-09-25,12.356
Switzerland,CHE,2020-09-26,12.013
Switzerland,CHE,2020-09-27,13.157
Switzerland,CHE,2020-09-28,13.043
Switzerland,CHE,2020-09-29,15.102
Switzerland,CHE,2020-09-30,16.017
Switzerland,CHE,2020-10-01,16.246
Switzerland,CHE,2020-10-02,17.962
Switzerland,CHE,2020-10-03,19.221
Switzerland,CHE,2020-10-04,18.763
Switzerland,CHE,2020-10-05,19.335
Switzerland,CHE,2020-10-06,20.251
Switzerland,CHE,2020-10-07,21.624
Switzerland,CHE,2020-10-08,25.513
Switzerland,CHE,2020-10-09,27.687
Switzerland,CHE,2020-10-10,29.175
Switzerland,CHE,2020-10-11,32.721
Switzerland,CHE,2020-10-12,39.357
Switzerland,CHE,2020-10-13,43.133
Switzerland,CHE,2020-10-14,49.311
Switzerland,CHE,2020-10-15,54.345
Switzerland,CHE,2020-10-16,61.553
Switzerland,CHE,2020-10-17,71.163
Switzerland,CHE,2020-10-18,74.252
Switzerland,CHE,2020-10-19,83.176
Switzerland,CHE,2020-10-20,93.816
Switzerland,CHE,2020-10-21,100.452
Switzerland,CHE,2020-10-22,108.232
Switzerland,CHE,2020-10-23,118.872
Switzerland,CHE,2020-10-24,125.165
Switzerland,CHE,2020-10-25,139.237
Switzerland,CHE,2020-10-26,149.077
Switzerland,CHE,2020-10-27,154.797
Switzerland,CHE,2020-10-28,165.552
Switzerland,CHE,2020-10-29,173.56
Switzerland,CHE,2020-10-30,185.116
Switzerland,CHE,2020-10-31,185.116
Switzerland,CHE,2020-11-01,186.946
Switzerland,CHE,2020-11-02,193.468
Switzerland,CHE,2020-11-03,199.875
Switzerland,CHE,2020-11-04,197.701
Switzerland,CHE,2020-11-05,195.87
Switzerland,CHE,2020-11-06,191.981
Switzerland,CHE,2020-11-07,197.815
Switzerland,CHE,2020-11-08,193.468
Switzerland,CHE,2020-11-09,191.637
Switzerland,CHE,2020-11-10,186.146
Switzerland,CHE,2020-11-11,187.175
Switzerland,CHE,2020-11-12,187.404
Switzerland,CHE,2020-11-13,184.315
Switzerland,CHE,2020-11-14,179.624
Switzerland,CHE,2020-11-15,176.535
Switzerland,CHE,2020-11-16,175.391
Switzerland,CHE,2020-11-17,174.361
Switzerland,CHE,2020-11-18,169.67
Switzerland,CHE,2020-11-19,163.836
Switzerland,CHE,2020-11-20,160.403
Switzerland,CHE,2020-11-21,151.594
Switzerland,CHE,2020-11-22,152.395
Switzerland,CHE,2020-11-23,146.445
Switzerland,CHE,2020-11-24,140.954
Switzerland,CHE,2020-11-25,139.123
Switzerland,CHE,2020-11-26,139.581
Switzerland,CHE,2020-11-27,136.949
Switzerland,CHE,2020-11-28,142.441
Switzerland,CHE,2020-11-29,137.979
Switzerland,CHE,2020-11-30,135.119
Switzerland,CHE,2020-12-01,134.318
Switzerland,CHE,2020-12-02,133.86
Switzerland,CHE,2020-12-03,133.974
Switzerland,CHE,2020-12-04,133.288
Switzerland,CHE,2020-12-05,131.915
Switzerland,CHE,2020-12-06,133.974
Switzerland,CHE,2020-12-07,136.263
Switzerland,CHE,2020-12-08,138.322
Switzerland,CHE,2020-12-09,141.869
Switzerland,CHE,2020-12-10,140.839
Switzerland,CHE,2020-12-11,138.436
Switzerland,CHE,2020-12-12,139.123
Switzerland,CHE,2020-12-13,140.381
Switzerland,CHE,2020-12-14,137.75
Switzerland,CHE,2020-12-15,138.436
Switzerland,CHE,2020-12-16,135.233
Switzerland,CHE,2020-12-17,134.89
Switzerland,CHE,2020-12-18,137.979
Switzerland,CHE,2020-12-19,136.492
Switzerland,CHE,2020-12-20,132.258
Switzerland,CHE,2020-12-21,131.915
Switzerland,CHE,2020-12-22,129.856
Switzerland,CHE,2020-12-23,128.597
Switzerland,CHE,2020-12-24,128.597
Switzerland,CHE,2020-12-25,124.021
Switzerland,CHE,2020-12-26,124.707
Switzerland,CHE,2020-12-27,126.767
Switzerland,CHE,2020-12-28,129.97
Switzerland,CHE,2020-12-29,129.512
Switzerland,CHE,2020-12-30,130.199
Switzerland,CHE,2020-12-31,126.423
Switzerland,CHE,2021-01-01,124.478
Switzerland,CHE,2021-01-02,128.597
Switzerland,CHE,2021-01-03,130.542
Switzerland,CHE,2021-01-04,126.423
Switzerland,CHE,2021-01-05,124.478
Switzerland,CHE,2021-01-06,120.36
Switzerland,CHE,2021-01-07,123.105
Switzerland,CHE,2021-01-08,123.678
Switzerland,CHE,2021-01-09,116.699
Switzerland,CHE,2021-01-10,109.605
Switzerland,CHE,2021-01-11,102.855
Switzerland,CHE,2021-01-12,97.935
Switzerland,CHE,2021-01-13,96.333
Switzerland,CHE,2021-01-14,89.469
Switzerland,CHE,2021-01-15,84.32
Switzerland,CHE,2021-01-16,80.316
Switzerland,CHE,2021-01-17,78.714
Switzerland,CHE,2021-01-18,77.227
Switzerland,CHE,2021-01-19,75.854
Switzerland,CHE,2021-01-20,71.735
Switzerland,CHE,2021-01-21,70.477
Switzerland,CHE,2021-01-22,70.362
Switzerland,CHE,2021-01-23,65.9
Switzerland,CHE,2021-01-24,62.354
Switzerland,CHE,2021-01-25,58.349
Switzerland,CHE,2021-01-26,57.892
Switzerland,CHE,2021-01-27,55.832
Switzerland,CHE,2021-01-28,54.116
Switzerland,CHE,2021-01-29,50.455
Switzerland,CHE,2021-01-30,52.057
Switzerland,CHE,2021-01-31,53.315
Switzerland,CHE,2021-02-01,52.629
Switzerland,CHE,2021-02-02,50.569
Switzerland,CHE,2021-02-03,50.798
Switzerland,CHE,2021-02-04,49.425
Switzerland,CHE,2021-02-05,48.853
Switzerland,CHE,2021-02-06,48.624
Switzerland,CHE,2021-02-07,48.51
Switzerland,CHE,2021-02-08,47.366
Switzerland,CHE,2021-02-09,44.734
Switzerland,CHE,2021-02-10,42.675
Switzerland,CHE,2021-02-11,41.531
Switzerland,CHE,2021-02-12,40.387
Switzerland,CHE,2021-02-13,38.327
Switzerland,CHE,2021-02-14,37.641
Switzerland,CHE,2021-02-15,34.781
Switzerland,CHE,2021-02-16,35.353
Switzerland,CHE,2021-02-17,35.353
Switzerland,CHE,2021-02-18,37.298
Switzerland,CHE,2021-02-19,37.298
Switzerland,CHE,2021-02-20,36.382
Switzerland,CHE,2021-02-21,35.81
Switzerland,CHE,2021-02-22,36.382
Switzerland,CHE,2021-02-23,35.582
Switzerland,CHE,2021-02-24,35.353
Switzerland,CHE,2021-02-25,33.751
Switzerland,CHE,2021-02-26,33.179
Switzerland,CHE,2021-02-27,33.522
Switzerland,CHE,2021-02-28,33.408
Switzerland,CHE,2021-03-01,33.637
Switzerland,CHE,2021-03-02,35.582
Switzerland,CHE,2021-03-03,36.84
Switzerland,CHE,2021-03-04,35.467
Switzerland,CHE,2021-03-05,37.069
Switzerland,CHE,2021-03-06,38.556
Switzerland,CHE,2021-03-07,39.243
Switzerland,CHE,2021-03-08,41.188
Switzerland,CHE,2021-03-09,39.014
Switzerland,CHE,2021-03-10,38.785
Switzerland,CHE,2021-03-11,39.7
Switzerland,CHE,2021-03-12,39.586
Switzerland,CHE,2021-03-13,39.586
Switzerland,CHE,2021-03-14,41.188
Switzerland,CHE,2021-03-15,42.217
Switzerland,CHE,2021-03-16,43.934
Switzerland,CHE,2021-03-17,43.476
Switzerland,CHE,2021-03-18,45.192
Switzerland,CHE,2021-03-19,47.023
Switzerland,CHE,2021-03-20,47.824
Switzerland,CHE,2021-03-21,47.137
Switzerland,CHE,2021-03-22,46.565
Switzerland,CHE,2021-03-23,46.451
Switzerland,CHE,2021-03-24,48.281
Switzerland,CHE,2021-03-25,48.624
Switzerland,CHE,2021-03-26,49.654
Switzerland,CHE,2021-03-27,52.743
Switzerland,CHE,2021-03-28,53.773
Switzerland,CHE,2021-03-29,55.26
Switzerland,CHE,2021-03-30,58.235
Switzerland,CHE,2021-03-31,59.379
Switzerland,CHE,2021-04-01,60.18
Switzerland,CHE,2021-04-02,58.807
Switzerland,CHE,2021-04-03,59.379
Switzerland,CHE,2021-04-04,62.125
Switzerland,CHE,2021-04-05,60.752
Switzerland,CHE,2021-04-06,62.125
Switzerland,CHE,2021-04-07,60.752
Switzerland,CHE,2021-04-08,63.154
Switzerland,CHE,2021-04-09,64.871
Switzerland,CHE,2021-04-10,61.782
Switzerland,CHE,2021-04-11,58.349
Switzerland,CHE,2021-04-12,61.553
Switzerland,CHE,2021-04-13,57.892
Switzerland,CHE,2021-04-14,57.663
Switzerland,CHE,2021-04-15,56.748
Switzerland,CHE,2021-04-16,55.832
Switzerland,CHE,2021-04-17,56.175
Switzerland,CHE,2021-04-18,56.29
Switzerland,CHE,2021-04-19,53.658
Switzerland,CHE,2021-04-20,56.29
Switzerland,CHE,2021-04-21,58.235
Switzerland,CHE,2021-04-22,55.146
Switzerland,CHE,2021-04-23,55.031
Switzerland,CHE,2021-04-24,55.603
Switzerland,CHE,2021-04-25,55.832
Switzerland,CHE,2021-04-26,58.349
Switzerland,CHE,2021-04-27,57.205
Switzerland,CHE,2021-04-28,55.375
Switzerland,CHE,2021-04-29,55.832
Switzerland,CHE,2021-04-30,54.459
Switzerland,CHE,2021-05-01,54.574
Switzerland,CHE,2021-05-02,52.972
Switzerland,CHE,2021-05-03,49.54
Switzerland,CHE,2021-05-04,46.679
Switzerland,CHE,2021-05-05,45.535
Switzerland,CHE,2021-05-06,43.819
Switzerland,CHE,2021-05-07,41.874
Switzerland,CHE,2021-05-08,38.556
Switzerland,CHE,2021-05-09,39.014
Switzerland,CHE,2021-05-10,36.382
Switzerland,CHE,2021-05-11,35.582
Switzerland,CHE,2021-05-12,33.522
Switzerland,CHE,2021-05-13,31.348
Switzerland,CHE,2021-05-14,29.861
Switzerland,CHE,2021-05-15,29.175
Switzerland,CHE,2021-05-16,27.344
Switzerland,CHE,2021-05-17,27.23
Switzerland,CHE,2021-05-18,27.23
Switzerland,CHE,2021-05-19,28.374
Switzerland,CHE,2021-05-20,29.403
Switzerland,CHE,2021-05-21,29.289
Switzerland,CHE,2021-05-22,28.831
Switzerland,CHE,2021-05-23,29.06
Switzerland,CHE,2021-05-24,26.086
Switzerland,CHE,2021-05-25,24.713
Switzerland,CHE,2021-05-26,22.196
Switzerland,CHE,2021-05-27,20.594
Switzerland,CHE,2021-05-28,20.022
Switzerland,CHE,2021-05-29,19.679
Switzerland,CHE,2021-05-30,17.734
Switzerland,CHE,2021-05-31,18.306
Switzerland,CHE,2021-06-01,17.276
Switzerland,CHE,2021-06-02,15.789
Switzerland,CHE,2021-06-03,14.873
Switzerland,CHE,2021-06-04,14.873
Switzerland,CHE,2021-06-05,13.844
Switzerland,CHE,2021-06-06,13.844
Switzerland,CHE,2021-06-07,13.5
Switzerland,CHE,2021-06-08,12.585
Switzerland,CHE,2021-06-09,12.7
Switzerland,CHE,2021-06-10,12.127
Switzerland,CHE,2021-06-11,10.297
Switzerland,CHE,2021-06-12,9.725
Switzerland,CHE,2021-06-13,8.924
Switzerland,CHE,2021-06-14,8.466
Switzerland,CHE,2021-06-15,8.581
Switzerland,CHE,2021-06-16,7.551
Switzerland,CHE,2021-06-17,6.75
Switzerland,CHE,2021-06-18,6.407
Switzerland,CHE,2021-06-19,6.178
Switzerland,CHE,2021-06-20,5.835
Switzerland,CHE,2021-06-21,5.148
Switzerland,CHE,2021-06-22,4.805
Switzerland,CHE,2021-06-23,4.576
Switzerland,CHE,2021-06-24,4.119
Switzerland,CHE,2021-06-25,4.233
Switzerland,CHE,2021-06-26,3.547
Switzerland,CHE,2021-06-27,3.661
Switzerland,CHE,2021-06-28,3.432
Switzerland,CHE,2021-06-29,2.631
Switzerland,CHE,2021-06-30,2.403
Switzerland,CHE,2021-07-01,2.631
Switzerland,CHE,2021-07-02,2.174
Switzerland,CHE,2021-07-03,2.288
Switzerland,CHE,2021-07-04,2.174
Switzerland,CHE,2021-07-05,1.945
Switzerland,CHE,2021-07-06,2.288
Switzerland,CHE,2021-07-07,2.746
Switzerland,CHE,2021-07-08,3.089
Switzerland,CHE,2021-07-09,3.432
Switzerland,CHE,2021-07-10,3.547
Switzerland,CHE,2021-07-11,3.432
Switzerland,CHE,2021-07-12,4.348
Switzerland,CHE,2021-07-13,4.462
Switzerland,CHE,2021-07-14,4.348
Switzerland,CHE,2021-07-15,4.805
Switzerland,CHE,2021-07-16,5.377
Switzerland,CHE,2021-07-17,6.636
Switzerland,CHE,2021-07-18,7.551
Switzerland,CHE,2021-07-19,7.322
Switzerland,CHE,2021-07-20,7.78
Switzerland,CHE,2021-07-21,9.038
Switzerland,CHE,2021-07-22,10.183
Switzerland,CHE,2021-07-23,10.983
Switzerland,CHE,2021-07-24,10.64
Switzerland,CHE,2021-07-25,10.64
Switzerland,CHE,2021-07-26,10.869
Switzerland,CHE,2021-07-27,11.67
Switzerland,CHE,2021-07-28,12.127
Switzerland,CHE,2021-07-29,12.127
Switzerland,CHE,2021-07-30,12.7
Switzerland,CHE,2021-07-31,13.5
Switzerland,CHE,2021-08-01,14.416
Switzerland,CHE,2021-08-02,15.903
Switzerland,CHE,2021-08-03,16.704
Switzerland,CHE,2021-08-04,17.39
Switzerland,CHE,2021-08-05,19.107
Switzerland,CHE,2021-08-06,18.878
Switzerland,CHE,2021-08-07,20.594
Switzerland,CHE,2021-08-08,21.051
Switzerland,CHE,2021-08-09,23.454
Switzerland,CHE,2021-08-10,24.827
Switzerland,CHE,2021-08-11,28.488
Switzerland,CHE,2021-08-12,29.747
Switzerland,CHE,2021-08-13,34.209
Switzerland,CHE,2021-08-14,37.527
Switzerland,CHE,2021-08-15,44.391
Switzerland,CHE,2021-08-16,47.709
Switzerland,CHE,2021-08-17,52.743
Switzerland,CHE,2021-08-18,55.146
Switzerland,CHE,2021-08-19,59.379
Switzerland,CHE,2021-08-20,61.896
Switzerland,CHE,2021-08-21,61.896
Switzerland,CHE,2021-08-22,61.438
Switzerland,CHE,2021-08-23,64.299
Switzerland,CHE,2021-08-24,63.383
Switzerland,CHE,2021-08-25,62.239
Switzerland,CHE,2021-08-26,61.782
Switzerland,CHE,2021-08-27,60.523
Switzerland,CHE,2021-08-28,59.036
Switzerland,CHE,2021-08-29,57.205
Switzerland,CHE,2021-08-30,55.031
Switzerland,CHE,2021-08-31,54.574
Switzerland,CHE,2021-09-01,54.23
Switzerland,CHE,2021-09-02,52.4
Switzerland,CHE,2021-09-03,51.027
Switzerland,CHE,2021-09-04,50.798
Switzerland,CHE,2021-09-05,48.624
Switzerland,CHE,2021-09-06,47.137
Switzerland,CHE,2021-09-07,45.421
Switzerland,CHE,2021-09-08,44.849
Switzerland,CHE,2021-09-09,43.018
Switzerland,CHE,2021-09-10,41.874
Switzerland,CHE,2021-09-11,41.874
Switzerland,CHE,2021-09-12,41.989
Switzerland,CHE,2021-09-13,40.844
Switzerland,CHE,2021-09-14,40.501
Switzerland,CHE,2021-09-15,38.785
Switzerland,CHE,2021-09-16,37.984
Switzerland,CHE,2021-09-17,39.128
Switzerland,CHE,2021-09-18,37.755
Switzerland,CHE,2021-09-19,36.611
Switzerland,CHE,2021-09-20,35.238
Switzerland,CHE,2021-09-21,34.666
Switzerland,CHE,2021-09-22,34.666
Switzerland,CHE,2021-09-23,33.865
Switzerland,CHE,2021-09-24,31.234
Switzerland,CHE,2021-09-25,29.632
Switzerland,CHE,2021-09-26,29.175
Switzerland,CHE,2021-09-27,29.518
Switzerland,CHE,2021-09-28,27.344
Switzerland,CHE,2021-09-29,25.056
Switzerland,CHE,2021-09-30,23.454
Switzerland,CHE,2021-10-01,22.424
Switzerland,CHE,2021-10-02,21.967
Switzerland,CHE,2021-10-03,21.624
Switzerland,CHE,2021-10-04,20.022
Switzerland,CHE,2021-10-05,20.022
Switzerland,CHE,2021-10-06,20.937
Switzerland,CHE,2021-10-07,20.937
Switzerland,CHE,2021-10-08,20.708
Switzerland,CHE,2021-10-09,21.166
Switzerland,CHE,2021-10-10,20.251
Switzerland,CHE,2021-10-11,18.878
Switzerland,CHE,2021-10-12,20.022
Switzerland,CHE,2021-10-13,18.992
Switzerland,CHE,2021-10-14,19.107
Switzerland,CHE,2021-10-15,19.793
Switzerland,CHE,2021-10-16,19.907
Switzerland,CHE,2021-10-17,19.679
Switzerland,CHE,2021-10-18,19.793
Switzerland,CHE,2021-10-19,19.107
Switzerland,CHE,2021-10-20,20.365
Switzerland,CHE,2021-10-21,21.852
Switzerland,CHE,2021-10-22,21.166
Switzerland,CHE,2021-10-23,21.509
Switzerland,CHE,2021-10-24,22.424
Switzerland,CHE,2021-10-25,24.369
Switzerland,CHE,2021-10-26,24.713
Switzerland,CHE,2021-10-27,24.713
Switzerland,CHE,2021-10-28,24.941
Switzerland,CHE,2021-10-29,25.513
Switzerland,CHE,2021-10-30,27.115
Switzerland,CHE,2021-10-31,29.06
Switzerland,CHE,2021-11-01,30.319
Switzerland,CHE,2021-11-02,32.035
Switzerland,CHE,2021-11-03,33.522
Switzerland,CHE,2021-11-04,34.666
Switzerland,CHE,2021-11-05,35.81
Switzerland,CHE,2021-11-06,36.611
Switzerland,CHE,2021-11-07,36.268
Switzerland,CHE,2021-11-08,36.039
Switzerland,CHE,2021-11-09,37.984
Switzerland,CHE,2021-11-10,39.7
Switzerland,CHE,2021-11-11,41.645
Switzerland,CHE,2021-11-12,44.506
Switzerland,CHE,2021-11-13,47.023
Switzerland,CHE,2021-11-14,49.082
Switzerland,CHE,2021-11-15,55.489
Switzerland,CHE,2021-11-16,56.862
Switzerland,CHE,2021-11-17,59.722
Switzerland,CHE,2021-11-18,64.413
Switzerland,CHE,2021-11-19,68.074
Switzerland,CHE,2021-11-20,68.189
Switzerland,CHE,2021-11-21,70.477
Switzerland,CHE,2021-11-22,70.362
Switzerland,CHE,2021-11-23,72.651
Switzerland,CHE,2021-11-24,75.74
Switzerland,CHE,2021-11-25,75.511
Switzerland,CHE,2021-11-26,78.714
Switzerland,CHE,2021-11-27,82.719
Switzerland,CHE,2021-11-28,85.693
Switzerland,CHE,2021-11-29,90.155
Switzerland,CHE,2021-11-30,92.1
Switzerland,CHE,2021-12-01,94.503
Switzerland,CHE,2021-12-02,99.194
Switzerland,CHE,2021-12-03,101.139
Switzerland,CHE,2021-12-04,101.94
Switzerland,CHE,2021-12-05,101.024
Switzerland,CHE,2021-12-06,101.024
Switzerland,CHE,2021-12-07,104.228
Switzerland,CHE,2021-12-08,103.656
Switzerland,CHE,2021-12-09,103.999
Switzerland,CHE,2021-12-10,104.342
Switzerland,CHE,2021-12-11,103.541
Switzerland,CHE,2021-12-12,103.999
Switzerland,CHE,2021-12-13,103.198
Switzerland,CHE,2021-12-14,100.109
Switzerland,CHE,2021-12-15,99.651
Switzerland,CHE,2021-12-16,96.219
Switzerland,CHE,2021-12-17,92.558
Switzerland,CHE,2021-12-18,92.901
Switzerland,CHE,2021-12-19,92.787
Switzerland,CHE,2021-12-20,93.359
Switzerland,CHE,2021-12-21,97.249
Switzerland,CHE,2021-12-22,96.219
Switzerland,CHE,2021-12-23,97.935
Switzerland,CHE,2021-12-24,97.363
Switzerland,CHE,2021-12-25,97.249
Switzerland,CHE,2021-12-26,97.935
Switzerland,CHE,2021-12-27,94.617
Switzerland,CHE,2021-12-28,94.846
Switzerland,CHE,2021-12-29,94.961
Switzerland,CHE,2021-12-30,92.329
Switzerland,CHE,2021-12-31,92.901
Switzerland,CHE,2022-01-01,93.13
Switzerland,CHE,2022-01-02,93.359
Switzerland,CHE,2022-01-03,97.706
Switzerland,CHE,2022-01-04,99.651
Switzerland,CHE,2022-01-05,103.427
Switzerland,CHE,2022-01-06,107.889
Switzerland,CHE,2022-01-07,110.52
Switzerland,CHE,2022-01-08,108.118
Switzerland,CHE,2022-01-09,105.029
Switzerland,CHE,2022-01-10,104.342
Switzerland,CHE,2022-01-11,97.935
Switzerland,CHE,2022-01-12,95.418
Switzerland,CHE,2022-01-13,93.244
Switzerland,CHE,2022-01-14,90.956
Switzerland,CHE,2022-01-15,92.215
Switzerland,CHE,2022-01-16,93.473
Switzerland,CHE,2022-01-17,92.901
Switzerland,CHE,2022-01-18,94.045
Switzerland,CHE,2022-01-19,98.736
Switzerland,CHE,2022-01-20,99.651
Switzerland,CHE,2022-01-21,100.795
Switzerland,CHE,2022-01-22,101.94
Switzerland,CHE,2022-01-23,102.054
Switzerland,CHE,2022-01-24,103.77
Switzerland,CHE,2022-01-25,108.69
Switzerland,CHE,2022-01-26,106.63
Switzerland,CHE,2022-01-27,105.372
Switzerland,CHE,2022-01-28,107.775
Switzerland,CHE,2022-01-29,106.63
Switzerland,CHE,2022-01-30,109.033
Switzerland,CHE,2022-01-31,109.719
Switzerland,CHE,2022-02-01,107.66
Switzerland,CHE,2022-02-02,105.944
Switzerland,CHE,2022-02-03,108.232
Switzerland,CHE,2022-02-04,108.69
Switzerland,CHE,2022-02-05,109.834
Switzerland,CHE,2022-02-06,106.058
Switzerland,CHE,2022-02-07,104.685
Switzerland,CHE,2022-02-08,102.855
Switzerland,CHE,2022-02-09,100.567
Switzerland,CHE,2022-02-10,98.507
Switzerland,CHE,2022-02-11,93.244
Switzerland,CHE,2022-02-12,89.126
Switzerland,CHE,2022-02-13,91.414
Switzerland,CHE,2022-02-14,88.554
Switzerland,CHE,2022-02-15,86.38
Switzerland,CHE,2022-02-16,84.892
Switzerland,CHE,2022-02-17,82.833
Switzerland,CHE,2022-02-18,81.46
Switzerland,CHE,2022-02-19,80.774
Switzerland,CHE,2022-02-20,77.57
Switzerland,CHE,2022-02-21,76.54
Switzerland,CHE,2022-02-22,76.083
Switzerland,CHE,2022-02-23,74.481
Switzerland,CHE,2022-02-24,72.307
Switzerland,CHE,2022-02-25,69.79
Switzerland,CHE,2022-02-26,69.905
Switzerland,CHE,2022-02-27,69.905
Switzerland,CHE,2022-02-28,70.362
Switzerland,CHE,2022-03-01,72.193
Switzerland,CHE,2022-03-02,76.655
Switzerland,CHE,2022-03-03,79.172
Switzerland,CHE,2022-03-04,85.465
Switzerland,CHE,2022-03-05,88.439
Switzerland,CHE,2022-03-06,92.672
Switzerland,CHE,2022-03-07,97.935
Switzerland,CHE,2022-03-08,98.851
Switzerland,CHE,2022-03-09,100.338
Switzerland,CHE,2022-03-10,103.541
Switzerland,CHE,2022-03-11,106.974
Switzerland,CHE,2022-03-12,110.063
Switzerland,CHE,2022-03-13,109.605
Switzerland,CHE,2022-03-14,110.635
Switzerland,CHE,2022-03-15,112.58
Switzerland,CHE,2022-03-16,111.436
Switzerland,CHE,2022-03-17,112.694
Switzerland,CHE,2022-03-18,112.58
Switzerland,CHE,2022-03-19,110.978
Switzerland,CHE,2022-03-20,114.181
Switzerland,CHE,2022-03-21,110.978
Switzerland,CHE,2022-03-22,109.491
Switzerland,CHE,2022-03-23,112.008
Switzerland,CHE,2022-03-24,107.66
Switzerland,CHE,2022-03-25,103.198
Switzerland,CHE,2022-03-26,101.482
Switzerland,CHE,2022-03-27,96.791
Switzerland,CHE,2022-03-28,96.791
Switzerland,CHE,2022-03-29,94.389
Switzerland,CHE,2022-03-30,89.812
Switzerland,CHE,2022-03-31,87.181
Switzerland,CHE,2022-04-01,85.579
Switzerland,CHE,2022-04-02,82.604
Switzerland,CHE,2022-04-03,80.43
Switzerland,CHE,2022-04-04,74.252
Switzerland,CHE,2022-04-05,72.307
Switzerland,CHE,2022-04-06,65.672
Switzerland,CHE,2022-04-07,61.667
Switzerland,CHE,2022-04-08,57.892
Switzerland,CHE,2022-04-09,56.976
Switzerland,CHE,2022-04-10,54.345
Switzerland,CHE,2022-04-11,52.4
Switzerland,CHE,2022-04-12,47.023
Switzerland,CHE,2022-04-13,49.654
Switzerland,CHE,2022-04-14,50.455
Switzerland,CHE,2022-04-15,48.167
Switzerland,CHE,2022-04-16,46.336
Switzerland,CHE,2022-04-17,45.535
Switzerland,CHE,2022-04-18,41.874
Switzerland,CHE,2022-04-19,42.446
Switzerland,CHE,2022-04-20,38.785
Switzerland,CHE,2022-04-21,37.527
Switzerland,CHE,2022-04-22,36.955
Switzerland,CHE,2022-04-23,36.268
Switzerland,CHE,2022-04-24,35.925
Switzerland,CHE,2022-04-25,36.726
Switzerland,CHE,2022-04-26,34.438
Switzerland,CHE,2022-04-27,31.92
Switzerland,CHE,2022-04-28,28.831
Switzerland,CHE,2022-04-29,28.374
Switzerland,CHE,2022-04-30,27.458
Switzerland,CHE,2022-05-01,24.713
Switzerland,CHE,2022-05-02,23.34
Switzerland,CHE,2022-05-03,24.141
Switzerland,CHE,2022-05-04,23.569
Switzerland,CHE,2022-05-05,24.484
Switzerland,CHE,2022-05-06,22.31
Switzerland,CHE,2022-05-07,21.967
Switzerland,CHE,2022-05-08,21.395
Switzerland,CHE,2022-05-09,20.937
Switzerland,CHE,2022-05-10,18.878
Switzerland,CHE,2022-05-11,19.793
Switzerland,CHE,2022-05-12,18.878
Switzerland,CHE,2022-05-13,19.793
Switzerland,CHE,2022-05-14,18.992
Switzerland,CHE,2022-05-15,19.679
Switzerland,CHE,2022-05-16,17.734
Switzerland,CHE,2022-05-17,17.39
Switzerland,CHE,2022-05-18,16.818
Switzerland,CHE,2022-05-19,17.962
Switzerland,CHE,2022-05-20,16.818
Switzerland,CHE,2022-05-21,15.903
Switzerland,CHE,2022-05-22,15.445
Switzerland,CHE,2022-05-23,15.674
Switzerland,CHE,2022-05-24,15.674
Switzerland,CHE,2022-05-25,14.759
Switzerland,CHE,2022-05-26,12.471
Switzerland,CHE,2022-05-27,12.814
Switzerland,CHE,2022-05-28,13.157
Switzerland,CHE,2022-05-29,13.615
Switzerland,CHE,2022-05-30,13.615
Switzerland,CHE,2022-05-31,14.187
Switzerland,CHE,2022-06-01,15.217
Switzerland,CHE,2022-06-02,17.505
Switzerland,CHE,2022-06-03,17.047
Switzerland,CHE,2022-06-04,17.848
Switzerland,CHE,2022-06-05,18.077
Switzerland,CHE,2022-06-06,18.878
Switzerland,CHE,2022-06-07,21.166
Switzerland,CHE,2022-06-08,21.166
Switzerland,CHE,2022-06-09,22.196
Switzerland,CHE,2022-06-10,23.569
Switzerland,CHE,2022-06-11,24.827
Switzerland,CHE,2022-06-12,25.399
Switzerland,CHE,2022-06-13,27.802
Switzerland,CHE,2022-06-14,28.145
Switzerland,CHE,2022-06-15,30.776
Switzerland,CHE,2022-06-16,31.234
Switzerland,CHE,2022-06-17,33.408
Switzerland,CHE,2022-06-18,34.438
Switzerland,CHE,2022-06-19,37.298
Switzerland,CHE,2022-06-20,37.87
Switzerland,CHE,2022-06-21,40.501
Switzerland,CHE,2022-06-22,41.645
Switzerland,CHE,2022-06-23,42.789
Switzerland,CHE,2022-06-24,43.133
Switzerland,CHE,2022-06-25,43.476
Switzerland,CHE,2022-06-26,43.819
Switzerland,CHE,2022-06-27,46.451
Switzerland,CHE,2022-06-28,45.993
Switzerland,CHE,2022-06-29,46.794
Switzerland,CHE,2022-06-30,46.908
Switzerland,CHE,2022-07-01,50.913
Switzerland,CHE,2022-07-02,52.171
Switzerland,CHE,2022-07-03,52.972
Switzerland,CHE,2022-07-04,54.459
Switzerland,CHE,2022-07-05,55.489
Switzerland,CHE,2022-07-06,57.777
Switzerland,CHE,2022-07-07,60.523
Switzerland,CHE,2022-07-08,57.548
Switzerland,CHE,2022-07-09,58.12
Switzerland,CHE,2022-07-10,59.379
Switzerland,CHE,2022-07-11,58.807
Switzerland,CHE,2022-07-12,58.235
Switzerland,CHE,2022-07-13,56.29
Switzerland,CHE,2022-07-14,55.947
Switzerland,CHE,2022-07-15,56.175
Switzerland,CHE,2022-07-16,56.519
Switzerland,CHE,2022-07-17,55.031
Switzerland,CHE,2022-07-18,54.917
Switzerland,CHE,2022-07-19,52.514
Switzerland,CHE,2022-07-20,51.027
Switzerland,CHE,2022-07-21,50.684
Switzerland,CHE,2022-07-22,51.141
Switzerland,CHE,2022-07-23,48.739
Switzerland,CHE,2022-07-24,46.794
Switzerland,CHE,2022-07-25,45.192
Switzerland,CHE,2022-07-26,47.251
Switzerland,CHE,2022-07-27,45.879
Switzerland,CHE,2022-07-28,41.645
Switzerland,CHE,2022-07-29,39.472
Switzerland,CHE,2022-07-30,39.014
Switzerland,CHE,2022-07-31,38.327
Switzerland,CHE,2022-08-01,35.238
Switzerland,CHE,2022-08-02,33.179
Switzerland,CHE,2022-08-03,33.179
Switzerland,CHE,2022-08-04,32.149
Switzerland,CHE,2022-08-05,30.891
Switzerland,CHE,2022-08-06,31.005
Switzerland,CHE,2022-08-07,30.204
Switzerland,CHE,2022-08-08,29.06
Switzerland,CHE,2022-08-09,27.001
Switzerland,CHE,2022-08-10,25.971
Switzerland,CHE,2022-08-11,28.031
Switzerland,CHE,2022-08-12,27.916
Switzerland,CHE,2022-08-13,26.314
Switzerland,CHE,2022-08-14,26.658
Switzerland,CHE,2022-08-15,27.001
Switzerland,CHE,2022-08-16,27.001
Switzerland,CHE,2022-08-17,26.086
Switzerland,CHE,2022-08-18,24.484
Switzerland,CHE,2022-08-19,24.141
Switzerland,CHE,2022-08-20,24.941
Switzerland,CHE,2022-08-21,24.141
Switzerland,CHE,2022-08-22,22.424
Switzerland,CHE,2022-08-23,21.967
Switzerland,CHE,2022-08-24,22.996
Switzerland,CHE,2022-08-25,21.967
Switzerland,CHE,2022-08-26,21.624
Switzerland,CHE,2022-08-27,21.624
Switzerland,CHE,2022-08-28,21.852
Switzerland,CHE,2022-08-29,22.768
Switzerland,CHE,2022-08-30,23.569
Switzerland,CHE,2022-08-31,23.111
Switzerland,CHE,2022-09-01,23.569
Switzerland,CHE,2022-09-02,22.653
Switzerland,CHE,2022-09-03,21.395
Switzerland,CHE,2022-09-04,20.708
Switzerland,CHE,2022-09-05,21.852
Switzerland,CHE,2022-09-06,22.196
Switzerland,CHE,2022-09-07,21.738
Switzerland,CHE,2022-09-08,22.882
Switzerland,CHE,2022-09-09,24.484
Switzerland,CHE,2022-09-10,24.484
Switzerland,CHE,2022-09-11,25.056
Switzerland,CHE,2022-09-12,24.598
Switzerland,CHE,2022-09-13,22.768
Switzerland,CHE,2022-09-14,23.111
Switzerland,CHE,2022-09-15,21.852
Switzerland,CHE,2022-09-16,20.708
Switzerland,CHE,2022-09-17,21.28
Switzerland,CHE,2022-09-18,21.166
Switzerland,CHE,2022-09-19,20.937
Switzerland,CHE,2022-09-20,22.31
Switzerland,CHE,2022-09-21,25.056
Switzerland,CHE,2022-09-22,26.886
Switzerland,CHE,2022-09-23,30.204
Switzerland,CHE,2022-09-24,31.348
Switzerland,CHE,2022-09-25,31.806
Switzerland,CHE,2022-09-26,35.124
Switzerland,CHE,2022-09-27,38.099
Switzerland,CHE,2022-09-28,37.298
Switzerland,CHE,2022-09-29,38.327
Switzerland,CHE,2022-09-30,39.357
Switzerland,CHE,2022-10-01,41.76
Switzerland,CHE,2022-10-02,44.62
Switzerland,CHE,2022-10-03,48.052
Switzerland,CHE,2022-10-04,48.51
Switzerland,CHE,2022-10-05,51.713
Switzerland,CHE,2022-10-06,53.773
Switzerland,CHE,2022-10-07,54.574
Switzerland,CHE,2022-10-08,54.345
Switzerland,CHE,2022-10-09,54.803
Switzerland,CHE,2022-10-10,54.459
Switzerland,CHE,2022-10-11,54.917
Switzerland,CHE,2022-10-12,55.26
Switzerland,CHE,2022-10-13,58.12
Switzerland,CHE,2022-10-14,59.036
Switzerland,CHE,2022-10-15,60.294
Switzerland,CHE,2022-10-16,60.523
Switzerland,CHE,2022-10-17,58.921
Switzerland,CHE,2022-10-18,61.896
Switzerland,CHE,2022-10-19,59.379
Switzerland,CHE,2022-10-20,56.404
Switzerland,CHE,2022-10-21,55.031
Switzerland,CHE,2022-10-22,53.086
Switzerland,CHE,2022-10-23,51.485
Switzerland,CHE,2022-10-24,51.37
Switzerland,CHE,2022-10-25,45.764
Switzerland,CHE,2022-10-26,46.107
Switzerland,CHE,2022-10-27,44.506
Switzerland,CHE,2022-10-28,45.535
Switzerland,CHE,2022-10-29,44.62
Switzerland,CHE,2022-10-30,43.018
Switzerland,CHE,2022-10-31,40.616
Switzerland,CHE,2022-11-01,38.9
Switzerland,CHE,2022-11-02,38.9
Switzerland,CHE,2022-11-03,36.955
Switzerland,CHE,2022-11-04,32.493
Switzerland,CHE,2022-11-05,32.493
Switzerland,CHE,2022-11-06,32.836
Switzerland,CHE,2022-11-07,32.95
Switzerland,CHE,2022-11-08,35.696
Switzerland,CHE,2022-11-09,34.552
Switzerland,CHE,2022-11-10,36.84
Switzerland,CHE,2022-11-11,39.815
Switzerland,CHE,2022-11-12,39.128
Switzerland,CHE,2022-11-13,39.243
Switzerland,CHE,2022-11-14,41.76
Switzerland,CHE,2022-11-15,40.959
Switzerland,CHE,2022-11-16,42.332
Switzerland,CHE,2022-11-17,43.476
Switzerland,CHE,2022-11-18,41.989
Switzerland,CHE,2022-11-19,42.103
Switzerland,CHE,2022-11-20,42.332
Switzerland,CHE,2022-11-21,40.73
Switzerland,CHE,2022-11-22,42.103
Switzerland,CHE,2022-11-23,41.417
Switzerland,CHE,2022-11-24,39.014
Switzerland,CHE,2022-11-25,40.044
Switzerland,CHE,2022-11-26,41.073
Switzerland,CHE,2022-11-27,40.844
Switzerland,CHE,2022-11-28,41.188
Switzerland,CHE,2022-11-29,41.989
Switzerland,CHE,2022-11-30,43.133
Switzerland,CHE,2022-12-01,44.048
Switzerland,CHE,2022-12-02,44.391
Switzerland,CHE,2022-12-03,44.048
Switzerland,CHE,2022-12-04,44.277
Switzerland,CHE,2022-12-05,44.048
Switzerland,CHE,2022-12-06,44.734
Switzerland,CHE,2022-12-07,44.734
Switzerland,CHE,2022-12-08,44.391
Switzerland,CHE,2022-12-09,42.675
Switzerland,CHE,2022-12-10,43.476
Switzerland,CHE,2022-12-11,42.446
Switzerland,CHE,2022-12-12,42.103
Switzerland,CHE,2022-12-13,39.586
Switzerland,CHE,2022-12-14,37.412
Switzerland,CHE,2022-12-15,36.955
Switzerland,CHE,2022-12-16,38.9
Switzerland,CHE,2022-12-17,38.327
Switzerland,CHE,2022-12-18,38.9
Switzerland,CHE,2022-12-19,37.984
Switzerland,CHE,2022-12-20,36.955
Switzerland,CHE,2022-12-21,35.467
Switzerland,CHE,2022-12-22,35.124
Switzerland,CHE,2022-12-23,32.721
Switzerland,CHE,2022-12-24,29.632
Switzerland,CHE,2022-12-25,29.861
Switzerland,CHE,2022-12-26,28.259
Switzerland,CHE,2022-12-27,26.772
Switzerland,CHE,2022-12-28,26.086
Switzerland,CHE,2022-12-29,25.17
Switzerland,CHE,2022-12-30,24.598
Switzerland,CHE,2022-12-31,25.513
Switzerland,CHE,2023-01-01,23.683
United Kingdom,GBR,2020-04-07,320.683
United Kingdom,GBR,2020-04-08,312.048
United Kingdom,GBR,2020-04-09,302.671
United Kingdom,GBR,2020-04-10,295.916
United Kingdom,GBR,2020-04-11,284.955
United Kingdom,GBR,2020-04-12,272.645
United Kingdom,GBR,2020-04-13,259.832
United Kingdom,GBR,2020-04-14,244.234
United Kingdom,GBR,2020-04-15,228.281
United Kingdom,GBR,2020-04-16,219.008
United Kingdom,GBR,2020-04-17,211.676
United Kingdom,GBR,2020-04-18,203.721
United Kingdom,GBR,2020-04-19,197.603
United Kingdom,GBR,2020-04-20,191.175
United Kingdom,GBR,2020-04-21,185.472
United Kingdom,GBR,2020-04-22,180.169
United Kingdom,GBR,2020-04-23,172.851
United Kingdom,GBR,2020-04-24,166.319
United Kingdom,GBR,2020-04-25,160.749
United Kingdom,GBR,2020-04-26,156.335
United Kingdom,GBR,2020-04-27,153.402
United Kingdom,GBR,2020-04-28,150.676
United Kingdom,GBR,2020-04-29,150.143
United Kingdom,GBR,2020-04-30,149.091
United Kingdom,GBR,2020-05-01,145.24
United Kingdom,GBR,2020-05-02,144.159
United Kingdom,GBR,2020-05-03,141.685
United Kingdom,GBR,2020-05-04,137.419
United Kingdom,GBR,2020-05-05,131.894
United Kingdom,GBR,2020-05-06,127.628
United Kingdom,GBR,2020-05-07,123.598
United Kingdom,GBR,2020-05-08,118.444
United Kingdom,GBR,2020-05-09,114.874
United Kingdom,GBR,2020-05-10,110.771
United Kingdom,GBR,2020-05-11,107.527
United Kingdom,GBR,2020-05-12,105.112
United Kingdom,GBR,2020-05-13,101.675
United Kingdom,GBR,2020-05-14,97.854
United Kingdom,GBR,2020-05-15,97.158
United Kingdom,GBR,2020-05-16,95.336
United Kingdom,GBR,2020-05-17,93.558
United Kingdom,GBR,2020-05-18,90.862
United Kingdom,GBR,2020-05-19,89.292
United Kingdom,GBR,2020-05-20,87.588
United Kingdom,GBR,2020-05-21,86.596
United Kingdom,GBR,2020-05-22,84.789
United Kingdom,GBR,2020-05-23,82.285
United Kingdom,GBR,2020-05-24,79.293
United Kingdom,GBR,2020-05-25,75.694
United Kingdom,GBR,2020-05-26,73.027
United Kingdom,GBR,2020-05-27,70.939
United Kingdom,GBR,2020-05-28,68.924
United Kingdom,GBR,2020-05-29,67.058
United Kingdom,GBR,2020-05-30,65.932
United Kingdom,GBR,2020-05-31,65.088
United Kingdom,GBR,2020-06-01,65.221
United Kingdom,GBR,2020-06-02,64.821
United Kingdom,GBR,2020-06-03,63.725
United Kingdom,GBR,2020-06-04,61.71
United Kingdom,GBR,2020-06-05,59.666
United Kingdom,GBR,2020-06-06,57.326
United Kingdom,GBR,2020-06-07,55.519
United Kingdom,GBR,2020-06-08,52.63
United Kingdom,GBR,2020-06-09,49.979
United Kingdom,GBR,2020-06-10,48.112
United Kingdom,GBR,2020-06-11,46.335
United Kingdom,GBR,2020-06-12,45.15
United Kingdom,GBR,2020-06-13,44.839
United Kingdom,GBR,2020-06-14,44.231
United Kingdom,GBR,2020-06-15,44.661
United Kingdom,GBR,2020-06-16,44.172
United Kingdom,GBR,2020-06-17,43.046
United Kingdom,GBR,2020-06-18,42.439
United Kingdom,GBR,2020-06-19,41.624
United Kingdom,GBR,2020-06-20,39.684
United Kingdom,GBR,2020-06-21,38.513
United Kingdom,GBR,2020-06-22,37.802
United Kingdom,GBR,2020-06-23,36.395
United Kingdom,GBR,2020-06-24,35.447
United Kingdom,GBR,2020-06-25,34.277
United Kingdom,GBR,2020-06-26,34.277
United Kingdom,GBR,2020-06-27,34.751
United Kingdom,GBR,2020-06-28,33.596
United Kingdom,GBR,2020-06-29,31.048
United Kingdom,GBR,2020-06-30,30.085
United Kingdom,GBR,2020-07-01,28.663
United Kingdom,GBR,2020-07-02,27.063
United Kingdom,GBR,2020-07-03,25.226
United Kingdom,GBR,2020-07-04,23.938
United Kingdom,GBR,2020-07-05,23.76
United Kingdom,GBR,2020-07-06,23.508
United Kingdom,GBR,2020-07-07,22.323
United Kingdom,GBR,2020-07-08,21.36
United Kingdom,GBR,2020-07-09,21.316
United Kingdom,GBR,2020-07-10,20.753
United Kingdom,GBR,2020-07-11,20.412
United Kingdom,GBR,2020-07-12,19.212
United Kingdom,GBR,2020-07-13,19.02
United Kingdom,GBR,2020-07-14,18.605
United Kingdom,GBR,2020-07-15,18.042
United Kingdom,GBR,2020-07-16,17.375
United Kingdom,GBR,2020-07-17,16.916
United Kingdom,GBR,2020-07-18,15.835
United Kingdom,GBR,2020-07-19,15.998
United Kingdom,GBR,2020-07-20,15.109
United Kingdom,GBR,2020-07-21,14.206
United Kingdom,GBR,2020-07-22,14.057
United Kingdom,GBR,2020-07-23,14.531
United Kingdom,GBR,2020-07-24,14.709
United Kingdom,GBR,2020-07-25,14.946
United Kingdom,GBR,2020-07-26,14.709
United Kingdom,GBR,2020-07-27,14.694
United Kingdom,GBR,2020-07-28,14.591
United Kingdom,GBR,2020-07-29,14.191
United Kingdom,GBR,2020-07-30,13.213
United Kingdom,GBR,2020-07-31,12.561
United Kingdom,GBR,2020-08-01,12.68
United Kingdom,GBR,2020-08-02,12.428
United Kingdom,GBR,2020-08-03,12.132
United Kingdom,GBR,2020-08-04,12.221
United Kingdom,GBR,2020-08-05,12.354
United Kingdom,GBR,2020-08-06,11.85
United Kingdom,GBR,2020-08-07,11.939
United Kingdom,GBR,2020-08-08,12.102
United Kingdom,GBR,2020-08-09,12.295
United Kingdom,GBR,2020-08-10,11.984
United Kingdom,GBR,2020-08-11,11.821
United Kingdom,GBR,2020-08-12,11.213
United Kingdom,GBR,2020-08-13,11.643
United Kingdom,GBR,2020-08-14,11.376
United Kingdom,GBR,2020-08-15,10.799
United Kingdom,GBR,2020-08-16,10.428
United Kingdom,GBR,2020-08-17,10.488
United Kingdom,GBR,2020-08-18,10.65
United Kingdom,GBR,2020-08-19,10.828
United Kingdom,GBR,2020-08-20,10.354
United Kingdom,GBR,2020-08-21,10.458
United Kingdom,GBR,2020-08-22,10.043
United Kingdom,GBR,2020-08-23,9.954
United Kingdom,GBR,2020-08-24,9.939
United Kingdom,GBR,2020-08-25,9.865
United Kingdom,GBR,2020-08-26,10.162
United Kingdom,GBR,2020-08-27,10.947
United Kingdom,GBR,2020-08-28,11.361
United Kingdom,GBR,2020-08-29,11.91
United Kingdom,GBR,2020-08-30,11.91
United Kingdom,GBR,2020-08-31,11.865
United Kingdom,GBR,2020-09-01,12.058
United Kingdom,GBR,2020-09-02,12.28
United Kingdom,GBR,2020-09-03,12.206
United Kingdom,GBR,2020-09-04,12.487
United Kingdom,GBR,2020-09-05,12.798
United Kingdom,GBR,2020-09-06,13.717
United Kingdom,GBR,2020-09-07,14.561
United Kingdom,GBR,2020-09-08,15.257
United Kingdom,GBR,2020-09-09,16.087
United Kingdom,GBR,2020-09-10,17.124
United Kingdom,GBR,2020-09-11,18.175
United Kingdom,GBR,2020-09-12,19.434
United Kingdom,GBR,2020-09-13,20.738
United Kingdom,GBR,2020-09-14,22.367
United Kingdom,GBR,2020-09-15,23.686
United Kingdom,GBR,2020-09-16,24.871
United Kingdom,GBR,2020-09-17,25.597
United Kingdom,GBR,2020-09-18,26.13
United Kingdom,GBR,2020-09-19,26.782
United Kingdom,GBR,2020-09-20,27.685
United Kingdom,GBR,2020-09-21,29.344
United Kingdom,GBR,2020-09-22,30.514
United Kingdom,GBR,2020-09-23,32.499
United Kingdom,GBR,2020-09-24,34.795
United Kingdom,GBR,2020-09-25,36.528
United Kingdom,GBR,2020-09-26,37.817
United Kingdom,GBR,2020-09-27,38.573
United Kingdom,GBR,2020-09-28,39.58
United Kingdom,GBR,2020-09-29,40.883
United Kingdom,GBR,2020-09-30,41.343
United Kingdom,GBR,2020-10-01,42.883
United Kingdom,GBR,2020-10-02,45.15
United Kingdom,GBR,2020-10-03,47.875
United Kingdom,GBR,2020-10-04,52.215
United Kingdom,GBR,2020-10-05,55
United Kingdom,GBR,2020-10-06,59.281
United Kingdom,GBR,2020-10-07,62.836
United Kingdom,GBR,2020-10-08,65.577
United Kingdom,GBR,2020-10-09,68.198
United Kingdom,GBR,2020-10-10,70.865
United Kingdom,GBR,2020-10-11,73.709
United Kingdom,GBR,2020-10-12,77.516
United Kingdom,GBR,2020-10-13,81.767
United Kingdom,GBR,2020-10-14,85.989
United Kingdom,GBR,2020-10-15,90.877
United Kingdom,GBR,2020-10-16,93.854
United Kingdom,GBR,2020-10-17,98.387
United Kingdom,GBR,2020-10-18,102.238
United Kingdom,GBR,2020-10-19,105.349
United Kingdom,GBR,2020-10-20,107.912
United Kingdom,GBR,2020-10-21,112.015
United Kingdom,GBR,2020-10-22,115.437
United Kingdom,GBR,2020-10-23,120.991
United Kingdom,GBR,2020-10-24,124.472
United Kingdom,GBR,2020-10-25,129.39
United Kingdom,GBR,2020-10-26,135.952
United Kingdom,GBR,2020-10-27,140.278
United Kingdom,GBR,2020-10-28,143.803
United Kingdom,GBR,2020-10-29,148.217
United Kingdom,GBR,2020-10-30,149.462
United Kingdom,GBR,2020-10-31,152.335
United Kingdom,GBR,2020-11-01,153.461
United Kingdom,GBR,2020-11-02,153.802
United Kingdom,GBR,2020-11-03,154.231
United Kingdom,GBR,2020-11-04,156.824
United Kingdom,GBR,2020-11-05,156.794
United Kingdom,GBR,2020-11-06,157.135
United Kingdom,GBR,2020-11-07,158.498
United Kingdom,GBR,2020-11-08,161.208
United Kingdom,GBR,2020-11-09,164.097
United Kingdom,GBR,2020-11-10,169.104
United Kingdom,GBR,2020-11-11,173.473
United Kingdom,GBR,2020-11-12,178.436
United Kingdom,GBR,2020-11-13,182.065
United Kingdom,GBR,2020-11-14,183.057
United Kingdom,GBR,2020-11-15,182.82
United Kingdom,GBR,2020-11-16,182.865
United Kingdom,GBR,2020-11-17,180.761
United Kingdom,GBR,2020-11-18,178.021
United Kingdom,GBR,2020-11-19,174.614
United Kingdom,GBR,2020-11-20,173.014
United Kingdom,GBR,2020-11-21,170.659
United Kingdom,GBR,2020-11-22,168.022
United Kingdom,GBR,2020-11-23,165.4
United Kingdom,GBR,2020-11-24,162.008
United Kingdom,GBR,2020-11-25,159.327
United Kingdom,GBR,2020-11-26,155.476
United Kingdom,GBR,2020-11-27,151.417
United Kingdom,GBR,2020-11-28,147.832
United Kingdom,GBR,2020-11-29,146.307
United Kingdom,GBR,2020-11-30,143.448
United Kingdom,GBR,2020-12-01,143.433
United Kingdom,GBR,2020-12-02,141.566
United Kingdom,GBR,2020-12-03,142.663
United Kingdom,GBR,2020-12-04,145.018
United Kingdom,GBR,2020-12-05,147.418
United Kingdom,GBR,2020-12-06,148.706
United Kingdom,GBR,2020-12-07,152.602
United Kingdom,GBR,2020-12-08,156.868
United Kingdom,GBR,2020-12-09,160.912
United Kingdom,GBR,2020-12-10,164.689
United Kingdom,GBR,2020-12-11,168.659
United Kingdom,GBR,2020-12-12,174.762
United Kingdom,GBR,2020-12-13,178.954
United Kingdom,GBR,2020-12-14,183.22
United Kingdom,GBR,2020-12-15,185.679
United Kingdom,GBR,2020-12-16,190.493
United Kingdom,GBR,2020-12-17,196.152
United Kingdom,GBR,2020-12-18,199.47
United Kingdom,GBR,2020-12-19,203.232
United Kingdom,GBR,2020-12-20,209.246
United Kingdom,GBR,2020-12-21,215.305
United Kingdom,GBR,2020-12-22,223.185
United Kingdom,GBR,2020-12-23,226.015
United Kingdom,GBR,2020-12-24,225.155
United Kingdom,GBR,2020-12-25,228.992
United Kingdom,GBR,2020-12-26,236.028
United Kingdom,GBR,2020-12-27,246.145
United Kingdom,GBR,2020-12-28,257.596
United Kingdom,GBR,2020-12-29,268.987
United Kingdom,GBR,2020-12-30,283.799
United Kingdom,GBR,2020-12-31,296.005
United Kingdom,GBR,2021-01-01,313.262
United Kingdom,GBR,2021-01-02,326.757
United Kingdom,GBR,2021-01-03,338.444
United Kingdom,GBR,2021-01-04,350.22
United Kingdom,GBR,2021-01-05,363.137
United Kingdom,GBR,2021-01-06,379.742
United Kingdom,GBR,2021-01-07,400.199
United Kingdom,GBR,2021-01-08,409.694
United Kingdom,GBR,2021-01-09,419.796
United Kingdom,GBR,2021-01-10,423.974
United Kingdom,GBR,2021-01-11,429.469
United Kingdom,GBR,2021-01-12,436.135
United Kingdom,GBR,2021-01-13,433.631
United Kingdom,GBR,2021-01-14,430.432
United Kingdom,GBR,2021-01-15,425.662
United Kingdom,GBR,2021-01-16,422.759
United Kingdom,GBR,2021-01-17,420.093
United Kingdom,GBR,2021-01-18,416.493
United Kingdom,GBR,2021-01-19,410.405
United Kingdom,GBR,2021-01-20,407.709
United Kingdom,GBR,2021-01-21,400.954
United Kingdom,GBR,2021-01-22,396.659
United Kingdom,GBR,2021-01-23,384.705
United Kingdom,GBR,2021-01-24,375.284
United Kingdom,GBR,2021-01-25,358.486
United Kingdom,GBR,2021-01-26,343.48
United Kingdom,GBR,2021-01-27,329.008
United Kingdom,GBR,2021-01-28,320.491
United Kingdom,GBR,2021-01-29,310.314
United Kingdom,GBR,2021-01-30,300.671
United Kingdom,GBR,2021-01-31,290.287
United Kingdom,GBR,2021-02-01,285.547
United Kingdom,GBR,2021-02-02,275.83
United Kingdom,GBR,2021-02-03,265.402
United Kingdom,GBR,2021-02-04,252.189
United Kingdom,GBR,2021-02-05,242.012
United Kingdom,GBR,2021-02-06,233.643
United Kingdom,GBR,2021-02-07,225.57
United Kingdom,GBR,2021-02-08,215.542
United Kingdom,GBR,2021-02-09,204.566
United Kingdom,GBR,2021-02-10,195.322
United Kingdom,GBR,2021-02-11,188.449
United Kingdom,GBR,2021-02-12,181.339
United Kingdom,GBR,2021-02-13,174.584
United Kingdom,GBR,2021-02-14,169.948
United Kingdom,GBR,2021-02-15,163.815
United Kingdom,GBR,2021-02-16,160.26
United Kingdom,GBR,2021-02-17,155.594
United Kingdom,GBR,2021-02-18,150.632
United Kingdom,GBR,2021-02-19,147.195
United Kingdom,GBR,2021-02-20,142.144
United Kingdom,GBR,2021-02-21,136.545
United Kingdom,GBR,2021-02-22,130.916
United Kingdom,GBR,2021-02-23,125.391
United Kingdom,GBR,2021-02-24,119.643
United Kingdom,GBR,2021-02-25,114.266
United Kingdom,GBR,2021-02-26,108.089
United Kingdom,GBR,2021-02-27,102.979
United Kingdom,GBR,2021-02-28,97.365
United Kingdom,GBR,2021-03-01,92.862
United Kingdom,GBR,2021-03-02,88.699
United Kingdom,GBR,2021-03-03,84.211
United Kingdom,GBR,2021-03-04,80.3
United Kingdom,GBR,2021-03-05,76.42
United Kingdom,GBR,2021-03-06,74.879
United Kingdom,GBR,2021-03-07,71.294
United Kingdom,GBR,2021-03-08,67.665
United Kingdom,GBR,2021-03-09,63.799
United Kingdom,GBR,2021-03-10,61.651
United Kingdom,GBR,2021-03-11,59.296
United Kingdom,GBR,2021-03-12,57.503
United Kingdom,GBR,2021-03-13,54.926
United Kingdom,GBR,2021-03-14,53.4
United Kingdom,GBR,2021-03-15,52.452
United Kingdom,GBR,2021-03-16,50.438
United Kingdom,GBR,2021-03-17,48.527
United Kingdom,GBR,2021-03-18,47.105
United Kingdom,GBR,2021-03-19,45.594
United Kingdom,GBR,2021-03-20,44.127
United Kingdom,GBR,2021-03-21,43.12
United Kingdom,GBR,2021-03-22,41.061
United Kingdom,GBR,2021-03-23,40.024
United Kingdom,GBR,2021-03-24,38.662
United Kingdom,GBR,2021-03-25,37.091
United Kingdom,GBR,2021-03-26,35.921
United Kingdom,GBR,2021-03-27,34.603
United Kingdom,GBR,2021-03-28,33.27
United Kingdom,GBR,2021-03-29,31.596
United Kingdom,GBR,2021-03-30,29.966
United Kingdom,GBR,2021-03-31,28.781
United Kingdom,GBR,2021-04-01,27.152
United Kingdom,GBR,2021-04-02,26.308
United Kingdom,GBR,2021-04-03,25.582
United Kingdom,GBR,2021-04-04,24.471
United Kingdom,GBR,2021-04-05,24.293
United Kingdom,GBR,2021-04-06,23.789
United Kingdom,GBR,2021-04-07,23.315
United Kingdom,GBR,2021-04-08,22.93
United Kingdom,GBR,2021-04-09,22.516
United Kingdom,GBR,2021-04-10,21.967
United Kingdom,GBR,2021-04-11,22.13
United Kingdom,GBR,2021-04-12,21.627
United Kingdom,GBR,2021-04-13,21.005
United Kingdom,GBR,2021-04-14,20.412
United Kingdom,GBR,2021-04-15,19.76
United Kingdom,GBR,2021-04-16,19.049
United Kingdom,GBR,2021-04-17,18.649
United Kingdom,GBR,2021-04-18,17.657
United Kingdom,GBR,2021-04-19,17.242
United Kingdom,GBR,2021-04-20,16.531
United Kingdom,GBR,2021-04-21,16.176
United Kingdom,GBR,2021-04-22,15.598
United Kingdom,GBR,2021-04-23,15.509
United Kingdom,GBR,2021-04-24,15.094
United Kingdom,GBR,2021-04-25,15.065
United Kingdom,GBR,2021-04-26,14.457
United Kingdom,GBR,2021-04-27,14.917
United Kingdom,GBR,2021-04-28,14.072
United Kingdom,GBR,2021-04-29,13.791
United Kingdom,GBR,2021-04-30,13.213
United Kingdom,GBR,2021-05-01,12.754
United Kingdom,GBR,2021-05-02,12.517
United Kingdom,GBR,2021-05-03,12.339
United Kingdom,GBR,2021-05-04,11.436
United Kingdom,GBR,2021-05-05,11.51
United Kingdom,GBR,2021-05-06,11.806
United Kingdom,GBR,2021-05-07,11.643
United Kingdom,GBR,2021-05-08,11.791
United Kingdom,GBR,2021-05-09,11.48
United Kingdom,GBR,2021-05-10,11.258
United Kingdom,GBR,2021-05-11,11.347
United Kingdom,GBR,2021-05-12,11.376
United Kingdom,GBR,2021-05-13,11.11
United Kingdom,GBR,2021-05-14,11.036
United Kingdom,GBR,2021-05-15,10.754
United Kingdom,GBR,2021-05-16,10.458
United Kingdom,GBR,2021-05-17,10.399
United Kingdom,GBR,2021-05-18,10.68
United Kingdom,GBR,2021-05-19,10.784
United Kingdom,GBR,2021-05-20,11.199
United Kingdom,GBR,2021-05-21,11.584
United Kingdom,GBR,2021-05-22,12.013
United Kingdom,GBR,2021-05-23,12.546
United Kingdom,GBR,2021-05-24,13.109
United Kingdom,GBR,2021-05-25,13.228
United Kingdom,GBR,2021-05-26,13.302
United Kingdom,GBR,2021-05-27,13.243
United Kingdom,GBR,2021-05-28,13.465
United Kingdom,GBR,2021-05-29,13.228
United Kingdom,GBR,2021-05-30,13.169
United Kingdom,GBR,2021-05-31,12.917
United Kingdom,GBR,2021-06-01,13.228
United Kingdom,GBR,2021-06-02,13.228
United Kingdom,GBR,2021-06-03,13.243
United Kingdom,GBR,2021-06-04,13.065
United Kingdom,GBR,2021-06-05,13.42
United Kingdom,GBR,2021-06-06,14.087
United Kingdom,GBR,2021-06-07,14.842
United Kingdom,GBR,2021-06-08,15.331
United Kingdom,GBR,2021-06-09,16.205
United Kingdom,GBR,2021-06-10,17.272
United Kingdom,GBR,2021-06-11,18.072
United Kingdom,GBR,2021-06-12,18.842
United Kingdom,GBR,2021-06-13,19.82
United Kingdom,GBR,2021-06-14,20.59
United Kingdom,GBR,2021-06-15,21.182
United Kingdom,GBR,2021-06-16,21.79
United Kingdom,GBR,2021-06-17,22.427
United Kingdom,GBR,2021-06-18,23.286
United Kingdom,GBR,2021-06-19,23.775
United Kingdom,GBR,2021-06-20,23.538
United Kingdom,GBR,2021-06-21,23.612
United Kingdom,GBR,2021-06-22,23.745
United Kingdom,GBR,2021-06-23,24.352
United Kingdom,GBR,2021-06-24,24.5
United Kingdom,GBR,2021-06-25,24.752
United Kingdom,GBR,2021-06-26,25.567
United Kingdom,GBR,2021-06-27,26.397
United Kingdom,GBR,2021-06-28,27.537
United Kingdom,GBR,2021-06-29,29.404
United Kingdom,GBR,2021-06-30,31.522
United Kingdom,GBR,2021-07-01,33.255
United Kingdom,GBR,2021-07-02,35.121
United Kingdom,GBR,2021-07-03,37.003
United Kingdom,GBR,2021-07-04,40.01
United Kingdom,GBR,2021-07-05,43.076
United Kingdom,GBR,2021-07-06,46.275
United Kingdom,GBR,2021-07-07,48.497
United Kingdom,GBR,2021-07-08,51.963
United Kingdom,GBR,2021-07-09,54.556
United Kingdom,GBR,2021-07-10,56.778
United Kingdom,GBR,2021-07-11,58.614
United Kingdom,GBR,2021-07-12,61.71
United Kingdom,GBR,2021-07-13,64.125
United Kingdom,GBR,2021-07-14,66.806
United Kingdom,GBR,2021-07-15,69.206
United Kingdom,GBR,2021-07-16,71.294
United Kingdom,GBR,2021-07-17,73.635
United Kingdom,GBR,2021-07-18,76.671
United Kingdom,GBR,2021-07-19,78.893
United Kingdom,GBR,2021-07-20,81.56
United Kingdom,GBR,2021-07-21,84.196
United Kingdom,GBR,2021-07-22,86.981
United Kingdom,GBR,2021-07-23,89.173
United Kingdom,GBR,2021-07-24,90.981
United Kingdom,GBR,2021-07-25,93.084
United Kingdom,GBR,2021-07-26,93.973
United Kingdom,GBR,2021-07-27,93.854
United Kingdom,GBR,2021-07-28,92.921
United Kingdom,GBR,2021-07-29,91.247
United Kingdom,GBR,2021-07-30,89.736
United Kingdom,GBR,2021-07-31,87.47
United Kingdom,GBR,2021-08-01,84.507
United Kingdom,GBR,2021-08-02,82.271
United Kingdom,GBR,2021-08-03,79.989
United Kingdom,GBR,2021-08-04,79.53
United Kingdom,GBR,2021-08-05,78.878
United Kingdom,GBR,2021-08-06,79.115
United Kingdom,GBR,2021-08-07,79.782
United Kingdom,GBR,2021-08-08,79.738
United Kingdom,GBR,2021-08-09,79.19
United Kingdom,GBR,2021-08-10,80.878
United Kingdom,GBR,2021-08-11,80.967
United Kingdom,GBR,2021-08-12,81.797
United Kingdom,GBR,2021-08-13,82.167
United Kingdom,GBR,2021-08-14,83.085
United Kingdom,GBR,2021-08-15,83.989
United Kingdom,GBR,2021-08-16,85.648
United Kingdom,GBR,2021-08-17,86.774
United Kingdom,GBR,2021-08-18,87.796
United Kingdom,GBR,2021-08-19,89.025
United Kingdom,GBR,2021-08-20,90.136
United Kingdom,GBR,2021-08-21,91.543
United Kingdom,GBR,2021-08-22,92.047
United Kingdom,GBR,2021-08-23,93.632
United Kingdom,GBR,2021-08-24,94.121
United Kingdom,GBR,2021-08-25,95.987
United Kingdom,GBR,2021-08-26,96.106
United Kingdom,GBR,2021-08-27,97.276
United Kingdom,GBR,2021-08-28,97.039
United Kingdom,GBR,2021-08-29,97.306
United Kingdom,GBR,2021-08-30,97.617
United Kingdom,GBR,2021-08-31,97.691
United Kingdom,GBR,2021-09-01,98.194
United Kingdom,GBR,2021-09-02,98.802
United Kingdom,GBR,2021-09-03,98.535
United Kingdom,GBR,2021-09-04,99.794
United Kingdom,GBR,2021-09-05,100.165
United Kingdom,GBR,2021-09-06,101.379
United Kingdom,GBR,2021-09-07,102.772
United Kingdom,GBR,2021-09-08,104.105
United Kingdom,GBR,2021-09-09,104.801
United Kingdom,GBR,2021-09-10,104.801
United Kingdom,GBR,2021-09-11,103.364
United Kingdom,GBR,2021-09-12,103.186
United Kingdom,GBR,2021-09-13,101.127
United Kingdom,GBR,2021-09-14,98.905
United Kingdom,GBR,2021-09-15,95.676
United Kingdom,GBR,2021-09-16,93.439
United Kingdom,GBR,2021-09-17,90.818
United Kingdom,GBR,2021-09-18,89.307
United Kingdom,GBR,2021-09-19,87.263
United Kingdom,GBR,2021-09-20,85.455
United Kingdom,GBR,2021-09-21,83.352
United Kingdom,GBR,2021-09-22,80.434
United Kingdom,GBR,2021-09-23,78.79
United Kingdom,GBR,2021-09-24,78.375
United Kingdom,GBR,2021-09-25,77.234
United Kingdom,GBR,2021-09-26,76.36
United Kingdom,GBR,2021-09-27,75.857
United Kingdom,GBR,2021-09-28,75.649
United Kingdom,GBR,2021-09-29,76.508
United Kingdom,GBR,2021-09-30,75.264
United Kingdom,GBR,2021-10-01,74.879
United Kingdom,GBR,2021-10-02,75.264
United Kingdom,GBR,2021-10-03,75.99
United Kingdom,GBR,2021-10-04,76.479
United Kingdom,GBR,2021-10-05,77.264
United Kingdom,GBR,2021-10-06,76.879
United Kingdom,GBR,2021-10-07,78.864
United Kingdom,GBR,2021-10-08,80.375
United Kingdom,GBR,2021-10-09,81.337
United Kingdom,GBR,2021-10-10,81.56
United Kingdom,GBR,2021-10-11,81.974
United Kingdom,GBR,2021-10-12,83.441
United Kingdom,GBR,2021-10-13,85.47
United Kingdom,GBR,2021-10-14,86.611
United Kingdom,GBR,2021-10-15,88.907
United Kingdom,GBR,2021-10-16,90.729
United Kingdom,GBR,2021-10-17,94.21
United Kingdom,GBR,2021-10-18,97.75
United Kingdom,GBR,2021-10-19,100.253
United Kingdom,GBR,2021-10-20,102.964
United Kingdom,GBR,2021-10-21,104.06
United Kingdom,GBR,2021-10-22,103.957
United Kingdom,GBR,2021-10-23,104.312
United Kingdom,GBR,2021-10-24,104.223
United Kingdom,GBR,2021-10-25,103.927
United Kingdom,GBR,2021-10-26,104.001
United Kingdom,GBR,2021-10-27,104.934
United Kingdom,GBR,2021-10-28,106.401
United Kingdom,GBR,2021-10-29,107.482
United Kingdom,GBR,2021-10-30,107.201
United Kingdom,GBR,2021-10-31,107.941
United Kingdom,GBR,2021-11-01,108.356
United Kingdom,GBR,2021-11-02,107.897
United Kingdom,GBR,2021-11-03,105.127
United Kingdom,GBR,2021-11-04,102.164
United Kingdom,GBR,2021-11-05,99.646
United Kingdom,GBR,2021-11-06,98.698
United Kingdom,GBR,2021-11-07,96.906
United Kingdom,GBR,2021-11-08,95.706
United Kingdom,GBR,2021-11-09,94.254
United Kingdom,GBR,2021-11-10,94.388
United Kingdom,GBR,2021-11-11,95.617
United Kingdom,GBR,2021-11-12,96.135
United Kingdom,GBR,2021-11-13,95.395
United Kingdom,GBR,2021-11-14,94.195
United Kingdom,GBR,2021-11-15,91.721
United Kingdom,GBR,2021-11-16,90.432
United Kingdom,GBR,2021-11-17,88.581
United Kingdom,GBR,2021-11-18,86.863
United Kingdom,GBR,2021-11-19,85.322
United Kingdom,GBR,2021-11-20,84.611
United Kingdom,GBR,2021-11-21,83.87
United Kingdom,GBR,2021-11-22,82.374
United Kingdom,GBR,2021-11-23,80.715
United Kingdom,GBR,2021-11-24,81.441
United Kingdom,GBR,2021-11-25,80.537
United Kingdom,GBR,2021-11-26,79.93
United Kingdom,GBR,2021-11-27,79.782
United Kingdom,GBR,2021-11-28,79.056
United Kingdom,GBR,2021-11-29,80.034
United Kingdom,GBR,2021-11-30,80.937
United Kingdom,GBR,2021-12-01,79.708
United Kingdom,GBR,2021-12-02,80.389
United Kingdom,GBR,2021-12-03,80.389
United Kingdom,GBR,2021-12-04,80.849
United Kingdom,GBR,2021-12-05,82.804
United Kingdom,GBR,2021-12-06,83.826
United Kingdom,GBR,2021-12-07,85.337
United Kingdom,GBR,2021-12-08,86.344
United Kingdom,GBR,2021-12-09,88.181
United Kingdom,GBR,2021-12-10,89.603
United Kingdom,GBR,2021-12-11,90.255
United Kingdom,GBR,2021-12-12,90.625
United Kingdom,GBR,2021-12-13,91.336
United Kingdom,GBR,2021-12-14,91.484
United Kingdom,GBR,2021-12-15,92.254
United Kingdom,GBR,2021-12-16,91.692
United Kingdom,GBR,2021-12-17,92.225
United Kingdom,GBR,2021-12-18,92.921
United Kingdom,GBR,2021-12-19,95.143
United Kingdom,GBR,2021-12-20,99.572
United Kingdom,GBR,2021-12-21,103.971
United Kingdom,GBR,2021-12-22,110.904
United Kingdom,GBR,2021-12-23,118.207
United Kingdom,GBR,2021-12-24,123.006
United Kingdom,GBR,2021-12-25,131.553
United Kingdom,GBR,2021-12-26,139.27
United Kingdom,GBR,2021-12-27,150.217
United Kingdom,GBR,2021-12-28,165.785
United Kingdom,GBR,2021-12-29,183.976
United Kingdom,GBR,2021-12-30,198.507
United Kingdom,GBR,2021-12-31,211.839
United Kingdom,GBR,2022-01-01,221.511
United Kingdom,GBR,2022-01-02,229.94
United Kingdom,GBR,2022-01-03,237.45
United Kingdom,GBR,2022-01-04,238.946
United Kingdom,GBR,2022-01-05,235.287
United Kingdom,GBR,2022-01-06,234.502
United Kingdom,GBR,2022-01-07,233.702
United Kingdom,GBR,2022-01-08,234.043
United Kingdom,GBR,2022-01-09,235.598
United Kingdom,GBR,2022-01-10,235.48
United Kingdom,GBR,2022-01-11,235.702
United Kingdom,GBR,2022-01-12,232.636
United Kingdom,GBR,2022-01-13,229.999
United Kingdom,GBR,2022-01-14,228.399
United Kingdom,GBR,2022-01-15,223.837
United Kingdom,GBR,2022-01-16,219.808
United Kingdom,GBR,2022-01-17,213.305
United Kingdom,GBR,2022-01-18,207.247
United Kingdom,GBR,2022-01-19,204.136
United Kingdom,GBR,2022-01-20,200.359
United Kingdom,GBR,2022-01-21,196.493
United Kingdom,GBR,2022-01-22,191.175
United Kingdom,GBR,2022-01-23,187.546
United Kingdom,GBR,2022-01-24,184.005
United Kingdom,GBR,2022-01-25,182.02
United Kingdom,GBR,2022-01-26,180.495
United Kingdom,GBR,2022-01-27,177.117
United Kingdom,GBR,2022-01-28,174.777
United Kingdom,GBR,2022-01-29,175.058
United Kingdom,GBR,2022-01-30,170.985
United Kingdom,GBR,2022-01-31,169.207
United Kingdom,GBR,2022-02-01,167.356
United Kingdom,GBR,2022-02-02,163.815
United Kingdom,GBR,2022-02-03,160.971
United Kingdom,GBR,2022-02-04,159.357
United Kingdom,GBR,2022-02-05,156.157
United Kingdom,GBR,2022-02-06,154.913
United Kingdom,GBR,2022-02-07,151.269
United Kingdom,GBR,2022-02-08,147.092
United Kingdom,GBR,2022-02-09,143.862
United Kingdom,GBR,2022-02-10,141.611
United Kingdom,GBR,2022-02-11,138.174
United Kingdom,GBR,2022-02-12,136.826
United Kingdom,GBR,2022-02-13,134.634
United Kingdom,GBR,2022-02-14,133.553
United Kingdom,GBR,2022-02-15,131.82
United Kingdom,GBR,2022-02-16,131.242
United Kingdom,GBR,2022-02-17,128.887
United Kingdom,GBR,2022-02-18,127.805
United Kingdom,GBR,2022-02-19,125.969
United Kingdom,GBR,2022-02-20,124.991
United Kingdom,GBR,2022-02-21,123.273
United Kingdom,GBR,2022-02-22,120.636
United Kingdom,GBR,2022-02-23,118.236
United Kingdom,GBR,2022-02-24,118.74
United Kingdom,GBR,2022-02-25,118.636
United Kingdom,GBR,2022-02-26,119.569
United Kingdom,GBR,2022-02-27,119.184
United Kingdom,GBR,2022-02-28,121.747
United Kingdom,GBR,2022-03-01,124.443
United Kingdom,GBR,2022-03-02,127.805
United Kingdom,GBR,2022-03-03,131.434
United Kingdom,GBR,2022-03-04,135.256
United Kingdom,GBR,2022-03-05,137.626
United Kingdom,GBR,2022-03-06,142.929
United Kingdom,GBR,2022-03-07,144.722
United Kingdom,GBR,2022-03-08,149.625
United Kingdom,GBR,2022-03-09,155.061
United Kingdom,GBR,2022-03-10,158.809
United Kingdom,GBR,2022-03-11,164.26
United Kingdom,GBR,2022-03-12,169.889
United Kingdom,GBR,2022-03-13,175.103
United Kingdom,GBR,2022-03-14,181.857
United Kingdom,GBR,2022-03-15,188.375
United Kingdom,GBR,2022-03-16,193.189
United Kingdom,GBR,2022-03-17,198.611
United Kingdom,GBR,2022-03-18,202.284
United Kingdom,GBR,2022-03-19,208.683
United Kingdom,GBR,2022-03-20,212.061
United Kingdom,GBR,2022-03-21,216.475
United Kingdom,GBR,2022-03-22,220.86
United Kingdom,GBR,2022-03-23,226.059
United Kingdom,GBR,2022-03-24,229.895
United Kingdom,GBR,2022-03-25,233.836
United Kingdom,GBR,2022-03-26,234.976
United Kingdom,GBR,2022-03-27,238.057
United Kingdom,GBR,2022-03-28,242.086
United Kingdom,GBR,2022-03-29,243.968
United Kingdom,GBR,2022-03-30,246.753
United Kingdom,GBR,2022-03-31,248.1
United Kingdom,GBR,2022-04-01,246.59
United Kingdom,GBR,2022-04-02,245.879
United Kingdom,GBR,2022-04-03,246.693
United Kingdom,GBR,2022-04-04,245.242
United Kingdom,GBR,2022-04-05,245.834
United Kingdom,GBR,2022-04-06,242.323
United Kingdom,GBR,2022-04-07,239.82
United Kingdom,GBR,2022-04-08,237.939
United Kingdom,GBR,2022-04-09,235.258
United Kingdom,GBR,2022-04-10,230.769
United Kingdom,GBR,2022-04-11,225.659
United Kingdom,GBR,2022-04-12,220.415
United Kingdom,GBR,2022-04-13,215.734
United Kingdom,GBR,2022-04-14,210.461
United Kingdom,GBR,2022-04-15,205.128
United Kingdom,GBR,2022-04-16,198.448
United Kingdom,GBR,2022-04-17,190.952
United Kingdom,GBR,2022-04-18,184.509
United Kingdom,GBR,2022-04-19,175.399
United Kingdom,GBR,2022-04-20,166.348
United Kingdom,GBR,2022-04-21,159.534
United Kingdom,GBR,2022-04-22,155.446
United Kingdom,GBR,2022-04-23,151.891
United Kingdom,GBR,2022-04-24,147.403
United Kingdom,GBR,2022-04-25,141.566
United Kingdom,GBR,2022-04-26,136.13
United Kingdom,GBR,2022-04-27,131.953
United Kingdom,GBR,2022-04-28,126.65
United Kingdom,GBR,2022-04-29,121.243
United Kingdom,GBR,2022-04-30,115.644
United Kingdom,GBR,2022-05-01,111.57
United Kingdom,GBR,2022-05-02,106.756
United Kingdom,GBR,2022-05-03,103.364
United Kingdom,GBR,2022-05-04,100.105
United Kingdom,GBR,2022-05-05,97.143
United Kingdom,GBR,2022-05-06,94.58
United Kingdom,GBR,2022-05-07,92.803
United Kingdom,GBR,2022-05-08,90.521
United Kingdom,GBR,2022-05-09,89.114
United Kingdom,GBR,2022-05-10,86.966
United Kingdom,GBR,2022-05-11,83.574
United Kingdom,GBR,2022-05-12,82.404
United Kingdom,GBR,2022-05-13,79.56
United Kingdom,GBR,2022-05-14,78.301
United Kingdom,GBR,2022-05-15,76.582
United Kingdom,GBR,2022-05-16,74.346
United Kingdom,GBR,2022-05-17,71.383
United Kingdom,GBR,2022-05-18,70.642
United Kingdom,GBR,2022-05-19,68.658
United Kingdom,GBR,2022-05-20,67.191
United Kingdom,GBR,2022-05-21,64.762
United Kingdom,GBR,2022-05-22,63.295
United Kingdom,GBR,2022-05-23,61.784
United Kingdom,GBR,2022-05-24,60.466
United Kingdom,GBR,2022-05-25,58.629
United Kingdom,GBR,2022-05-26,56.393
United Kingdom,GBR,2022-05-27,56.348
United Kingdom,GBR,2022-05-28,56.393
United Kingdom,GBR,2022-05-29,56.17
United Kingdom,GBR,2022-05-30,55.859
United Kingdom,GBR,2022-05-31,56.052
United Kingdom,GBR,2022-06-01,55.83
United Kingdom,GBR,2022-06-02,56.17
United Kingdom,GBR,2022-06-03,55.815
United Kingdom,GBR,2022-06-04,56.926
United Kingdom,GBR,2022-06-05,58.733
United Kingdom,GBR,2022-06-06,61.325
United Kingdom,GBR,2022-06-07,63.251
United Kingdom,GBR,2022-06-08,66.613
United Kingdom,GBR,2022-06-09,70.243
United Kingdom,GBR,2022-06-10,73.872
United Kingdom,GBR,2022-06-11,76.375
United Kingdom,GBR,2022-06-12,78.493
United Kingdom,GBR,2022-06-13,80.478
United Kingdom,GBR,2022-06-14,83.707
United Kingdom,GBR,2022-06-15,87.026
United Kingdom,GBR,2022-06-16,90.388
United Kingdom,GBR,2022-06-17,94.254
United Kingdom,GBR,2022-06-18,97.735
United Kingdom,GBR,2022-06-19,102.179
United Kingdom,GBR,2022-06-20,107.615
United Kingdom,GBR,2022-06-21,114.118
United Kingdom,GBR,2022-06-22,118.799
United Kingdom,GBR,2022-06-23,125.494
United Kingdom,GBR,2022-06-24,130.22
United Kingdom,GBR,2022-06-25,134.575
United Kingdom,GBR,2022-06-26,140.293
United Kingdom,GBR,2022-06-27,146.366
United Kingdom,GBR,2022-06-28,151.328
United Kingdom,GBR,2022-06-29,158.468
United Kingdom,GBR,2022-06-30,164.393
United Kingdom,GBR,2022-07-01,167.593
United Kingdom,GBR,2022-07-02,172.925
United Kingdom,GBR,2022-07-03,180.346
United Kingdom,GBR,2022-07-04,187.694
United Kingdom,GBR,2022-07-05,194.463
United Kingdom,GBR,2022-07-06,199.766
United Kingdom,GBR,2022-07-07,205.38
United Kingdom,GBR,2022-07-08,210.935
United Kingdom,GBR,2022-07-09,214.09
United Kingdom,GBR,2022-07-10,215.512
United Kingdom,GBR,2022-07-11,216.964
United Kingdom,GBR,2022-07-12,217.423
United Kingdom,GBR,2022-07-13,217.156
United Kingdom,GBR,2022-07-14,214.475
United Kingdom,GBR,2022-07-15,210.935
United Kingdom,GBR,2022-07-16,207.01
United Kingdom,GBR,2022-07-17,203.914
United Kingdom,GBR,2022-07-18,199.974
United Kingdom,GBR,2022-07-19,197.455
United Kingdom,GBR,2022-07-20,193.841
United Kingdom,GBR,2022-07-21,189.145
United Kingdom,GBR,2022-07-22,185.22
United Kingdom,GBR,2022-07-23,181.769
United Kingdom,GBR,2022-07-24,175.547
United Kingdom,GBR,2022-07-25,168.452
United Kingdom,GBR,2022-07-26,159.979
United Kingdom,GBR,2022-07-27,151.55
United Kingdom,GBR,2022-07-28,145.403
United Kingdom,GBR,2022-07-29,141.196
United Kingdom,GBR,2022-07-30,137.36
United Kingdom,GBR,2022-07-31,134.397
United Kingdom,GBR,2022-08-01,130.531
United Kingdom,GBR,2022-08-02,126.561
United Kingdom,GBR,2022-08-03,124.028
United Kingdom,GBR,2022-08-04,121.11
United Kingdom,GBR,2022-08-05,119.347
United Kingdom,GBR,2022-08-06,116.355
United Kingdom,GBR,2022-08-07,112.563
United Kingdom,GBR,2022-08-08,110.178
United Kingdom,GBR,2022-08-09,108.489
United Kingdom,GBR,2022-08-10,107.556
United Kingdom,GBR,2022-08-11,105.912
United Kingdom,GBR,2022-08-12,103.69
United Kingdom,GBR,2022-08-13,103.66
United Kingdom,GBR,2022-08-14,101.498
United Kingdom,GBR,2022-08-15,99.75
United Kingdom,GBR,2022-08-16,97.098
United Kingdom,GBR,2022-08-17,93.232
United Kingdom,GBR,2022-08-18,89.633
United Kingdom,GBR,2022-08-19,87.722
United Kingdom,GBR,2022-08-20,84.685
United Kingdom,GBR,2022-08-21,82.226
United Kingdom,GBR,2022-08-22,78.967
United Kingdom,GBR,2022-08-23,77.293
United Kingdom,GBR,2022-08-24,75.294
United Kingdom,GBR,2022-08-25,74.879
United Kingdom,GBR,2022-08-26,72.509
United Kingdom,GBR,2022-08-27,70.85
United Kingdom,GBR,2022-08-28,69.813
United Kingdom,GBR,2022-08-29,68.702
United Kingdom,GBR,2022-08-30,66.969
United Kingdom,GBR,2022-08-31,65.725
United Kingdom,GBR,2022-09-01,63.814
United Kingdom,GBR,2022-09-02,63.384
United Kingdom,GBR,2022-09-03,62.984
United Kingdom,GBR,2022-09-04,61.977
United Kingdom,GBR,2022-09-05,61.118
United Kingdom,GBR,2022-09-06,60.511
United Kingdom,GBR,2022-09-07,59.948
United Kingdom,GBR,2022-09-08,59.562
United Kingdom,GBR,2022-09-09,58.733
United Kingdom,GBR,2022-09-10,58.037
United Kingdom,GBR,2022-09-11,58.155
United States,USA,2020-07-21,90.313
United States,USA,2020-07-22,92.678
United States,USA,2020-07-23,93.645
United States,USA,2020-07-24,94.209
United States,USA,2020-07-25,96.97
United States,USA,2020-07-26,99.474
United States,USA,2020-07-27,102.347
United States,USA,2020-07-28,105.348
United States,USA,2020-07-29,107.231
United States,USA,2020-07-30,108.779
United States,USA,2020-07-31,112.386
United States,USA,2020-08-01,114.021
United States,USA,2020-08-02,113.988
United States,USA,2020-08-03,112.451
United States,USA,2020-08-04,109.385
United States,USA,2020-08-05,108.165
United States,USA,2020-08-06,106.758
United States,USA,2020-08-07,102.714
United States,USA,2020-08-08,98.64
United States,USA,2020-08-09,97.591
United States,USA,2020-08-10,96.479
United States,USA,2020-08-11,95.69
United States,USA,2020-08-12,94.543
United States,USA,2020-08-13,93.606
United States,USA,2020-08-14,93.331
United States,USA,2020-08-15,93.58
United States,USA,2020-08-16,93.65
United States,USA,2020-08-17,95.078
United States,USA,2020-08-18,94.925
United States,USA,2020-08-19,94.384
United States,USA,2020-08-20,93.872
United States,USA,2020-08-21,91.939
United States,USA,2020-08-22,91.289
United States,USA,2020-08-23,89.902
United States,USA,2020-08-24,87.514
United States,USA,2020-08-25,86.399
United States,USA,2020-08-26,86.831
United States,USA,2020-08-27,86.113
United States,USA,2020-08-28,87.57
United States,USA,2020-08-29,87.839
United States,USA,2020-08-30,88.463
United States,USA,2020-08-31,88.862
United States,USA,2020-09-01,88.137
United States,USA,2020-09-02,87.126
United States,USA,2020-09-03,86.13
United States,USA,2020-09-04,84.354
United States,USA,2020-09-05,81.862
United States,USA,2020-09-06,80.079
United States,USA,2020-09-07,78.643
United States,USA,2020-09-08,77.298
United States,USA,2020-09-09,78.678
United States,USA,2020-09-10,80.629
United States,USA,2020-09-11,81.809
United States,USA,2020-09-12,82.657
United States,USA,2020-09-13,83.963
United States,USA,2020-09-14,82.858
United States,USA,2020-09-15,83.523
United States,USA,2020-09-16,80.369
United States,USA,2020-09-17,77.614
United States,USA,2020-09-18,74.847
United States,USA,2020-09-19,73.017
United States,USA,2020-09-20,71.004
United States,USA,2020-09-21,71.51
United States,USA,2020-09-22,71.081
United States,USA,2020-09-23,71.708
United States,USA,2020-09-24,71.731
United States,USA,2020-09-25,72.071
United States,USA,2020-09-26,72.884
United States,USA,2020-09-27,73.538
United States,USA,2020-09-28,74.959
United States,USA,2020-09-29,76.009
United States,USA,2020-09-30,76.904
United States,USA,2020-10-01,78.255
United States,USA,2020-10-02,78.988
United States,USA,2020-10-03,80.529
United States,USA,2020-10-04,81.599
United States,USA,2020-10-05,84.221
United States,USA,2020-10-06,87.993
United States,USA,2020-10-07,90.42
United States,USA,2020-10-08,92.77
United States,USA,2020-10-09,95.329
United States,USA,2020-10-10,96.92
United States,USA,2020-10-11,99.524
United States,USA,2020-10-12,99.749
United States,USA,2020-10-13,99.908
United States,USA,2020-10-14,101.519
United States,USA,2020-10-15,102.835
United States,USA,2020-10-16,105.25
United States,USA,2020-10-17,107.52
United States,USA,2020-10-18,109.377
United States,USA,2020-10-19,111.035
United States,USA,2020-10-20,113.314
United States,USA,2020-10-21,115.224
United States,USA,2020-10-22,117.825
United States,USA,2020-10-23,119.472
United States,USA,2020-10-24,121.635
United States,USA,2020-10-25,122.395
United States,USA,2020-10-26,123.353
United States,USA,2020-10-27,124.6
United States,USA,2020-10-28,127.61
United States,USA,2020-10-29,130.604
United States,USA,2020-10-30,134.447
United States,USA,2020-10-31,136.315
United States,USA,2020-11-01,139.055
United States,USA,2020-11-02,142.869
United States,USA,2020-11-03,146.685
United States,USA,2020-11-04,149.839
United States,USA,2020-11-05,153.7
United States,USA,2020-11-06,157.764
United States,USA,2020-11-07,163.922
United States,USA,2020-11-08,169.724
United States,USA,2020-11-09,175.069
United States,USA,2020-11-10,182.258
United States,USA,2020-11-11,189.228
United States,USA,2020-11-12,195.424
United States,USA,2020-11-13,201.162
United States,USA,2020-11-14,206.421
United States,USA,2020-11-15,211.815
United States,USA,2020-11-16,216.991
United States,USA,2020-11-17,222.496
United States,USA,2020-11-18,227.441
United States,USA,2020-11-19,232.126
United States,USA,2020-11-20,237.326
United States,USA,2020-11-21,241.388
United States,USA,2020-11-22,244.013
United States,USA,2020-11-23,246.59
United States,USA,2020-11-24,250.424
United States,USA,2020-11-25,253.762
United States,USA,2020-11-26,255.458
United States,USA,2020-11-27,251.323
United States,USA,2020-11-28,254.146
United States,USA,2020-11-29,258.308
United States,USA,2020-11-30,260.901
United States,USA,2020-12-01,263.706
United States,USA,2020-12-02,265.766
United States,USA,2020-12-03,269.269
United States,USA,2020-12-04,277.933
United States,USA,2020-12-05,280.402
United States,USA,2020-12-06,280.47
United States,USA,2020-12-07,282.098
United States,USA,2020-12-08,283.086
United States,USA,2020-12-09,286.497
United States,USA,2020-12-10,290.485
United States,USA,2020-12-11,294.129
United States,USA,2020-12-12,297.496
United States,USA,2020-12-13,300.299
United States,USA,2020-12-14,302.82
United States,USA,2020-12-15,306.962
United States,USA,2020-12-16,308.354
United States,USA,2020-12-17,308.31
United States,USA,2020-12-18,308.304
United States,USA,2020-12-19,308.59
United States,USA,2020-12-20,309.953
United States,USA,2020-12-21,311.75
United States,USA,2020-12-22,313.465
United States,USA,2020-12-23,316.096
United States,USA,2020-12-24,317.733
United States,USA,2020-12-25,315.487
United States,USA,2020-12-26,310.201
United States,USA,2020-12-27,313.985
United States,USA,2020-12-28,315.913
United States,USA,2020-12-29,315.437
United States,USA,2020-12-30,316.474
United States,USA,2020-12-31,319.282
United States,USA,2021-01-01,323.79
United States,USA,2021-01-02,328.978
United States,USA,2021-01-03,331.281
United States,USA,2021-01-04,332.073
United States,USA,2021-01-05,336.49
United States,USA,2021-01-06,339.126
United States,USA,2021-01-07,340.069
United States,USA,2021-01-08,342.949
United States,USA,2021-01-09,347.805
United States,USA,2021-01-10,343.628
United States,USA,2021-01-11,340.864
United States,USA,2021-01-12,336.54
United States,USA,2021-01-13,332.824
United States,USA,2021-01-14,330.382
United States,USA,2021-01-15,328.162
United States,USA,2021-01-16,324.704
United States,USA,2021-01-17,321.496
United States,USA,2021-01-18,318.091
United States,USA,2021-01-19,311.928
United States,USA,2021-01-20,304.913
United States,USA,2021-01-21,297.969
United States,USA,2021-01-22,291.945
United States,USA,2021-01-23,285.187
United States,USA,2021-01-24,279.19
United States,USA,2021-01-25,272.468
United States,USA,2021-01-26,268.672
United States,USA,2021-01-27,264.049
United States,USA,2021-01-28,259.059
United States,USA,2021-01-29,250.214
United States,USA,2021-01-30,243.569
United States,USA,2021-01-31,238.033
United States,USA,2021-02-01,233.794
United States,USA,2021-02-02,226.152
United States,USA,2021-02-03,220.444
United States,USA,2021-02-04,215.818
United States,USA,2021-02-05,212.676
United States,USA,2021-02-06,209.043
United States,USA,2021-02-07,204.878
United States,USA,2021-02-08,200
United States,USA,2021-02-09,195.374
United States,USA,2021-02-10,189.754
United States,USA,2021-02-11,182.95
United States,USA,2021-02-12,176.411
United States,USA,2021-02-13,169.724
United States,USA,2021-02-14,164.98
United States,USA,2021-02-15,159.869
United States,USA,2021-02-16,153.711
United States,USA,2021-02-17,149.564
United States,USA,2021-02-18,145.393
United States,USA,2021-02-19,141.731
United States,USA,2021-02-20,139.253
United States,USA,2021-02-21,137.187
United States,USA,2021-02-22,136.661
United States,USA,2021-02-23,135.916
United States,USA,2021-02-24,133.909
United States,USA,2021-02-25,131.902
United States,USA,2021-02-26,129.102
United States,USA,2021-02-27,125.709
United States,USA,2021-02-28,123.205
United States,USA,2021-03-01,120.069
United States,USA,2021-03-02,116.125
United States,USA,2021-03-03,112.596
United States,USA,2021-03-04,110.122
United States,USA,2021-03-05,108.809
United States,USA,2021-03-06,107.225
United States,USA,2021-03-07,105.356
United States,USA,2021-03-08,104.307
United States,USA,2021-03-09,103.346
United States,USA,2021-03-10,102.684
United States,USA,2021-03-11,101.304
United States,USA,2021-03-12,101.046
United States,USA,2021-03-13,100.083
United States,USA,2021-03-14,99.456
United States,USA,2021-03-15,99.119
United States,USA,2021-03-16,98.761
United States,USA,2021-03-17,98.049
United States,USA,2021-03-18,98.005
United States,USA,2021-03-19,97.047
United States,USA,2021-03-20,97.49
United States,USA,2021-03-21,97.547
United States,USA,2021-03-22,97.7
United States,USA,2021-03-23,98.537
United States,USA,2021-03-24,99.338
United States,USA,2021-03-25,100.358
United States,USA,2021-03-26,101.18
United States,USA,2021-03-27,101.732
United States,USA,2021-03-28,103.411
United States,USA,2021-03-29,104.192
United States,USA,2021-03-30,104.671
United States,USA,2021-03-31,104.869
United States,USA,2021-04-01,105.185
United States,USA,2021-04-02,105.72
United States,USA,2021-04-03,106.429
United States,USA,2021-04-04,106.781
United States,USA,2021-04-05,107.916
United States,USA,2021-04-06,109.776
United States,USA,2021-04-07,111.419
United States,USA,2021-04-08,112.501
United States,USA,2021-04-09,113.743
United States,USA,2021-04-10,114.671
United States,USA,2021-04-11,115.874
United States,USA,2021-04-12,116.563
United States,USA,2021-04-13,116.238
United States,USA,2021-04-14,116.291
United States,USA,2021-04-15,116.406
United States,USA,2021-04-16,117.021
United States,USA,2021-04-17,117.843
United States,USA,2021-04-18,117.911
United States,USA,2021-04-19,117.846
United States,USA,2021-04-20,117.453
United States,USA,2021-04-21,116.917
United States,USA,2021-04-22,116.001
United States,USA,2021-04-23,113.932
United States,USA,2021-04-24,111.611
United States,USA,2021-04-25,109.654
United States,USA,2021-04-26,107.884
United States,USA,2021-04-27,106.391
United States,USA,2021-04-28,104.659
United States,USA,2021-04-29,103.337
United States,USA,2021-04-30,102.714
United States,USA,2021-05-01,101.156
United States,USA,2021-05-02,99.722
United States,USA,2021-05-03,99.069
United States,USA,2021-05-04,97.544
United States,USA,2021-05-05,96.06
United States,USA,2021-05-06,94.215
United States,USA,2021-05-07,92.211
United States,USA,2021-05-08,91.028
United States,USA,2021-05-09,89.234
United States,USA,2021-05-10,87.209
United States,USA,2021-05-11,85.152
United States,USA,2021-05-12,83.366
United States,USA,2021-05-13,81.495
United States,USA,2021-05-14,79.589
United States,USA,2021-05-15,77.661
United States,USA,2021-05-16,76.266
United States,USA,2021-05-17,74.575
United States,USA,2021-05-18,73.02
United States,USA,2021-05-19,71.814
United States,USA,2021-05-20,70.31
United States,USA,2021-05-21,69.024
United States,USA,2021-05-22,68.107
United States,USA,2021-05-23,67.569
United States,USA,2021-05-24,66.99
United States,USA,2021-05-25,65.979
United States,USA,2021-05-26,64.474
United States,USA,2021-05-27,63.806
United States,USA,2021-05-28,62.402
United States,USA,2021-05-29,60.537
United States,USA,2021-05-30,58.911
United States,USA,2021-05-31,57.087
United States,USA,2021-06-01,54.238
United States,USA,2021-06-02,53.043
United States,USA,2021-06-03,51.456
United States,USA,2021-06-04,50.265
United States,USA,2021-06-05,49.319
United States,USA,2021-06-06,48.349
United States,USA,2021-06-07,47.513
United States,USA,2021-06-08,47.675
United States,USA,2021-06-09,46.404
United States,USA,2021-06-10,45.559
United States,USA,2021-06-11,44.917
United States,USA,2021-06-12,44.187
United States,USA,2021-06-13,43.82
United States,USA,2021-06-14,43.501
United States,USA,2021-06-15,42.543
United States,USA,2021-06-16,42.062
United States,USA,2021-06-17,41.287
United States,USA,2021-06-18,40.604
United States,USA,2021-06-19,40.054
United States,USA,2021-06-20,39.422
United States,USA,2021-06-21,38.961
United States,USA,2021-06-22,39.029
United States,USA,2021-06-23,38.783
United States,USA,2021-06-24,38.887
United States,USA,2021-06-25,38.701
United States,USA,2021-06-26,39.029
United States,USA,2021-06-27,39.528
United States,USA,2021-06-28,39.989
United States,USA,2021-06-29,40.19
United States,USA,2021-06-30,40.696
United States,USA,2021-07-01,41.018
United States,USA,2021-07-02,42.254
United States,USA,2021-07-03,42.738
United States,USA,2021-07-04,43.09
United States,USA,2021-07-05,43.622
United States,USA,2021-07-06,44.282
United States,USA,2021-07-07,45.816
United States,USA,2021-07-08,47.619
United States,USA,2021-07-09,48.89
United States,USA,2021-07-10,50.921
United States,USA,2021-07-11,52.943
United States,USA,2021-07-12,55.34
United States,USA,2021-07-13,58.32
United States,USA,2021-07-14,60.123
United States,USA,2021-07-15,62.497
United States,USA,2021-07-16,65.314
United States,USA,2021-07-17,68.234
United States,USA,2021-07-18,71.158
United States,USA,2021-07-19,74.54
United States,USA,2021-07-20,78.672
United States,USA,2021-07-21,83.074
United States,USA,2021-07-22,88.265
United States,USA,2021-07-23,93.127
United States,USA,2021-07-24,98.413
United States,USA,2021-07-25,103.648
United States,USA,2021-07-26,109.202
United States,USA,2021-07-27,115.386
United States,USA,2021-07-28,122.153
United States,USA,2021-07-29,127.902
United States,USA,2021-07-30,135.582
United States,USA,2021-07-31,142.854
United States,USA,2021-08-01,148.872
United States,USA,2021-08-02,154.903
United States,USA,2021-08-03,162.532
United States,USA,2021-08-04,169.707
United States,USA,2021-08-05,177.431
United States,USA,2021-08-06,184.029
United States,USA,2021-08-07,190.375
United States,USA,2021-08-08,197.479
United States,USA,2021-08-09,204.085
United States,USA,2021-08-10,210.361
United States,USA,2021-08-11,216.882
United States,USA,2021-08-12,223.267
United States,USA,2021-08-13,228.458
United States,USA,2021-08-14,233.052
United States,USA,2021-08-15,235.662
United States,USA,2021-08-16,238.695
United States,USA,2021-08-17,242.446
United States,USA,2021-08-18,245.807
United States,USA,2021-08-19,248.192
United States,USA,2021-08-20,250.238
United States,USA,2021-08-21,252.372
United States,USA,2021-08-22,255.225
United States,USA,2021-08-23,256.644
United States,USA,2021-08-24,257.492
United States,USA,2021-08-25,257.235
United States,USA,2021-08-26,258.021
United States,USA,2021-08-27,258.429
United States,USA,2021-08-28,257.971
United States,USA,2021-08-29,256.768
United States,USA,2021-08-30,256.094
United States,USA,2021-08-31,255.633
United States,USA,2021-09-01,256.626
United States,USA,2021-09-02,255.937
United States,USA,2021-09-03,253.735
United States,USA,2021-09-04,253.289
United States,USA,2021-09-05,252.804
United States,USA,2021-09-06,251.675
United States,USA,2021-09-07,247.241
United States,USA,2021-09-08,245.396
United States,USA,2021-09-09,243.738
United States,USA,2021-09-10,242.94
United States,USA,2021-09-11,240.288
United States,USA,2021-09-12,237.486
United States,USA,2021-09-13,235.059
United States,USA,2021-09-14,234.338
United States,USA,2021-09-15,229.661
United States,USA,2021-09-16,225.531
United States,USA,2021-09-17,221.213
United States,USA,2021-09-18,217.246
United States,USA,2021-09-19,213.237
United States,USA,2021-09-20,208.676
United States,USA,2021-09-21,204.653
United States,USA,2021-09-22,201.032
United States,USA,2021-09-23,196.323
United States,USA,2021-09-24,192.255
United States,USA,2021-09-25,187.936
United States,USA,2021-09-26,184.123
United States,USA,2021-09-27,180.266
United States,USA,2021-09-28,176.576
United States,USA,2021-09-29,172.293
United States,USA,2021-09-30,168.373
United States,USA,2021-10-01,165.06
United States,USA,2021-10-02,161.752
United States,USA,2021-10-03,158.843
United States,USA,2021-10-04,156.363
United States,USA,2021-10-05,153.451
United States,USA,2021-10-06,151.719
United States,USA,2021-10-07,150.016
United States,USA,2021-10-08,147.838
United States,USA,2021-10-09,146.496
United States,USA,2021-10-10,145.233
United States,USA,2021-10-11,143.679
United States,USA,2021-10-12,141.733
United States,USA,2021-10-13,139.283
United States,USA,2021-10-14,136.821
United States,USA,2021-10-15,135.28
United States,USA,2021-10-16,133.371
United States,USA,2021-10-17,131.423
United States,USA,2021-10-18,129.584
United States,USA,2021-10-19,127.166
United States,USA,2021-10-20,124.653
United States,USA,2021-10-21,122.957
United States,USA,2021-10-22,120.571
United States,USA,2021-10-23,118.499
United States,USA,2021-10-24,116.805
United States,USA,2021-10-25,115.608
United States,USA,2021-10-26,113.811
United States,USA,2021-10-27,112.673
United States,USA,2021-10-28,111.038
United States,USA,2021-10-29,110
United States,USA,2021-10-30,109.226
United States,USA,2021-10-31,108.404
United States,USA,2021-11-01,106.837
United States,USA,2021-11-02,106.589
United States,USA,2021-11-03,106.087
United States,USA,2021-11-04,105.696
United States,USA,2021-11-05,105.383
United States,USA,2021-11-06,105.055
United States,USA,2021-11-07,105.581
United States,USA,2021-11-08,107.021
United States,USA,2021-11-09,108.029
United States,USA,2021-11-10,108.638
United States,USA,2021-11-11,109.462
United States,USA,2021-11-12,110.352
United States,USA,2021-11-13,111.724
United States,USA,2021-11-14,112.64
United States,USA,2021-11-15,113.604
United States,USA,2021-11-16,115.531
United States,USA,2021-11-17,117.497
United States,USA,2021-11-18,120.036
United States,USA,2021-11-19,121.233
United States,USA,2021-11-20,122.368
United States,USA,2021-11-21,123.631
United States,USA,2021-11-22,125.842
United States,USA,2021-11-23,127.598
United States,USA,2021-11-24,128.969
United States,USA,2021-11-25,129.173
United States,USA,2021-11-26,128.275
United States,USA,2021-11-27,130.616
United States,USA,2021-11-28,132.434
United States,USA,2021-11-29,134.027
United States,USA,2021-11-30,135.685
United States,USA,2021-12-01,137.967
United States,USA,2021-12-02,140.492
United States,USA,2021-12-03,146.75
United States,USA,2021-12-04,149.26
United States,USA,2021-12-05,151.636
United States,USA,2021-12-06,153.262
United States,USA,2021-12-07,156.044
United States,USA,2021-12-08,158.583
United States,USA,2021-12-09,161.675
United States,USA,2021-12-10,163.304
United States,USA,2021-12-11,164.415
United States,USA,2021-12-12,165.598
United States,USA,2021-12-13,165.148
United States,USA,2021-12-14,164.359
United States,USA,2021-12-15,163.889
United States,USA,2021-12-16,163.401
United States,USA,2021-12-17,163.319
United States,USA,2021-12-18,163.31
United States,USA,2021-12-19,163.667
United States,USA,2021-12-20,165.42
United States,USA,2021-12-21,167.522
United States,USA,2021-12-22,170.859
United States,USA,2021-12-23,175.225
United States,USA,2021-12-24,179.166
United States,USA,2021-12-25,182.861
United States,USA,2021-12-26,189.459
United States,USA,2021-12-27,199.775
United States,USA,2021-12-28,214.715
United States,USA,2021-12-29,232.913
United States,USA,2021-12-30,251.899
United States,USA,2021-12-31,272.908
United States,USA,2022-01-01,292.379
United States,USA,2022-01-02,311.263
United States,USA,2022-01-03,328.464
United States,USA,2022-01-04,345.177
United States,USA,2022-01-05,361.758
United States,USA,2022-01-06,377.655
United States,USA,2022-01-07,392.675
United States,USA,2022-01-08,408.936
United States,USA,2022-01-09,419.078
United States,USA,2022-01-10,427.329
United States,USA,2022-01-11,435.532
United States,USA,2022-01-12,442.594
United States,USA,2022-01-13,447.338
United States,USA,2022-01-14,452.077
United States,USA,2022-01-15,455.163
United States,USA,2022-01-16,453.357
United States,USA,2022-01-17,448.787
United States,USA,2022-01-18,446.431
United States,USA,2022-01-19,443.374
United States,USA,2022-01-20,439.667
United States,USA,2022-01-21,432.786
United States,USA,2022-01-22,424.642
United States,USA,2022-01-23,419.206
United States,USA,2022-01-24,415.67
United States,USA,2022-01-25,411.36
United States,USA,2022-01-26,402.776
United States,USA,2022-01-27,392.734
United States,USA,2022-01-28,383.142
United States,USA,2022-01-29,374.581
United States,USA,2022-01-30,365.051
United States,USA,2022-01-31,354.323
United States,USA,2022-02-01,341.81
United States,USA,2022-02-02,329.159
United States,USA,2022-02-03,316.687
United States,USA,2022-02-04,301.316
United States,USA,2022-02-05,287.978
United States,USA,2022-02-06,278.341
United States,USA,2022-02-07,268.243
United States,USA,2022-02-08,255.491
United States,USA,2022-02-09,243.732
United States,USA,2022-02-10,232.803
United States,USA,2022-02-11,224.612
United States,USA,2022-02-12,215.602
United States,USA,2022-02-13,206.081
United States,USA,2022-02-14,196.701
United States,USA,2022-02-15,185.595
United States,USA,2022-02-16,175.37
United States,USA,2022-02-17,166.023
United States,USA,2022-02-18,156.721
United States,USA,2022-02-19,147.631
United States,USA,2022-02-20,140.858
United States,USA,2022-02-21,135.094
United States,USA,2022-02-22,128.514
United States,USA,2022-02-23,121.86
United States,USA,2022-02-24,115.005
United States,USA,2022-02-25,109.187
United States,USA,2022-02-26,104.076
United States,USA,2022-02-27,99.752
United States,USA,2022-02-28,95.723
United States,USA,2022-03-01,91.099
United States,USA,2022-03-02,86.68
United States,USA,2022-03-03,82.896
United States,USA,2022-03-04,79.101
United States,USA,2022-03-05,75.805
United States,USA,2022-03-06,73.209
United States,USA,2022-03-07,70.726
United States,USA,2022-03-08,67.129
United States,USA,2022-03-09,63.511
United States,USA,2022-03-10,60.451
United States,USA,2022-03-11,57.82
United States,USA,2022-03-12,55.467
United States,USA,2022-03-13,53.232
United States,USA,2022-03-14,51.033
United States,USA,2022-03-15,49.422
United States,USA,2022-03-16,47.702
United States,USA,2022-03-17,45.943
United States,USA,2022-03-18,44.299
United States,USA,2022-03-19,42.617
United States,USA,2022-03-20,41.636
United States,USA,2022-03-21,40.826
United States,USA,2022-03-22,39.407
United States,USA,2022-03-23,38.473
United States,USA,2022-03-24,37.379
United States,USA,2022-03-25,36.41
United States,USA,2022-03-26,36.037
United States,USA,2022-03-27,35.597
United States,USA,2022-03-28,35.02
United States,USA,2022-03-29,34.207
United States,USA,2022-03-30,33.188
United States,USA,2022-03-31,32.584
United States,USA,2022-04-01,31.999
United States,USA,2022-04-02,31.216
United States,USA,2022-04-03,30.607
United States,USA,2022-04-04,30.601
United States,USA,2022-04-05,30.409
United States,USA,2022-04-06,30.335
United States,USA,2022-04-07,30.435
United States,USA,2022-04-08,30.672
United States,USA,2022-04-09,30.571
United States,USA,2022-04-10,30.944
United States,USA,2022-04-11,30.982
United States,USA,2022-04-12,31.331
United States,USA,2022-04-13,31.556
United States,USA,2022-04-14,31.777
United States,USA,2022-04-15,32.168
United States,USA,2022-04-16,32.555
United States,USA,2022-04-17,32.685
United States,USA,2022-04-18,33.297
United States,USA,2022-04-19,33.856
United States,USA,2022-04-20,34.834
United States,USA,2022-04-21,35.656
United States,USA,2022-04-22,36.472
United States,USA,2022-04-23,37.684
United States,USA,2022-04-24,38.665
United States,USA,2022-04-25,39.549
United States,USA,2022-04-26,40.743
United States,USA,2022-04-27,42.153
United States,USA,2022-04-28,43.244
United States,USA,2022-04-29,44.184
United States,USA,2022-04-30,45.281
United States,USA,2022-05-01,46.519
United States,USA,2022-05-02,47.634
United States,USA,2022-05-03,48.92
United States,USA,2022-05-04,49.981
United States,USA,2022-05-05,51.533
United States,USA,2022-05-06,53.212
United States,USA,2022-05-07,54.598
United States,USA,2022-05-08,55.627
United States,USA,2022-05-09,56.277
United States,USA,2022-05-10,57.362
United States,USA,2022-05-11,58.533
United States,USA,2022-05-12,59.957
United States,USA,2022-05-13,61.997
United States,USA,2022-05-14,63.641
United States,USA,2022-05-15,65.527
United States,USA,2022-05-16,67.537
United States,USA,2022-05-17,69.899
United States,USA,2022-05-18,71.622
United States,USA,2022-05-19,72.769
United States,USA,2022-05-20,73.434
United States,USA,2022-05-21,74.457
United States,USA,2022-05-22,75.24
United States,USA,2022-05-23,76.316
United States,USA,2022-05-24,76.594
United States,USA,2022-05-25,77.493
United States,USA,2022-05-26,78.814
United States,USA,2022-05-27,79.831
United States,USA,2022-05-28,81.058
United States,USA,2022-05-29,81.767
United States,USA,2022-05-30,82.219
United States,USA,2022-05-31,82.225
United States,USA,2022-06-01,83.922
United States,USA,2022-06-02,85.102
United States,USA,2022-06-03,85.855
United States,USA,2022-06-04,85.894
United States,USA,2022-06-05,86.059
United States,USA,2022-06-06,86.565
United States,USA,2022-06-07,88.466
United States,USA,2022-06-08,87.972
United States,USA,2022-06-09,88.226
United States,USA,2022-06-10,88.625
United States,USA,2022-06-11,89.633
United States,USA,2022-06-12,90.245
United States,USA,2022-06-13,91.185
United States,USA,2022-06-14,91.572
United States,USA,2022-06-15,92.167
United States,USA,2022-06-16,92.409
United States,USA,2022-06-17,92.521
United States,USA,2022-06-18,92.181
United States,USA,2022-06-19,92.323
United States,USA,2022-06-20,92.415
United States,USA,2022-06-21,92.826
United States,USA,2022-06-22,93.84
United States,USA,2022-06-23,95.04
United States,USA,2022-06-24,97.053
United States,USA,2022-06-25,99.503
United States,USA,2022-06-26,101.582
United States,USA,2022-06-27,103.237
United States,USA,2022-06-28,104.963
United States,USA,2022-06-29,106.178
United States,USA,2022-06-30,107.219
United States,USA,2022-07-01,108.15
United States,USA,2022-07-02,108.635
United States,USA,2022-07-03,109.315
United States,USA,2022-07-04,109.634
United States,USA,2022-07-05,108.963
United States,USA,2022-07-06,111.499
United States,USA,2022-07-07,114.174
United States,USA,2022-07-08,116.761
United States,USA,2022-07-09,118.928
United States,USA,2022-07-10,120.905
United States,USA,2022-07-11,123.155
United States,USA,2022-07-12,126.764
United States,USA,2022-07-13,128.183
United States,USA,2022-07-14,128.913
United States,USA,2022-07-15,129.158
United States,USA,2022-07-16,129.827
United States,USA,2022-07-17,130.202
United States,USA,2022-07-18,130.994
United States,USA,2022-07-19,132.922
United States,USA,2022-07-20,133.773
United States,USA,2022-07-21,134.621
United States,USA,2022-07-22,135.697
United States,USA,2022-07-23,136.212
United States,USA,2022-07-24,136.826
United States,USA,2022-07-25,137.234
United States,USA,2022-07-26,136.475
United States,USA,2022-07-27,135.792
United States,USA,2022-07-28,135.378
United States,USA,2022-07-29,135.047
United States,USA,2022-07-30,134.009
United States,USA,2022-07-31,133.117
United States,USA,2022-08-01,132.333
United States,USA,2022-08-02,131.461
United States,USA,2022-08-03,131.124
United States,USA,2022-08-04,130.702
United States,USA,2022-08-05,130.048
United States,USA,2022-08-06,130.234
United States,USA,2022-08-07,129.939
United States,USA,2022-08-08,129.102
United States,USA,2022-08-09,129.079
United States,USA,2022-08-10,128.482
United States,USA,2022-08-11,127.808
United States,USA,2022-08-12,126.903
United States,USA,2022-08-13,125.709
United States,USA,2022-08-14,124.639
United States,USA,2022-08-15,123.716
United States,USA,2022-08-16,122.123
United States,USA,2022-08-17,120.695
United States,USA,2022-08-18,119.025
United States,USA,2022-08-19,117.077
United States,USA,2022-08-20,116.06
United States,USA,2022-08-21,115.682
United States,USA,2022-08-22,115.262
United States,USA,2022-08-23,114.189
United States,USA,2022-08-24,112.983
United States,USA,2022-08-25,111.907
United States,USA,2022-08-26,111.532
United States,USA,2022-08-27,110.843
United States,USA,2022-08-28,109.734
United States,USA,2022-08-29,109.09
United States,USA,2022-08-30,108.508
United States,USA,2022-08-31,107.893
United States,USA,2022-09-01,106.858
United States,USA,2022-09-02,105.179
United States,USA,2022-09-03,103.621
United States,USA,2022-09-04,102.454
United States,USA,2022-09-05,100.84
United States,USA,2022-09-06,97.901
United States,USA,2022-09-07,96.621
United States,USA,2022-09-08,96.074
United States,USA,2022-09-09,95.734
United States,USA,2022-09-10,94.883
United States,USA,2022-09-11,93.778
United States,USA,2022-09-12,93.012
United States,USA,2022-09-13,93.086
United States,USA,2022-09-14,91.634
United States,USA,2022-09-15,90.165
United States,USA,2022-09-16,88.486
United States,USA,2022-09-17,87.262
United States,USA,2022-09-18,86.458
United States,USA,2022-09-19,85.835
United States,USA,2022-09-20,85.249
United States,USA,2022-09-21,84.215
United States,USA,2022-09-22,83.287
United States,USA,2022-09-23,82.367
United States,USA,2022-09-24,81.058
United States,USA,2022-09-25,79.831
United States,USA,2022-09-26,78.651
United States,USA,2022-09-27,77.487
United States,USA,2022-09-28,76.254
United States,USA,2022-09-29,74.803
United States,USA,2022-09-30,73.827
United States,USA,2022-10-01,73.31
United States,USA,2022-10-02,72.893
United States,USA,2022-10-03,72.556
United States,USA,2022-10-04,72.006
United States,USA,2022-10-05,71.445
United States,USA,2022-10-06,71.111
United States,USA,2022-10-07,70.862
United States,USA,2022-10-08,70.661
United States,USA,2022-10-09,70.212
United States,USA,2022-10-10,69.748
United States,USA,2022-10-11,69.576
United States,USA,2022-10-12,69.296
United States,USA,2022-10-13,69.183
United States,USA,2022-10-14,69.021
United States,USA,2022-10-15,68.666
United States,USA,2022-10-16,68.536
United States,USA,2022-10-17,68.172
United States,USA,2022-10-18,67.69
United States,USA,2022-10-19,67.954
United States,USA,2022-10-20,68.054
United States,USA,2022-10-21,67.906
United States,USA,2022-10-22,68.279
United States,USA,2022-10-23,68.601
United States,USA,2022-10-24,68.988
United States,USA,2022-10-25,69.636
United States,USA,2022-10-26,70.404
United States,USA,2022-10-27,70.753
United States,USA,2022-10-28,70.889
United States,USA,2022-10-29,70.422
United States,USA,2022-10-30,70.185
United States,USA,2022-10-31,69.899
United States,USA,2022-11-01,69.718
United States,USA,2022-11-02,69.709
United States,USA,2022-11-03,69.949
United States,USA,2022-11-04,70.581
United States,USA,2022-11-05,71.35
United States,USA,2022-11-06,72.018
United States,USA,2022-11-07,73.005
United States,USA,2022-11-08,73.47
United States,USA,2022-11-09,72.733
United States,USA,2022-11-10,72.119
United States,USA,2022-11-11,71.595
United States,USA,2022-11-12,71.811
United States,USA,2022-11-13,71.779
United States,USA,2022-11-14,71.335
United States,USA,2022-11-15,70.839
United States,USA,2022-11-16,71.436
United States,USA,2022-11-17,71.793
United States,USA,2022-11-18,72.837
United States,USA,2022-11-19,73.136
United States,USA,2022-11-20,73.629
United States,USA,2022-11-21,74.64
United States,USA,2022-11-22,76.26
United States,USA,2022-11-23,77.505
United States,USA,2022-11-24,78.675
United States,USA,2022-11-25,78.102
United States,USA,2022-11-26,80.177
United States,USA,2022-11-27,82.89
United States,USA,2022-11-28,86.145
United States,USA,2022-11-29,89.716
United States,USA,2022-11-30,93.044
United States,USA,2022-12-01,96.069
United States,USA,2022-12-02,100.059
United States,USA,2022-12-03,101.549
United States,USA,2022-12-04,102.208
United States,USA,2022-12-05,102.338
United States,USA,2022-12-06,102.82
United States,USA,2022-12-07,103.234
United States,USA,2022-12-08,103.834
United States,USA,2022-12-09,104.183
United States,USA,2022-12-10,105.135
United States,USA,2022-12-11,105.877
United States,USA,2022-12-12,106.217
United States,USA,2022-12-13,106.583
United States,USA,2022-12-14,106.894
United States,USA,2022-12-15,108.522
United States,USA,2022-12-16,110.187
United States,USA,2022-12-17,111.41
United States,USA,2022-12-18,112.608
United States,USA,2022-12-19,113.633
United States,USA,2022-12-20,114.869
United States,USA,2022-12-21,116.105
United States,USA,2022-12-22,116.678
United States,USA,2022-12-23,117.089
United States,USA,2022-12-24,117
United States,USA,2022-12-25,117.083
United States,USA,2022-12-26,116.915
United States,USA,2022-12-27,118.591
United States,USA,2022-12-28,122.055
United States,USA,2022-12-29,125.774
United States,USA,2022-12-30,130.308
United States,USA,2022-12-31,134.355
United States,USA,2023-01-01,137.394
United States,USA,2023-01-02,140.486
United States,USA,2023-01-03,140.782
United States,USA,2023-01-04,140.105
United States,USA,2023-01-05,138.325
United States,USA,2023-01-06,136.025
United States,USA,2023-01-07,132.827
United States,USA,2023-01-08,130.066
United States,USA,2023-01-09,127.255
United States,USA,2023-01-10,124.689
United States,USA,2023-01-11,121.42
United States,USA,2023-01-12,118.396
United States,USA,2023-01-13,114.872
United States,USA,2023-01-14,112.504
United States,USA,2023-01-15,109.728
United States,USA,2023-01-16,106.74
United States,USA,2023-01-17,103.926
United States,USA,2023-01-18,101.242
United States,USA,2023-01-19,98.806
United States,USA,2023-01-20,96.822
United States,USA,2023-01-21,94.851
United States,USA,2023-01-22,93.296
United States,USA,2023-01-23,92.11
United States,USA,2023-01-24,90.73
United States,USA,2023-01-25,89.414
United States,USA,2023-01-26,87.526
United States,USA,2023-01-27,85.82
United States,USA,2023-01-28,84.694
United States,USA,2023-01-29,84.215
United States,USA,2023-01-30,83.662
United States,USA,2023-01-31,82.577
United States,USA,2023-02-01,81.318
United States,USA,2023-02-02,80.741
United States,USA,2023-02-03,79.952
United States,USA,2023-02-04,79.249
United States,USA,2023-02-05,78.377
United States,USA,2023-02-06,78.164
United States,USA,2023-02-07,78.102
United States,USA,2023-02-08,78.252
United States,USA,2023-02-09,78.317
United States,USA,2023-02-10,78.637
United States,USA,2023-02-11,78.971
United States,USA,2023-02-12,78.935
United States,USA,2023-02-13,78.356
United States,USA,2023-02-14,78.043
United States,USA,2023-02-15,77.815
United States,USA,2023-02-16,77.611
United States,USA,2023-02-17,77.079
United States,USA,2023-02-18,76.396
United States,USA,2023-02-19,76.337
United States,USA,2023-02-20,76.239
United States,USA,2023-02-21,76
United States,USA,2023-02-22,75.116
United States,USA,2023-02-23,74.04
United States,USA,2023-02-24,72.982
United States,USA,2023-02-25,72.154
United States,USA,2023-02-26,71.119
United States,USA,2023-02-27,70.898
United States,USA,2023-02-28,70.162
United States,USA,2023-03-01,69.18
United States,USA,2023-03-02,68.397
United States,USA,2023-03-03,67.862
United States,USA,2023-03-04,67.07
United States,USA,2023-03-05,66.659
United States,USA,2023-03-06,65.725
United States,USA,2023-03-07,64.341
United States,USA,2023-03-08,63.36
United States,USA,2023-03-09,62.313
United States,USA,2023-03-10,61.178
United States,USA,2023-03-11,60.342
United States,USA,2023-03-12,59.227
United States,USA,2023-03-13,57.965
United States,USA,2023-03-14,57.137
United States,USA,2023-03-15,56.378
United States,USA,2023-03-16,56.118
United States,USA,2023-03-17,55.39
United States,USA,2023-03-18,54.288
United States,USA,2023-03-19,53.791
United States,USA,2023-03-20,53.268
United States,USA,2023-03-21,52.615
United States,USA,2023-03-22,52.086
United States,USA,2023-03-23,51.373
United States,USA,2023-03-24,51.32
United States,USA,2023-03-25,51.432
United States,USA,2023-03-26,51.367
United States,USA,2023-03-27,50.986
United States,USA,2023-03-28,50.513
United States,USA,2023-03-29,50.067
United States,USA,2023-03-30,49.257
United States,USA,2023-03-31,48.317
United States,USA,2023-04-01,47.634
United States,USA,2023-04-02,46.918
United States,USA,2023-04-03,46.812
United States,USA,2023-04-04,46.457
United States,USA,2023-04-05,45.78
United States,USA,2023-04-06,45.041
United States,USA,2023-04-07,44.347
United States,USA,2023-04-08,43.209
United States,USA,2023-04-09,42.407
United States,USA,2023-04-10,41.586
United States,USA,2023-04-11,40.802
United States,USA,2023-04-12,40.17
United States,USA,2023-04-13,39.951
United States,USA,2023-04-14,39.614
United States,USA,2023-04-15,39.981
United States,USA,2023-04-16,40.004
United States,USA,2023-04-17,39.664
United States,USA,2023-04-18,38.934
United States,USA,2023-04-19,38.219
United States,USA,2023-04-20,37.4
United States,USA,2023-04-21,36.531
United States,USA,2023-04-22,35.475
United States,USA,2023-04-23,34.713
United States,USA,2023-04-24,33.85
United States,USA,2023-04-25,33.016
United States,USA,2023-04-26,32.209
United States,USA,2023-04-27,31.435
United States,USA,2023-04-28,31.041
United States,USA,2023-04-29,30.613
United States,USA,2023-04-30,30.506
United States,USA,2023-05-01,30.288
United States,USA,2023-05-02,30.178
United States,USA,2023-05-03,30.113
United States,USA,2023-05-04,29.927
United States,USA,2023-05-05,29.546
United States,USA,2023-05-06,29.268
United States,USA,2023-05-07,29.087
United States,USA,2023-05-08,29.014
United States,USA,2023-05-09,28.922
United States,USA,2023-05-10,28.697
United States,USA,2023-05-11,28.573
United States,USA,2023-05-12,28.313
United States,USA,2023-05-13,27.899
United States,USA,2023-05-14,27.172
United States,USA,2023-05-15,26.637
United States,USA,2023-05-16,26.232
United States,USA,2023-05-17,25.916
United States,USA,2023-05-18,25.466
United States,USA,2023-05-19,25.514
United States,USA,2023-05-20,25.191
United States,USA,2023-05-21,25.052
United States,USA,2023-05-22,25.132
United States,USA,2023-05-23,24.801
United States,USA,2023-05-24,24.349
United States,USA,2023-05-25,24.083
United States,USA,2023-05-26,23.447
United States,USA,2023-05-27,23.37
United States,USA,2023-05-28,23.039
United States,USA,2023-05-29,22.67
United States,USA,2023-05-30,22.354
United States,USA,2023-05-31,22.498
United States,USA,2023-06-01,22.534
United States,USA,2023-06-02,22.498
United States,USA,2023-06-03,22.25
United States,USA,2023-06-04,22.425
United States,USA,2023-06-05,22.167
United States,USA,2023-06-06,22.147
United States,USA,2023-06-07,21.632
United States,USA,2023-06-08,21.455
United States,USA,2023-06-09,20.994
United States,USA,2023-06-10,20.811
United States,USA,2023-06-11,20.648
United States,USA,2023-06-12,20.577
United States,USA,2023-06-13,20.216
United States,USA,2023-06-14,20.329
United States,USA,2023-06-15,20.145
United States,USA,2023-06-16,20.267
United States,USA,2023-06-17,20.104
United States,USA,2023-06-18,20.033
United States,USA,2023-06-19,19.826
United States,USA,2023-06-20,19.723
United States,USA,2023-06-21,19.282
United States,USA,2023-06-22,19.14
United States,USA,2023-06-23,18.91
United States,USA,2023-06-24,18.972
United States,USA,2023-06-25,18.907
United States,USA,2023-06-26,19.075
United States,USA,2023-06-27,19.158
United States,USA,2023-06-28,19.652
United States,USA,2023-06-29,19.702
United States,USA,2023-06-30,19.782
United States,USA,2023-07-01,19.672
United States,USA,2023-07-02,19.542
United States,USA,2023-07-03,19.578
United States,USA,2023-07-04,19.587
United States,USA,2023-07-05,19.046
United States,USA,2023-07-06,19.069
United States,USA,2023-07-07,19.285
United States,USA,2023-07-08,19.504
United States,USA,2023-07-09,19.832
United States,USA,2023-07-10,20.086
United States,USA,2023-07-11,20.346
United States,USA,2023-07-12,21.08
United States,USA,2023-07-13,21.097
United States,USA,2023-07-14,21.23
United States,USA,2023-07-15,21.526
United States,USA,2023-07-16,21.662
United States,USA,2023-07-17,21.845
United States,USA,2023-07-18,22.259
United States,USA,2023-07-19,22.534
United States,USA,2023-07-20,22.939
United States,USA,2023-07-21,23.601
United States,USA,2023-07-22,24.243
United States,USA,2023-07-23,24.742
United States,USA,2023-07-24,25.23
United States,USA,2023-07-25,25.555
United States,USA,2023-07-26,26.131
United States,USA,2023-07-27,26.867
United States,USA,2023-07-28,27.207
United States,USA,2023-07-29,27.674
United States,USA,2023-07-30,28.106
United States,USA,2023-07-31,28.414
United States,USA,2023-08-01,29.223
United States,USA,2023-08-02,29.688
United States,USA,2023-08-03,30.255
United States,USA,2023-08-04,31.245
United States,USA,2023-08-05,31.798
United States,USA,2023-08-06,32.812
United States,USA,2023-08-07,33.693
United States,USA,2023-08-08,34.538
United States,USA,2023-08-09,35.821
United States,USA,2023-08-10,36.998
United States,USA,2023-08-11,37.622
United States,USA,2023-08-12,38.39
United States,USA,2023-08-13,39.008
United States,USA,2023-08-14,40.421
United States,USA,2023-08-15,41.553
United States,USA,2023-08-16,42.263
United States,USA,2023-08-17,43.016
United States,USA,2023-08-18,44.033
United States,USA,2023-08-19,45.239
United States,USA,2023-08-20,46.162
United States,USA,2023-08-21,46.602
United States,USA,2023-08-22,47.829
United States,USA,2023-08-23,48.988
United States,USA,2023-08-24,50.501
United States,USA,2023-08-25,51.778
United States,USA,2023-08-26,52.878
United States,USA,2023-08-27,53.741
United States,USA,2023-08-28,55.243
United States,USA,2023-08-29,55.952
United States,USA,2023-08-30,56.762
United States,USA,2023-08-31,57.078
United States,USA,2023-09-01,57.601
United States,USA,2023-09-02,57.752
United States,USA,2023-09-03,58.122
United States,USA,2023-09-04,58.305
United States,USA,2023-09-05,58.633
United States,USA,2023-09-06,60.164
United States,USA,2023-09-07,61.663
United States,USA,2023-09-08,62.772
United States,USA,2023-09-09,63.839
United States,USA,2023-09-10,64.415
United States,USA,2023-09-11,64.501
United States,USA,2023-09-12,64.569
United States,USA,2023-09-13,63.62
United States,USA,2023-09-14,62.78
United States,USA,2023-09-15,62.124
United States,USA,2023-09-16,61.193
United States,USA,2023-09-17,60.389
United States,USA,2023-09-18,59.792
United States,USA,2023-09-19,59.836
United States,USA,2023-09-20,60.028
United States,USA,2023-09-21,59.848
United States,USA,2023-09-22,60.203
United States,USA,2023-09-23,60.782
United States,USA,2023-09-24,61.045
United States,USA,2023-09-25,60.989
United States,USA,2023-09-26,60.49
United States,USA,2023-09-27,59.78
United States,USA,2023-09-28,59.136
United States,USA,2023-09-29,57.873
United States,USA,2023-09-30,56.88
United States,USA,2023-10-01,56.345
United States,USA,2023-10-02,55.447
United States,USA,2023-10-03,54.74
United States,USA,2023-10-04,53.803
United States,USA,2023-10-05,53.283
United States,USA,2023-10-06,52.789
United States,USA,2023-10-07,51.837
United States,USA,2023-10-08,51.06
United States,USA,2023-10-09,50.61
United States,USA,2023-10-10,50.179
United States,USA,2023-10-11,49.632
United States,USA,2023-10-12,49.029
United States,USA,2023-10-13,48.45
United States,USA,2023-10-14,48.29
United States,USA,2023-10-15,48.186
United States,USA,2023-10-16,48.083
United States,USA,2023-10-17,47.838
United States,USA,2023-10-18,47.79
United States,USA,2023-10-19,47.779
United States,USA,2023-10-20,47.675
United States,USA,2023-10-21,47.988
United States,USA,2023-10-22,47.962
United States,USA,2023-10-23,48.382
United States,USA,2023-10-24,48.216
United States,USA,2023-10-25,48.387
United States,USA,2023-10-26,48.346
United States,USA,2023-10-27,48.476
United States,USA,2023-10-28,48.583
United States,USA,2023-10-29,48.509
United States,USA,2023-10-30,48.219
United States,USA,2023-10-31,48.015
United States,USA,2023-11-01,46.918
United States,USA,2023-11-02,46.076
United States,USA,2023-11-03,45.6
United States,USA,2023-11-04,45.032
United States,USA,2023-11-05,45.103
United States,USA,2023-11-06,45.366
United States,USA,2023-11-07,45.984
United States,USA,2023-11-08,47.397
United States,USA,2023-11-09,48.361
United States,USA,2023-11-10,49.286
United States,USA,2023-11-11,49.662
United States,USA,2023-11-12,50.137
United States,USA,2023-11-13,50.188
United States,USA,2023-11-14,50.504
United States,USA,2023-11-15,50.912
United States,USA,2023-11-16,51.669
United States,USA,2023-11-17,52.047
United States,USA,2023-11-18,53.052
United States,USA,2023-11-19,53.989
United States,USA,2023-11-20,55.296
United States,USA,2023-11-21,56.18
United States,USA,2023-11-22,57.146
United States,USA,2023-11-23,57.232
United States,USA,2023-11-24,56.75
United States,USA,2023-11-25,57.699
United States,USA,2023-11-26,58.61
United States,USA,2023-11-27,59.484
United States,USA,2023-11-28,61.672
United States,USA,2023-11-29,62.893
United States,USA,2023-11-30,65.051
United States,USA,2023-12-01,67.628
United States,USA,2023-12-02,68.571
United States,USA,2023-12-03,69.251
United States,USA,2023-12-04,69.774
United States,USA,2023-12-05,69.955
United States,USA,2023-12-06,70.046
United States,USA,2023-12-07,69.68
United States,USA,2023-12-08,69.837
United States,USA,2023-12-09,70.1
United States,USA,2023-12-10,70.531
United States,USA,2023-12-11,70.907
United States,USA,2023-12-12,71.054
United States,USA,2023-12-13,71.737
United States,USA,2023-12-14,73.245
United States,USA,2023-12-15,74.152
United States,USA,2023-12-16,75.258
United States,USA,2023-12-17,75.902
United States,USA,2023-12-18,77.779
United States,USA,2023-12-19,80.319
United States,USA,2023-12-20,82.527
United States,USA,2023-12-21,84.277
United States,USA,2023-12-22,86.452
United States,USA,2023-12-23,87.62
United States,USA,2023-12-24,89.494
United States,USA,2023-12-25,90.325
United States,USA,2023-12-26,89.816
United States,USA,2023-12-27,92.37
United States,USA,2023-12-28,96.225
United States,USA,2023-12-29,100.26
United States,USA,2023-12-30,104.502
United States,USA,2023-12-31,106.752
United States,USA,2024-01-01,108.608
United States,USA,2024-01-02,110.192
United States,USA,2024-01-03,110.739
United States,USA,2024-01-04,109.38
United States,USA,2024-01-05,107.195
United States,USA,2024-01-06,104.96
United States,USA,2024-01-07,103.207
United States,USA,2024-01-08,101.584
United States,USA,2024-01-09,100.748
United States,USA,2024-01-10,98.439
United States,USA,2024-01-11,96.648
United States,USA,2024-01-12,95.214
United States,USA,2024-01-13,93.204
United States,USA,2024-01-14,91.413
United States,USA,2024-01-15,89.107
United States,USA,2024-01-16,86.757
United States,USA,2024-01-17,84.156
United States,USA,2024-01-18,81.853
United States,USA,2024-01-19,79.216
United States,USA,2024-01-20,77.304
United States,USA,2024-01-21,75.403
United States,USA,2024-01-22,73.966
United States,USA,2024-01-23,72.881
United States,USA,2024-01-24,72.278
United States,USA,2024-01-25,71.35
United States,USA,2024-01-26,70.469
United States,USA,2024-01-27,69.801
United States,USA,2024-01-28,69.541
United States,USA,2024-01-29,69
United States,USA,2024-01-30,68.11
United States,USA,2024-01-31,66.706
United States,USA,2024-02-01,65.468
United States,USA,2024-02-02,64.672
United States,USA,2024-02-03,63.691
United States,USA,2024-02-04,62.931
United States,USA,2024-02-05,62.562
United States,USA,2024-02-06,62.166
United States,USA,2024-02-07,61.778
United States,USA,2024-02-08,61.019
United States,USA,2024-02-09,60.451
United States,USA,2024-02-10,60.312
United States,USA,2024-02-11,59.943
United States,USA,2024-02-12,59.733
United States,USA,2024-02-13,59.848
United States,USA,2024-02-14,59.186
United States,USA,2024-02-15,58.935
United States,USA,2024-02-16,58.411
United States,USA,2024-02-17,57.882
United States,USA,2024-02-18,57.315
United States,USA,2024-02-19,56.827
United States,USA,2024-02-20,55.766
United States,USA,2024-02-21,55.364
United States,USA,2024-02-22,54.648
United States,USA,2024-02-23,54.11
United States,USA,2024-02-24,53.179
United States,USA,2024-02-25,52.541
United States,USA,2024-02-26,51.716
United States,USA,2024-02-27,50.578
United States,USA,2024-02-28,49.916
United States,USA,2024-02-29,49.017
United States,USA,2024-03-01,47.767
United States,USA,2024-03-02,46.762
United States,USA,2024-03-03,46.318
United States,USA,2024-03-04,45.582
United States,USA,2024-03-05,44.784
United States,USA,2024-03-06,43.566
United States,USA,2024-03-07,42.712
United States,USA,2024-03-08,41.899
United States,USA,2024-03-09,40.793
United States,USA,2024-03-10,39.466
United States,USA,2024-03-11,37.979
United States,USA,2024-03-12,36.8
United States,USA,2024-03-13,35.579
United States,USA,2024-03-14,34.385
United States,USA,2024-03-15,33.341
United States,USA,2024-03-16,32.78
United States,USA,2024-03-17,32.147
United States,USA,2024-03-18,31.683
United States,USA,2024-03-19,30.879
United States,USA,2024-03-20,30.32
United States,USA,2024-03-21,29.696
United States,USA,2024-03-22,29.058
United States,USA,2024-03-23,28.384
United States,USA,2024-03-24,27.669
United States,USA,2024-03-25,27.086
United States,USA,2024-03-26,26.628
United States,USA,2024-03-27,25.868
United States,USA,2024-03-28,25.354
United States,USA,2024-03-29,24.899
United States,USA,2024-03-30,24.393
United States,USA,2024-03-31,24.042
United States,USA,2024-04-01,23.693
United States,USA,2024-04-02,23.3
United States,USA,2024-04-03,23.178
United States,USA,2024-04-04,22.841
United States,USA,2024-04-05,22.637
United States,USA,2024-04-06,22.3
United States,USA,2024-04-07,22.055
United States,USA,2024-04-08,21.745
United States,USA,2024-04-09,21.177
United States,USA,2024-04-10,20.772
United States,USA,2024-04-11,20.598
United States,USA,2024-04-12,20.172
United States,USA,2024-04-13,19.628
United States,USA,2024-04-14,19.303
United States,USA,2024-04-15,19.046
United States,USA,2024-04-16,18.762
United States,USA,2024-04-17,18.277
United States,USA,2024-04-18,17.745
United States,USA,2024-04-19,17.317
United States,USA,2024-04-20,17.234
United States,USA,2024-04-21,16.882
United States,USA,2024-04-22,16.725
United States,USA,2024-04-23,16.436
United States,USA,2024-04-24,16.241
United States,USA,2024-04-25,15.951
Wales,,2020-04-07,329.022
Wales,,2020-04-08,313.565
Wales,,2020-04-09,309.464
Wales,,2020-04-10,315.457
Wales,,2020-04-11,306.625
Wales,,2020-04-12,317.35
Wales,,2020-04-13,319.558
Wales,,2020-04-14,291.167
Wales,,2020-04-15,288.959
Wales,,2020-04-16,282.019
Wales,,2020-04-17,288.959
Wales,,2020-04-18,296.215
Wales,,2020-04-19,275.394
Wales,,2020-04-20,270.347
Wales,,2020-04-21,273.817
Wales,,2020-04-22,266.246
Wales,,2020-04-23,275.71
Wales,,2020-04-24,270.662
Wales,,2020-04-25,265.3
Wales,,2020-04-26,263.722
Wales,,2020-04-27,257.729
Wales,,2020-04-28,264.669
Wales,,2020-04-29,264.669
Wales,,2020-04-30,264.038
Wales,,2020-05-01,255.205
Wales,,2020-05-02,264.669
Wales,,2020-05-03,263.722
Wales,,2020-05-04,271.924
Wales,,2020-05-05,270.978
Wales,,2020-05-06,263.407
Wales,,2020-05-07,259.306
Wales,,2020-05-08,265.615
Wales,,2020-05-09,254.259
Wales,,2020-05-10,260.568
Wales,,2020-05-11,256.467
Wales,,2020-05-12,242.587
Wales,,2020-05-13,247.634
Wales,,2020-05-14,243.218
Wales,,2020-05-15,230.915
Wales,,2020-05-16,234.385
Wales,,2020-05-17,229.338
Wales,,2020-05-18,219.558
Wales,,2020-05-19,223.659
Wales,,2020-05-20,216.088
Wales,,2020-05-21,216.088
Wales,,2020-05-22,213.88
Wales,,2020-05-23,215.142
Wales,,2020-05-24,208.833
Wales,,2020-05-25,210.41
Wales,,2020-05-26,207.571
Wales,,2020-05-27,211.041
Wales,,2020-05-28,215.773
Wales,,2020-05-29,221.451
Wales,,2020-05-30,212.618
Wales,,2020-05-31,209.464
Wales,,2020-06-01,206.625
Wales,,2020-06-02,209.779
Wales,,2020-06-03,217.666
Wales,,2020-06-04,210.41
Wales,,2020-06-05,205.047
Wales,,2020-06-06,204.732
Wales,,2020-06-07,207.256
Wales,,2020-06-08,202.839
Wales,,2020-06-09,195.899
Wales,,2020-06-10,185.174
Wales,,2020-06-11,187.382
Wales,,2020-06-12,189.905
Wales,,2020-06-13,196.845
Wales,,2020-06-14,189.274
Wales,,2020-06-15,192.114
Wales,,2020-06-16,195.584
Wales,,2020-06-17,193.691
Wales,,2020-06-18,188.328
Wales,,2020-06-19,184.543
Wales,,2020-06-20,170.032
Wales,,2020-06-21,175.079
Wales,,2020-06-22,174.763
Wales,,2020-06-23,169.716
Wales,,2020-06-24,172.871
Wales,,2020-06-25,165.615
Wales,,2020-06-26,168.77
Wales,,2020-06-27,170.662
Wales,,2020-06-28,164.038
Wales,,2020-06-29,157.413
Wales,,2020-06-30,165.3
Wales,,2020-07-01,154.259
Wales,,2020-07-02,154.259
Wales,,2020-07-03,147.003
Wales,,2020-07-04,148.265
Wales,,2020-07-05,153.312
Wales,,2020-07-06,154.574
Wales,,2020-07-07,141.956
Wales,,2020-07-08,141.009
Wales,,2020-07-09,144.479
Wales,,2020-07-10,145.426
Wales,,2020-07-11,144.795
Wales,,2020-07-12,137.855
Wales,,2020-07-13,137.855
Wales,,2020-07-14,137.539
Wales,,2020-07-15,132.808
Wales,,2020-07-16,124.29
Wales,,2020-07-17,121.451
Wales,,2020-07-18,114.511
Wales,,2020-07-19,117.666
Wales,,2020-07-20,115.457
Wales,,2020-07-21,110.095
Wales,,2020-07-22,117.666
Wales,,2020-07-23,130.284
Wales,,2020-07-24,130.915
Wales,,2020-07-25,129.022
Wales,,2020-07-26,127.129
Wales,,2020-07-27,127.129
Wales,,2020-07-28,128.076
Wales,,2020-07-29,125.552
Wales,,2020-07-30,114.511
Wales,,2020-07-31,112.303
Wales,,2020-08-01,120.189
Wales,,2020-08-02,117.035
Wales,,2020-08-03,112.618
Wales,,2020-08-04,117.666
Wales,,2020-08-05,120.82
Wales,,2020-08-06,118.297
Wales,,2020-08-07,117.981
Wales,,2020-08-08,112.303
Wales,,2020-08-09,117.35
Wales,,2020-08-10,117.981
Wales,,2020-08-11,112.303
Wales,,2020-08-12,103.155
Wales,,2020-08-13,108.833
Wales,,2020-08-14,104.416
Wales,,2020-08-15,103.47
Wales,,2020-08-16,99.054
Wales,,2020-08-17,101.262
Wales,,2020-08-18,106.309
Wales,,2020-08-19,106.309
Wales,,2020-08-20,98.738
Wales,,2020-08-21,103.47
Wales,,2020-08-22,99.369
Wales,,2020-08-23,95.899
Wales,,2020-08-24,95.268
Wales,,2020-08-25,90.852
Wales,,2020-08-26,98.423
Wales,,2020-08-27,108.202
Wales,,2020-08-28,117.35
Wales,,2020-08-29,121.451
Wales,,2020-08-30,123.659
Wales,,2020-08-31,121.451
Wales,,2020-09-01,127.76
Wales,,2020-09-02,124.606
Wales,,2020-09-03,124.606
Wales,,2020-09-04,120.189
Wales,,2020-09-05,112.303
Wales,,2020-09-06,115.142
Wales,,2020-09-07,120.505
Wales,,2020-09-08,119.243
Wales,,2020-09-09,118.297
Wales,,2020-09-10,111.672
Wales,,2020-09-11,111.987
Wales,,2020-09-12,120.82
Wales,,2020-09-13,124.921
Wales,,2020-09-14,129.022
Wales,,2020-09-15,125.237
Wales,,2020-09-16,128.076
Wales,,2020-09-17,125.868
Wales,,2020-09-18,116.719
Wales,,2020-09-19,110.095
Wales,,2020-09-20,101.577
Wales,,2020-09-21,101.577
Wales,,2020-09-22,98.423
Wales,,2020-09-23,100
Wales,,2020-09-24,116.404
Wales,,2020-09-25,124.606
Wales,,2020-09-26,133.123
Wales,,2020-09-27,141.956
Wales,,2020-09-28,145.741
Wales,,2020-09-29,160.568
Wales,,2020-09-30,157.729
Wales,,2020-10-01,152.997
Wales,,2020-10-02,161.514
Wales,,2020-10-03,167.192
Wales,,2020-10-04,178.549
Wales,,2020-10-05,174.763
Wales,,2020-10-06,171.609
Wales,,2020-10-07,179.18
Wales,,2020-10-08,178.233
Wales,,2020-10-09,167.508
Wales,,2020-10-10,175.079
Wales,,2020-10-11,170.978
Wales,,2020-10-12,179.495
Wales,,2020-10-13,185.174
Wales,,2020-10-14,197.161
Wales,,2020-10-15,205.363
Wales,,2020-10-16,219.558
Wales,,2020-10-17,222.397
Wales,,2020-10-18,225.237
Wales,,2020-10-19,217.035
Wales,,2020-10-20,210.41
Wales,,2020-10-21,200.631
Wales,,2020-10-22,202.208
Wales,,2020-10-23,207.886
Wales,,2020-10-24,203.47
Wales,,2020-10-25,200.315
Wales,,2020-10-26,205.363
Wales,,2020-10-27,217.035
Wales,,2020-10-28,214.196
Wales,,2020-10-29,207.571
Wales,,2020-10-30,199.369
Wales,,2020-10-31,193.691
Wales,,2020-11-01,193.06
Wales,,2020-11-02,192.744
Wales,,2020-11-03,189.59
Wales,,2020-11-04,204.101
Wales,,2020-11-05,209.148
Wales,,2020-11-06,204.416
Wales,,2020-11-07,214.511
Wales,,2020-11-08,214.196
Wales,,2020-11-09,210.726
Wales,,2020-11-10,210.726
Wales,,2020-11-11,200
Wales,,2020-11-12,199.369
Wales,,2020-11-13,196.845
Wales,,2020-11-14,189.59
Wales,,2020-11-15,187.697
Wales,,2020-11-16,189.905
Wales,,2020-11-17,179.811
Wales,,2020-11-18,175.079
Wales,,2020-11-19,164.669
Wales,,2020-11-20,165.615
Wales,,2020-11-21,164.038
Wales,,2020-11-22,161.83
Wales,,2020-11-23,161.83
Wales,,2020-11-24,163.722
Wales,,2020-11-25,160.568
Wales,,2020-11-26,168.77
Wales,,2020-11-27,171.609
Wales,,2020-11-28,165.931
Wales,,2020-11-29,169.401
Wales,,2020-11-30,166.562
Wales,,2020-12-01,174.132
Wales,,2020-12-02,178.549
Wales,,2020-12-03,164.984
Wales,,2020-12-04,156.151
Wales,,2020-12-05,160.883
Wales,,2020-12-06,157.413
Wales,,2020-12-07,157.729
Wales,,2020-12-08,156.467
Wales,,2020-12-09,153.943
Wales,,2020-12-10,171.293
Wales,,2020-12-11,189.905
Wales,,2020-12-12,196.53
Wales,,2020-12-13,197.161
Wales,,2020-12-14,198.423
Wales,,2020-12-15,195.268
Wales,,2020-12-16,212.618
Wales,,2020-12-17,219.874
Wales,,2020-12-18,220.505
Wales,,2020-12-19,222.082
Wales,,2020-12-20,230.284
Wales,,2020-12-21,238.17
Wales,,2020-12-22,249.527
Wales,,2020-12-23,253.312
Wales,,2020-12-24,258.991
Wales,,2020-12-25,254.89
Wales,,2020-12-26,244.164
Wales,,2020-12-27,246.372
Wales,,2020-12-28,256.782
Wales,,2020-12-29,260.568
Wales,,2020-12-30,267.192
Wales,,2020-12-31,265.615
Wales,,2021-01-01,280.757
Wales,,2021-01-02,284.543
Wales,,2021-01-03,281.073
Wales,,2021-01-04,268.77
Wales,,2021-01-05,271.924
Wales,,2021-01-06,265.615
Wales,,2021-01-07,271.293
Wales,,2021-01-08,267.508
Wales,,2021-01-09,284.858
Wales,,2021-01-10,287.697
Wales,,2021-01-11,287.066
Wales,,2021-01-12,287.382
Wales,,2021-01-13,282.65
Wales,,2021-01-14,270.978
Wales,,2021-01-15,265.3
Wales,,2021-01-16,255.836
Wales,,2021-01-17,255.205
Wales,,2021-01-18,260.883
Wales,,2021-01-19,254.259
Wales,,2021-01-20,248.265
Wales,,2021-01-21,246.372
Wales,,2021-01-22,249.211
Wales,,2021-01-23,257.098
Wales,,2021-01-24,262.461
Wales,,2021-01-25,253.943
Wales,,2021-01-26,252.05
Wales,,2021-01-27,252.681
Wales,,2021-01-28,257.729
Wales,,2021-01-29,246.372
Wales,,2021-01-30,236.278
Wales,,2021-01-31,225.868
Wales,,2021-02-01,227.445
Wales,,2021-02-02,220.82
Wales,,2021-02-03,219.558
Wales,,2021-02-04,207.256
Wales,,2021-02-05,205.994
Wales,,2021-02-06,201.262
Wales,,2021-02-07,194.953
Wales,,2021-02-08,190.221
Wales,,2021-02-09,186.435
Wales,,2021-02-10,179.18
Wales,,2021-02-11,183.281
Wales,,2021-02-12,177.918
Wales,,2021-02-13,181.388
Wales,,2021-02-14,192.114
Wales,,2021-02-15,191.483
Wales,,2021-02-16,183.912
Wales,,2021-02-17,184.227
Wales,,2021-02-18,175.394
Wales,,2021-02-19,179.811
Wales,,2021-02-20,174.763
Wales,,2021-02-21,166.562
Wales,,2021-02-22,160.883
Wales,,2021-02-23,157.729
Wales,,2021-02-24,152.681
Wales,,2021-02-25,149.842
Wales,,2021-02-26,142.271
Wales,,2021-02-27,133.438
Wales,,2021-02-28,127.76
Wales,,2021-03-01,123.028
Wales,,2021-03-02,129.338
Wales,,2021-03-03,123.659
Wales,,2021-03-04,117.666
Wales,,2021-03-05,116.088
Wales,,2021-03-06,117.981
Wales,,2021-03-07,115.457
Wales,,2021-03-08,114.196
Wales,,2021-03-09,103.785
Wales,,2021-03-10,96.845
Wales,,2021-03-11,96.215
Wales,,2021-03-12,89.274
Wales,,2021-03-13,81.388
Wales,,2021-03-14,81.703
Wales,,2021-03-15,80.757
Wales,,2021-03-16,80.442
Wales,,2021-03-17,88.328
Wales,,2021-03-18,91.798
Wales,,2021-03-19,97.476
Wales,,2021-03-20,102.208
Wales,,2021-03-21,103.155
Wales,,2021-03-22,105.363
Wales,,2021-03-23,104.732
Wales,,2021-03-24,98.423
Wales,,2021-03-25,85.804
Wales,,2021-03-26,73.502
Wales,,2021-03-27,66.562
Wales,,2021-03-28,58.991
Wales,,2021-03-29,52.997
Wales,,2021-03-30,46.688
Wales,,2021-03-31,41.009
Wales,,2021-04-01,41.64
Wales,,2021-04-02,43.849
Wales,,2021-04-03,41.64
Wales,,2021-04-04,42.271
Wales,,2021-04-05,44.164
Wales,,2021-04-06,44.164
Wales,,2021-04-07,44.479
Wales,,2021-04-08,42.902
Wales,,2021-04-09,40.063
Wales,,2021-04-10,37.224
Wales,,2021-04-11,35.016
Wales,,2021-04-12,35.016
Wales,,2021-04-13,33.123
Wales,,2021-04-14,33.754
Wales,,2021-04-15,33.754
Wales,,2021-04-16,35.331
Wales,,2021-04-17,34.385
Wales,,2021-04-18,34.7
Wales,,2021-04-19,35.647
Wales,,2021-04-20,39.117
Wales,,2021-04-21,40.063
Wales,,2021-04-22,39.117
Wales,,2021-04-23,35.647
Wales,,2021-04-24,37.224
Wales,,2021-04-25,37.855
Wales,,2021-04-26,34.7
Wales,,2021-04-27,33.754
Wales,,2021-04-28,30.284
Wales,,2021-04-29,29.022
Wales,,2021-04-30,29.653
Wales,,2021-05-01,31.23
Wales,,2021-05-02,32.492
Wales,,2021-05-03,33.438
Wales,,2021-05-04,31.861
Wales,,2021-05-05,31.861
Wales,,2021-05-06,33.754
Wales,,2021-05-07,34.069
Wales,,2021-05-08,32.492
Wales,,2021-05-09,29.338
Wales,,2021-05-10,31.23
Wales,,2021-05-11,30.915
Wales,,2021-05-12,31.23
Wales,,2021-05-13,32.177
Wales,,2021-05-14,30.915
Wales,,2021-05-15,30.599
Wales,,2021-05-16,29.968
Wales,,2021-05-17,27.76
Wales,,2021-05-18,28.076
Wales,,2021-05-19,28.076
Wales,,2021-05-20,27.129
Wales,,2021-05-21,28.076
Wales,,2021-05-22,30.284
Wales,,2021-05-23,34.385
Wales,,2021-05-24,36.278
Wales,,2021-05-25,39.432
Wales,,2021-05-26,42.271
Wales,,2021-05-27,46.057
Wales,,2021-05-28,47.95
Wales,,2021-05-29,43.533
Wales,,2021-05-30,40.379
Wales,,2021-05-31,36.593
Wales,,2021-06-01,31.23
Wales,,2021-06-02,26.183
Wales,,2021-06-03,18.297
Wales,,2021-06-04,14.196
Wales,,2021-06-05,14.826
Wales,,2021-06-06,12.618
Wales,,2021-06-07,14.511
Wales,,2021-06-08,17.666
Wales,,2021-06-09,17.35
Wales,,2021-06-10,18.612
Wales,,2021-06-11,19.558
Wales,,2021-06-12,19.243
Wales,,2021-06-13,20.82
Wales,,2021-06-14,17.981
Wales,,2021-06-15,15.142
Wales,,2021-06-16,17.035
Wales,,2021-06-17,19.243
Wales,,2021-06-18,19.243
Wales,,2021-06-19,19.243
Wales,,2021-06-20,17.666
Wales,,2021-06-21,19.874
Wales,,2021-06-22,19.243
Wales,,2021-06-23,17.35
Wales,,2021-06-24,15.773
Wales,,2021-06-25,14.511
Wales,,2021-06-26,14.511
Wales,,2021-06-27,13.88
Wales,,2021-06-28,11.041
Wales,,2021-06-29,11.041
Wales,,2021-06-30,11.672
Wales,,2021-07-01,11.672
Wales,,2021-07-02,11.987
Wales,,2021-07-03,12.303
Wales,,2021-07-04,12.303
Wales,,2021-07-05,13.88
Wales,,2021-07-06,14.196
Wales,,2021-07-07,14.196
Wales,,2021-07-08,13.249
Wales,,2021-07-09,17.035
Wales,,2021-07-10,16.719
Wales,,2021-07-11,17.35
Wales,,2021-07-12,16.404
Wales,,2021-07-13,17.035
Wales,,2021-07-14,18.297
Wales,,2021-07-15,19.243
Wales,,2021-07-16,19.874
Wales,,2021-07-17,22.713
Wales,,2021-07-18,23.975
Wales,,2021-07-19,27.445
Wales,,2021-07-20,33.123
Wales,,2021-07-21,39.432
Wales,,2021-07-22,43.533
Wales,,2021-07-23,45.426
Wales,,2021-07-24,47.319
Wales,,2021-07-25,48.896
Wales,,2021-07-26,47.634
Wales,,2021-07-27,42.902
Wales,,2021-07-28,41.325
Wales,,2021-07-29,38.486
Wales,,2021-07-30,33.754
Wales,,2021-07-31,30.915
Wales,,2021-08-01,33.123
Wales,,2021-08-02,34.069
Wales,,2021-08-03,33.123
Wales,,2021-08-04,28.707
Wales,,2021-08-05,27.129
Wales,,2021-08-06,29.338
Wales,,2021-08-07,30.599
Wales,,2021-08-08,28.707
Wales,,2021-08-09,28.391
Wales,,2021-08-10,29.338
Wales,,2021-08-11,29.968
Wales,,2021-08-12,31.861
Wales,,2021-08-13,32.177
Wales,,2021-08-14,30.599
Wales,,2021-08-15,31.23
Wales,,2021-08-16,30.284
Wales,,2021-08-17,33.438
Wales,,2021-08-18,34.385
Wales,,2021-08-19,36.909
Wales,,2021-08-20,39.432
Wales,,2021-08-21,44.164
Wales,,2021-08-22,42.587
Wales,,2021-08-23,45.741
Wales,,2021-08-24,47.634
Wales,,2021-08-25,53.943
Wales,,2021-08-26,55.205
Wales,,2021-08-27,58.675
Wales,,2021-08-28,61.514
Wales,,2021-08-29,64.669
Wales,,2021-08-30,70.978
Wales,,2021-08-31,69.401
Wales,,2021-09-01,70.347
Wales,,2021-09-02,74.763
Wales,,2021-09-03,74.448
Wales,,2021-09-04,75.394
Wales,,2021-09-05,80.442
Wales,,2021-09-06,80.757
Wales,,2021-09-07,87.382
Wales,,2021-09-08,87.697
Wales,,2021-09-09,88.328
Wales,,2021-09-10,91.167
Wales,,2021-09-11,90.221
Wales,,2021-09-12,89.905
Wales,,2021-09-13,88.644
Wales,,2021-09-14,90.852
Wales,,2021-09-15,91.483
Wales,,2021-09-16,88.013
Wales,,2021-09-17,85.804
Wales,,2021-09-18,90.536
Wales,,2021-09-19,88.959
Wales,,2021-09-20,85.174
Wales,,2021-09-21,81.703
Wales,,2021-09-22,80.126
Wales,,2021-09-23,84.227
Wales,,2021-09-24,82.65
Wales,,2021-09-25,77.918
Wales,,2021-09-26,76.656
Wales,,2021-09-27,74.448
Wales,,2021-09-28,74.763
Wales,,2021-09-29,79.18
Wales,,2021-09-30,76.341
Wales,,2021-10-01,78.233
Wales,,2021-10-02,77.603
Wales,,2021-10-03,77.603
Wales,,2021-10-04,78.549
Wales,,2021-10-05,76.972
Wales,,2021-10-06,69.085
Wales,,2021-10-07,69.716
Wales,,2021-10-08,69.085
Wales,,2021-10-09,66.877
Wales,,2021-10-10,68.454
Wales,,2021-10-11,73.817
Wales,,2021-10-12,74.448
Wales,,2021-10-13,82.019
Wales,,2021-10-14,82.334
Wales,,2021-10-15,85.489
Wales,,2021-10-16,88.644
Wales,,2021-10-17,89.274
Wales,,2021-10-18,86.751
Wales,,2021-10-19,87.697
Wales,,2021-10-20,87.697
Wales,,2021-10-21,90.852
Wales,,2021-10-22,91.483
Wales,,2021-10-23,94.006
Wales,,2021-10-24,94.953
Wales,,2021-10-25,96.845
Wales,,2021-10-26,100.315
Wales,,2021-10-27,99.369
Wales,,2021-10-28,96.845
Wales,,2021-10-29,96.845
Wales,,2021-10-30,97.476
Wales,,2021-10-31,99.054
Wales,,2021-11-01,99.685
Wales,,2021-11-02,96.53
Wales,,2021-11-03,97.161
Wales,,2021-11-04,98.107
Wales,,2021-11-05,94.953
Wales,,2021-11-06,95.268
Wales,,2021-11-07,95.899
Wales,,2021-11-08,91.798
Wales,,2021-11-09,90.536
Wales,,2021-11-10,88.959
Wales,,2021-11-11,87.066
Wales,,2021-11-12,88.013
Wales,,2021-11-13,83.281
Wales,,2021-11-14,79.18
Wales,,2021-11-15,81.073
Wales,,2021-11-16,84.858
Wales,,2021-11-17,77.603
Wales,,2021-11-18,76.341
Wales,,2021-11-19,75.079
Wales,,2021-11-20,76.341
Wales,,2021-11-21,77.287
Wales,,2021-11-22,74.448
Wales,,2021-11-23,66.562
Wales,,2021-11-24,70.662
Wales,,2021-11-25,71.609
Wales,,2021-11-26,67.823
Wales,,2021-11-27,64.669
Wales,,2021-11-28,60.252
Wales,,2021-11-29,60.252
Wales,,2021-11-30,61.514
Wales,,2021-12-01,59.937
Wales,,2021-12-02,54.259
Wales,,2021-12-03,55.521
Wales,,2021-12-04,54.574
Wales,,2021-12-05,56.151
Wales,,2021-12-06,54.259
Wales,,2021-12-07,52.366
Wales,,2021-12-08,51.42
Wales,,2021-12-09,56.151
Wales,,2021-12-10,55.205
Wales,,2021-12-11,54.259
Wales,,2021-12-12,52.366
Wales,,2021-12-13,51.735
Wales,,2021-12-14,54.89
Wales,,2021-12-15,53.943
Wales,,2021-12-16,50.789
Wales,,2021-12-17,50.789
Wales,,2021-12-18,50.473
Wales,,2021-12-19,50.789
Wales,,2021-12-20,52.366
Wales,,2021-12-21,52.05
Wales,,2021-12-22,52.366
Wales,,2021-12-23,55.521
Wales,,2021-12-24,55.836
Wales,,2021-12-25,59.306
Wales,,2021-12-26,60.252
Wales,,2021-12-27,61.199
Wales,,2021-12-28,61.199
Wales,,2021-12-29,64.669
Wales,,2021-12-30,70.978
Wales,,2021-12-31,78.864
Wales,,2022-01-01,92.744
Wales,,2022-01-02,98.738
Wales,,2022-01-03,105.047
Wales,,2022-01-04,112.934
Wales,,2022-01-05,116.404
Wales,,2022-01-06,117.666
Wales,,2022-01-07,115.142
Wales,,2022-01-08,103.785
Wales,,2022-01-09,103.47
Wales,,2022-01-10,105.047
Wales,,2022-01-11,102.524
Wales,,2022-01-12,99.685
Wales,,2022-01-13,94.006
Wales,,2022-01-14,94.953
Wales,,2022-01-15,97.161
Wales,,2022-01-16,97.161
Wales,,2022-01-17,92.429
Wales,,2022-01-18,86.751
Wales,,2022-01-19,86.12
Wales,,2022-01-20,86.751
Wales,,2022-01-21,82.019
Wales,,2022-01-22,74.132
Wales,,2022-01-23,68.77
Wales,,2022-01-24,64.984
Wales,,2022-01-25,62.461
Wales,,2022-01-26,58.36
Wales,,2022-01-27,54.89
Wales,,2022-01-28,54.259
Wales,,2022-01-29,51.735
Wales,,2022-01-30,50.158
Wales,,2022-01-31,52.05
Wales,,2022-02-01,54.259
Wales,,2022-02-02,54.259
Wales,,2022-02-03,54.259
Wales,,2022-02-04,55.205
Wales,,2022-02-05,57.729
Wales,,2022-02-06,60.568
Wales,,2022-02-07,58.36
Wales,,2022-02-08,55.205
Wales,,2022-02-09,54.89
Wales,,2022-02-10,52.366
Wales,,2022-02-11,47.95
Wales,,2022-02-12,46.688
Wales,,2022-02-13,42.902
Wales,,2022-02-14,46.688
Wales,,2022-02-15,47.634
Wales,,2022-02-16,49.211
Wales,,2022-02-17,48.58
Wales,,2022-02-18,47.95
Wales,,2022-02-19,48.896
Wales,,2022-02-20,47.95
Wales,,2022-02-21,42.902
Wales,,2022-02-22,41.956
Wales,,2022-02-23,41.64
Wales,,2022-02-24,44.479
Wales,,2022-02-25,44.479
Wales,,2022-02-26,44.795
Wales,,2022-02-27,42.902
Wales,,2022-02-28,43.849
Wales,,2022-03-01,41.956
Wales,,2022-03-02,41.325
Wales,,2022-03-03,36.909
Wales,,2022-03-04,41.325
Wales,,2022-03-05,40.379
Wales,,2022-03-06,44.164
Wales,,2022-03-07,44.479
Wales,,2022-03-08,47.003
Wales,,2022-03-09,46.688
Wales,,2022-03-10,51.735
Wales,,2022-03-11,52.681
Wales,,2022-03-12,54.574
Wales,,2022-03-13,52.05
Wales,,2022-03-14,54.574
Wales,,2022-03-15,57.098
Wales,,2022-03-16,57.413
Wales,,2022-03-17,59.937
Wales,,2022-03-18,62.145
Wales,,2022-03-19,64.353
Wales,,2022-03-20,68.139
Wales,,2022-03-21,65.931
Wales,,2022-03-22,70.347
Wales,,2022-03-23,76.025
Wales,,2022-03-24,76.025
Wales,,2022-03-25,74.132
Wales,,2022-03-26,80.126
Wales,,2022-03-27,85.489
Wales,,2022-03-28,87.697
Wales,,2022-03-29,85.489
Wales,,2022-03-30,84.543
Wales,,2022-03-31,84.227
Wales,,2022-04-01,87.382
Wales,,2022-04-02,87.697
Wales,,2022-04-03,82.65
Wales,,2022-04-04,83.912
Wales,,2022-04-05,85.489
Wales,,2022-04-06,93.06
Wales,,2022-04-07,92.114
Wales,,2022-04-08,91.798
Wales,,2022-04-09,89.59
Wales,,2022-04-10,91.798
Wales,,2022-04-11,88.959
Wales,,2022-04-12,87.382
Wales,,2022-04-13,77.918
Wales,,2022-04-14,81.388
Wales,,2022-04-15,82.65
Wales,,2022-04-16,76.972
Wales,,2022-04-17,74.763
Wales,,2022-04-18,76.972
Wales,,2022-04-19,70.978
Wales,,2022-04-20,68.77
Wales,,2022-04-21,62.776
Wales,,2022-04-22,55.521
Wales,,2022-04-23,55.521
Wales,,2022-04-24,55.205
Wales,,2022-04-25,52.05
Wales,,2022-04-26,52.997
Wales,,2022-04-27,50.473
Wales,,2022-04-28,50.158
Wales,,2022-04-29,49.211
Wales,,2022-04-30,46.372
Wales,,2022-05-01,44.795
Wales,,2022-05-02,44.795
Wales,,2022-05-03,43.218
Wales,,2022-05-04,46.688
Wales,,2022-05-05,44.479
Wales,,2022-05-06,42.587
Wales,,2022-05-07,42.902
Wales,,2022-05-08,41.956
Wales,,2022-05-09,38.801
Wales,,2022-05-10,39.117
Wales,,2022-05-11,35.016
Wales,,2022-05-12,35.331
Wales,,2022-05-13,34.069
Wales,,2022-05-14,30.599
Wales,,2022-05-15,29.968
Wales,,2022-05-16,29.968
Wales,,2022-05-17,28.391
Wales,,2022-05-18,26.498
Wales,,2022-05-19,23.659
Wales,,2022-05-20,21.767
Wales,,2022-05-21,21.767
Wales,,2022-05-22,21.136
Wales,,2022-05-23,20.505
Wales,,2022-05-24,19.874
Wales,,2022-05-25,20.189
Wales,,2022-05-26,20.82
Wales,,2022-05-27,20.189
Wales,,2022-05-28,20.82
Wales,,2022-05-29,19.243
Wales,,2022-05-30,17.666
Wales,,2022-05-31,17.35
Wales,,2022-06-01,14.826
Wales,,2022-06-02,13.565
Wales,,2022-06-03,12.934
Wales,,2022-06-04,11.987
Wales,,2022-06-05,11.356
Wales,,2022-06-06,12.303
Wales,,2022-06-07,10.726
Wales,,2022-06-08,12.934
Wales,,2022-06-09,13.565
Wales,,2022-06-10,16.088
Wales,,2022-06-11,16.719
Wales,,2022-06-12,18.612
Wales,,2022-06-13,19.558
Wales,,2022-06-14,23.028
Wales,,2022-06-15,24.606
Wales,,2022-06-16,24.921
Wales,,2022-06-17,25.552
Wales,,2022-06-18,28.076
Wales,,2022-06-19,30.915
Wales,,2022-06-20,31.546
Wales,,2022-06-21,30.915
Wales,,2022-06-22,32.808
Wales,,2022-06-23,37.855
Wales,,2022-06-24,39.432
Wales,,2022-06-25,45.11
Wales,,2022-06-26,46.057
Wales,,2022-06-27,45.741
Wales,,2022-06-28,47.634
Wales,,2022-06-29,52.05
Wales,,2022-06-30,50.789
Wales,,2022-07-01,50.789
Wales,,2022-07-02,44.479
Wales,,2022-07-03,42.271
Wales,,2022-07-04,44.479
Wales,,2022-07-05,42.271
Wales,,2022-07-06,37.855
Wales,,2022-07-07,39.432
Wales,,2022-07-08,41.009
Wales,,2022-07-09,43.849
Wales,,2022-07-10,46.688
Wales,,2022-07-11,46.688
Wales,,2022-07-12,51.735
Wales,,2022-07-13,53.943
Wales,,2022-07-14,53.943
Wales,,2022-07-15,54.259
Wales,,2022-07-16,55.521
Wales,,2022-07-17,54.574
Wales,,2022-07-18,53.628
Wales,,2022-07-19,50.789
Wales,,2022-07-20,50.158
Wales,,2022-07-21,49.211
Wales,,2022-07-22,49.211
Wales,,2022-07-23,49.527
Wales,,2022-07-24,48.58
Wales,,2022-07-25,48.265
Wales,,2022-07-26,47.634
Wales,,2022-07-27,46.057
Wales,,2022-07-28,43.849
Wales,,2022-07-29,42.587
Wales,,2022-07-30,38.17
Wales,,2022-07-31,35.331
Wales,,2022-08-01,35.962
Wales,,2022-08-02,36.278
Wales,,2022-08-03,36.278
Wales,,2022-08-04,33.438
Wales,,2022-08-05,33.438
Wales,,2022-08-06,32.808
Wales,,2022-08-07,34.385
Wales,,2022-08-08,35.016
Wales,,2022-08-09,33.438
Wales,,2022-08-10,31.546
Wales,,2022-08-11,34.069
Wales,,2022-08-12,33.754
Wales,,2022-08-13,34.069
Wales,,2022-08-14,34.069
Wales,,2022-08-15,31.861
Wales,,2022-08-16,30.915
Wales,,2022-08-17,30.915
Wales,,2022-08-18,29.338
Wales,,2022-08-19,24.921
Wales,,2022-08-20,24.29
Wales,,2022-08-21,21.451
Wales,,2022-08-22,19.874
Wales,,2022-08-23,19.874
Wales,,2022-08-24,17.981
Wales,,2022-08-25,16.088
Wales,,2022-08-26,16.404
Wales,,2022-08-27,13.565
Wales,,2022-08-28,13.249
Wales,,2022-08-29,12.934
Wales,,2022-08-30,11.041
Wales,,2022-08-31,9.464
Wales,,2022-09-01,9.148
Wales,,2022-09-02,8.833
Wales,,2022-09-03,10.726
Wales,,2022-09-04,11.356
Wales,,2022-09-05,12.934
Wales,,2022-09-06,13.88
Wales,,2022-09-07,14.511
Wales,,2022-09-08,15.142
Wales,,2022-09-09,16.719
Wales,,2022-09-10,17.035
Wales,,2022-09-11,17.35
Wales,,2022-09-12,15.773
Wales,,2022-09-13,16.088
Wales,,2022-09-14,16.719
Wales,,2022-09-15,17.35
Wales,,2022-09-16,18.612
Wales,,2022-09-17,19.874
Wales,,2022-09-18,20.505
Wales,,2022-09-19,20.82
Wales,,2022-09-20,22.082
Wales,,2022-09-21,21.136
Wales,,2022-09-22,20.82
Wales,,2022-09-23,19.558
Wales,,2022-09-24,17.35
Wales,,2022-09-25,16.404
Wales,,2022-09-26,16.404
Wales,,2022-09-27,15.142
Wales,,2022-09-28,20.189
Wales,,2022-09-29,21.451
Wales,,2022-09-30,25.237
Wales,,2022-10-01,29.653
Wales,,2022-10-02,32.808
Wales,,2022-10-03,34.7
Wales,,2022-10-04,40.379
Wales,,2022-10-05,38.801
Wales,,2022-10-06,42.587
Wales,,2022-10-07,44.164
Wales,,2022-10-08,43.849
Wales,,2022-10-09,41.325
Wales,,2022-10-10,43.218
Wales,,2022-10-11,41.009
Wales,,2022-10-12,44.164
Wales,,2022-10-13,42.271
Wales,,2022-10-14,36.909
Wales,,2022-10-15,38.486
Wales,,2022-10-16,41.009
Wales,,2022-10-17,38.801
Wales,,2022-10-18,37.539
Wales,,2022-10-19,32.492
Wales,,2022-10-20,31.546
Wales,,2022-10-21,33.438
Wales,,2022-10-22,29.022
Wales,,2022-10-23,26.183
Wales,,2022-10-24,25.868
Wales,,2022-10-25,25.868
Wales,,2022-10-26,26.183
Wales,,2022-10-27,26.183
Wales,,2022-10-28,27.129
Wales,,2022-10-29,29.338
Wales,,2022-10-30,29.653
Wales,,2022-10-31,29.338
Wales,,2022-11-01,27.445
Wales,,2022-11-02,26.498
Wales,,2022-11-03,26.814
Wales,,2022-11-04,24.921
Wales,,2022-11-05,21.767
Wales,,2022-11-06,22.397
Wales,,2022-11-07,22.397
Wales,,2022-11-08,22.082
Wales,,2022-11-09,22.713
Wales,,2022-11-10,19.874
Wales,,2022-11-11,17.981
Wales,,2022-11-12,17.35
Wales,,2022-11-13,14.826
Wales,,2022-11-14,13.88
Wales,,2022-11-15,13.249
Wales,,2022-11-16,11.987
Wales,,2022-11-17,11.672
Wales,,2022-11-18,11.672
Wales,,2022-11-19,11.987
Wales,,2022-11-20,12.618
Wales,,2022-11-21,12.618
Wales,,2022-11-22,12.934
Wales,,2022-11-23,13.565
Wales,,2022-11-24,13.88
Wales,,2022-11-25,13.249
Wales,,2022-11-26,11.987
Wales,,2022-11-27,12.618
Wales,,2022-11-28,13.565
Wales,,2022-11-29,12.618
Wales,,2022-11-30,11.356
Wales,,2022-12-01,9.779
Wales,,2022-12-02,11.987
Wales,,2022-12-03,11.987
Wales,,2022-12-04,11.987
Wales,,2022-12-05,11.672
Wales,,2022-12-06,16.088
Wales,,2022-12-07,18.297
Wales,,2022-12-08,22.713
Wales,,2022-12-09,21.451
Wales,,2022-12-10,23.028
Wales,,2022-12-11,23.344
Wales,,2022-12-12,25.237
Wales,,2022-12-13,24.606
Wales,,2022-12-14,23.344
Wales,,2022-12-15,23.028
Wales,,2022-12-16,22.713
Wales,,2022-12-17,23.975
Wales,,2022-12-18,23.344
Wales,,2022-12-19,23.028
Wales,,2022-12-20,24.921
Wales,,2022-12-21,28.391
Wales,,2022-12-22,30.915
Wales,,2022-12-23,36.593
Wales,,2022-12-24,40.379
Wales,,2022-12-25,43.218
Wales,,2022-12-26,43.218
Wales,,2022-12-27,39.117
Wales,,2022-12-28,36.909
Wales,,2022-12-29,37.224
Wales,,2022-12-30,35.962
Wales,,2022-12-31,31.546
Wales,,2023-01-01,31.861
Wales,,2023-01-02,33.123
Wales,,2023-01-03,33.754
Wales,,2023-01-04,37.539
Wales,,2023-01-05,34.7
Wales,,2023-01-06,33.438
Wales,,2023-01-07,33.754
Wales,,2023-01-08,32.177
Wales,,2023-01-09,31.861
Wales,,2023-01-10,31.861
Wales,,2023-01-11,29.022
Wales,,2023-01-12,29.022
Wales,,2023-01-13,26.183
Wales,,2023-01-14,23.975
Wales,,2023-01-15,22.397
Wales,,2023-01-16,18.927
Wales,,2023-01-17,18.927
Wales,,2023-01-18,15.142
Wales,,2023-01-19,12.934
Wales,,2023-01-20,11.672
Wales,,2023-01-21,12.303
Wales,,2023-01-22,11.356
Wales,,2023-01-23,11.672
Wales,,2023-01-24,8.202
Wales,,2023-01-25,8.833
Wales,,2023-01-26,7.886
Wales,,2023-01-27,7.886
Wales,,2023-01-28,7.256
Wales,,2023-01-29,7.571
Wales,,2023-01-30,8.202
Wales,,2023-01-31,11.356
Wales,,2023-02-01,10.41
Wales,,2023-02-02,11.041
Wales,,2023-02-03,10.095
Wales,,2023-02-04,10.726
Wales,,2023-02-05,11.672
Wales,,2023-02-06,12.303
Wales,,2023-02-07,11.356
Wales,,2023-02-08,13.88
Wales,,2023-02-09,13.249
Wales,,2023-02-10,13.249
Wales,,2023-02-11,11.356
Wales,,2023-02-12,9.148
Wales,,2023-02-13,6.94
Wales,,2023-02-14,4.732
Wales,,2023-02-15,3.155
Wales,,2023-02-16,1.577
Wales,,2023-02-17,1.262
Wales,,2023-02-18,1.262
Wales,,2023-02-19,1.262
Wales,,2023-02-20,1.262
Wales,,2023-02-21,1.262
Wales,,2023-02-22,2.524
Wales,,2023-02-23,2.524
Wales,,2023-02-24,2.524
Wales,,2023-02-25,2.524
Wales,,2023-02-26,2.524
Wales,,2023-02-27,2.524
Wales,,2023-02-28,2.524
Wales,,2023-03-01,1.262
Wales,,2023-03-02,1.262
Wales,,2023-03-03,1.262
Wales,,2023-03-04,1.262
Wales,,2023-03-05,1.262
Wales,,2023-03-06,1.262
Wales,,2023-03-07,1.262
Wales,,2023-03-08,2.208
Wales,,2023-03-09,2.208
Wales,,2023-03-10,2.208
Wales,,2023-03-11,2.208
Wales,,2023-03-12,2.208
Wales,,2023-03-13,2.208
Wales,,2023-03-14,2.208
Wales,,2023-03-15,6.309
Wales,,2023-03-16,6.309
Wales,,2023-03-17,6.309
Wales,,2023-03-18,6.309
Wales,,2023-03-19,6.309
Wales,,2023-03-20,6.309
Wales,,2023-03-21,6.309
Wales,,2023-03-22,5.994
Wales,,2023-03-23,5.994
Wales,,2023-03-24,5.994
Wales,,2023-03-25,5.994
Wales,,2023-03-26,5.994
Wales,,2023-03-27,5.994
Wales,,2023-03-28,5.994
Wales,,2023-03-29,4.101
Wales,,2023-03-30,4.101
Wales,,2023-03-31,4.101
Wales,,2023-04-01,4.101
Wales,,2023-04-02,4.101
Wales,,2023-04-03,4.101
Wales,,2023-04-04,4.101
Wales,,2023-04-05,1.893
Wales,,2023-04-06,1.893
Wales,,2023-04-07,1.893
Wales,,2023-04-08,1.893
Wales,,2023-04-09,1.893
Wales,,2023-04-10,1.893
Wales,,2023-04-11,1.893
Wales,,2023-04-12,1.577
Wales,,2023-04-13,1.577
Wales,,2023-04-14,1.577
Wales,,2023-04-15,1.577
Wales,,2023-04-16,1.577
Wales,,2023-04-17,1.577
Wales,,2023-04-18,1.577
Wales,,2023-04-19,1.262
Wales,,2023-04-20,1.262
Wales,,2023-04-21,1.262
Wales,,2023-04-22,1.262
Wales,,2023-04-23,1.262
Wales,,2023-04-24,1.262
Wales,,2023-04-25,1.262
Wales,,2023-04-26,1.893
Wales,,2023-04-27,1.893
Wales,,2023-04-28,1.893
Wales,,2023-04-29,1.893
Wales,,2023-04-30,1.893
Wales,,2023-05-01,1.893
Wales,,2023-05-02,1.893
Wales,,2023-05-03,2.208
Wales,,2023-05-04,2.208
Wales,,2023-05-05,2.208
Wales,,2023-05-06,2.208
Wales,,2023-05-07,2.208
Wales,,2023-05-08,2.208
Wales,,2023-05-09,2.208
Wales,,2023-05-10,1.262
Wales,,2023-05-11,1.262
Wales,,2023-05-12,1.262
Wales,,2023-05-13,1.262
Wales,,2023-05-14,1.262
Wales,,2023-05-15,1.262
Wales,,2023-05-16,1.262
Wales,,2023-05-17,0.946
Wales,,2023-05-18,0.946
Wales,,2023-05-19,0.946
Wales,,2023-05-20,0.946
Wales,,2023-05-21,0.946
Wales,,2023-05-22,0.946
Wales,,2023-05-23,0.946
Wales,,2023-05-24,1.893
Wales,,2023-05-25,1.893
Wales,,2023-05-26,1.893
Wales,,2023-05-27,1.893
Wales,,2023-05-28,1.893
Wales,,2023-05-29,1.893
Wales,,2023-05-30,1.893
Wales,,2023-05-31,0.315
Wales,,2023-06-01,0.315
Wales,,2023-06-02,0.315
Wales,,2023-06-03,0.315
Wales,,2023-06-04,0.315
Wales,,2023-06-05,0.315
Wales,,2023-06-06,0.315
Wales,,2023-06-07,1.893
Wales,,2023-06-08,1.893
Wales,,2023-06-09,1.893
Wales,,2023-06-10,1.893
Wales,,2023-06-11,1.893
Wales,,2023-06-12,1.893
Wales,,2023-06-13,1.893
Wales,,2023-06-14,0.631
Wales,,2023-06-15,0.631
Wales,,2023-06-16,0.631
Wales,,2023-06-17,0.631
Wales,,2023-06-18,0.631
Wales,,2023-06-19,0.631
Wales,,2023-06-20,0.631
Wales,,2023-06-21,0.631
Wales,,2023-06-22,0.631
Wales,,2023-06-23,0.631
Wales,,2023-06-24,0.631
Wales,,2023-06-25,0.631
Wales,,2023-06-26,0.631
Wales,,2023-06-27,0.631
Wales,,2023-06-28,0.631
Wales,,2023-06-29,0.631
Wales,,2023-06-30,0.631
Wales,,2023-07-01,0.631
Wales,,2023-07-02,0.631
Wales,,2023-07-03,0.631
Wales,,2023-07-04,0.631
Wales,,2023-07-05,0.631
Wales,,2023-07-06,0.631
Wales,,2023-07-07,0.631
Wales,,2023-07-08,0.631
Wales,,2023-07-09,0.631
Wales,,2023-07-10,0.631
Wales,,2023-07-11,0.631
Wales,,2023-07-12,1.577