"country","lineage","slope_log","slope_y_1_7","peak_val","auc_norm","longest_inc_run","zero_count","c22_DN_HistogramMode_5","c22_DN_HistogramMode_10","c22_CO_f1ecac","c22_CO_FirstMin_ac","c22_CO_HistogramAMI_even_2_5","c22_CO_trev_1_num","c22_MD_hrv_classic_pnn40","c22_SB_BinaryStats_mean_longstretch1","c22_SB_TransitionMatrix_3ac_sumdiagcov","c22_PD_PeriodicityWang_th0_01","c22_CO_Embed2_Dist_tau_d_expfit_meandiff","c22_IN_AutoMutualInfoStats_40_gaussian_fmmi","c22_FC_LocalSimple_mean1_tauresrat","c22_DN_OutlierInclude_p_001_mdrmd","c22_DN_OutlierInclude_n_001_mdrmd","c22_SP_Summaries_welch_rect_area_5_1","c22_SB_BinaryStats_diff_longstretch0","c22_SB_MotifThree_quantile_hh","c22_SC_FluctAnal_2_rsrangefit_50_1_logi_prop_r1","c22_SC_FluctAnal_2_dfa_50_1_2_logi_prop_r1","c22_SP_Summaries_welch_rect_centroid","c22_FC_LocalSimple_mean3_stderr"
"Australia","A",-0.0793017858935699,-0.00783879341210169,0.178571428571429,0.0570238088206136,2,2,-0.685952532996666,-0.842324693782126,1.71701798394292,1,0.645803641478587,-0.550017024282877,1,5,0.0740740740740741,4,0.0805072543271414,3,0.166666666666667,-0.619047619047619,0.476190476190476,0.468812506763716,4,2.12862074618514,0,0,0.589048622548125,0.564020972794279
"Australia","A.2.2",0.0436537873241261,0.0240118860575945,0.278947368421053,0.14349565469543,2,0,-0.687294822090213,-0.071014374358867,2.21992289462184,3,0.649296988868323,1.58474517953545,0.85,7,0.0233333333333333,4,0.0663482661382759,1,0.5,-0.285714285714286,-0.0476190476190477,0.315786391717344,4,2.08546843531737,0,0,0.7853981633975,0.822905178229952
"Australia","AU (B.1.466.2)",-0.0509990599104885,-0.00824175824175824,0.2,0.0131868131868132,1,19,0.148208347557465,-0.0693232593413948,1.59269769500106,4,0.0060232457322229,-0.234264807429541,0.15,2,0.216666666666667,0,0.225550181490775,4,1,-0.142857142857143,0.0476190476190477,0.10686974058862,2,0.518186213050213,0,0,1.570796326795,1.22549294988797
"Australia","AY (B.1.617.2)",0.0606469702403788,-0.00892857142857143,0.4,0.0283068783068783,2,18,0.129738206422097,-0.0921669611233901,1.77048440068781,3,0.019215621788622,-2.67010394009099,0.2,3,0.133333333333333,0,0.203510584991263,1,0.5,0.619047619047619,0,0.159745135037454,2,0.708346577706171,0,0,1.17809724509625,1.26404174114603
"Australia","AY.39",-0.244544774555897,-0.0139896867838044,0.25,0.0234215911965273,1,15,0.0275120433597629,-0.19036594949,1.64879606437361,3,0.019215621788622,-3.96967262079162,0.45,4,0.0766666666666667,0,0.0747105125033556,3,0.5,-0.428571428571429,0.238095238095238,0.138266482450928,4,1.1655244399347,0,0,1.37444678594563,0.626927356920528
"Australia","AY.39.1.2",-0.130881596607778,-0.00255102040816327,0.0238095238095238,0.00113378684807256,0,20,0.240039679259592,0.0109108945117996,1.63061908481708,21,0,-4.81170447970364,0.05,1,0.285833333333333,0,0.154428516563958,11,1,-0.904761904761905,0.0952380952380953,0.141604822772246,1,0.198515243345873,0,0,1.570796326795,0.360041149911548
"Australia","AY.39.1.3",0.118765441882231,0.0152575375094801,0.313207547169811,0.139702301273777,3,0,-0.416600850210579,-0.233187997187567,4.79792653123484,11,0.655993280579703,0.0608844541126444,0.85,5,0.166666666666667,3,0.240612737679119,1,0.111111111111111,0.619047619047619,-0.714285714285714,0.600591547999277,4,1.84790080050907,0,0,0.196349540849375,0.587520183983777
"Australia","AY.39.1.4",0.205206305915033,0.00882094102801908,0.107954545454545,0.0455152009018705,2,1,-1.08219918356191,-0.913954404706958,2.31112229316791,3,0.718358502980387,0.482860641498762,0.95,5,0.0740740740740741,0,0.082905468650175,2,0.166666666666667,0.619047619047619,-0.523809523809524,0.347347977623943,4,1.91721551856506,0,0,0.589048622548125,0.967072671741693
"Australia","B.1",0.0456767195199079,0.0290741296518608,0.470967741935484,0.292535295032842,4,0,0.635664256339441,0.418855520806972,2.37833681937971,3,0.434635797136022,0.220158555086526,0.9,7,0.0185185185185185,5,0.170643061053997,2,0.333333333333333,0.761904761904762,-0.857142857142857,0.287040329257909,4,1.95601150271407,0,0,0.7853981633975,0.927235963423353
"Australia","B.1.1.416",0.349396514372669,-0.0285714285714286,0.25,0.0598208794416225,2,11,-0.437820043603451,-0.594988691633098,1.76054626741448,1,0.349466693643101,-1.22438395141008,0.7,3,0.0666666666666667,2,0.133633294880044,3,0.25,0.714285714285714,-0.142857142857143,0.241288318886345,3,1.82519946677294,0,0,0.981747704246875,0.802264598275085
"Australia","B.1.160",-0.152416584626655,-0.0133928571428571,0.125,0.00595238095238095,0,20,0.240039679259592,0.0109108945117996,1.63061908481708,21,0,-4.81170447970363,0.05,1,0.285833333333333,0,0.154428516563958,11,1,-0.904761904761905,0.0952380952380953,0.141604822772245,1,0.198515243345873,0,0,1.570796326795,0.360041149911548
"Australia","B.1.2",0.00595428639057944,-0.00118793026192513,0.037037037037037,0.00829911290374348,2,11,-0.405125523114367,-0.568382464456021,1.72437129279118,2,0.203132971810181,-1.05432611642176,0.7,4,0.0733333333333333,3,0.124984485037955,2,0.5,0.428571428571429,-0.0476190476190477,0.193999137163936,3,1.78204715590517,0,0,1.570796326795,1.18517812153142
"Australia","B.1.23",0.298993658921083,0.00471147219743228,0.127906976744186,0.0478794972464483,3,2,-0.911911910640379,-1.07811864465473,3.99283221988152,1,0.665064391041269,-0.137717358064293,0.95,8,0.166666666666667,3,0.103753134223021,5,0.142857142857143,0.428571428571429,-0.619047619047619,0.666104197736282,4,1.91721551856506,0,0,0.39269908169875,0.820307865620786
"Australia","B.1.258",-0.130277466533481,-0.00243506493506494,0.0227272727272727,0.00108225108225108,0,20,0.240039679259592,0.0109108945117996,1.63061908481708,21,0,-4.81170447970364,0.05,1,0.285833333333333,0,0.154428516563958,11,1,-0.904761904761905,0.0952380952380953,0.141604822772246,1,0.198515243345873,0,0,1.570796326795,0.360041149911548
"Australia","B.1.319",-0.235847902347222,0.0056396367746881,0.0598802395209581,0.0288659438320838,2,5,-1.12133226713669,-1.26807997210933,1.61216693188058,1,0.447702335955872,0.0284889520686377,0.95,8,0.0116666666666667,4,0.12954470630029,2,1,-0.428571428571429,0.476190476190476,0.187787303409099,3,2.08546843531737,0,0,1.96349540849375,1.02529341055862
"Australia","B.1.338",-0.101130394088134,-0.00158279220779221,0.125,0.0103165109744057,1,17,0.0750595834729734,-0.139790315568035,1.56156169082304,2,0.0124126275149567,-0.0183658782929115,0.35,2,0.118333333333333,4,0.1983737649286,3,1,0.380952380952381,0.0476190476190477,0.113469932839038,2,0.886464475679797,0,0,1.96349540849375,1.19742984692366
"Australia","B.1.351",0.0859695622944837,-0.00600961538461538,0.333333333333333,0.0469093406593407,1,13,-0.161029008219618,-0.358717234162084,1.5270439017985,2,0.12045940399934,0.431749153749272,0.65,2,0.0416666666666667,5,0.174202073714213,2,1,0.428571428571429,0.0476190476190477,0.0170913975158236,2,1.50994476516758,0,0,1.96349540849375,1.28007719495796
"Australia","B.1.36",-0.0703867041517177,-0.000595238095238094,0.142857142857143,0.0223704866562009,1,16,-0.187448574206277,-0.353058479572988,1.61949961315037,3,0.0568253985199022,0.338466826545185,0.35,3,0.121666666666667,3,0.138092735464892,4,1,-0.428571428571429,0.0952380952380953,0.104149417960709,3,0.998931504603559,0,0,1.570796326795,1.27666151093534
"Australia","B.1.36.1",-0.158520488902827,-0.0214285714285714,0.2,0.00952380952380952,0,20,0.240039679259592,0.0109108945117997,1.63061908481708,21,0,-4.81170447970363,0.05,1,0.285833333333333,0,0.154428516563958,11,1,-0.904761904761905,0.0952380952380953,0.141604822772245,1,0.198515243345873,0,0,1.570796326795,0.360041149911548
"Australia","B.1.429",-0.0695558862348191,-0.0306122448979592,0.333333333333333,0.0374704660418946,1,17,-0.0439225867448369,-0.220867143272858,1.67982413482969,7,0.153695543035411,-2.55807233385187,0.25,4,0.0740740740740741,0,0.261347875437132,1,0.333333333333333,-0.285714285714286,-0.0476190476190477,0.137568137464144,2,0.826065186615344,0,0,1.37444678594563,1.0134314956371
"Australia","B.29",0.312313127958823,-0.00185025654362325,0.0348837209302326,0.015824159420553,3,4,0.146900096521584,-0.486643658538135,1.79002142012196,2,0.599388000355164,-0.52631345464791,0.9,5,0.0433333333333333,4,0.146984017099491,1,0.5,0.428571428571429,-0.333333333333333,0.317549155037234,4,2.09464093882606,0,0,1.17809724509625,0.956041973139786
"Australia","B.3",0.175253393561911,-0.00430277374107538,0.0892857142857143,0.0352818361867282,2,2,-0.365304936302086,-0.173355523676918,1.61878302576995,2,0.297039020881163,1.10866238139336,1,3,0.0191666666666667,4,0.147596948949932,4,1,0.0476190476190477,-0.19047619047619,0.0323904683746051,5,2.02968254748882,0,0,1.570796326795,1.11785797559127
"Australia","B.4.5",0.0915835897252863,-0.0102040816326531,0.0714285714285714,0.0170058379753305,3,6,-0.535408825584625,-0.72928270707816,2.62754471271396,6,0.313854385517789,-0.437426619480505,0.75,5,0.0625,3,0.175216371443641,4,0.2,-0.666666666666667,0.0476190476190477,0.510441922783961,3,1.97300140639361,0,0,0.39269908169875,0.68015046588712
"Australia","B.40",0.161471642477664,-0.00982142857142857,0.142857142857143,0.0340885691043724,2,4,0.262771009695894,0.0487184355302168,1.66249691246832,2,0.111601741489387,-1.25346010916494,0.9,3,0.0333333333333333,0,0.161581485837958,2,0.5,-0.238095238095238,0.142857142857143,0.0439308715971379,4,2.1116308425056,0,0,1.570796326795,0.862287693366255
"Australia","B.6",-0.0651892582728436,-0.0115652840083402,0.117647058823529,0.0345252459498658,2,3,-0.71296607703125,-0.897228756552197,1.74114232143501,2,0.180921367388226,-2.22346176870281,0.9,4,0.08,4,0.104593359330089,1,0.25,-0.857142857142857,0.285714285714286,0.205034948625474,3,2.1116308425056,0,0,1.37444678594563,0.590330816599283
"Australia","BA.1 (BA.1)",0.42705892989831,-0.002236902223576,0.0224358974358974,0.00846596195159177,4,7,-0.799956291455858,-0.94417570415206,4.07014495879564,10,0.436162325385344,0.0327070696760946,0.75,8,0.166666666666667,0,0.382069179503703,7,0.285714285714286,0.619047619047619,-0.380952380952381,0.697573250895533,3,1.89105311137683,0,0,0.196349540849375,0.645886305839623
"Australia","BA.1.1 (BA.1.1)",0.134713564730198,0.00299665653824338,0.0617283950617284,0.0255644554540675,5,1,-0.493876670686593,-0.133311727150357,2.34385040207934,5,0.24338669347209,0.134258218278199,1,5,0.0277777777777778,5,0.170073101681155,2,0.666666666666667,0.238095238095238,-0.619047619047619,0.263251159068495,3,1.87752428114939,0,0,0.7853981633975,0.992501220658681
"Australia","BA.1.17.1 (BA.1.17.1)",0.0449973517323401,0.0035436783520629,0.0689655172413793,0.0326708099234794,3,0,-0.943394749994147,0.589594084324659,3.20699462358558,6,0.606342403853319,0.365238886588257,0.9,7,0.04,0,0.0619904039089179,3,0.25,0.19047619047619,-0.523809523809524,0.516079525851426,3,1.96036782943283,0,0,0.39269908169875,0.960695597338733
"Australia","BA.2 (BA.2)",0.0318423406749406,5.64407647028667e-05,0.0416666666666667,0.0202201986091487,3,0,-0.907389685819208,-0.764284189706725,1.72382334852512,2,0.41320855647011,-0.214048619300099,1,6,0.04,3,0.19651645239496,2,0.5,0.476190476190476,-0.238095238095238,0.176116490946212,4,2.15478315337337,0,0,1.37444678594563,1.24561172239103
"Australia","BA.2.10 (BA.2.10)",0.228980665958985,-1.71952881920598e-05,0.0666666666666667,0.0117964997581275,3,6,-0.343549950325945,-0.566786550946096,1.89807010865239,3,0.116927415098847,0.350496988831758,0.85,5,0.0555555555555556,0,0.0676091246231837,1,0.333333333333333,0.333333333333333,-0.142857142857143,0.228380168624834,4,2.12862074618514,0,0,0.981747704246875,1.24953331737643
"Australia","BA.2.12.2 (BA.2.12.2)",0.0399577353557935,-0.00106260565441626,0.0204498977505112,0.00838217313608429,2,2,-0.414419336894344,-0.225855375225614,2.09281799180301,3,0.443706907597588,0.157717244048492,0.9,3,0.0462962962962963,0,0.122116054504326,1,0.666666666666667,0,-0.0476190476190477,0.318958306185435,5,2.01269264380928,0,0,0.981747704246875,1.07196823917788
"Australia","BA.2.3 (BA.2.3)",-0.120840805809184,-0.00117739403453689,0.010989010989011,0.000523286237571952,0,20,0.240039679259592,0.0109108945117996,1.63061908481708,21,0,-4.81170447970363,0.05,1,0.285833333333333,0,0.154428516563958,11,1,-0.904761904761905,0.0952380952380953,0.141604822772246,1,0.198515243345873,0,0,1.570796326795,0.360041149911548
"Australia","BA.2.33 (BA.2.33)",0.171849643089841,-0.00162980072917961,0.018957345971564,0.00471163317308265,2,10,-0.466279028912096,-0.623234484373838,2.33995732588244,5,0.297496804630754,0.18497326732311,0.65,4,0.0666666666666667,5,0.0869475205886829,3,0.25,0.714285714285714,-0.0952380952380952,0.400259786754821,3,1.92067659201716,0,0,0.7853981633975,1.00200055094584
"Australia","BA.2.42 (BA.2.42)",0.137390991756164,-0.00213261167471525,0.0300751879699248,0.0112553642034756,2,1,-0.254891294026796,-0.426556395179777,1.61065084834302,2,0.368727443205783,-1.01846934631051,0.95,3,0.0116666666666667,3,0.125082502165051,4,1,0.523809523809524,-0.333333333333333,0.177078383619709,4,2.08546843531737,0,0,1.570796326795,1.01272989366086
"Australia","BA.4 (BA.4)",0.0591341893632873,-0.00107142857142857,0.01,0.00180988895036008,2,14,-0.268075512542346,-0.433576913952477,1.66564324904906,2,0.163508070373119,-2.45975777959167,0.55,3,0.0766666666666667,3,0.075391795423442,4,0.5,0.380952380952381,-0.0952380952380952,0.179921518390994,2,1.25804814536419,0,0,1.76714586764437,0.943889355270763
"Australia","BA.4.1 (BA.4.1)",0.30986123024938,-0.00113319961715368,0.0144927536231884,0.00364126388637967,2,9,-0.5229151066121,-0.69578279553441,1.80022713568303,3,0.208560847059013,-2.06737681948687,0.65,3,0.0166666666666667,3,0.0997762012552676,1,0.5,0.428571428571429,-0.238095238095238,0.246002828981026,3,2.01615371726138,0,0,1.37444678594563,0.926325166394813
"Australia","BA.4.5 (BA.4.5)",0.165536081013168,-0.000133141942274685,0.0291666666666667,0.00805400691609544,2,5,-0.630042408225876,-0.808892124366747,2.37497328683874,3,0.324478293185591,1.40274733736461,0.85,3,0.166666666666667,2,0.0769656802128843,1,0.142857142857143,0.857142857142857,-0.142857142857143,0.36506792956562,3,2.06847853163783,0,0,0.7853981633975,0.896909075631166
"Australia","BA.4.6.4 (BA.4.6.4)",-0.0345696467028683,-0.00144432172231039,0.021978021978022,0.00756535111673431,2,1,-0.181047805062178,-0.385744294585353,1.64141377872707,2,0.203391083596956,0.375582582481306,0.95,3,0.0433333333333333,2,0.165529922235132,4,0.5,-0.333333333333333,0.0476190476190477,0.144958169876265,4,2.08546843531737,0,0,1.570796326795,0.916219104176724
"Australia","BA.5 (BA.5)",0.0543202249148122,-0.000398236890412958,0.0418250950570342,0.0148666935914348,2,1,-0.229416413772921,-0.436287486037816,1.65376693199007,1,0.477358418906891,2.27514364038875,1,5,0.0277777777777778,3,0.149839499988751,2,0.333333333333333,0.571428571428571,-0.285714285714286,0.33678216576385,4,2.1116308425056,0,0,1.37444678594563,1.15211249563673
"Australia","BA.5.1 (BA.5.1)",0.144593822718869,-2.87926761491602e-05,0.0310880829015544,0.0139251655447695,3,1,-0.184768095005342,-0.377531401454784,2.89117597089614,3,0.790737207702276,0.312815123993382,1,5,0.166666666666667,5,0.199680656995505,2,0.111111111111111,0.714285714285714,-0.428571428571429,0.468973053830725,4,1.99916381358184,0,0,0.589048622548125,0.986177697287189
"Australia","BA.5.2 (BA.5.2)",0.102965388458456,0.000777962775479016,0.0662251655629139,0.0214226808663111,3,0,-0.729233605700454,-0.924504935341263,3.4255984413161,4,0.405669996582271,0.283633691596533,0.95,8,0.166666666666667,5,0.10328246926629,2,0.125,0.80952380952381,-0.476190476190476,0.515084916410175,3,1.87406320769729,0,0,0.39269908169875,0.818544272026056
"Australia","BA.5.6 (BA.5.6)",0.0273418365667202,0.00159647169149582,0.0383141762452107,0.0182057807446146,2,0,-0.854303537467568,-0.692328202398462,1.66431977501363,1,0.451935749882695,0.88740966565796,0.9,3,0.0277777777777778,3,0.109137569115511,2,0.333333333333333,0.0952380952380953,-0.428571428571429,0.220402968437951,4,2.15478315337337,0,0,1.570796326795,1.20910427027234
"Australia","BA.5.7 (BA.5.7)",-0.04412106657995,-0.00481011259037565,0.0536912751677852,0.0123698470742099,4,1,-0.622210587344848,-0.383611686307745,1.83638316541077,2,0.158399769083485,-1.76659444842473,0.95,4,0.0133333333333333,0,0.140970730303295,2,0.5,-0.428571428571429,0.238095238095238,0.12820824947853,3,2.1116308425056,0,0,0.981747704246875,0.815232747460015
"Australia","BC5 (BA.1.1.15)",0.0257710251406542,0.000812035000572297,0.0416666666666667,0.0224568041849796,2,0,-0.626774718100473,-0.461344577186826,1.81521976940582,2,0.512184265319968,0.0976102100323853,1,5,0.0625,3,0.0936375054385985,1,0.2,0.333333333333333,-0.428571428571429,0.40357197841048,3,1.95601150271407,0,0,1.37444678594563,1.04356831959751
"Australia","BE.1",-0.0539373668444619,-0.000629536008799542,0.0212201591511936,0.00639201082847096,2,5,-0.00461021789414606,-0.193011489442225,1.49826069777719,1,0.243054626544776,0.486656217669255,0.9,2,0.0116666666666667,3,0.0847373517746158,1,1,0.666666666666667,0.238095238095238,0.0351002070455574,3,2.08546843531737,0,0,1.96349540849375,1.26808709537388
"Australia","BF (BA.5.2.1)",0.097988708077911,0.0019380277387602,0.0596026490066225,0.0254665029582755,2,0,-0.326383110031496,-0.502837497527196,3.94448161210079,9,0.577276499616389,0.460337765956428,1,5,0.166666666666667,4,0.107206661219877,1,0.111111111111111,0.857142857142857,-0.619047619047619,0.504384456818241,4,2.08546843531737,0,0,0.196349540849375,0.601565100930854
"Australia","BF.17",0.197001655162376,0.00201240752937947,0.0201612903225806,0.00949099399669141,2,2,0.829740362389119,0.467798240438504,1.64345707767674,4,0.517354028782025,0.713733680039464,0.9,4,0.02,5,0.231684595928752,6,0.5,0.142857142857143,-0.0952380952380952,0.0532374631508015,5,2.12862074618514,0,0,1.570796326795,1.11286034269072
"Australia","BF.18",0.0352541257426844,-0.000203107651167744,0.0383141762452107,0.0144025024618012,2,2,-0.287635771338779,-0.0981656570461085,1.85056288019684,4,0.463117544983268,0.522852899214047,1,4,0.04,0,0.0963847944429296,1,0.5,0.333333333333333,0.19047619047619,0.0258206995183091,5,2.15478315337337,0,0,1.17809724509625,1.30660856732731
"Australia","BG (BA.2.12.1)",0.140720683288201,-0.001385906785297,0.0251572327044025,0.00913814426514658,2,1,-0.620162905800717,-0.810115802061853,1.62583244057456,2,0.325420665045229,-2.8654140714402,1,4,0.00666666666666667,2,0.116636192495642,3,1,0.428571428571429,-0.523809523809524,0.17051611874742,3,2.12862074618514,0,0,1.570796326795,0.855650445152942
"Australia","BJ (BA.2.10.1)",0.0928466212747119,0.00578999612104813,0.11522633744856,0.0379516481196424,5,0,0.072047777649679,-0.287300004691514,3.13884056592635,6,0.307536555908872,0.932036018587253,0.85,5,0.0740740740740741,0,0.0734557795072601,5,0.166666666666667,0.761904761904762,-0.666666666666667,0.370685970077824,2,1.94683899920539,0,0,0.589048622548125,0.785893536374484
"Australia","BN.1",0.0884030999138173,-0.00140356549957659,0.0274725274725275,0.0103942166811154,2,3,-0.920404290970621,-0.424406812986897,1.42247985090162,1,0.51371079356929,0.543693973063706,1,3,0.0291666666666667,3,0.156439789272884,1,1,0.0476190476190477,-0.238095238095238,0.02270917624088,4,1.90022561488552,0,0,2.3561944901925,1.13100512264125
"Australia","BN.1.3",0.135603059367459,-0.000877820691087724,0.0175438596491228,0.00877027226673131,2,2,0.000314440368208935,1.1651451061263,1.40778953134226,1,0.431092665606467,0.714566125662892,1,2,0.0116666666666667,3,0.33734103498431,3,1,0.0952380952380953,-0.0476190476190477,0.0506652315550099,3,2.08546843531737,0,0,2.55254403104187,1.14400235665004
"Australia","BQ.1",0.280293123381074,-0.000561917273812971,0.0357142857142857,0.0145716565647646,3,3,-0.351799770754498,-0.51466040840082,4.70840415504026,2,0.646338013728452,-0.398340731713466,0.95,7,0.166666666666667,2,0.100713675409698,1,0.142857142857143,0.571428571428571,-0.523809523809524,0.601264260239966,2,1.71273243784917,0,0,0.39269908169875,0.78901113354602
"Australia","BQ.1.1",0.0531781080735229,-0.000467713411799404,0.03125,0.0161333081072175,4,1,0.666472527143416,0.485103804629653,1.58593810741417,2,0.408038793008053,-1.48880712012812,0.95,5,0.0116666666666667,3,0.0997442866299643,4,1,0.380952380952381,-0.333333333333333,0.146650571023607,4,2.08546843531737,0,0,1.76714586764437,1.14563182411188
"Australia","BR.2.1",0.123369484615872,-0.00176942129444346,0.0594679186228482,0.0203262318703077,3,1,-0.166244154706997,0.0326047073419895,1.81388474985826,2,0.261270802608447,-0.235470187707408,0.95,4,0.01,0,0.0829553604404659,2,0.5,0.0952380952380953,-0.476190476190476,0.153007328502435,3,2.15478315337337,0,0,0.981747704246875,1.2409746475576
"Australia","C (B.1.1.1)",-0.000398442506618744,-0.0026154356529171,0.0540540540540541,0.0154224333186171,2,6,-0.649767620983641,-0.825081967771574,1.75488579467343,3,0.302950948836499,-1.15969392236322,0.95,4,0.0133333333333333,0,0.118387141101296,1,0.5,0.19047619047619,-0.142857142857143,0.161541153165746,3,2.12862074618514,0,0,1.17809724509625,1.21506202229479
"Australia","CH.1.1",0.183070425164064,0.00145920455556601,0.0282776349614396,0.00977155294445145,2,2,-0.191336243886779,-0.401329806698529,1.80524146807867,2,0.34473119874773,-1.22407262182839,0.95,3,0.0233333333333333,4,0.210543357410334,3,0.5,0.380952380952381,-0.571428571428571,0.152189744674377,3,2.15478315337337,0,0,1.17809724509625,1.21500311657585
"Australia","CH.1.1.1",0.208905713517027,-0.00110456553755523,0.012,0.0031307931652683,2,11,-0.459485228666407,-0.602271697025142,1.83436439984026,1,0.233983516083209,-0.813198846115762,0.6,4,0.0266666666666667,0,0.172157132598866,2,0.25,0.333333333333333,-0.333333333333333,0.362761310718259,2,1.69574253416963,0,0,0.7853981633975,0.960223122637136
"Australia","D (B.1.1.25)",-0.0854648122767342,-0.0214285714285714,0.2,0.0131868131868132,1,19,0.148208347557465,-0.0693232593413949,1.6148349143786,5,0.0060232457322229,-4.11743825538162,0.15,2,0.216666666666667,0,0.162226697716047,5,1,-0.19047619047619,0.0476190476190477,0.135390925017612,2,0.518186213050213,0,0,1.570796326795,0.580040816934545
"Australia","D.2",-0.0442808016207677,-0.00306122448979592,0.0909090909090909,0.0056895485466914,1,19,0.165959530559361,-0.0558227511881488,1.5933058352773,4,0.0060232457322229,-0.135461055605018,0.15,2,0.216666666666667,0,0.227604095448164,4,1,-0.142857142857143,0.0476190476190477,0.105078660443582,2,0.518186213050213,0,0,1.570796326795,1.24704844466188
"Australia","D.3",0.16064786027915,-0.00695732838589982,0.166666666666667,0.0626411922475184,2,5,-0.841399263706378,-0.993911126358569,1.63271608853897,2,0.613628874278788,0.39822840461554,0.95,4,0.0433333333333333,3,0.122438605044334,2,0.5,-0.380952380952381,0,0.03756749892467,4,2.01615371726138,0,0,1.570796326795,1.18915412694529
"Australia","EG.1",-0.247730061728814,-0.00161719388900533,0.032258064516129,0.0088720618442064,2,10,-0.545928829816316,-0.70187827054238,1.88236324170465,4,0.141610017585956,-0.945531788017929,0.7,5,0.0277777777777778,4,0.160801250594679,1,0.333333333333333,-0.142857142857143,0.142857142857143,0.137216749894249,4,1.94683899920539,0,0,0.981747704246875,1.11648358796427
"Australia","EG.5.1",0.209001285450513,-0.00182132467947475,0.0344827586206897,0.00974758369151702,1,11,-0.509207878996224,-0.648579480246569,1.61679908162405,1,0.319024148979846,1.65434811670032,0.7,3,0.0208333333333333,4,0.120568780306843,3,1,0.571428571428571,-0.0476190476190477,0.164127391181435,3,1.87752428114939,0,0,1.37444678594563,1.16329849286249
"Australia","EG.5.1.1",0.116981130496041,-0.00108225108225108,0.0526315789473684,0.0085692708305738,1,13,-0.236052644828134,-0.423944342013334,1.65555703184379,1,0.160768565509266,2.92657784246539,0.55,4,0.0740740740740741,5,0.104693636883569,5,0.333333333333333,-0.0476190476190477,0.0476190476190477,0.105179098423668,2,1.41502258849356,0,0,1.17809724509625,1.1661500850169
"Australia","FK.1",0.0339728107448552,-0.00087179639755194,0.016260162601626,0.00363128025944798,1,13,-0.368807627594863,-0.518335869151824,1.51906854540335,1,0.353544197422521,-0.8839001381794,0.6,4,0.0491666666666667,3,0.120049584653644,1,1,-0.333333333333333,0.0476190476190477,0.122140016539552,3,1.48433730654955,0,0,1.76714586764437,1.22039825603233
"Australia","FL.4",0.177637945137777,-0.00108225108225108,0.0223214285714286,0.00475056508859374,2,13,-0.363058215729463,-0.523952166085968,1.92260927849569,3,0.303635208909362,0.80979223410765,0.55,5,0.0533333333333333,5,0.164097304650439,1,0.5,0.523809523809524,-0.142857142857143,0.168042569550512,4,1.4956157801725,0,0,0.981747704246875,1.28061700500643
"Australia","HK.3",-0.178210575330435,-0.000501530989335868,0.0101010101010101,0.000868147209610624,1,19,0.0514410870180594,-0.131578648199086,1.60127992289832,4,0.0060232457322229,-2.45218798075699,0.15,2,0.216666666666667,4,0.178892025738252,11,1,-0.666666666666667,0.142857142857143,0.138081950786515,2,0.518186213050213,0,0,1.37444678594563,0.873776403730466
"Australia","HV.1",-0.100745257197636,-0.00334722748515852,0.0344827586206897,0.00602492791688751,1,16,-0.2261675862449,-0.377505099389571,1.66154788403792,2,0.126156167047803,-0.405392028627147,0.3,2,0.0733333333333334,0,0.272678208845956,1,0.5,-0.523809523809524,0.0952380952380953,0.26320429215736,2,0.998931504603559,0,0,1.570796326795,0.969117448484316
"Australia","JN.1",0.0830546159757006,-0.00170068027210884,0.0158730158730159,0.00197317556569927,2,18,-0.0767059505073809,-0.234471806475986,1.79648344192048,2,0.0124126275149567,-2.37276905737206,0.2,2,0.133333333333333,0,0.114791940405606,2,0.5,0.80952380952381,0,0.188186395057855,1,0.708346577706171,0,0,1.37444678594563,0.888374625205094
"Australia","Q (B.1.1.7)",-0.116536396535565,-0.00501700680272109,0.0357142857142857,0.0069525593713101,1,13,-0.298477146405944,-0.456115207706325,1.51839897916055,1,0.322148138270566,-1.74749116867123,0.6,3,0.0491666666666667,0,0.122906994610804,2,1,-0.714285714285714,0.238095238095238,0.0800816977222374,3,1.48433730654955,0,0,2.15984494934313,0.893242682608258
"Australia","XBB",0.134443660344347,-0.000452605083027566,0.0503597122302158,0.0143974130798012,5,3,0.0572820856717992,-0.145723330085027,1.68068766853109,2,0.270341913070014,0.723814912807208,1,3,0.0433333333333333,4,0.150130975561529,1,0.5,0.761904761904762,-0.428571428571429,0.213344704464145,3,2.15478315337337,0,0,1.570796326795,1.10139948386515
"Australia","XBB.1.16",0.241451387868004,0.00133972944016316,0.0793650793650794,0.0231699374003533,3,3,-0.781279032640719,-0.577758635021236,3.14197322909716,3,0.478884947156214,0.426734098835197,1,7,0.111111111111111,4,0.150475590117864,1,0.166666666666667,0.619047619047619,-0.523809523809524,0.509618333678453,3,1.75242367526484,0,0,0.39269908169875,0.86862880141412
"Australia","XBB.1.5",-0.102572594313032,-0.0010903799959645,0.0223214285714286,0.0046841631555583,3,10,-0.373122282430398,-0.542954122343401,1.8186140662922,1,0.16466389018437,-1.12495158742575,0.7,6,0.0740740740740741,0,0.0955599576692449,2,0.333333333333333,0.523809523809524,-0.0476190476190477,0.232930915696485,2,1.97300140639361,0,0,0.7853981633975,1.1495543893221
"Australia","XBB.1.9",0.00774864830512881,-0.000837278075592756,0.0102040816326531,0.00111228984662767,1,16,-0.0370326683095094,-0.242669067576877,1.55994992903561,1,0.0190963834311788,-3.47824334914184,0.45,2,0.0891666666666667,5,0.111234835664712,1,1,0.142857142857143,0,0.104631079276379,2,0.997271523182384,0,0,1.76714586764437,0.771128916778266
"Australia","XBC.1",0.115876134093027,0.000474024906619137,0.0284090909090909,0.0109102123981259,4,1,-0.354195282333228,-0.143463791939214,1.76029434271481,4,0.411682028220787,-0.543859890630978,1,5,0.0740740740740741,5,0.111942674001413,1,0.333333333333333,0.523809523809524,-0.571428571428571,0.142906463820748,3,1.99916381358184,0,0,0.981747704246875,1.14432550675027
"Australia","XBC.1.3",-0.0184125224099689,-0.00176893627074953,0.0154241645244216,0.00258068581334888,2,11,-0.273153693149522,-0.476047453777891,1.53295130530317,1,0.205657678383366,-3.31881589893441,0.8,3,0.0333333333333333,4,0.166037860168338,2,1,-0.714285714285714,0.142857142857143,0.102414302688898,2,1.66958012698141,0,0,2.15984494934313,0.781059249603654
"Australia","XBC.1.6",0.115769611908115,4.00881055990355e-05,0.0344827586206897,0.00937267687705872,3,7,-0.6146990671112,-0.793590734825183,2.81588094185371,5,0.389312415695236,-0.311706668811259,0.8,4,0.0625,5,0.226016139654385,3,0.2,0.761904761904762,0,0.417603769526618,4,2.1116308425056,0,0,0.589048622548125,0.975224277790646
"Australia","XBF",0.0976170400054807,-0.00172657845619388,0.0683453237410072,0.0222753814058808,3,0,-0.364082743044818,-0.965898818872392,2.88600594701628,3,0.436162325385344,0.678887677453481,0.95,7,0.166666666666667,3,0.178446447910772,2,0.142857142857143,0.904761904761905,-0.428571428571429,0.494999587305635,4,1.66958012698141,0,0,0.39269908169875,0.835395423126975
"Austria","AY (B.1.617.2)",-0.146111353252185,-0.00824175824175824,0.0769230769230769,0.00366300366300366,0,20,0.240039679259592,0.0109108945117996,1.63061908481708,21,0,-4.81170447970364,0.05,1,0.285833333333333,0,0.154428516563958,11,1,-0.904761904761905,0.0952380952380953,0.141604822772246,1,0.198515243345873,0,0,1.570796326795,0.360041149911548
"Austria","AY.122",-0.215899054138229,-0.00245535714285714,0.0333333333333333,0.00307539682539682,1,19,0.0265402861238867,-0.144950793445843,1.59866588407306,3,0.00602324573222269,-2.01736552246579,0.15,2,0.216666666666667,3,0.190485493071937,11,1,-0.714285714285714,0.142857142857143,0.171191769331009,2,0.518186213050213,0,0,1.570796326795,0.939963010212319
"Austria","AY.34",0.253561748898708,-0.00207662707662707,0.2,0.0714346439345476,2,5,-0.786842123927376,-0.939821140352309,1.59458799385917,1,0.581503891218807,0.142270960661052,0.9,3,0.00916666666666667,3,0.132659367536886,2,1,0.428571428571429,-0.333333333333333,0.333897063810199,3,2.1116308425056,0,0,1.96349540849375,1.04399576261495
"Austria","AY.4",0.464047113521415,0.00144287832841515,0.146341463414634,0.0396479609831438,1,8,-0.546110883405369,-0.705859940094692,1.88597746662823,2,0.259053991961856,2.09934745977044,0.8,3,0.0625,3,0.117023080287955,1,0.2,0.619047619047619,-0.428571428571429,0.364346686645523,3,1.90368668833762,0,0,1.17809724509625,0.974681413258895
"Austria","AY.41",0.346117804380231,-0.0128489326765189,0.264150943396226,0.085346580971689,3,5,-0.448261802979419,-0.994488351179647,2.12719547394202,4,0.545741695270497,-0.424082725276229,0.9,5,0.08,0,0.0707650146827895,2,0.25,0.428571428571429,-0.285714285714286,0.325279526802392,3,1.90368668833762,0,0,0.7853981633975,1.06522335124156
"Austria","AY.43",0.679439900997546,-0.0021865889212828,0.241379310344828,0.0709640694550646,3,9,-0.580595691296213,-0.73023838262335,5.04400749123378,2,0.880051627376479,0.115105161880974,0.65,7,0.166666666666667,5,0.397546933607361,1,0.125,0.714285714285714,-0.428571428571429,0.652088594465039,3,1.70436008910812,0,0,0.196349540849375,0.591907030362967
"Austria","AY.46.6",0.0605039793884735,0.00208174178762414,0.135135135135135,0.0190752140331972,1,14,-0.147530328982483,-0.326760861739689,1.67843255224618,2,0.0411077804867752,2.92241854248702,0.5,3,0.0733333333333333,3,0.162506859302407,2,0.5,0.714285714285714,0,0.191464050498233,3,1.22060726455302,0,0,1.570796326795,1.16853260648561
"Austria","AY.9",-0.135251210076001,-0.00357142857142857,0.0333333333333333,0.00158730158730159,0,20,0.240039679259592,0.0109108945117996,1.63061908481708,21,0,-4.81170447970364,0.05,1,0.285833333333333,0,0.154428516563958,11,1,-0.904761904761905,0.0952380952380953,0.141604822772246,1,0.198515243345873,0,0,1.570796326795,0.360041149911548
"Austria","B.1",-0.187953142145663,-0.00535714285714286,0.05,0.00405106970324362,1,18,0.0801172683859316,-0.130955316870823,1.5983221309091,2,0.019215621788622,-3.76145161602658,0.25,2,0.160833333333333,2,0.12836905300291,3,1,-0.619047619047619,0.0952380952380953,0.13720890974907,2,0.730588061371122,0,0,1.76714586764437,0.535958335276699
"Austria","BA.1 (BA.1)",0.247360750540931,-0.00273625009297243,0.208333333333333,0.0336943813173811,2,8,-0.236082743679808,-0.427295407664496,1.66552646714858,2,0.234473591114119,-0.442911931377561,0.9,3,0.0740740740740741,0,0.296125346241783,1,0.166666666666667,0.714285714285714,-0.238095238095238,0.253713978353691,3,2.02532622077007,0,0,1.570796326795,1.0845073916957
"Austria","BA.1.1 (BA.1.1)",-0.158520488902827,-0.0214285714285714,0.2,0.00952380952380952,0,20,0.240039679259592,0.0109108945117997,1.63061908481708,21,0,-4.81170447970363,0.05,1,0.285833333333333,0,0.154428516563958,11,1,-0.904761904761905,0.0952380952380953,0.141604822772245,1,0.198515243345873,0,0,1.570796326795,0.360041149911548
"Austria","BA.2 (BA.2)",0.28307997502194,-0.00160025318416651,0.131736526946108,0.0257853702190658,6,2,-0.34556212927622,-0.526041729563328,2.87544071974903,6,0.270335890745608,0.206596192275346,0.9,3,0.04,4,0.200039896466966,5,0.5,0.904761904761905,-0.238095238095238,0.424333039471194,4,1.90368668833762,0,0,0.589048622548125,0.685222710206652
"Austria","BA.2.9 (BA.2.9)",-0.0179837671129424,-0.00175273831896773,0.0980392156862745,0.0280519997778075,3,3,-0.685300826503363,-0.501209234037078,2.22400294377199,4,0.498043495079525,-0.522092663184956,1,6,0.0185185185185185,5,0.160053720354015,1,0.333333333333333,0.476190476190476,-0.0476190476190477,0.195934607557751,4,2.15478315337337,0,0,0.7853981633975,1.23325243401261
"Austria","BA.4 (BA.4)",-0.129147500596161,-0.00223214285714286,0.0208333333333333,0.000992063492063492,0,20,0.240039679259591,0.0109108945117996,1.63061908481708,21,0,-4.81170447970362,0.05,1,0.285833333333333,0,0.154428516563958,11,1,-0.904761904761905,0.0952380952380953,0.141604822772245,1,0.198515243345873,0,0,1.570796326795,0.360041149911548
"Austria","BA.5 (BA.5)",0.355279500280804,-0.00614416871285003,0.2,0.0296635403922326,4,6,-0.206986544332111,-0.421179827467226,1.49858752901359,1,0.0297812178678606,-0.0435334388375079,0.85,2,0.00416666666666667,4,0.18289206145828,1,1,-0.380952380952381,-0.238095238095238,0.0234796173354552,3,2.15478315337337,0,0,1.96349540849375,1.22715992408256
"Austria","BA.5.1 (BA.5.1)",-0.119911624731449,-0.00109609061015711,0.010230179028133,0.000487151382292047,0,20,0.240039679259592,0.0109108945117996,1.63061908481708,21,0,-4.81170447970364,0.05,1,0.285833333333333,0,0.154428516563958,11,1,-0.904761904761905,0.0952380952380953,0.141604822772246,1,0.198515243345873,0,0,1.570796326795,0.360041149911548
"Austria","BA.5.2 (BA.5.2)",0.0332214256456049,-0.00188370466529807,0.0267857142857143,0.00278247915319113,2,14,-0.0160580896432079,-0.223033751333232,1.57696396887634,1,0.212581432415966,-3.54162774216128,0.5,2,0.0733333333333334,4,0.115611653499322,1,1,-0.666666666666667,0,0.114012265262105,2,1.22060726455302,0,0,1.570796326795,0.746084777577077
"Austria","BD (BA.1.17.2)",0.236901067767211,-0.00359320557491289,0.114285714285714,0.0157885702674981,2,12,-0.145524795739425,-0.336251970697311,1.62170792312052,1,0.153695543035411,0.737846056522051,0.7,2,0.0233333333333333,5,0.186637162940564,1,1,0.714285714285714,-0.142857142857143,0.152666812139691,3,1.69574253416963,0,0,1.76714586764437,1.14474544760003
"Austria","BE.1.1",0.332109191279132,-0.001471921940529,0.0848484848484849,0.0175385923491847,2,4,-0.465485971464228,-0.465485971464228,2.33892427472739,7,0.337192638859891,0.874204121521641,0.9,5,0.0416666666666667,5,0.0883079348270544,3,0.2,0.666666666666667,-0.333333333333333,0.394619384851159,3,2.02532622077007,0,0,0.589048622548125,1.05780525593559
"Austria","BF (BA.5.2.1)",-0.207059036367881,-0.00131892497675825,0.0118343195266272,0.00465858923639652,2,6,-0.852731827904667,-0.997926708280069,1.72053918621456,6,0.445233435846911,-0.127925836545165,0.9,5,0.04,4,0.179813971380626,3,0.25,-0.571428571428571,0.380952380952381,0.177067165349202,4,2.06847853163783,0,0,1.37444678594563,1.1165807280465
"Austria","BF.14",-0.0132418743693435,-0.00719751603000547,0.0842105263157895,0.0137051788858963,3,11,-0.234719489137592,-0.42174995326305,1.64231979605019,3,0.0960924511032161,-3.52755876006722,0.65,4,0.0533333333333333,0,0.0891532217740175,3,0.5,0,-0.0476190476190477,0.0805772055750017,3,1.84645059867221,0,0,1.570796326795,0.920026073440637
"Austria","BF.7",-0.070246255616431,-0.00298464172790912,0.0338983050847458,0.00360428742794818,2,13,-0.0280025042622761,-0.249314419715855,1.7439995407899,3,0.0411077804867748,-2.29038947915776,0.5,3,0.0733333333333333,0,0.0742556086988844,1,1,-0.428571428571429,0.0476190476190477,0.152455339746003,3,1.44554132240054,0,0,1.17809724509625,0.673999797059739
"Austria","BG (BA.2.12.1)",0.0362901222281207,-0.004695885509839,0.0470588235294118,0.0100828285350617,2,12,-0.377044713071511,-0.542038745131288,1.76745053469799,2,0.118084585249153,-1.77631859075588,0.55,3,0.0433333333333333,0,0.125027276784953,2,0.5,-0.142857142857143,0,0.0634408817763139,2,1.60808280909626,0,0,0.981747704246875,1.22524146091943
"Austria","BN.1",-0.351095494721822,-0.00248085458013291,0.0225988700564972,0.00177926739705103,1,17,0.093770610679185,-0.12668542231912,1.83701831152798,2,0.0093148643541081,-1.63766131025853,0.25,3,0.133333333333333,3,0.0834521896353954,1,1,-0.80952380952381,0.238095238095238,0.250469717024254,3,0.826065186615344,0,0,1.17809724509625,0.510601592005663
"Austria","BQ.1",-0.298887816797811,-0.00341026346835393,0.03954802259887,0.00254904333343839,2,17,0.161640511792915,-0.0657300029164852,1.63494717923822,3,0,-4.70229447812827,0.25,3,0.0966666666666667,4,0.107934704813546,11,1,-0.523809523809524,0.19047619047619,0.163980814302533,3,0.826065186615344,0,0,1.570796326795,0.453056363387713
"Austria","BQ.1.1",-0.439085774650392,-0.00671765597917396,0.0903954802259887,0.00715226036498997,2,16,0.0923487349705401,-0.128812787817696,1.69917775595615,3,0.019215621788622,-3.51226379508829,0.3,3,0.0966666666666667,4,0.0503756144745912,1,1,-0.666666666666667,0.285714285714286,0.198612471997176,3,0.914285581467099,0,0,1.37444678594563,0.571284525158097
"Austria","CH.1.1",-0.385591550710534,-0.000902949736829604,0.0112994350282486,0.00143482984554725,1,16,-0.100597598148682,-0.287010674924952,2.12262250900857,2,0.133971354014938,-0.355648404538963,0.3,4,0.0966666666666667,4,0.0739822706312307,1,1,-0.666666666666667,0.285714285714286,0.350008076180265,4,0.914285581467099,0,0,1.17809724509625,0.697453832938908
"Austria","EG.1.2",0.172201211442192,-0.00104223049104969,0.0504201680672269,0.0152919598679767,3,7,-0.633107894556927,-0.788822937350262,2.17339553228903,4,0.439321507891575,-0.515515907468778,0.8,5,0.0133333333333333,0,0.188159705979886,1,0.5,0.19047619047619,-0.428571428571429,0.161764386597692,4,1.97300140639361,0,0,0.7853981633975,1.26213102812424
"Austria","QB.1.177.81 (B.1.177.81)",-0.482275804792378,-0.00488262490974969,0.125,0.0298956683609565,1,10,-0.462357212744184,-0.628475151974215,1.94372898301728,4,0.390154683871695,0.487483123702165,0.7,5,0.0462962962962963,0,0.111130113019165,2,0.333333333333333,-0.238095238095238,0.571428571428571,0.290871686269564,5,1.78204715590517,0,0,0.7853981633975,0.992109098242344
"Austria","QB.1.177.86 (B.1.177.86)",-0.0380106016142478,0.000684577628519762,0.0454545454545455,0.00516301582423133,1,17,-0.0508021013793145,-0.237762206043449,1.5373736127824,1,0.0297812178678606,-0.0564538529216719,0.35,2,0.118333333333333,0,0.161267321777823,1,1,0.238095238095238,0.0476190476190477,0.037661320394081,2,0.886464475679797,0,0,1.76714586764437,1.26094026880486
"Austria","R.1",-0.484238438764906,-0.00818916966457949,0.222222222222222,0.0391723848324366,1,13,-0.25079873869771,-0.415201447761841,1.75240063652715,1,0.193366458646689,0.158483942125628,0.5,3,0.0833333333333333,0,0.0870474966462417,4,0.2,-0.619047619047619,0.238095238095238,0.365039500980785,4,1.51260568385204,0,0,0.981747704246875,0.918906102153996
"Austria","XBB",-0.121202551974474,-0.00121065375302663,0.0112994350282486,0.000538068334678504,0,20,0.240039679259592,0.0109108945117996,1.63061908481708,21,0,-4.81170447970363,0.05,1,0.285833333333333,0,0.154428516563958,11,1,-0.904761904761905,0.0952380952380953,0.141604822772246,1,0.198515243345873,0,0,1.570796326795,0.360041149911548
"Austria","XBB.1.5",0.130088588190907,0.000471351065106544,0.0373746581586144,0.0101092456110034,1,10,-0.510670140728299,-0.660440868493275,1.71419885919396,3,0.174475067183024,2.12939365066706,0.75,3,0.0433333333333333,4,0.257334217325507,3,0.5,0.904761904761905,-0.0476190476190477,0.105532251347628,3,2.01269264380928,0,0,1.37444678594563,1.19962272656864
"Austria","XBB.1.9",-0.139041879470384,-0.000150597358537829,0.0493827160493827,0.0125863752774474,3,5,-0.574861871265432,-0.760451932357034,1.53882054423785,1,0.414150928329748,-1.35383580298092,0.9,3,0.0191666666666667,4,0.160018778329034,1,1,0.19047619047619,0.0476190476190477,0.033607878075493,2,1.97300140639361,0,0,1.570796326795,1.34716466718694
"Brazil","AY.101",0.0208077492150444,-0.00135917622142499,0.0495049504950495,0.0129617704969883,2,1,-0.704197489521262,-0.486621261578436,1.90531099694651,2,0.201864555347634,-0.971939903495288,0.95,3,0.0433333333333333,5,0.146339242290202,2,0.5,0.380952380952381,0.142857142857143,0.119577087794437,3,2.02968254748882,0,0,0.981747704246875,1.2827324307374
"Brazil","AY.34.1.1",-0.132527657722539,-0.0028957528957529,0.027027027027027,0.00128700128700129,0,20,0.240039679259592,0.0109108945117996,1.63061908481708,21,0,-4.81170447970363,0.05,1,0.285833333333333,0,0.154428516563958,11,1,-0.904761904761905,0.0952380952380953,0.141604822772246,1,0.198515243345873,0,0,1.570796326795,0.360041149911548
"Brazil","AY.43",-0.1340134544929,-0.00324675324675325,0.0303030303030303,0.00144300144300144,0,20,0.240039679259592,0.0109108945117996,1.63061908481708,21,0,-4.81170447970363,0.05,1,0.285833333333333,0,0.154428516563958,11,1,-0.904761904761905,0.0952380952380953,0.141604822772246,1,0.198515243345873,0,0,1.570796326795,0.360041149911548
"Brazil","AY.43.2",0.337311798194876,7.05716531272368e-05,0.053921568627451,0.0134008781178846,2,4,-0.605041554725125,-0.40135866530858,2.0753695154474,3,0.163727540649137,0.705288225762879,0.95,5,0.166666666666667,4,0.149856748637484,2,0.111111111111111,0.523809523809524,-0.523809523809524,0.366328274978728,4,1.97300140639361,0,0,0.981747704246875,1.02445624589477
"Brazil","AY.46.3",0.239968404380226,-0.000330688096600293,0.0433673469387755,0.0122793568914649,3,3,-0.787130364978942,-0.14246123478056,1.69970633590448,2,0.151855463151295,0.889756204620501,0.95,6,0.03,0,0.180129515677879,1,0.5,0.619047619047619,-0.523809523809524,0.232160723510088,3,2.1809455605616,0,0,1.37444678594563,1.00221589506251
"Brazil","AY.99.1",0.0993099711407042,0.000544594490583647,0.0403225806451613,0.0191835871334147,3,1,0.0851913527553361,0.260865076121099,1.81705974984584,3,0.537606934344164,-1.22579821561801,1,4,0.0277777777777778,4,0.126234144404996,3,0.333333333333333,0.333333333333333,-0.285714285714286,0.265017349732867,4,1.97300140639361,0,0,0.981747704246875,1.17159414511289
"Brazil","AY.99.2",-0.122513817144033,-0.00133928571428571,0.0125,0.000595238095238095,0,20,0.240039679259592,0.0109108945117997,1.63061908481708,21,0,-4.81170447970363,0.05,1,0.285833333333333,0,0.154428516563958,11,1,-0.904761904761905,0.0952380952380953,0.141604822772245,1,0.198515243345873,0,0,1.570796326795,0.360041149911548
"Brazil","B",-0.679542485328555,-0.010388759254458,0.257142857142857,0.060318339558879,4,12,-0.402098598637685,-0.55149841024818,2.67078163088976,4,0.326947193294552,-0.744081051549471,0.45,5,0.0462962962962963,5,0.0766073262637255,2,0.666666666666667,-0.0476190476190477,0.476190476190476,0.394233567307907,3,1.37276553089245,0,0,0.589048622548125,1.13471423760755
"Brazil","B.1.1",0.0151822055269641,-0.0321997522541987,0.275862068965517,0.0609964162286762,3,8,-0.406640857832541,-0.574518866695745,1.89954496998801,6,0.42750658719701,-1.13172208418992,0.8,3,0.08,4,0.0814531181060827,2,0.25,-0.714285714285714,0.0952380952380953,0.351360910553418,2,1.88669678465808,0,0,0.7853981633975,0.932183986496897
"Brazil","B.1.91",-0.0256258273391847,-0.00281954887218045,0.125,0.017164323123088,2,12,-0.159051000120582,-0.37217275959584,1.77135482343637,2,0.191676266585572,2.99297350674032,0.6,5,0.0433333333333333,0,0.125611739549624,3,0.5,0.142857142857143,0,0.166768737203683,3,1.65259022330187,0,0,1.37444678594563,1.20808249349026
"Brazil","BA.1 (BA.1)",-0.141885153245534,-0.00595238095238095,0.0555555555555556,0.00264550264550265,0,20,0.240039679259591,0.0109108945117996,1.63061908481708,21,0,-4.81170447970362,0.05,1,0.285833333333333,0,0.154428516563958,11,1,-0.904761904761905,0.0952380952380953,0.141604822772245,1,0.198515243345873,0,0,1.570796326795,0.360041149911548
"Brazil","BA.1.1 (BA.1.1)",0.538625918863821,-0.00119141063018614,0.0927835051546392,0.0254763893202449,3,6,-0.590908468659871,-0.760146731416843,5.72257948818765,14,0.57243278075724,0.15839505429655,0.75,6,0.166666666666667,0,0.104011657667731,2,0.125,0.80952380952381,-0.476190476190476,0.671175926612384,2,1.87406320769729,0,0,0.196349540849375,0.560078970604095
"Brazil","BA.1.14 (BA.1.14)",0.274412432921365,7.20691614458134e-05,0.0677966101694915,0.0216623877659858,4,3,-0.752571661093925,-0.923984495556851,4.30325386124708,9,0.778022862027975,0.283837228251893,0.95,6,0.166666666666667,5,0.133238305302094,3,0.285714285714286,0.666666666666667,-0.380952380952381,0.663518169602855,5,1.63995664634108,0,0,0.196349540849375,0.766249544810159
"Brazil","BA.1.14.1 (BA.1.14.1)",0.0766925969701389,0.00116943601814408,0.105263157894737,0.0295659122546732,2,4,-0.63890431475225,-0.815518052040012,1.95361992508233,4,0.516919760215339,0.551623099940628,0.85,5,0.08,5,0.151487457694001,2,0.25,0.333333333333333,-0.142857142857143,0.282347129701582,3,2.08546843531737,0,0,0.981747704246875,1.16059604706448
"Brazil","BA.1.14.2 (BA.1.14.2)",0.0983056769559794,0.000951001920705035,0.0681818181818182,0.0213970157900623,2,1,-0.0668286840361557,-0.308560493121946,1.52136829095383,1,0.329373146523611,1.75515694234015,1,3,0.0141666666666667,0,0.19233221334827,1,1,-0.333333333333333,-0.0476190476190477,0.0731831385596461,3,2.06847853163783,0,0,1.96349540849375,1.19406073215281
"Brazil","BA.1.15 (BA.1.15)",-0.128879730631859,-0.0021865889212828,0.0204081632653061,0.00097181729834791,0,20,0.240039679259592,0.0109108945117996,1.63061908481708,21,0,-4.81170447970363,0.05,1,0.285833333333333,0,0.154428516563958,11,1,-0.904761904761905,0.0952380952380953,0.141604822772246,1,0.198515243345873,0,0,1.570796326795,0.360041149911548
"Brazil","BA.1.9 (BA.1.9)",0.190296113100837,-0.0017931067203038,0.0540540540540541,0.0152782454431566,2,4,-0.694916105685859,-0.694916105685859,1.66728569297841,4,0.429818226819514,-1.8188852112875,0.85,4,0.0277777777777778,4,0.0975462960457246,1,0.333333333333333,0.0952380952380953,-0.19047619047619,0.154682083987007,4,2.15478315337337,0,0,1.37444678594563,0.931676058796947
"Brazil","BA.2 (BA.2)",-0.092230759352235,-0.000460490883535728,0.0238805970149254,0.00810639600764168,3,1,-0.180784992354593,0.0483158407056381,1.59551637553095,1,0.579387184255395,-0.674704849797033,1,3,0.00666666666666667,3,0.126614641381861,1,1,0.19047619047619,0.142857142857143,0.111440410002155,3,2.12862074618514,0,0,1.76714586764437,1.21139952899823
"Brazil","BA.2.23 (BA.2.23)",0.13698200912977,-0.00145474614437422,0.0442477876106195,0.0106903043070224,2,9,-0.516622103479443,-0.699044032350581,1.6387396454591,1,0.188307941496874,0.0876275988349218,0.9,3,0.04,0,0.261440844566056,3,0.25,0.571428571428571,-0.142857142857143,0.124040730413232,3,1.97300140639361,0,0,1.76714586764437,1.04354295598602
"Brazil","BA.2.56 (BA.2.56)",0.0709500528695898,-0.00115207373271889,0.0265486725663717,0.00311625987413201,1,16,-0.0689102767274318,-0.267166198465831,1.57017928096232,1,0.0920592445427523,2.90992115968008,0.4,2,0.106666666666667,4,0.102933708110709,1,1,0.523809523809524,0,0.174670279900429,2,0.950270539233235,0,0,1.76714586764437,1.04860774300447
"Brazil","BA.2.81 (BA.2.81)",0.482128092458673,-0.000133151852290213,0.0697674418604651,0.0119682213422667,3,10,-0.293311466160656,-0.498296784353191,1.62896384749265,1,0.094346452577875,-0.666925593392514,0.6,2,0.0316666666666667,3,0.15048453559065,1,1,0.142857142857143,-0.333333333333333,0.193665883746448,2,1.87261300586044,0,0,1.570796326795,1.18531913179124
"Brazil","BA.2.9 (BA.2.9)",-0.0701750133874986,-0.00330887524028318,0.0769230769230769,0.0114097673470898,2,13,-0.18162289708331,-0.36953337064231,1.59678042970795,1,0.237984966765899,2.12479772749278,0.55,3,0.0491666666666667,4,0.140624687664569,1,1,0.428571428571429,0.142857142857143,0.0464931218576873,3,1.48433730654955,0,0,1.570796326795,1.2477320933607
"Brazil","BA.4 (BA.4)",0.149781253502573,-0.000271871445340834,0.0232558139534884,0.00683885577696777,2,8,-0.592194130775479,-0.744765804522491,1.58803703072969,2,0.270926069459698,1.42801883248811,0.85,4,0.0133333333333333,3,0.185617849116768,2,1,-0.333333333333333,-0.238095238095238,0.0779754853276769,4,2.01615371726138,0,0,1.570796326795,1.19651435584072
"Brazil","BA.4.1 (BA.4.1)",-0.120146212492061,-0.00111607142857143,0.0104166666666667,0.000496031746031746,0,20,0.240039679259591,0.0109108945117996,1.63061908481708,21,0,-4.81170447970362,0.05,1,0.285833333333333,0,0.154428516563958,11,1,-0.904761904761905,0.0952380952380953,0.141604822772245,1,0.198515243345873,0,0,1.570796326795,0.360041149911548
"Brazil","BA.4.6 (BA.4.6)",-0.00888844613318409,-0.00093022048465616,0.024390243902439,0.00931760926823045,3,4,-0.950760793527866,-1.11932226408,1.65490663778129,1,0.585147126431541,1.2737131272183,1,6,0.04,5,0.12133177006784,3,0.25,0.19047619047619,-0.333333333333333,0.276234468758589,3,2.01615371726138,0,0,1.96349540849375,1.06558048144716
"Brazil","BA.5 (BA.5)",0.157594674111134,-0.00122440488573212,0.0108695652173913,0.00210668594188407,2,13,-0.316163008206806,-0.48466625863485,1.67263628390378,1,0.397071796198147,-1.66959079358959,0.5,4,0.0833333333333333,3,0.0968240608908486,2,0.2,0.0476190476190477,-0.0476190476190477,0.352318851301538,3,1.44554132240054,0,0,1.570796326795,0.7740424546671
"Brazil","BA.5.1 (BA.5.1)",-0.126915795954614,-0.0018796992481203,0.0175438596491228,0.000835421888053467,0,20,0.240039679259592,0.0109108945117996,1.63061908481708,21,0,-4.81170447970363,0.05,1,0.285833333333333,0,0.154428516563958,11,1,-0.904761904761905,0.0952380952380953,0.141604822772246,1,0.198515243345873,0,0,1.570796326795,0.360041149911548
"Brazil","BA.5.2 (BA.5.2)",0.220789872577553,-0.00158730158730159,0.0172117039586919,0.00308926025883075,2,10,-0.286157003907191,-0.466161613629791,1.65117646013595,2,0.185877682898669,0.348873321471864,0.75,3,0.0466666666666667,2,0.145343431935183,2,0.5,-0.0952380952380952,-0.238095238095238,0.126685251828972,3,1.94337792575329,0,0,1.76714586764437,1.01101933092113
"Brazil","BC (BA.1.1.1)",0.0250053181572809,-0.00107856637525898,0.0171428571428571,0.00276891404242181,3,14,-0.219161535226828,-0.397283760344886,1.59591249186045,1,0.424076799935889,-2.11617736856307,0.55,4,0.0608333333333333,3,0.123082046666665,3,1,0.333333333333333,-0.0952380952380952,0.211515626605386,2,1.25804814536419,0,0,1.570796326795,1.10299097594548
"Brazil","BC4 (BA.1.1.14)",0.0623187984850613,5.28372403838051e-05,0.0499286733238231,0.0173938235980017,3,2,-0.548062267664207,-0.240245342026917,1.74091757646474,2,0.408038793008053,-0.195074366306082,1,3,0.01,3,0.122742890817445,4,0.5,-0.523809523809524,0,0.206669500417971,3,2.1116308425056,0,0,1.570796326795,1.06868732967558
"Brazil","BD (BA.1.17.2)",0.310121895891679,-0.000565509692771152,0.0304709141274238,0.0132468756208499,3,3,0.23024031075398,0.0538423874293332,4.55903347921858,6,0.522781904030857,-0.0205550690606054,1,7,0.166666666666667,4,0.295487934179604,5,0.125,0.761904761904762,-0.619047619047619,0.584525206521334,3,1.8047484896413,0,0,0.196349540849375,0.584029539349445
"Brazil","BE.10",-0.481938537380426,-0.0051789077212806,0.125,0.0204302319722364,2,13,-0.234768712590298,-0.419795387576146,1.81655047521238,2,0.240956434873885,-0.901569344668683,0.6,4,0.0966666666666667,2,0.094746092775212,1,0.5,-0.19047619047619,0.428571428571429,0.268675513481161,3,1.54012319437811,0,0,1.37444678594563,1.0844298849103
"Brazil","BF (BA.5.2.1)",0.206497164023046,0.000240875339612244,0.0802919708029197,0.019831709427374,4,3,-0.598013658371205,-0.394600631611869,1.83841492389079,4,0.223541787519724,0.932323866311655,0.9,5,0.0277777777777778,0,0.148615138104925,2,0.333333333333333,0.904761904761905,-0.238095238095238,0.214089770805499,4,2.01615371726138,0,0,0.981747704246875,0.998432619988387
"Brazil","BF.39",0.0900176346933901,-0.00302592938462504,0.03125,0.00515500348314136,2,9,-0.247981571246212,-0.438853758555275,1.66925926561543,2,0.0411077804867752,-1.03559294937231,0.7,2,0.0133333333333333,0,0.0843416401748038,2,0.5,-0.238095238095238,0,0.125883754863785,3,2.08200736186528,0,0,1.570796326795,1.0076252923527
"Brazil","BG (BA.2.12.1)",0.295706626717414,-0.00271448385179314,0.0869565217391304,0.0183059950898846,2,8,-0.44212307047577,-0.642144467866827,1.56150270562161,2,0.178118302395759,0.859506637409052,0.8,3,0.00833333333333333,2,0.0756704847772481,3,1,0.285714285714286,-0.285714285714286,0.0705941705746247,3,2.1116308425056,0,0,1.570796326795,1.23026496988437
"Brazil","BQ.1",-0.249963386881952,-0.0044300328827183,0.0294117647058824,0.00243575691146024,1,19,0.0648974441098532,-0.12393066134231,2.20143141324186,19,0,-2.64533475042478,0.1,2,0.243333333333333,0,0.0869954383064689,11,0.5,-0.857142857142857,0.142857142857143,0.266536975782755,2,0.394397691447443,0,0,0.7853981633975,0.579921436048801
"Brazil","BQ.1.1",-0.031511530285821,-0.0010932944606414,0.0102040816326531,0.00057730797281896,1,19,0.197364338179112,-0.0298892109702949,1.62320988266545,1,0.00292548257137425,-4.69452887928916,0.15,1,0.216666666666667,0,0.104490582105142,1,1,0,0.0476190476190477,0.136572160491247,1,0.518186213050213,0,0,1.570796326795,0.424110686459284
"Brazil","BQ.1.1.60",0.374189603606287,-0.00730519480519481,0.0681818181818182,0.0135051649477232,2,10,-0.374733624947441,-0.565776576513346,1.72297441594448,2,0.143292455982682,-2.73061698291481,0.65,4,0.0266666666666667,2,0.0505954459759081,1,0.25,0.761904761904762,-0.238095238095238,0.24669361635942,3,1.92067659201716,0,0,1.37444678594563,0.575752916411365
"Brazil","DL (BA.5.1.15)",0.282323317307631,-0.000810423849644486,0.0504201680672269,0.0155908840337416,5,3,-0.792763849081402,-0.982221568323175,2.26846351299529,2,0.463117544983268,0.161252113784436,0.95,5,0.166666666666667,5,0.174730222348749,1,0.125,0.666666666666667,-0.380952380952381,0.395663644290542,3,2.01269264380928,0,0,0.7853981633975,0.924318130849025
"Brazil","DL.1",-0.120698882814071,-0.00116459627329193,0.0108695652173913,0.0005175983436853,0,20,0.240039679259592,0.0109108945117996,1.63061908481708,21,0,-4.81170447970363,0.05,1,0.285833333333333,0,0.154428516563958,11,1,-0.904761904761905,0.0952380952380953,0.141604822772246,1,0.198515243345873,0,0,1.570796326795,0.360041149911548
"Brazil","FE (XBB.1.18.1)",0.0155585198154189,-0.00124665006959388,0.0645161290322581,0.0200669470834846,3,7,-0.64487820296684,-0.797665658646861,1.65661903694431,4,0.280097283604444,-0.417036570431693,0.85,4,0.02,4,0.19986956265884,1,0.5,0.0476190476190477,-0.0952380952380952,0.0493182394425055,2,2.12862074618514,0,0,1.17809724509625,1.34578843526876
"Brazil","FE.1",0.262396063162243,-0.0049860853432282,0.0714285714285714,0.0126746648626205,1,10,-0.284755286691333,-0.468598113173065,1.49445632397588,1,0.138023939176499,0.49091220303284,0.7,2,0.0316666666666667,3,0.158051201824865,1,1,-0.285714285714286,-0.142857142857143,0.0227010164155644,3,1.77512500900097,0,0,1.96349540849375,1.08603197604049
"Brazil","FE.1.2",-0.131116610153244,0.000977883786320995,0.0333333333333333,0.00411557282509266,1,17,-0.084092652858564,-0.263263383699218,1.53530661915272,1,0.219384426689631,-0.189093969543735,0.35,2,0.118333333333333,3,0.153779727665675,1,1,-0.428571428571429,0.142857142857143,0.129146542551702,2,0.886464475679797,0,0,1.96349540849375,1.19487687615321
"Brazil","GK (XBB.1.5.70)",-0.125823872350614,-0.00172811059907834,0.0161290322580645,0.000768049155145929,0,20,0.240039679259592,0.0109108945117996,1.63061908481708,21,0,-4.81170447970363,0.05,1,0.285833333333333,0,0.154428516563958,11,1,-0.904761904761905,0.0952380952380953,0.141604822772245,1,0.198515243345873,0,0,1.570796326795,0.360041149911548
"Brazil","GK.1",0.0696826337164534,-0.00932539682539683,0.111111111111111,0.0162047371907594,2,13,-0.184297728805479,-0.385309003510639,1.56748173769263,1,0.183447424300465,-0.303773806461462,0.55,4,0.0416666666666667,5,0.233553541955639,5,1,-0.714285714285714,-0.142857142857143,0.0767184078570848,3,1.54012319437811,0,0,1.76714586764437,0.922384487148069
"Brazil","GK.1.1",-0.199238055378298,-0.00365542558486809,0.0526315789473684,0.0128807505159972,4,12,-0.44039048690403,-0.592528096721005,1.65170815828465,1,0.404545445618317,0.516546494194377,0.6,5,0.0185185185185185,4,0.227949782853293,2,0.333333333333333,-0.0476190476190477,0.333333333333333,0.230904696730473,2,1.66958012698141,0,0,1.37444678594563,1.00039755915741
"Brazil","HA (XBB.1.5.86)",-0.152919105687404,-0.000760741420419926,0.0178571428571429,0.0051948589377222,1,12,-0.518258639244156,-0.653990904997101,1.44186693169326,1,0.341928133755263,0.93459243859426,0.75,2,0.0383333333333333,4,0.275540671888529,2,1,0.0476190476190477,0.19047619047619,0.00718458380417805,2,1.58417075851253,0,0,2.55254403104187,1.24017523826344
"Brazil","JD (XBB.1.5.102)",-0.367418267193811,-0.00247872571782016,0.0144927536231884,0.0020555679571218,1,16,-0.141087762497224,-0.30971510502511,2.51298829907015,7,0.201135631439608,-0.485170881636232,0.35,3,0.145833333333333,4,0.154412489287818,4,0.2,-0.857142857142857,0.238095238095238,0.337914102600505,3,1.02509391179179,0,0,0.589048622548125,0.744343595001512
"Brazil","JD.1",-0.137109610644218,-0.00412087912087912,0.0384615384615385,0.00247500247500248,1,19,0.15659992928891,-0.0630357116090738,1.61621680466895,9,0.0060232457322229,-4.2380730520009,0.15,2,0.216666666666667,0,0.168763307871296,11,1,-0.428571428571429,0.142857142857143,0.0995059611886389,2,0.518186213050213,0,0,1.76714586764437,0.553115943441041
"Brazil","JD.1.1",-0.138149100354913,-0.00446428571428571,0.0416666666666667,0.00198412698412698,0,20,0.240039679259591,0.0109108945117996,1.63061908481708,21,0,-4.81170447970362,0.05,1,0.285833333333333,0,0.154428516563958,11,1,-0.904761904761905,0.0952380952380953,0.141604822772245,1,0.198515243345873,0,0,1.570796326795,0.360041149911548
"Brazil","JD.1.1.1",0.0266284961253799,-0.00102040816326531,0.125,0.013217711326955,2,15,-0.0248426506803898,-0.24117832899715,1.67218635967627,2,0.12045940399934,2.08016359842427,0.45,3,0.0766666666666667,3,0.224705864234772,2,0.5,0.0476190476190477,0.0476190476190477,0.0824031319758913,3,1.1655244399347,0,0,1.37444678594563,1.31985567212399
"Brazil","JD.2",-0.408133057593562,-0.00292040573694902,0.0231788079470199,0.00336397004835321,4,13,-0.176370916080572,-0.371768563891347,1.99031837078442,2,0.0266534586115388,-2.95333434700776,0.4,5,0.0833333333333333,4,0.0455697666079578,1,0.2,-0.857142857142857,0.428571428571429,0.233327826186845,2,1.40238901153277,0,0,0.7853981633975,0.561148504228037
"Brazil","JN.1",0.150588858097975,-0.00404786237438256,0.0714285714285714,0.0149533130800498,1,12,-0.37205339774764,-0.542179462794056,1.67133363505544,1,0.407196524831594,1.57259328251741,0.55,3,0.0462962962962963,4,0.112043323043317,4,0.333333333333333,0.714285714285714,-0.0952380952380952,0.238859324330963,3,1.51260568385204,0,0,1.17809724509625,1.1528399773486
"Brazil","JN.1.1",-0.0593820850375212,-0.00116459627329193,0.0149253731343284,0.00169518380573082,2,18,-0.0466944458733307,-0.218652030743678,1.86537737503334,7,0.019215621788622,-2.16083940612393,0.2,3,0.133333333333333,0,0.118147730001464,1,0.5,0.238095238095238,0,0.152276185938976,2,0.708346577706171,0,0,0.981747704246875,1.12476278403685
"Brazil","JN.1.29",0.146882624975984,-0.00176877916603944,0.0377358490566038,0.00735320138674118,2,14,-0.299845162862862,-0.457891588589583,1.61656734162124,1,0.164136890597964,0.368657616408682,0.5,3,0.0733333333333334,5,0.0763603275732362,1,1,0.428571428571429,-0.0952380952380952,0.0674640649863827,2,1.22060726455302,0,0,1.76714586764437,1.09463053075678
"Brazil","JN.1.43.1",0.664203380686798,-0.00117739403453689,0.296296296296296,0.04074538793561,4,9,-0.15692370291828,-0.366067832791864,2.88566956280553,7,0.246559116563573,1.57415763912711,0.6,5,0.0416666666666667,0,0.0999753534772243,2,0.2,0.761904761904762,-0.285714285714286,0.407757434153904,3,1.74751239997589,0,0,0.589048622548125,1.011009898323
"Brazil","N.9",-0.0763087784356676,-0.00202156334231806,0.0204081632653061,0.00187028989493371,1,19,0.028844136470854,-0.143755454346676,1.5965614532699,6,0.00602324573222269,-1.6253238491051,0.15,2,0.216666666666667,5,0.164299027341474,6,1,-0.238095238095238,0.0476190476190477,0.10809135597388,2,0.518186213050213,0,0,1.76714586764437,0.998739582624392
"Brazil","P.1",-0.0405753630228002,-0.00357142857142857,0.0333333333333333,0.00317460317460317,1,19,0.0158311896715326,-0.15039630187956,1.59766849045638,3,0.00602324573222269,-1.83725122240681,0.15,2,0.216666666666667,0,0.194725185717182,3,1,-0.0952380952380952,0.0476190476190477,0.124431329667157,2,0.518186213050213,0,0,1.570796326795,0.967005266724634
"Brazil","P.1.14",-0.122193159835561,-0.00130662020905923,0.0121951219512195,0.000580720092915215,0,20,0.240039679259592,0.0109108945117996,1.63061908481708,21,0,-4.81170447970364,0.05,1,0.285833333333333,0,0.154428516563958,11,1,-0.904761904761905,0.0952380952380953,0.141604822772246,1,0.198515243345873,0,0,1.570796326795,0.360041149911548
"Brazil","P.1.4",0.066510974050683,-0.00154162384378212,0.0143884892086331,0.00165157896148282,1,16,-0.0554152906906515,-0.242822370051348,1.5628961165136,1,0.153695543035411,-2.63280060291364,0.45,2,0.0891666666666667,0,0.162828531042181,1,1,-0.19047619047619,0,0.096051091287284,2,0.997271523182384,0,0,1.76714586764437,0.889824370146211
"Brazil","P.1.7",0.0801700224486389,-0.00299899673177881,0.0313075506445672,0.0101429618468651,2,2,-0.0847702104672171,-0.261535861745748,1.73407834886255,4,0.391681212121018,-0.754319272873199,0.95,3,0.04,4,0.0688459304909362,2,0.25,0.619047619047619,-0.238095238095238,0.238496258402173,4,2.09464093882606,0,0,1.37444678594563,0.930296592285394
"Brazil","P.2",-0.0529909971643603,-0.000810909589291425,0.0666666666666667,0.00585199557155465,1,17,0.0526688942108584,-0.162832774813891,1.55724095158686,1,0.126156167047803,-0.090752390556527,0.35,2,0.118333333333333,5,0.232526906908645,4,1,0,0.0476190476190477,0.100910500601854,2,0.886464475679797,0,0,1.96349540849375,1.24426438397135
"Brazil","P.7",-0.126467949510625,-0.00181598062953995,0.0169491525423729,0.000807102502017756,0,20,0.240039679259591,0.0109108945117996,1.63061908481708,21,0,-4.81170447970362,0.05,1,0.285833333333333,0,0.154428516563958,11,1,-0.904761904761905,0.0952380952380953,0.141604822772245,1,0.198515243345873,0,0,1.570796326795,0.360041149911548
"Brazil","Q (B.1.1.7)",0.000393549995160253,-0.00159914712153518,0.0153846153846154,0.00144333278661637,1,19,0.0208657393844811,-0.147858946327961,1.62896863359716,19,0.00292548257137425,0.16697206581369,0.1,1,0.256666666666667,0,0.149765321678311,11,1,0.0476190476190477,0.0476190476190477,0.120026717155892,1,0.394397691447443,0,0,1.570796326795,0.850204897896922
"Brazil","XBB",-0.0777223309796178,-0.00124263745449528,0.0181818181818182,0.00399150117449778,2,9,-0.396674970538509,-0.562602545118135,1.57958934158396,2,0.146785803372418,1.4529872328722,0.8,3,0.00833333333333333,2,0.124407717980479,3,1,0.428571428571429,0.238095238095238,0.124016507426192,3,2.09464093882606,0,0,1.76714586764437,1.13613124307672
"Brazil","XBB.1",-0.116777607733374,-0.00510204081632653,0.0476190476190476,0.00261515798533525,1,19,0.205751669058151,-0.0224470787754266,1.62468147720507,8,0,-4.75334965938901,0.15,2,0.216666666666667,0,0.112925873523253,8,1,-0.333333333333333,0.0476190476190477,0.129389093723778,2,0.518186213050213,0,0,1.570796326795,0.408614132724402
"Brazil","XBB.1.18",0.031307297168155,-0.000668713201881912,0.0185185185185185,0.00540514376881895,2,3,-0.743808495810001,-0.549984969263864,1.47098131732817,1,0.410507693117014,0.561882808235998,1,3,0.0116666666666667,5,0.192230000545238,1,1,-0.0952380952380952,0.142857142857143,0.0824094360071043,4,2.08546843531737,0,0,1.96349540849375,1.05874780577734
"Brazil","XBB.1.5",0.435613094111785,-0.000135493757942738,0.105263157894737,0.0284168024713521,3,7,-0.606433181727109,-0.784838255037406,1.82137605725187,1,0.559134278693256,-1.19137199527606,0.85,5,0.166666666666667,4,0.206366161548402,5,0.125,0.666666666666667,-0.428571428571429,0.468583124115314,2,2.08546843531737,0,0,0.589048622548125,0.913409020906974
"Brazil","XDR",0.00393410228068321,-0.00144787644787645,0.0135135135135135,0.00142976059362031,1,18,-0.0209474067035845,-0.201457417622291,1.57910888334043,2,0.019215621788622,-2.35268546158876,0.25,2,0.160833333333333,4,0.118419252683361,2,1,0.333333333333333,0,0.103112259885185,2,0.730588061371122,0,0,1.570796326795,0.921479840008458
"Canada","A",-0.152335326375103,-0.000722832921695023,0.028169014084507,0.0149291328186364,1,3,-0.0959598073383049,0.0640574002844122,1.51922621229497,1,0.714715267767652,-0.0125620415235973,0.95,4,0.00666666666666667,4,0.166594950871911,1,1,-0.0952380952380952,0.333333333333333,0.166640113046101,5,2.12862074618514,0,0,1.96349540849375,1.1415534876653
"Canada","AE.8",-0.144252926711033,-0.00714285714285714,0.0666666666666667,0.00317460317460317,0,20,0.240039679259592,0.0109108945117996,1.63061908481708,21,0,-4.81170447970364,0.05,1,0.285833333333333,0,0.154428516563958,11,1,-0.904761904761905,0.0952380952380953,0.141604822772246,1,0.198515243345873,0,0,1.570796326795,0.360041149911548
"Canada","AL.1",0.211514372785126,-0.00714285714285714,0.0666666666666667,0.010461338531514,2,16,-0.185688992590857,-0.34880278231536,1.83265780675407,8,0.0531933059362299,-1.54460538809738,0.3,2,0.0555555555555556,4,0.103953667608246,1,0.333333333333333,0.428571428571429,-0.0476190476190477,0.131796398549063,2,0.940447988655326,0,0,1.17809724509625,0.827610123774245
"Canada","AW.1",0.4699098565109,-0.00150905432595573,0.184615384615385,0.0275969574981964,3,12,-0.178429538881575,-0.358721421581127,2.97503316564585,4,0.551753726909013,0.455759218318629,0.55,6,0.0133333333333333,0,0.0441211450846207,2,0.75,0.666666666666667,-0.238095238095238,0.455386374299341,4,1.66040762347272,0,0,0.589048622548125,1.07227572971423
"Canada","AY (B.1.617.2)",0.0669055450146456,0.000348816578796711,0.0363128491620112,0.0201348450961736,4,0,-1.12253412491389,-1.2768604741562,4.17140261850871,1,0.714715267767652,-0.392782691990834,0.95,7,0.166666666666667,0,0.163814906908107,5,0.125,0.476190476190476,-0.523809523809524,0.61508176576634,2,1.84790080050907,0,0,0.39269908169875,0.815330297047774
"Canada","AY.103",-0.119658684425001,-0.000436018149184042,0.0206896551724138,0.00611937045304374,2,5,-0.673386441717908,-0.845370891393215,2.01316573990028,2,0.442964743104309,0.0897284297889835,1,5,0.166666666666667,4,0.109895274614801,1,0.142857142857143,-0.571428571428571,0.333333333333333,0.392186632426208,4,2.01615371726138,0,0,0.981747704246875,0.978683955836937
"Canada","AY.122",0.514125180920362,-0.00129087779690189,0.0465116279069767,0.0103642039053519,2,9,-0.429607595942972,-0.604485985993904,2.52999440828156,2,0.485015597770431,0.405663764217463,0.65,4,0.0416666666666667,2,0.104001527784648,1,0.2,0.666666666666667,-0.380952380952381,0.521793337862589,3,1.94192772391643,0,0,0.39269908169875,0.844391108472406
"Canada","AY.25.1",0.289162883374704,-0.00133941767661839,0.0526315789473684,0.00893002038279684,2,11,-0.240928615482771,-0.413834655561335,3.62204028985107,1,0.34900325418531,0.590012672410208,0.6,5,0.0740740740740741,4,0.0629432079470378,7,0.166666666666667,0.904761904761905,-0.19047619047619,0.529969183093262,2,1.52748961741732,0,0,0.39269908169875,0.613858049583097
"Canada","AY.25.3",-0.011868192169012,-0.0014045809440069,0.0144508670520231,0.00851986037225275,2,0,0.534221794587824,0.114829379401551,1.74541074835595,1,0.303893320696137,-0.0321644850225779,1,3,0.08,4,0.133842869753562,4,0.25,-0.523809523809524,0.142857142857143,0.287048713634784,3,2.06847853163783,0,0,1.17809724509625,1.03091942064759
"Canada","AY.27",-0.236254588509873,-0.00125855754291525,0.0107142857142857,0.00262557028846057,2,8,-0.539208130094524,-0.725073740096019,2.10339333137396,3,0.282798146957539,-0.268265654448623,0.75,3,0.0433333333333333,0,0.193244297690513,1,1,-0.80952380952381,0.380952380952381,0.193305226908244,3,1.97300140639361,0,0,0.981747704246875,1.00412454718139
"Canada","AY.44",0.25687482171823,-0.00159574468085106,0.0327868852459016,0.00720022167231522,2,8,-0.467609984581571,-0.663088058166234,1.73625088250405,2,0.127217157883143,2.32776564109921,0.8,2,0.0625,3,0.114053291096373,1,0.2,0.904761904761905,-0.380952380952381,0.16620280481599,3,2.12862074618514,0,0,1.37444678594563,0.956797795603677
"Canada","AY.74",0.0379322237429615,-0.000555694884450046,0.0643086816720257,0.0206187657229398,2,0,-0.652052267345549,-0.652052267345549,1.65238489496977,1,0.298873445057079,0.12964050634506,1,4,0.111111111111111,4,0.12881547105435,3,0.166666666666667,0.523809523809524,-0.142857142857143,0.268819525942269,4,2.10245833899691,0,0,1.570796326795,1.12667501745546
"Canada","AY.93",0.0622512686639302,0.00114533643521822,0.087248322147651,0.0398218103258278,2,0,-0.352198931230683,-0.713851385360498,2.18096530582399,5,0.448876671059645,0.995454414231412,1,4,0.04,5,0.0970357690796517,3,0.25,0.80952380952381,-0.476190476190476,0.257825889324773,4,2.01615371726138,0,0,0.589048622548125,0.912621120590122
"Canada","B",-0.40522569780913,-0.000285306879511832,0.0740740740740741,0.0274521853917964,1,4,-0.897430918739446,-1.06325057611565,1.7788838858462,1,0.43557816899566,-0.0299470370342546,0.95,5,0.166666666666667,4,0.144449680313512,3,0.142857142857143,-0.523809523809524,0.523809523809524,0.454407059379526,3,2.10245833899691,0,0,0.589048622548125,0.84621170047091
"Canada","B.1.1",-0.0473883639148179,-0.00800335997822953,0.2,0.0951134306420627,4,0,-0.303579747035056,0.712217068834204,1.65291384725524,1,0.447350142810322,-1.03571043684335,0.95,5,0.04,4,0.110559388180761,3,0.25,-0.238095238095238,0.857142857142857,0.241827388523174,4,1.84790080050907,0,0,1.37444678594563,0.82792714669134
"Canada","B.1.1.519",-0.0683880451471778,-0.00033023872558718,0.0256410256410256,0.00816277768813809,2,5,-0.785000091912909,-0.964758758374323,1.46597019530811,1,0.481001654119626,-1.81034403761198,1,4,0.0366666666666667,5,0.103378393829064,1,1,-0.142857142857143,0.238095238095238,0.0741768900743761,3,1.7354337715853,0,0,2.15984494934313,1.18347415171097
"Canada","B.1.128",-0.214695679897539,-0.000239824598658863,0.0217391304347826,0.0076935001712955,3,7,-0.798580239170929,-0.9558423638549,1.53634273199645,1,0.367785071346144,-2.43195498380449,0.9,4,0.0141666666666667,3,0.226849237694566,2,1,-0.333333333333333,0.428571428571429,0.0868744906229214,3,2.06847853163783,0,0,1.76714586764437,1.06014504737722
"Canada","B.1.160",-0.144252926711033,-0.00714285714285714,0.0666666666666667,0.00317460317460317,0,20,0.240039679259592,0.0109108945117996,1.63061908481708,21,0,-4.81170447970364,0.05,1,0.285833333333333,0,0.154428516563958,11,1,-0.904761904761905,0.0952380952380953,0.141604822772246,1,0.198515243345873,0,0,1.570796326795,0.360041149911548
"Canada","B.1.2",-0.129390890086834,-0.000204465388195173,0.0202020202020202,0.00719128450020047,3,6,-0.521763525947284,-1.02356028210915,1.50631857758813,1,0.337544832005441,-1.13225739134865,0.9,4,0.00416666666666667,3,0.162654207991135,1,1,-0.333333333333333,0.380952380952381,0.0553760505243636,4,2.15478315337337,0,0,1.96349540849375,1.21270381539223
"Canada","B.1.279",0.170164635608302,-0.00428400298756117,0.355828220858896,0.0689524289704832,4,1,-0.322312969434791,-0.494158042213697,3.07602558716359,5,0.336495757583516,0.167670435624434,0.9,3,0.0625,4,0.181585286074901,4,0.8,0.904761904761905,-0.19047619047619,0.488061578359735,3,2.08546843531737,0,0,0.39269908169875,0.635968868565299
"Canada","B.1.350",-0.00633362102808475,0.00355593869127763,0.0459770114942529,0.0296566860199784,2,0,0.126883681779991,0.66788213496827,1.55159877576799,1,0.351433512783515,0.211829388943772,1,4,0.0116666666666667,0,0.153249748752598,4,1,-0.0476190476190477,0.0952380952380953,0.248342562636261,3,2.08546843531737,0,0,2.15984494934313,0.884392976818926
"Canada","B.1.36",-0.112397807032886,-0.00153061224489796,0.0142857142857143,0.00264984165002868,1,15,-0.266490089680708,-0.422352453892388,1.5599324189005,2,0.212732798813413,-0.924625639379763,0.5,3,0.0733333333333333,4,0.160614609250391,4,1,-0.142857142857143,0.0476190476190477,0.0876560043390321,3,1.16482137672446,0,0,1.76714586764437,0.982133334783731
"Canada","B.1.36.18",-0.23422843911806,-0.00883458646616542,0.1,0.00726817042606516,1,19,0.11313727544077,-0.093935077315502,1.60936932633123,3,0.0060232457322229,-3.55161879241018,0.15,2,0.216666666666667,3,0.136885267717432,11,1,-0.714285714285714,0.142857142857143,0.173068012780982,2,0.518186213050213,0,0,1.570796326795,0.691745412995988
"Canada","B.1.36.36",0.370168664543962,-0.00357142857142857,0.113207547169811,0.01997974023827,2,9,-0.311806777040708,-0.515634814014077,1.67162199344543,2,0.111701845172567,0.568397776807473,0.7,4,0.0625,2,0.140313130553136,1,0.2,0.714285714285714,-0.333333333333333,0.248811671128801,3,2.08200736186528,0,0,1.76714586764437,1.09553346808512
"Canada","B.1.36.37",-0.125210237479951,-0.00164835164835165,0.0153846153846154,0.000732600732600733,0,20,0.240039679259592,0.0109108945117996,1.63061908481708,21,0,-4.81170447970364,0.05,1,0.285833333333333,0,0.154428516563958,11,1,-0.904761904761905,0.0952380952380953,0.141604822772246,1,0.198515243345873,0,0,1.570796326795,0.360041149911548
"Canada","B.1.422",-0.0203051824818623,-0.000771103914109135,0.0462962962962963,0.0208222097836876,2,2,-0.540743483902567,-0.360206473349477,1.43256697456483,1,0.47498962248111,-0.111832241620522,1,3,0.00916666666666667,4,0.156901809490066,1,1,-0.0476190476190477,0.0476190476190477,0.0320720038930756,3,2.1116308425056,0,0,2.55254403104187,1.2310617327508
"Canada","B.1.438.1",-0.122842593873154,-0.00137362637362637,0.0128205128205128,0.00061050061050061,0,20,0.240039679259592,0.0109108945117996,1.63061908481708,21,0,-4.81170447970364,0.05,1,0.285833333333333,0,0.154428516563958,11,1,-0.904761904761905,0.0952380952380953,0.141604822772246,1,0.198515243345873,0,0,1.570796326795,0.360041149911548
"Canada","B.1.525",-0.127332503937113,-0.00194099378881988,0.0181159420289855,0.000862663906142167,0,20,0.240039679259591,0.0109108945117996,1.63061908481708,21,0,-4.81170447970362,0.05,1,0.285833333333333,0,0.154428516563958,11,1,-0.904761904761905,0.0952380952380953,0.141604822772245,1,0.198515243345873,0,0,1.570796326795,0.360041149911548
"Canada","B.1.564.1",-0.357261465232774,-0.00304347826086956,0.0217391304347826,0.00341030949726602,1,17,-0.168636671476308,-0.31689067956894,1.70280610540683,1,0.153695543035411,-0.695844385097413,0.3,3,0.111111111111111,0,0.0611595595142702,5,0.166666666666667,-0.666666666666667,0.238095238095238,0.29448564969805,3,0.914285581467099,0,0,1.37444678594563,0.784500582676232
"Canada","BA.1 (BA.1)",0.106852510964047,0.0183824097463453,0.27944760357433,0.173833724666306,7,0,0.943354420027692,0.943354420027692,5.52133795018683,12,0.794964599304694,0.0499590167232415,0.95,10,0.166666666666667,5,0.447173189563096,11,0.142857142857143,0.571428571428571,-0.666666666666667,0.768038771675069,4,1.66958012698141,0,0,0.196349540849375,0.35278014820687
"Canada","BA.1.1 (BA.1.1)",0.215828799803628,-0.000412262056696257,0.19469696969697,0.0631310684797796,3,0,-0.665334746889956,-0.819683654829851,5.71244963345083,14,1.04834696212518,0.0582647927391988,1,8,0.166666666666667,3,0.304402644142045,1,0.142857142857143,0.761904761904762,-0.476190476190476,0.752215331128537,2,1.38314875124874,0,0,0.196349540849375,0.421355292808004
"Canada","BA.1.15 (BA.1.15)",0.103136883941671,0.00551905333858202,0.121443442054129,0.0695150310494397,4,0,0.520470488348438,0.673705014573929,5.30525950923401,11,0.821919818902618,-0.0218217344136345,0.75,10,0.166666666666667,0,0.294133612060291,3,0.125,0.666666666666667,-0.619047619047619,0.749778772932425,3,1.66958012698141,0,0,0.196349540849375,0.462187539651063
"Canada","BA.1.17 (BA.1.17)",-0.0794718470736547,0.00916562414833175,0.062667860340197,0.0244295126613716,4,0,-0.768820194611091,-0.923908894040436,4.10036356467097,10,0.671508593290279,-0.471640847879762,0.9,7,0.111111111111111,4,0.0133618788476203,4,0.166666666666667,-0.380952380952381,0.523809523809524,0.674875060186801,4,1.89105311137683,0,0,0.39269908169875,0.832705537147296
"Canada","BA.1.18 (BA.1.18)",0.0344736505358821,0.00523497448841232,0.0537848605577689,0.0360959649877815,2,0,0.448563648005933,0.657123315106873,2.13843667659335,2,0.344831302430909,0.472616078789178,1,6,0.04,5,0.0860994444257744,1,0.25,0.238095238095238,-0.80952380952381,0.360935231128964,4,2.12862074618514,0,0,0.7853981633975,0.787261373574721
"Canada","BA.1.20 (BA.1.20)",0.00619414023549377,0.00731246415986888,0.0618279569892473,0.0406891189254682,4,0,-0.225951780935553,1.26439579353618,2.57296006283832,4,0.408038793008053,-0.0705397474339992,0.9,6,0.04,0,0.0528419160933283,2,0.25,-0.0952380952380952,0.523809523809524,0.453494269057966,4,1.84790080050907,0,0,0.7853981633975,0.957894796344072
"Canada","BA.2 (BA.2)",0.0857817269334748,0.00243715724196118,0.0637982195845697,0.0343983602616467,4,0,-0.624904042294059,0.467934863819225,5.04514649821275,12,0.510067558356556,0.156274916091326,1,8,0.166666666666667,0,0.0975902101757646,3,0.125,0.714285714285714,-0.666666666666667,0.688216432325232,4,1.77512500900097,0,0,0.196349540849375,0.470069835717375
"Canada","BA.2.3 (BA.2.3)",0.0700385121054728,0.00113665102879041,0.0305997552019584,0.018025327185299,3,0,-0.446375581949874,0.0599447174479084,4.54338104367207,13,0.798275767590115,-0.081971677751395,0.95,7,0.166666666666667,5,0.221011191209752,1,0.125,0.761904761904762,-0.523809523809524,0.621638429397567,3,1.84790080050907,0,0,0.196349540849375,0.606171228019283
"Canada","BA.4 (BA.4)",0.058047122544183,-0.000711756373469689,0.0417633410672854,0.0195904595602586,2,0,-0.0900822448039702,-0.638429564401232,1.85033599930022,2,0.443807011280768,0.292567850761037,0.95,6,0.166666666666667,0,0.237026306459939,1,0.125,0.523809523809524,-0.380952380952381,0.410342520375233,4,2.15478315337337,0,0,1.17809724509625,0.929085643660338
"Canada","BA.4.1 (BA.4.1)",0.0695595757247672,0.000919283676682158,0.0479616306954436,0.024735468062793,5,0,-1.05174729876496,-1.21607570815453,3.7520052597204,6,0.593628058179018,-0.0209392534909449,0.95,7,0.111111111111111,0,0.345607856802138,4,0.166666666666667,0.80952380952381,-0.523809523809524,0.506533051724386,3,1.91721551856506,0,0,0.196349540849375,0.722218195590118
"Canada","BA.4.6 (BA.4.6)",0.222429251090774,0.000587436490535399,0.0401891252955083,0.00910613868769737,4,2,-0.572981258736632,-0.120325629057798,1.78804593541892,2,0.0954000707497554,0.94918635973276,0.95,3,0.0133333333333333,0,0.091270538965128,3,0.5,0.428571428571429,-0.523809523809524,0.167258175774932,3,2.1809455605616,0,0,1.37444678594563,1.04294979800884
"Canada","BA.5 (BA.5)",0.00974504001935063,-0.0027332969108489,0.0183246073298429,0.00970585240339699,4,0,-0.247301947922198,-0.142901661111985,1.95470748058118,4,0.420162959968264,-0.609737187543656,0.9,4,0.00333333333333333,0,0.154001672000896,1,0.5,-0.0952380952380952,-0.285714285714286,0.134705006889805,5,2.08546843531737,0,0,0.7853981633975,1.20107869745446
"Canada","BA.5.1 (BA.5.1)",0.191215587020432,6.49940629004493e-05,0.0654450261780105,0.0244830136488983,2,1,-0.997068558317886,0.639852700323348,4.60679134875417,9,0.553964515231199,0.366842867055398,0.9,8,0.166666666666667,4,0.175280847551877,2,0.125,0.904761904761905,-0.476190476190476,0.605608518038188,5,1.8047484896413,0,0,0.196349540849375,0.607062897522242
"Canada","BA.5.1.1 (BA.5.1.1)",0.0177407864208238,0.00072225434553585,0.0172413793103448,0.0100392068710691,4,0,-0.0473742289362518,-0.221044484998638,1.67104913608923,1,0.359556229061037,-0.508739771433506,0.95,3,0.0462962962962963,4,0.169135147136209,2,0.333333333333333,0.428571428571429,0.0952380952380953,0.0774380375627536,3,2.15478315337337,0,0,1.17809724509625,1.16634136356469
"Canada","BA.5.1.30 (BA.5.1.30)",-0.0319771414154574,-0.00300418737116667,0.02,0.00863201266524089,3,0,-0.216032310970133,-0.0303227422231661,2.1367832514403,5,0.499469919645667,-0.490431901120036,1,3,0.04,5,0.0781428191697202,2,0.25,-0.80952380952381,0.0952380952380953,0.200405159920692,3,2.15478315337337,0,0,0.589048622548125,0.950503364778141
"Canada","BA.5.1.7 (BA.5.1.7)",0.266514545144653,-0.00142540386442825,0.0140056022408964,0.0023589050606666,3,14,-0.217137053569631,-0.375803072730273,1.83601342763423,3,0.0411077804867751,-0.966201950204572,0.45,3,0.0233333333333333,5,0.0312433937816543,1,1,0.523809523809524,-0.142857142857143,0.207183034884241,3,1.18251434361424,0,0,1.17809724509625,0.869665404787774
"Canada","BA.5.2 (BA.5.2)",0.208581432607326,-0.00039065624662459,0.072289156626506,0.0146987204225239,3,2,-0.49563990390156,-0.255811743760371,1.62948669735458,3,0.077460155149174,2.55565799200472,0.95,4,0.0241666666666667,3,0.218155908443027,4,1,0.476190476190476,-0.428571428571429,0.1543093520849,5,1.87752428114939,0,0,1.570796326795,1.24981653007252
"Canada","BA.5.5 (BA.5.5)",0.0822518867258689,-0.000168884523877958,0.0363128491620112,0.0168056036523483,2,0,-1.01991309143613,-0.85583159716005,3.38144965960105,4,0.482528182368948,0.385036477266935,1,5,0.111111111111111,0,0.118274779026219,3,0.166666666666667,0.714285714285714,-0.476190476190476,0.434043686979443,4,1.83091089682953,0,0,0.589048622548125,0.825572546106362
"Canada","BA.5.6 (BA.5.6)",0.0509878793138514,-0.000530316154057023,0.0324324324324324,0.0190331673719769,3,0,-0.666425011667093,-0.492795312344999,1.92840125603491,1,0.530068374456326,0.0387783634310623,1,4,0.166666666666667,5,0.111707242253034,3,0.142857142857143,0.714285714285714,-0.523809523809524,0.459144659832246,3,1.96954033294152,0,0,0.589048622548125,0.754556154406878
"Canada","BC0 (BA.1.1.10)",0.030670411510132,0.000346082998288435,0.0402397260273973,0.0251814186321635,3,0,-0.970382317419125,-1.12524249404536,1.69654433146049,2,0.36414183613341,0.460475352996567,0.95,5,0.166666666666667,4,0.158276239463864,1,0.142857142857143,0.476190476190476,-0.380952380952381,0.253140938918681,4,2.1809455605616,0,0,1.37444678594563,1.08323013692279
"Canada","BC6 (BA.1.1.16)",-0.0194018261862879,0.00514430670371168,0.0558951965065502,0.0204450350594097,2,0,-0.575909728375834,-0.758245290192141,1.80271056096069,6,0.381083573410129,-1.11839230663201,0.95,6,0.0625,5,0.107860946416264,3,0.2,0.238095238095238,0.238095238095238,0.289412809222396,3,2.01269264380928,0,0,1.17809724509625,1.127720199931
"Canada","BD (BA.1.17.2)",0.085858215405357,0.0115786636772508,0.233870967741935,0.142352511082806,4,0,1.13246648991298,0.951034366800306,4.38069408418468,11,0.727429613441953,0.0136074213794033,1,12,0.166666666666667,0,0.169872085721323,9,0.125,0.523809523809524,-0.666666666666667,0.663955612318023,3,1.8047484896413,0,0,0.196349540849375,0.559268096068032
"Canada","BE.1",0.0502725950804634,0.00250174924686701,0.0407124681933842,0.0229493778073744,3,0,-0.0475785682715496,-0.237515656469405,2.2286833689697,3,0.571848624367557,0.368395879808505,1,5,0.0462962962962963,4,0.125777198735997,2,0.333333333333333,0.285714285714286,-0.666666666666667,0.334970405789457,4,2.08546843531737,0,0,0.981747704246875,1.09342910142144
"Canada","BE.1.1",0.048637366414058,0.000338556340283021,0.0316265060240964,0.013999733761702,2,0,-0.313912860865591,-0.502112607368247,1.70788342696615,2,0.56277751390599,-0.573022665083183,0.95,5,0.08,4,0.121049606080148,1,0.25,0.619047619047619,-0.285714285714286,0.216283274269979,2,2.06847853163783,0,0,1.570796326795,0.968974620863056
"Canada","BF (BA.5.2.1)",0.0795450914856642,-0.000805869465512075,0.0363128491620112,0.0141820876270418,4,0,-0.794517402574318,-0.965625260397858,2.57897965482639,3,0.65446675233038,0.428322258505202,1,4,0.166666666666667,0,0.102078191681444,2,0.111111111111111,0.80952380952381,-0.380952380952381,0.421676217587485,3,1.87406320769729,0,0,0.7853981633975,0.862221715809871
"Canada","BF.10",0.0727821012138872,-0.000257349649535075,0.0517647058823529,0.0189739099776713,2,0,-0.970014359135059,-0.765211305352327,2.42155991501029,2,0.42592290214441,0.795548374759572,0.95,5,0.0416666666666667,2,0.234816377494077,1,0.2,0.666666666666667,-0.333333333333333,0.354034697813355,3,2.01615371726138,0,0,0.589048622548125,0.905243500049587
"Canada","BF.7",0.231956255511664,-0.000225177608496207,0.0145772594752187,0.00467336219634504,2,5,-0.405924402496099,-0.91083628606562,1.62856976220208,2,0.365574283023958,-0.694283758497205,0.95,4,0.0141666666666667,3,0.112104857028263,3,1,0.0476190476190477,-0.285714285714286,0.061556371952554,4,2.06847853163783,0,0,1.570796326795,1.27012535412853
"Canada","BG (BA.2.12.1)",0.0913472623544754,-0.00156259728145153,0.0552763819095477,0.0160905108218977,5,0,-0.700559286568274,-0.0730789325079318,2.34082236166664,3,0.279054808061625,0.602725645847315,1,5,0.166666666666667,3,0.157871156322232,2,0.125,0.761904761904762,-0.428571428571429,0.456834505285163,4,1.91721551856506,0,0,0.7853981633975,0.997810102323129
"Canada","BQ.1",-0.0286549859638329,-0.000187739219662764,0.0189393939393939,0.00896917003477653,3,2,0.786856205683357,0.613101894449877,1.78257474479118,1,0.745313722578311,0.733391631084028,1,8,0.04,0,0.17284640219406,3,0.25,0.380952380952381,-0.19047619047619,0.319155194062337,6,2.1809455605616,0,0,0.7853981633975,1.05049841015704
"Canada","BQ.1.1",0.0543147696036856,-6.09424942446116e-05,0.0448548812664908,0.0194604975306052,2,0,-0.857734423209577,-0.686636538202748,1.89069206983149,2,0.461591016733946,0.0645104686076919,1,4,0.0416666666666667,3,0.0648227215070348,1,0.2,0.714285714285714,-0.333333333333333,0.415568170032807,3,2.1116308425056,0,0,1.17809724509625,0.921949482370667
"Canada","C76 (B.1.1.176)",0.0139788934423176,0.0109250004793547,0.110429447852761,0.0556476157405794,2,0,-0.457177074624703,-0.0678837723860874,1.79897232428404,3,0.293295681985248,0.151777486412109,0.95,5,0.0333333333333333,4,0.24385737133973,1,0.5,0.119047619047619,-0.142857142857143,0.135599924403706,4,2.15478315337337,0,0,1.37444678594563,1.2850861358021
"Canada","D (B.1.1.25)",-0.10736736498935,-0.00078158843686794,0.0542635658914729,0.021487934443328,2,3,0.370785362288766,-0.520456488443234,1.68562921735736,2,0.329906168434422,0.304026132441192,1,3,0.0233333333333333,2,0.154593994445259,2,0.5,0.523809523809524,0.142857142857143,0.132575731669615,3,1.94337792575329,0,0,1.37444678594563,1.13194100452409
"Canada","EG.5.1",0.0212823991688283,-0.00120380402070543,0.02,0.0037646255743625,2,14,-0.296992409785823,-0.46529576779032,1.62888422697948,2,0.0736034719848264,0.713738793550795,0.55,3,0.0608333333333333,3,0.21261719599219,2,1,0.333333333333333,0,0.106992216890713,3,1.25804814536419,0,0,1.570796326795,1.17619437054105
"Canada","EG.5.1.1",-0.291780976125894,-0.00162225651199687,0.0256410256410256,0.00837491482598918,3,8,-0.65964710553543,-0.805186382875382,1.69115165407395,3,0.440747932457717,-0.842647509326693,0.8,4,0.00333333333333333,4,0.17406102585398,3,0.5,0.0952380952380953,0.380952380952381,0.0647607693878281,3,2.15478315337337,0,0,1.37444678594563,1.28917184000452
"Canada","FL.1.5.1",0.304191333763963,-0.000825547680412371,0.0319148936170213,0.00795799313086866,2,12,-0.439788967096756,-0.587022859888652,1.83399560085099,2,0.384292540056177,-0.39025077459782,0.65,3,0.0416666666666667,5,0.162450751276761,1,0.2,0.714285714285714,-0.0952380952380952,0.370971825334173,2,1.63850644450423,0,0,0.981747704246875,0.896920473059073
"Canada","HK.3",0.251609482526888,-0.00120385232744783,0.0194174757281553,0.00441950565335038,2,13,-0.39130539493192,-0.544632773179168,1.87731881559501,1,0.552179875195101,-0.025221432020251,0.55,6,0.0277777777777778,0,0.145473406840624,4,0.333333333333333,0.333333333333333,-0.238095238095238,0.329253293289747,5,1.51260568385204,0,0,0.981747704246875,1.11939247405819
"Canada","HV.1",0.386327660664592,-0.000129775747508306,0.0326797385620915,0.0114092927487897,2,6,-0.746858023468871,-0.896754651226604,1.81841582911032,2,0.138556961087311,0.195884479386024,0.8,3,0.01,3,0.145907456534279,2,0.5,0.142857142857143,-0.476190476190476,0.195100283825911,4,1.98999131007315,0,0,1.570796326795,1.17969173801634
"Canada","JD.1",-0.120840805809184,-0.00117739403453689,0.010989010989011,0.000523286237571952,0,20,0.240039679259592,0.0109108945117996,1.63061908481708,21,0,-4.81170447970363,0.05,1,0.285833333333333,0,0.154428516563958,11,1,-0.904761904761905,0.0952380952380953,0.141604822772246,1,0.198515243345873,0,0,1.570796326795,0.360041149911548
"Canada","JF (XBB.1.16.6)",-0.226427827533426,-0.00178261413281069,0.0121457489878543,0.0025023952771492,1,14,-0.33048851949971,-0.486334422726953,1.81267530502863,3,0.0810479505138904,-0.227751358034548,0.55,3,0.193333333333333,3,0.45120640102785,1,0.5,-0.428571428571429,0.19047619047619,0.21688150072058,3,1.25804814536419,0,0,1.37444678594563,1.05291495584935
"Canada","JG.3",0.0537795565565584,-0.00103315698721554,0.0103092783505155,0.00254849860845105,2,8,-0.178194090488854,-0.744436503921256,1.5213932207925,1,0.302950948836499,-1.74902312453681,0.8,4,0.0108333333333333,0,0.1064998390994,1,1,-0.380952380952381,-0.19047619047619,0.0536298730129357,3,2.08546843531737,0,0,1.96349540849375,0.955550713363783
"Canada","JN.1",0.00285837271235239,0.000563719681154018,0.0333333333333333,0.0129385353166216,3,1,-0.344317123791183,-0.14902871948333,1.6029619753671,1,0.332016853073429,-0.531330342821626,1,3,0.00916666666666667,0,0.172792311730211,1,1,0.571428571428571,-0.523809523809524,0.142839661046133,4,2.1116308425056,0,0,1.76714586764437,1.14216002037572
"Canada","JN.1.4",0.27649366582948,-0.00120147997164126,0.0302197802197802,0.0105581639123399,4,3,-0.949012098884321,-1.13928697712793,2.54707675686439,2,0.290594818632153,0.158400938269717,0.95,6,0.166666666666667,0,0.0734952898768774,1,0.125,0.904761904761905,-0.428571428571429,0.447886526162916,4,1.97300140639361,0,0,0.589048622548125,0.777858510454722
"Canada","L.1",0.113799207756792,0.0123613022487454,0.17910447761194,0.0884815124908292,2,0,-0.253325356781361,-0.415323358655506,3.85593154907588,6,0.67387738971606,0.239698898364983,0.95,7,0.0740740740740741,3,0.160284924445838,4,0.166666666666667,0.238095238095238,-0.666666666666667,0.561770585185664,3,1.78865383922842,0,0,0.39269908169875,0.811263172701335
"Canada","P.1.14",0.129223123751029,-0.000740325466683558,0.171116504854369,0.0556898720665083,3,0,-0.623842570081596,-0.796188600172035,4.63219585501302,8,0.47524171194348,0.335357392856199,0.8,6,0.166666666666667,0,0.165499852037794,4,0.142857142857143,0.761904761904762,-0.476190476190476,0.60488696412123,5,1.38314875124874,0,0,0.196349540849375,0.554584066274117
"Canada","Q (B.1.1.7)",0.146676216398778,-0.00126546681664792,0.0184049079754601,0.00290787364106036,4,16,-0.181052539368976,-0.33714720334343,2.33823885885106,4,0.358387916281669,-1.64151756887053,0.3,5,0.0740740740740741,0,0.0840712284381942,2,0.666666666666667,0.619047619047619,-0.0952380952380952,0.318390754089298,2,0.914285581467099,0,0,0.7853981633975,1.09024127804254
"Canada","QB.1.147 (B.1.147)",0.276456629448646,0.00458653227324335,0.414634146341463,0.124624358329865,6,1,-0.684739533706103,-0.855442497986616,3.94913698068069,3,0.799015834127202,0.26446361086663,1,7,0.166666666666667,3,0.123671965559336,2,0.125,0.857142857142857,-0.523809523809524,0.634773460636323,2,1.58417075851253,0,0,0.196349540849375,0.584832963576471
"Canada","XBB",-0.113006136586836,-0.00131205469127396,0.0112540192926045,0.00457082103725176,3,4,-0.351884049667172,-0.849129068781453,1.96023715735155,2,0.245171333508187,-0.212635470145125,0.95,5,0.08,2,0.194658351127735,1,0.25,-0.619047619047619,0.428571428571429,0.188273195672217,4,2.06847853163783,0,0,0.7853981633975,0.893228742437217
"Canada","XBB.1.16",0.0950369702355594,0.000663312417817129,0.0579150579150579,0.027631508221356,2,0,-1.16444690601129,-0.655402952046074,4.25895537956878,2,0.628453904592095,-0.0406586848016637,1,6,0.166666666666667,2,0.233179876530957,1,0.125,0.595238095238095,-0.619047619047619,0.467324750227281,4,1.94683899920539,0,0,0.589048622548125,0.805016166311626
"Canada","XBB.1.5",0.0911504224105601,-0.00128465593715713,0.0393939393939394,0.0163904023949959,2,0,-0.872658447732077,-0.600210206449782,4.38666097675256,12,0.609043267206415,0.507334629457667,0.9,5,0.166666666666667,0,0.0809187359115672,4,0.142857142857143,0.666666666666667,-0.476190476190476,0.646338052326242,4,1.78204715590517,0,0,0.196349540849375,0.794680990077315
"Denmark","AY.120.2.1",0.0395493490414569,0.00870472885550544,0.0889830508474576,0.043305883671692,3,0,-0.508522382386309,-0.299027366665323,2.00841416633219,3,0.335660088286163,0.538480117429898,1,4,0.0185185185185185,5,0.093479653313004,1,0.333333333333333,0,-0.714285714285714,0.227975942574333,4,2.08546843531737,0,0,0.981747704246875,1.19029655257046
"Denmark","AY.121",-0.0107015864172359,-6.04967256754534e-05,0.0240770465489567,0.0100248012405609,4,0,-0.635810104501939,-0.44349199998153,1.65981151663393,1,0.346563524967454,0.658722870465199,1,2,0.04,5,0.251895719499936,4,0.25,0.19047619047619,0.238095238095238,0.272684941274166,2,1.99916381358184,0,0,1.76714586764437,0.997078562549849
"Denmark","AY.125",0.0461528207620109,0.00028232938725165,0.0391891891891892,0.0162581938044596,3,0,-0.735333455610802,-0.735333455610802,3.16611415396298,3,0.301524524270356,0.347489664614402,0.9,4,0.0625,3,0.220244471482138,2,0.2,0.904761904761905,-0.142857142857143,0.414190932093763,3,2.01615371726138,0,0,0.589048622548125,0.831883531735573
"Denmark","AY.126",0.0572254021167736,0.0023614392722222,0.0668563300142248,0.0336389502896305,5,0,-0.41677487631722,-0.41677487631722,2.81414130364324,4,0.554548671620883,0.438084150710594,1,5,0.166666666666667,5,0.104040435053908,3,0.111111111111111,0.666666666666667,-0.714285714285714,0.398045978786148,4,1.94337792575329,0,0,0.589048622548125,0.945470175620013
"Denmark","AY.127",0.00342148364436408,-0.000757288881335833,0.0156862745098039,0.0071038144123331,2,1,-0.538742009667351,-0.362530698331272,1.45226542242837,1,0.220432924556855,-1.16017530156698,1,2,0.0291666666666667,5,0.18971874719181,1,1,0.142857142857143,0.0476190476190477,0.0332560744525687,3,1.78204715590517,0,0,2.15984494934313,1.17967932479679
"Denmark","AY.129",0.071020375827837,-0.000457831511808568,0.0378151260504202,0.0193814951171943,3,0,0.0700860091293962,-0.796378394288841,2.86993381886233,8,0.41320855647011,0.346262073350431,1,7,0.111111111111111,3,0.103198079471978,2,0.166666666666667,0.380952380952381,-0.523809523809524,0.488287827323423,3,1.68657003066095,0,0,0.39269908169875,0.934036050111643
"Denmark","AY.33",0.0686214891601683,0.00208878967169046,0.03584229390681,0.018889329905785,2,0,-0.468286286421179,-0.632377857826665,2.77669636014467,2,0.621757612880715,0.42655601048941,1,5,0.166666666666667,2,0.0843807571624868,1,0.111111111111111,0.666666666666667,-0.666666666666667,0.434850442019985,3,2.06847853163783,0,0,0.589048622548125,0.802699466627641
"Denmark","AY.36",0.0593056204963773,-0.00125936329104125,0.0122699386503067,0.00655199262652793,3,1,0.597273864274385,-0.302166691592727,1.81830003967842,1,0.479827319015853,-0.379743323218237,0.9,4,0.0185185185185185,3,0.131787001919186,2,0.333333333333333,0.0952380952380953,0,0.358383441017253,4,1.98999131007315,0,0,0.7853981633975,1.02868218043424
"Denmark","AY.4",0.00797073277064446,0.00189858481142962,0.0216450216450216,0.0123517082919967,2,0,0.0712872674272971,0.256065469959359,1.74009349536526,2,0.518296400641664,-0.719237268499814,0.95,4,0.0233333333333333,3,0.104756970695544,1,0.5,0.142857142857143,-0.238095238095238,0.179082016646397,3,2.15478315337337,0,0,1.37444678594563,1.14137546516262
"Denmark","AY.4.15",0.223414874895218,-0.000698226504678118,0.0526315789473684,0.0107072396606245,4,7,-0.417655597750246,-0.619543395464268,2.07735747110294,2,0.223643989159095,-1.08215153466105,0.85,4,0.0133333333333333,5,0.0594652082105286,2,0.5,0.0476190476190477,-0.428571428571429,0.282436213772666,3,2.01615371726138,0,0,0.981747704246875,1.18470103411477
"Denmark","AY.4.2",0.00683172898552374,0.00112455174148623,0.0269749518304432,0.0139844074054275,2,0,0.144914139229272,-0.261131756356094,1.72650136594325,2,0.37685618180771,-0.22306451172245,1,5,0.0133333333333333,4,0.115267623634313,3,0.5,0.333333333333333,0.142857142857143,0.0483461188797818,3,2.06847853163783,0,0,1.37444678594563,1.31763358033085
"Denmark","AY.4.5",-0.0750160069651176,-0.00114441943106266,0.0246305418719212,0.00939014505951668,4,1,-0.740922404805068,-0.536518615112036,1.76286676978478,4,0.499728031432442,-1.50816854939885,0.95,5,0.0185185185185185,4,0.132140296646191,2,0.333333333333333,0.333333333333333,-0.0476190476190477,0.198023568113981,4,2.05930602812915,0,0,0.981747704246875,1.1757703016543
"Denmark","AY.4.6",0.114395111593607,0.00297017803453625,0.156583629893238,0.0792431330758824,8,0,0.74999458681593,-1.29855304617779,4.85427213358611,11,0.740728115505938,-0.0415503502839201,0.9,12,0.166666666666667,0,0.302807165678199,7,0.285714285714286,0.476190476190476,-0.619047619047619,0.728711859027601,4,1.66958012698141,0,0,0.196349540849375,0.538734475291525
"Denmark","AY.42",0.137258972936112,0.00897177512515738,0.0640732265446224,0.0359317647602253,4,1,-0.229055252386488,-0.0406632331937451,2.54193582245395,4,0.35754564810521,0.0755885885766036,1,5,0.0185185185185185,0,0.0373898382897626,1,0.666666666666667,-0.119047619047619,-0.761904761904762,0.325738424256719,5,1.84790080050907,0,0,0.7853981633975,1.07524881579035
"Denmark","AY.43",0.091396445408139,0.014335488908307,0.265582655826558,0.156946172672765,4,0,0.493151012487842,0.493151012487842,4.50489383200641,9,0.77191072670628,0.167786637048138,0.95,13,0.166666666666667,5,0.153446159018709,3,0.142857142857143,0.523809523809524,-0.714285714285714,0.674376356847819,3,1.63995664634108,0,0,0.196349540849375,0.526778478077146
"Denmark","AY.43.6",0.0416228324688535,0.00578448657842136,0.105121293800539,0.0557234898942739,5,0,0.357194140690272,0.357194140690272,3.1289781130832,5,0.293295681985248,0.0579345304571904,1,8,0.08,0,0.242432962969543,3,0.75,0.571428571428571,-0.333333333333333,0.42049010474058,4,1.78204715590517,0,0,0.589048622548125,0.908688509538413
"Denmark","AY.46",0.0338469300210109,0.00275120601015767,0.0438871473354232,0.0272581718401223,3,0,-0.0170182794814957,-0.0170182794814957,2.2105580012778,7,0.411682028220787,0.655075906321607,0.95,4,0.0740740740740741,4,0.140417670872845,3,0.166666666666667,0.142857142857143,-0.80952380952381,0.401201269231058,4,2.05930602812915,0,0,0.589048622548125,0.917292157865782
"Denmark","AY.46.6",0.0188142088700771,-0.000511581415409753,0.0224719101123595,0.00964647630340585,4,0,-0.368454555366056,-0.169261468943868,1.61327174860275,1,0.331432696683745,-0.136154751449206,0.95,3,0.0191666666666667,5,0.133905055667324,5,1,0.238095238095238,-0.0952380952380952,0.182262599872992,2,2.02532622077007,0,0,1.570796326795,1.07805914711007
"Denmark","AY.7.1",0.0956124327843461,0.0140368760121107,0.324626865671642,0.198824840310292,5,0,0.371681712372516,0.037301891491653,4.56886601308481,8,0.971740865800869,0.101099761221474,0.95,12,0.0740740740740741,4,0.208367178046519,5,0.166666666666667,0.142857142857143,-0.666666666666667,0.770035079630308,3,1.63995664634108,0,0,0.39269908169875,0.568734433029183
"Denmark","AY.80",0.0106165531921418,-0.00115964075693917,0.052434456928839,0.0197844320348229,3,0,-0.564826106512557,-0.7708889879914,1.63452239227333,1,0.48464488933236,-0.819282258820937,1,3,0.0277777777777778,4,0.136056972938964,4,0.333333333333333,-0.0476190476190477,-0.0952380952380952,0.0749376603310176,2,2.1116308425056,0,0,1.37444678594563,1.30410992787313
"Denmark","AY.9.2",0.0489442956670693,-0.000980747733660058,0.0722394220846233,0.0202930573907774,4,0,-0.530074297746803,-0.7389934437016,2.30800545477843,3,0.311179791121606,0.363211250081439,1,3,0.0462962962962963,3,0.180808040531774,2,0.333333333333333,0.904761904761905,-0.142857142857143,0.313563297076484,3,2.12862074618514,0,0,0.7853981633975,0.862407812059545
"Denmark","AY.98.1",0.0435641673349126,0.00262441922346869,0.0375722543352601,0.0231882080045643,4,0,-0.0829021965888928,-0.255532575277961,1.7878059518602,2,0.701416765703668,0.805347817446878,0.95,7,0.0740740740740741,4,0.123734309869092,1,0.166666666666667,0.380952380952381,-0.619047619047619,0.32236893618633,3,2.02532622077007,0,0,1.37444678594563,0.986204354768309
"Denmark","BA.1.1 (BA.1.1)",0.0879533091761568,0.00409378142517968,0.138263665594855,0.0646697420351656,2,0,-0.335626198438517,-0.297849036888203,4.67099992973113,14,0.500412291505306,0.201418135118718,0.9,7,0.166666666666667,2,0.197221289510219,1,0.125,0.714285714285714,-0.666666666666667,0.604665584310392,3,1.84790080050907,0,0,0.196349540849375,0.403714756842687
"Denmark","BA.2 (BA.2)",0.154642697610469,0.00320491484010703,0.184615384615385,0.0728463888532125,6,0,-0.871579895125691,-1.03596227811906,5.49439078669224,14,0.804035709766261,0.0678196613258472,0.8,8,0.166666666666667,4,0.549087182318897,3,0.125,0.761904761904762,-0.619047619047619,0.71194140245101,2,1.38314875124874,0,0,0.196349540849375,0.318804437472161
"Denmark","BA.2.9 (BA.2.9)",0.092967357702147,0.00240734272901001,0.0765661252900232,0.0420280911264647,3,0,0.0143993038670929,-0.75543969638494,5.65280781455744,10,0.728956141691276,0.415890448575826,0.95,6,0.166666666666667,4,0.118513215851394,3,0.142857142857143,0.619047619047619,-0.619047619047619,0.714181291504532,3,1.84790080050907,0,0,0.196349540849375,0.563697871754969
"Denmark","BA.4 (BA.4)",0.0215668851975179,0.000501714087270825,0.0486111111111111,0.0251726102087865,2,0,-0.649392757796486,0.7288072028005,1.59346865053549,1,0.496769056292572,1.67248106833765,0.95,5,0.0191666666666667,5,0.141041708847642,4,1,0.523809523809524,-0.0476190476190477,0.173291146032297,3,2.02968254748882,0,0,1.76714586764437,1.09550625314672
"Denmark","BA.4.1 (BA.4.1)",0.0536283832185873,-0.000757699771150712,0.0401785714285714,0.0130417885646539,4,0,-0.766030172594466,-0.557080024176262,2.16809267792003,4,0.162194990075409,1.9954797442832,0.95,5,0.0555555555555556,0,0.0961783706803632,2,0.333333333333333,0.523809523809524,-0.428571428571429,0.204544165720997,4,1.94337792575329,0,0,0.7853981633975,1.19226205683066
"Denmark","BA.4.6 (BA.4.6)",0.125937028635675,-0.00101837339232297,0.0144230769230769,0.00455158624034481,3,4,-0.0625517707507622,-0.263338803985787,1.50490421109479,1,0.382025945269767,-3.76503758504178,1,4,0.0191666666666667,3,0.1686681975683,6,1,0.380952380952381,-0.285714285714286,0.14177256811669,3,1.97300140639361,0,0,2.15984494934313,0.969279531290661
"Denmark","BA.5 (BA.5)",0.0632605713828823,-0.002170768328027,0.043557168784029,0.0211857482554909,3,2,0.847414749297529,-0.144360738956822,1.72568444999373,2,0.521255375781534,0.469032873360425,0.95,6,0.12,0,0.215217193241891,1,0.25,0.571428571428571,-0.0952380952380952,0.180600193339411,3,2.15478315337337,0,0,1.17809724509625,1.16444800619402
"Denmark","BA.5.1 (BA.5.1)",0.27116684493961,0.00251610135797583,0.170560747663551,0.0639251775480459,4,1,-0.813195333825717,-0.961159766577786,5.03298724339742,13,0.90242123990203,0.0747121315017477,0.85,7,0.166666666666667,3,0.456402793850521,2,0.125,0.857142857142857,-0.523809523809524,0.7250519123676,2,1.77512500900097,0,0,0.196349540849375,0.300095812082776
"Denmark","BA.5.1.34 (BA.5.1.34)",-0.126251167400456,-0.00161876574893471,0.0174825174825175,0.00659307513125304,2,1,-0.664815777159596,-0.852485478005806,1.68558015122381,2,0.378972888771122,0.037018306845974,1,3,0.0133333333333333,4,0.121672436345434,2,0.5,-0.333333333333333,0.238095238095238,0.12684362265075,3,2.01615371726138,0,0,1.37444678594563,0.995601984284757
"Denmark","BA.5.11 (BA.5.11)",0.0866075879688782,-0.00064009083113629,0.0154867256637168,0.00616491763812864,3,1,-0.730057424853213,-0.914343192143353,1.64485892355138,3,0.405337929654957,-0.112195263966591,0.9,3,0.00333333333333333,3,0.0997571543048538,4,0.5,0.666666666666667,0.0476190476190477,0.123359040646619,3,2.1116308425056,0,0,1.37444678594563,1.078631736617
"Denmark","BA.5.2 (BA.5.2)",0.201714523187717,0.00108385306040045,0.0389755011135857,0.0188172003096195,4,1,0.0583355701614121,0.312640682571569,3.7889053840545,6,0.676836364855931,0.0144919297492164,1,5,0.0740740740740741,0,0.331374976000045,2,0.166666666666667,0.857142857142857,-0.666666666666667,0.528994882120606,2,1.94683899920539,0,0,0.196349540849375,0.543285265544312
"Denmark","BD (BA.1.17.2)",0.126831034190321,0.000623317602510034,0.107317073170732,0.039762928027819,3,0,-0.852163653897623,-1.02954456960939,5.11391981343248,13,0.863700068813849,-0.0357729669943518,0.9,7,0.166666666666667,0,0.185796242688629,1,0.142857142857143,0.666666666666667,-0.619047619047619,0.743634627150389,3,1.51831711390863,0,0,0.196349540849375,0.552230828652635
"Denmark","BE.1",0.203033972093098,-0.00133791876620343,0.0200445434298441,0.0100606252026757,2,2,0.70673660635025,0.528345778213469,2.43790670099556,4,0.479475125870303,0.385844899188702,1,5,0.08,4,0.12144177936139,1,0.25,0.428571428571429,-0.428571428571429,0.407273773150451,3,1.96954033294152,0,0,0.589048622548125,0.880897639202941
"Denmark","BE.1.1",0.180523287302651,0.00252056716092097,0.0833333333333333,0.0387525935732991,4,1,-1.1749956025505,0.917283914968229,5.51596705931299,12,0.819803111939206,0.39468299099062,0.95,8,0.166666666666667,5,0.136850141339042,2,0.125,0.666666666666667,-0.619047619047619,0.694422768917994,4,1.84790080050907,0,0,0.196349540849375,0.539969683715822
"Denmark","BF (BA.5.2.1)",0.168108888284691,-0.00193181638395801,0.0949781659388646,0.0351271917322073,4,1,-1.00877078160671,-0.821854014864193,1.97311503986303,1,0.533027349596196,0.162620631665498,0.9,7,0.111111111111111,4,0.138560669892822,3,0.166666666666667,0.714285714285714,-0.476190476190476,0.469132992771688,2,2.01269264380928,0,0,0.589048622548125,0.744692794278031
"Denmark","BF.5",0.0374243342613946,0.000660561794850856,0.0350609756097561,0.0218333271934819,3,0,-0.0865149170328919,-0.464052413508845,5.19290323320645,2,0.481001654119626,-0.157024850832371,0.95,8,0.0740740740740741,0,0.204551321310378,1,0.166666666666667,0.476190476190476,-0.523809523809524,0.541848278697421,4,1.94337792575329,0,0,0.39269908169875,0.921079456601731
"Denmark","BF.7",0.0639398793007665,0.00035283303496582,0.0211864406779661,0.00970688740332178,2,0,-0.413928383350776,-0.413928383350776,2.05218592259944,4,0.586673654680864,0.677689752513663,1,5,0.166666666666667,4,0.101516514480248,1,0.142857142857143,0.80952380952381,-0.619047619047619,0.3019188595586,4,1.98999131007315,0,0,0.981747704246875,0.978834610805652
"Denmark","BG (BA.2.12.1)",0.0983270780435939,-3.4686640537653e-05,0.0639269406392694,0.0222032494469103,3,0,-0.782383267309044,-0.782383267309044,2.9158913011971,2,0.520665197067445,0.357989274749164,0.85,5,0.166666666666667,4,0.160316046372597,1,0.142857142857143,0.714285714285714,-0.476190476190476,0.535832997147793,3,1.66958012698141,0,0,0.196349540849375,0.666447166371319
"Denmark","BN.1",0.0609833685165756,-0.00116832571132316,0.0345911949685535,0.0131744783854677,2,0,-0.0826641078381581,-0.935328759870088,1.76314918502712,2,0.291184997346242,0.86518200445883,0.9,4,0.0416666666666667,3,0.090963793380898,4,0.2,0.80952380952381,-0.333333333333333,0.324534092896987,4,2.1809455605616,0,0,1.17809724509625,0.956790914169826
"Denmark","BN.1.2",0.035094461079343,0.0017829852571996,0.0237659963436929,0.0123703698387829,5,2,-0.0745611209243308,0.107232307734324,2.48887755135626,5,0.611512167315376,0.323415884910921,1,5,0.04,0,0.114172808559556,2,0.25,-0.0476190476190477,-0.0952380952380952,0.381507647829018,3,1.97300140639361,0,0,0.589048622548125,1.0329150348928
"Denmark","BN.1.3.1",0.0670323715607406,-0.000512351722794879,0.0335051546391753,0.011195447653853,2,0,-0.719602363951388,-0.902045907110983,1.72788099208259,1,0.514653165428929,-0.696691199016644,1,4,0.0740740740740741,4,0.130284542951255,2,0.166666666666667,0.80952380952381,-0.333333333333333,0.304541137456632,3,1.96036782943283,0,0,1.37444678594563,0.997614682130635
"Denmark","BN.1.4.4",0.0775564925976052,-0.00150903654146653,0.0258620689655172,0.00993147027017213,3,2,-0.920605715994021,-0.758536860828168,2.42577563190798,2,0.430992561923287,0.0263114173023413,1,5,0.0625,3,0.107426477726799,1,0.2,0.80952380952381,-0.333333333333333,0.402010838376802,3,2.06847853163783,0,0,0.589048622548125,0.795789691624603
"Denmark","BQ.1",0.0675008219315769,0.000706657865031172,0.0389189189189189,0.0147137329630221,4,0,-0.497258768639667,-0.30800950170133,1.93603558042465,2,0.181863739247864,1.36844818706038,1,4,0.166666666666667,3,0.0946359243202278,1,0.111111111111111,0.952380952380952,-0.380952380952381,0.345088429547062,2,2.08546843531737,0,0,0.981747704246875,0.883830683132223
"Denmark","BQ.1.1",0.0884657646953925,7.57919090000158e-05,0.0530973451327434,0.023250123907484,5,0,-0.67516065913484,-0.49214506330194,4.52723934760345,5,0.623284141130038,0.144751068098435,0.9,6,0.166666666666667,5,0.0456176029556994,4,0.142857142857143,0.80952380952381,-0.547619047619048,0.565145889011145,2,1.87406320769729,0,0,0.196349540849375,0.534026198036887
"Denmark","BQ.1.1.20",0.0956586962661948,0.00377575971669349,0.0625,0.0330706136983571,2,0,-1.2977860812416,-1.13186260458756,3.74828690697466,4,0.600914528604487,0.282561423124329,1,9,0.166666666666667,4,0.0765356919172538,1,0.125,0.571428571428571,-0.666666666666667,0.544487166150849,4,2.00698121375269,0,0,0.196349540849375,0.73761297536909
"Denmark","BQ.1.18",0.00967728909479079,-0.000670842386380394,0.0222222222222222,0.0099548567454328,2,1,-0.560528342927528,-0.371120414857512,1.60634157707271,2,0.440163776068033,1.22515354936472,1,3,0.00916666666666667,3,0.127350714950064,4,1,0.285714285714286,-0.333333333333333,0.0938073822499467,3,2.10245833899691,0,0,1.76714586764437,1.11419709838118
"Denmark","CH.1.1",0.0558027939506496,-0.000519448152579273,0.0277777777777778,0.0123899713809513,4,0,-1.06328570542431,-0.884085951003806,1.95044784872866,2,0.594218236893107,0.719997793894225,0.95,6,0.01,5,0.206108024189023,1,0.5,0.761904761904762,-0.285714285714286,0.37597129557133,3,2.08546843531737,0,0,1.17809724509625,0.996460491416081
"Denmark","CH.1.1.12",0.121635347294242,-0.000321650412946633,0.0491803278688525,0.0186331429038058,2,2,-0.597837236168015,-0.430725875292701,1.93559374329232,1,0.609985639066053,0.671666580441141,0.95,3,0.166666666666667,3,0.0959772282954292,2,0.142857142857143,0.857142857142857,-0.238095238095238,0.446781457140941,3,2.1116308425056,0,0,0.589048622548125,0.880515165449148
"Denmark","DH (BA.5.1.22)",0.309999686574699,-0.0018241217676039,0.0207423580786026,0.00925753237128674,3,4,-1.06565194141193,-0.142504722273013,3.27181956467701,5,0.618798637740845,-0.258776292145755,0.8,6,0.166666666666667,3,0.0528460267054231,2,0.142857142857143,0.571428571428571,-0.428571428571429,0.470057345203548,2,2.01269264380928,0,0,0.589048622548125,0.904111627478862
"Denmark","DS.3",0.0317351261306256,0.000178092113087972,0.03,0.0196614547748105,3,0,0.687233500327724,0.862876131088738,1.96227543451667,3,0.646338013728452,-0.426644194463129,1,4,0.166666666666667,4,0.0821478107238015,2,0.142857142857143,0.523809523809524,-0.333333333333333,0.396498052240681,3,2.09464093882606,0,0,0.7853981633975,0.98837326979566
"Denmark","XAY.2",0.0599710182538869,0.000738914243914734,0.0611111111111111,0.0151102024973591,3,0,-0.316543570707366,-0.552473830238314,1.95686019224241,2,0.151994208345232,0.902685379898318,0.95,4,0.111111111111111,4,0.188451255571998,1,0.166666666666667,0.928571428571428,-0.380952380952381,0.279722538556837,3,1.99916381358184,0,0,0.981747704246875,0.950479162638777
"Denmark","XBB.1",0.0619772489547936,0.000673915702551248,0.046875,0.0217071963317917,2,0,-0.712010777603664,-0.187538298053409,2.43195303524854,3,0.569731917404145,0.560136122595036,1,5,0.166666666666667,4,0.164511600743397,2,0.142857142857143,0.523809523809524,-0.523809523809524,0.446005968816891,6,2.05930602812915,0,0,0.7853981633975,1.00842291534153
"Denmark","XBF",0.0259109748736396,-0.000282322709148105,0.0252525252525253,0.0120885014391778,3,1,-0.686778317639075,1.04261278016754,1.68285766379347,2,0.5176121405688,-1.48563443438274,1,4,0.01,3,0.174318756874368,1,0.5,0.380952380952381,-0.428571428571429,0.272283960365966,4,2.10245833899691,0,0,1.76714586764437,1.10173829070134
"France","A",0.0161719563158338,-0.00974025974025974,0.0909090909090909,0.0164782363904694,2,11,-0.300266666915956,-0.485022050106146,1.53588002129521,2,0.130798930923454,-3.12183403215822,0.8,3,0.0183333333333333,2,0.105009051830543,3,1,-0.285714285714286,-0.142857142857143,0.0793899426239736,2,1.83091089682953,0,0,1.96349540849375,0.789832402729716
"France","A.27",0.115513655750525,-0.00148809523809524,0.03125,0.00442282775975239,1,14,-0.163437942459091,-0.360206568475422,1.72098859809702,4,0.158338306911062,2.06094710216092,0.55,3,0.0533333333333333,0,0.123717013619713,1,0.5,0.285714285714286,-0.142857142857143,0.107387633395162,3,1.25804814536419,0,0,1.17809724509625,1.21769667055227
"France","AY (B.1.617.2)",-0.0589051524353609,-0.00523357786580419,0.0945945945945946,0.0216564710455077,2,4,-0.470970215463063,-0.653601986711104,1.52946364825627,1,0.367350802779459,-2.17033689764084,1,4,0.0166666666666667,0,0.168636405273633,4,1,-0.238095238095238,0.285714285714286,0.112360983257573,4,1.99916381358184,0,0,1.96349540849375,1.02732259384664
"France","AY.122",-0.14829675076004,-0.00181598062953995,0.0169491525423729,0.00134362663548067,1,18,0.0884366232150542,-0.124910143114826,1.59990933154628,1,0.212581432415966,-3.88434848172787,0.25,2,0.160833333333333,0,0.135996440956108,1,1,-0.142857142857143,0.19047619047619,0.0852124529051837,2,0.730588061371122,0,0,1.76714586764437,0.625434432496114
"France","AY.125",-0.123179911880391,-0.00140977443609023,0.0131578947368421,0.0006265664160401,0,20,0.240039679259592,0.0109108945117997,1.63061908481708,21,0,-4.81170447970364,0.05,1,0.285833333333333,0,0.154428516563958,11,1,-0.904761904761905,0.0952380952380953,0.141604822772246,1,0.198515243345873,0,0,1.570796326795,0.360041149911548
"France","AY.126",-0.0560199206914814,-0.000794364881263355,0.0158730158730159,0.002373549945182,2,14,-0.182457289526237,-0.366632392963332,1.58278939866512,1,0.212732798813413,-3.00127224938028,0.55,3,0.0608333333333333,4,0.0858737364284025,1,1,-0.428571428571429,0.0952380952380953,0.117312578111627,2,1.25804814536419,0,0,1.76714586764437,0.908068909534616
"France","AY.33",0.263768663109825,-0.000198554299384403,0.0165745856353591,0.00505692886059129,1,5,-0.39398473701248,0.168307723794714,1.53820975866287,1,0.492873731617468,-2.76324184136163,0.85,3,0.00416666666666667,3,0.232155828788747,1,1,-0.523809523809524,-0.619047619047619,0.0119861713912974,3,2.15478315337337,0,0,1.76714586764437,1.07580560900005
"France","AY.34",0.056125530330625,0.00173559482224932,0.0393386545039909,0.0240527957998046,5,0,0.0828704646579844,0.178062439454597,1.80131683906839,1,0.583972791327768,0.350771777232121,1,7,0.0740740740740741,3,0.0910637626445446,2,0.166666666666667,0.619047619047619,-0.523809523809524,0.432413911110773,3,2.06847853163783,0,0,0.589048622548125,0.878669475045422
"France","AY.4",0.41160430219707,0.000217355341519005,0.088235294117647,0.0272624814723765,3,7,-0.633853408859226,-0.785511273618357,2.70699494749954,2,0.825128785548667,0.193680073173567,0.85,6,0.166666666666667,5,0.225733088602284,1,0.142857142857143,0.714285714285714,-0.380952380952381,0.482514659082871,3,2.02532622077007,0,0,0.39269908169875,0.862004580905802
"France","AY.42",-0.0741242223490862,-0.00255102040816327,0.0238095238095238,0.00120310132786739,1,19,0.226968647049437,-0.00243282912978593,1.62838872923624,4,0,-4.82890449378411,0.15,2,0.216666666666667,0,0.132342742053577,11,1,-0.142857142857143,0.0476190476190477,0.141842173984046,2,0.518186213050213,0,0,1.570796326795,0.368929482031279
"France","AY.43",0.0826652097814829,-0.00108225108225108,0.0101010101010101,0.00149159575224738,1,17,-0.1433762822793,-0.293766842007181,1.56152854063661,1,0.146421565578058,-1.29350140344158,0.3,2,0.143333333333333,0,0.135670908584012,1,1,0.0476190476190477,-0.0476190476190477,0.0519683918629615,2,0.818808456222877,0,0,1.76714586764437,1.01421308514493
"France","AY.5",-0.0650358379053276,-0.00234405107286463,0.0465116279069767,0.00855376653218976,1,11,-0.311261858963508,-0.496744381975304,1.5756631014006,1,0.299464974110222,-1.56010159868015,0.75,3,0.0158333333333333,5,0.131552770231629,3,1,0,0.19047619047619,0.1801555853283,3,1.90022561488552,0,0,2.15984494934313,1.09151948646023
"France","AY.9.2",0.235404533389209,-0.00120490367798749,0.05,0.0192248387140061,2,2,-1.10116538065432,1.02764947460147,5.01119585748977,1,0.524308432280179,0.200916939839621,0.95,6,0.166666666666667,0,0.0971711343440865,5,0.142857142857143,0.523809523809524,-0.523809523809524,0.584004686707683,4,1.98999131007315,0,0,0.39269908169875,0.821039600358486
"France","AY.98.1",-0.125210237479951,-0.00164835164835165,0.0153846153846154,0.000732600732600733,0,20,0.240039679259592,0.0109108945117996,1.63061908481708,21,0,-4.81170447970364,0.05,1,0.285833333333333,0,0.154428516563958,11,1,-0.904761904761905,0.0952380952380953,0.141604822772246,1,0.198515243345873,0,0,1.570796326795,0.360041149911548
"France","B",-0.119601739427459,0.00227032227032227,0.148148148148148,0.032528591051423,2,8,-0.400448388234333,-0.567904740717835,1.58650346799087,1,0.23790337837524,-0.527196268241013,0.8,4,0.015,4,0.219586993224025,3,1,-0.523809523809524,0.261904761904762,0.244945436443789,2,1.99916381358184,0,0,1.76714586764437,1.05642376009344
"France","B.1.1",0.427681432345295,-0.0168425324675325,0.1875,0.0693083603378208,3,5,-0.239097224539938,-1.09737361685613,1.7214332126903,1,0.641752406656079,-2.07181314177117,0.95,7,0.0625,0,0.136863516544901,4,0.2,0.476190476190476,-0.428571428571429,0.372563746849484,2,2.15478315337337,0,0,1.37444678594563,0.722910386130626
"France","B.1.13",-0.202546983501624,-0.00256501503422686,0.0344827586206897,0.00591612806905732,1,14,-0.242194662596728,-0.411401312530886,1.71198057852149,2,0.185877682898669,0.521146979391986,0.6,3,0.145833333333333,2,0.117553791375312,5,0.2,-0.714285714285714,0.142857142857143,0.256526956680026,3,1.22406833800511,0,0,1.570796326795,0.804351439807063
"France","B.1.159",-0.260366978665248,0.00207517635517655,0.0481927710843374,0.00756307672427473,2,11,-0.242891972295692,-0.456202688418844,1.55096903379714,1,0.0746016503086891,1.41281861312459,0.75,4,0.0225,4,0.16994131248501,1,1,-0.0476190476190477,0.333333333333333,0.0963307975727297,3,1.77512500900097,0,0,1.570796326795,1.32074902291797
"France","B.1.160",-0.135691476981263,-0.00369458128078818,0.0344827586206897,0.00164203612479475,0,20,0.240039679259592,0.0109108945117997,1.63061908481708,21,0,-4.81170447970363,0.05,1,0.285833333333333,0,0.154428516563958,11,1,-0.904761904761905,0.0952380952380953,0.141604822772246,1,0.198515243345873,0,0,1.570796326795,0.360041149911548
"France","B.1.160.30",0.0620544838611119,-0.00824175824175824,0.0769230769230769,0.00877983300343549,2,17,-0.0516915149024194,-0.234504288840788,1.63951174907845,6,0.0297812178678606,-1.51040029891467,0.25,3,0.106666666666667,0,0.100248003168768,7,0.5,0.0476190476190477,-0.0476190476190477,0.0778955275429707,2,0.826065186615344,0,0,1.570796326795,0.850904034524441
"France","B.1.208",-0.260402503129493,-0.00669642857142857,0.0625,0.00485242679706934,1,18,0.0958605594505401,-0.118485456668517,1.60172538313076,2,0.019215621788622,-3.9391837475303,0.25,2,0.160833333333333,2,0.135601854642113,3,1,-0.761904761904762,0.19047619047619,0.17037044638554,2,0.730588061371122,0,0,1.76714586764437,0.362232263184888
"France","B.1.212",-0.00926737527896971,-0.00669642857142857,0.0625,0.00537412574031019,2,17,0.0602993167245614,-0.154840428141315,1.61411870528719,3,0.0411077804867748,-3.99369634693985,0.3,3,0.138333333333333,0,0.136338636740068,4,1,-0.523809523809524,0.0476190476190477,0.0842316091865669,2,0.914285581467099,0,0,1.570796326795,0.66737970302378
"France","B.1.273",0.484537901802437,-0.00369458128078818,0.048,0.013020694699254,2,10,-0.534443267152394,-0.690471910483735,1.94782591691052,2,0.253984332182979,-0.631011028183123,0.65,4,0.04,0,0.178854497304271,1,0.25,0.571428571428571,-0.380952380952381,0.349868725764102,2,1.75097347342799,0,0,0.981747704246875,0.844701068927615
"France","B.1.351",0.108611807071204,0.00311184939091916,0.133333333333333,0.0212689908273186,2,11,-0.214368431154385,-0.394457210873741,1.5056929600546,1,0.1042654869241,-0.0433916929637472,0.75,2,0.0233333333333333,4,0.170772552386879,1,1,-0.19047619047619,-0.0952380952380952,0.0305886193922517,3,1.84443972705697,0,0,2.3561944901925,1.33997370341407
"France","B.1.351.2",0.122203983179636,0.0034781939442288,0.0737704918032787,0.0174310095073556,4,2,-0.560265196145161,-0.354719134118339,2.1226922776877,3,0.10653208171051,-0.882647724722165,0.9,3,0.00333333333333333,0,0.181279044045815,1,0.5,-0.571428571428571,-0.0476190476190477,0.159353044231257,4,2.1116308425056,0,0,0.981747704246875,1.29757635003934
"France","B.1.356",-0.0466484629597471,0.00201587035022996,0.0886075949367089,0.0322139144349449,2,0,-0.0151721496074373,-0.228369870672603,1.88816720197696,2,0.343556863643956,0.0305693805549345,1,4,0.166666666666667,2,0.127916182514806,1,0.142857142857143,-0.380952380952381,0.523809523809524,0.392821690669465,6,1.99916381358184,0,0,0.981747704246875,1.05809682084672
"France","B.1.387",0.116022117426701,-0.0019815668202765,0.0645161290322581,0.0107576806656747,2,12,-0.250412421053511,-0.438003989036414,1.5227423041338,1,0.218586822348334,-0.558788020643025,0.65,3,0.0333333333333333,4,0.160573512537837,1,1,-0.523809523809524,-0.19047619047619,0.0241895961588531,3,1.69083125888068,0,0,1.570796326795,1.26379444563663
"France","B.1.529",-0.0847197539612395,-0.00405952380952381,0.121212121212121,0.00982491582491582,1,16,0.0845903736197573,-0.138668676989573,1.59067568055798,1,0.20928981379408,0.0832929251627385,0.25,3,0.146666666666667,0,0.228303027018952,2,1,0.80952380952381,0.0952380952380953,0.180709490724072,2,0.940447988655326,0,0,1.76714586764437,1.15386602308563
"France","B.1.93",-0.182087220678445,0.000267719991222295,0.0476190476190476,0.00741949602598771,2,15,-0.183198781404607,-0.347327697941886,1.78096837960939,2,0.12045940399934,-2.1676537443093,0.45,3,0.0733333333333333,4,0.128750508461811,3,0.5,-0.523809523809524,0.238095238095238,0.154734199965584,3,1.1655244399347,0,0,1.17809724509625,1.15852994473453
"France","B.40",-0.434510928498547,-0.00443447493940104,0.0344827586206897,0.0104443713807076,2,9,-0.631826372524567,-0.787535483670252,2.62405397675823,3,0.502528998468718,-0.116367785136149,0.8,4,0.0185185185185185,5,0.0867414383436938,2,0.333333333333333,-0.714285714285714,0.523809523809524,0.356452824063237,3,2.1116308425056,0,0,0.7853981633975,0.941337406628401
"France","BA.1 (BA.1)",-0.123882031640991,-0.00148809523809524,0.0138888888888889,0.000661375661375661,0,20,0.240039679259591,0.0109108945117996,1.63061908481708,21,0,-4.81170447970362,0.05,1,0.285833333333333,0,0.154428516563958,11,1,-0.904761904761905,0.0952380952380953,0.141604822772245,1,0.198515243345873,0,0,1.570796326795,0.360041149911548
"France","BA.1.1 (BA.1.1)",-0.126249688233016,-0.00178571428571429,0.0166666666666667,0.000793650793650794,0,20,0.240039679259592,0.0109108945117996,1.63061908481708,21,0,-4.81170447970364,0.05,1,0.285833333333333,0,0.154428516563958,11,1,-0.904761904761905,0.0952380952380953,0.141604822772246,1,0.198515243345873,0,0,1.570796326795,0.360041149911548
"France","BA.1.17 (BA.1.17)",0.0862604463425928,-0.000362058962227019,0.0644736842105263,0.0319276022008542,3,0,-1.16152403536107,-0.154622291944748,4.13302443683451,4,0.809205473228317,0.185605213388222,0.95,5,0.0740740740740741,0,0.193885550635466,3,0.166666666666667,0.619047619047619,-0.571428571428571,0.560510988868946,5,1.68657003066095,0,0,0.196349540849375,0.769513406212979
"France","BA.1.18 (BA.1.18)",-0.119746619518565,-0.00108225108225108,0.0101010101010101,0.000481000481000481,0,20,0.240039679259591,0.0109108945117996,1.63061908481708,21,0,-4.81170447970362,0.05,1,0.285833333333333,0,0.154428516563958,11,1,-0.904761904761905,0.0952380952380953,0.141604822772245,1,0.198515243345873,0,0,1.570796326795,0.360041149911548
"France","BA.2 (BA.2)",-0.141885153245534,-0.00595238095238095,0.0555555555555556,0.00264550264550265,0,20,0.240039679259591,0.0109108945117996,1.63061908481708,21,0,-4.81170447970362,0.05,1,0.285833333333333,0,0.154428516563958,11,1,-0.904761904761905,0.0952380952380953,0.141604822772245,1,0.198515243345873,0,0,1.570796326795,0.360041149911548
"France","BA.2.9 (BA.2.9)",0.225974827689494,-0.00125877138464676,0.0469613259668508,0.0140606922757035,3,2,-0.696895659114512,-0.871635023987621,3.65397715237932,6,0.462275276806809,0.160761701547415,0.95,4,0.0625,0,0.10685860969297,5,0.2,0.857142857142857,-0.380952380952381,0.528473718182352,3,2.08546843531737,0,0,0.39269908169875,0.686348669698349
"France","BA.2.9.3 (BA.2.9.3)",0.392437461936738,-0.000770185008798686,0.0179372197309417,0.00421735047954873,3,7,-0.538341180374681,-0.737553725054664,1.76216492030401,3,0.309653262872283,-1.19185732743455,0.8,3,0.166666666666667,3,0.203624544025074,2,0.142857142857143,0.238095238095238,-0.428571428571429,0.335907004527876,2,2.01615371726138,0,0,1.17809724509625,1.03780304447746
"France","BA.4 (BA.4)",0.159361123949079,-0.00121076058182109,0.0384615384615385,0.00531111705556446,3,9,-0.15212185322596,-0.35181425748247,1.81273365750329,3,0.0411077804867748,0.488683869937708,0.7,2,0.0625,3,0.133223133662534,1,0.2,0.80952380952381,-0.142857142857143,0.288957691168744,3,2.01615371726138,0,0,1.37444678594563,0.955177565331521
"France","BA.4.1 (BA.4.1)",0.0619180473605766,0.00101266168713985,0.0445344129554656,0.0183481672231668,2,0,-0.93527834621222,-0.93527834621222,1.72766361143684,2,0.320250901583172,0.776604465680018,0.95,4,0.0133333333333333,3,0.146459053758813,5,0.5,0.380952380952381,-0.428571428571429,0.228847669211731,3,2.12862074618514,0,0,1.76714586764437,1.11533421950109
"France","BA.4.6 (BA.4.6)",0.169853923331575,-0.000843971760393716,0.0192307692307692,0.00484829060002077,2,5,-0.219274923756619,-0.219274923756619,1.57917383107852,1,0.36946750974287,1.96047730233164,0.85,4,0.0166666666666667,0,0.154578340039333,4,1,-0.428571428571429,-0.523809523809524,0.0673331764268283,5,1.99916381358184,0,0,1.570796326795,1.16952711472316
"France","BA.5 (BA.5)",0.112641400395143,-0.0013165775225395,0.0213903743315508,0.00630716220013746,3,6,-0.630735240688299,-0.792578559406792,1.81179074240528,2,0.286315009530181,-0.0312555865113418,0.9,4,0.02,4,0.080964662433842,2,0.5,0.238095238095238,0.0476190476190477,0.0592902304206984,3,2.15478315337337,0,0,1.17809724509625,1.23419752584295
"France","BA.5.1 (BA.5.1)",0.125353105191587,0.0060658015314875,0.214285714285714,0.0721604859117243,3,0,-0.701621090916496,-0.855874886054889,2.00931462181009,2,0.318718351009444,0.86054791547114,0.9,3,0.0433333333333333,3,0.0647999780280484,1,0.5,0.761904761904762,-0.428571428571429,0.279960876289208,3,2.1116308425056,0,0,1.17809724509625,1.04344875954598
"France","BA.5.1.17 (BA.5.1.17)",0.162040263726322,0.00199915266705695,0.0645161290322581,0.0257357665797818,2,1,-1.0237414658991,-1.19499045514024,2.04393005775902,2,0.496769056292572,0.801677205186362,1,6,0.00333333333333333,0,0.0886773854781129,3,0.5,-0.142857142857143,-0.476190476190476,0.214369971286553,4,2.08546843531737,0,0,0.981747704246875,1.19841835918581
"France","BA.5.1.30 (BA.5.1.30)",-0.171017022728152,-0.000675304508478856,0.0186335403726708,0.00892907878074694,2,4,0.0603380328815905,-1.24466904226893,1.7306724484408,4,0.743197015614899,-1.52515962633383,0.9,6,0.0333333333333333,5,0.141726989918552,1,0.5,-0.142857142857143,0.142857142857143,0.0722718348990142,2,2.12862074618514,0,0,0.981747704246875,1.26745095591295
"France","BA.5.2 (BA.5.2)",0.131582124295022,-0.000598148984849399,0.0382775119617225,0.0122064708916954,2,2,-0.818883141938616,-0.50713295416275,1.70392646682249,2,0.390154683871695,1.80266176352074,0.95,4,0.08,2,0.0866014143603863,1,0.25,0.714285714285714,-0.214285714285714,0.289865371100764,4,1.99916381358184,0,0,1.76714586764437,0.954211075796602
"France","BA.5.2.2 (BA.5.2.2)",0.0157170239176523,-0.000366124573971523,0.036144578313253,0.0199768624707333,3,2,0.544114846507926,0.728802460428808,1.56721921898385,1,0.302950948836499,0.840129481660941,1,6,0.00166666666666667,3,0.140214803133522,2,1,0.142857142857143,-0.0476190476190477,0.214878530482073,4,2.1809455605616,0,0,1.96349540849375,1.13973623969386
"France","BC (BA.1.1.1)",-0.138149100354913,-0.00446428571428571,0.0416666666666667,0.00198412698412698,0,20,0.240039679259591,0.0109108945117996,1.63061908481708,21,0,-4.81170447970362,0.05,1,0.285833333333333,0,0.154428516563958,11,1,-0.904761904761905,0.0952380952380953,0.141604822772245,1,0.198515243345873,0,0,1.570796326795,0.360041149911548
"France","BD (BA.1.17.2)",0.0722709313229486,-0.000285044896635151,0.0385438972162741,0.0227943602375384,3,0,1.08865683100808,0.937620845028303,2.91540725994784,4,0.764724359963991,0.563826960739106,0.95,6,0.04,0,0.125860723469631,3,0.25,0.333333333333333,-0.619047619047619,0.42361925670673,3,1.68657003066095,0,0,0.589048622548125,0.934602346308901
"France","BE.1.1",0.0217151144364169,-0.00171637490189156,0.0421686746987952,0.014287069051615,3,3,-0.922230474919881,-0.342958502379439,2.00391404466204,5,0.412624400080426,-0.0259821913235297,0.95,4,0.0277777777777778,3,0.137908770003684,3,0.333333333333333,0.80952380952381,-0.142857142857143,0.223980134370962,4,1.9342054222446,0,0,0.7853981633975,1.07549056750994
"France","BF (BA.5.2.1)",-0.158520488902827,-0.0214285714285714,0.2,0.00952380952380952,0,20,0.240039679259592,0.0109108945117997,1.63061908481708,21,0,-4.81170447970363,0.05,1,0.285833333333333,0,0.154428516563958,11,1,-0.904761904761905,0.0952380952380953,0.141604822772245,1,0.198515243345873,0,0,1.570796326795,0.360041149911548
"France","BF.5",0.145569527537844,-0.00192599751394075,0.0191780821917808,0.00723110627703511,3,7,-0.777168227568051,-0.917425709670909,1.54717646835851,1,0.207034318809691,0.018793156346095,0.8,4,0.00916666666666667,3,0.110403821875698,1,1,0.523809523809524,-0.333333333333333,0.136269465736609,3,2.1116308425056,0,0,1.76714586764437,1.25052064714473
"France","BF.7",-0.0666200421398024,-0.00379158909470427,0.0297619047619048,0.0051874349666152,2,7,-0.31889543243666,-0.533501631124425,1.78172115278853,5,0.120403597535116,-1.86927938876577,0.75,5,0.0740740740740741,0,0.0891224184428491,2,0.333333333333333,-0.0476190476190477,0.238095238095238,0.223389101375334,3,1.90022561488552,0,0,1.17809724509625,0.754806789196881
"France","BG (BA.2.12.1)",0.143838271203295,-0.00110955715064576,0.0591397849462366,0.0212482803124822,2,1,-0.195822757842826,-0.360965040654051,3.83277720008934,1,0.518196296958484,0.23491696402779,1,3,0.111111111111111,3,0.164058034838463,5,0.166666666666667,0.714285714285714,-0.380952380952381,0.485846645279376,3,1.99916381358184,0,0,0.39269908169875,0.895776313149796
"France","BN.1",0.00558082926736143,0.000181957598275061,0.0303030303030303,0.00876900304326149,4,5,-0.63396582196945,-0.801347680847293,1.58835431998042,1,0.347940165393778,1.14653841901226,0.95,2,0.00416666666666667,4,0.137324417923789,1,1,0.238095238095238,0,0.0353140480208623,4,2.15478315337337,0,0,1.570796326795,1.28519958952001
"France","BQ.1",-0.0693421877495615,-0.0013462325962326,0.0120481927710843,0.00143360884251266,1,16,-0.0651815310960547,-0.236806414943398,1.61116417662627,3,0.0297812178678606,-1.01754808532093,0.4,2,0.0991666666666667,3,0.166470951430842,3,1,0,0.0952380952380953,0.114106502859054,2,1.062737568157,0,0,1.570796326795,0.968433801963778
"France","BQ.1.1",-0.1340134544929,-0.00324675324675325,0.0303030303030303,0.00144300144300144,0,20,0.240039679259592,0.0109108945117996,1.63061908481708,21,0,-4.81170447970363,0.05,1,0.285833333333333,0,0.154428516563958,11,1,-0.904761904761905,0.0952380952380953,0.141604822772246,1,0.198515243345873,0,0,1.570796326795,0.360041149911548
"France","BQ.1.1.18",0.240032442143936,0.000597858709660984,0.0679611650485437,0.016852718165952,4,6,-0.545986855736486,-0.730472152397789,2.03413867423983,5,0.320400789406171,0.265569044606773,0.95,3,0.0277777777777778,3,0.0965176326971692,2,0.333333333333333,0.857142857142857,-0.333333333333333,0.201682585906339,3,2.1809455605616,0,0,0.7853981633975,0.967728727652904
"France","BQ.1.1.4",0.0574284363836495,-0.0016200219218122,0.026578073089701,0.00438026576708337,2,12,-0.248858287072467,-0.440856349830821,1.64024476148285,2,0.086901974048811,-2.07137787630147,0.65,3,0.0433333333333333,5,0.109763280450727,2,0.5,0.333333333333333,-0.0476190476190477,0.122402044591269,2,1.73398356974845,0,0,1.570796326795,1.19023140912777
"France","BV (BA.5.2.20)",0.2347560050283,0.000954301204400912,0.0196078431372549,0.00642045894887969,2,5,-0.102328648550041,-0.288764412181496,1.59625098766894,2,0.252457803933656,1.56196741563683,1,3,0.00416666666666667,2,0.15191691850106,2,1,0.142857142857143,-0.428571428571429,0.0625949091159155,3,2.15478315337337,0,0,1.96349540849375,1.15402229870827
"France","D4 (B.1.1.254)",-0.0763272753159531,-0.00222649186256781,0.025,0.00386533757706787,1,17,-0.161516365864465,-0.309388555659579,1.54381576542693,2,0.0411077804867752,-1.29336023466713,0.35,2,0.118333333333333,5,0.107242310440248,3,1,-0.142857142857143,0.0476190476190477,0.0481478920411519,2,0.886464475679797,0,0,1.76714586764437,1.11782401547647
"France","DH (BA.5.1.22)",0.403798934691271,-0.00144250914802889,0.025,0.00785956025541532,2,6,-0.657403273297078,-0.810728182890368,2.38339831586866,3,0.505047682717498,-0.42451361121866,0.85,5,0.111111111111111,4,0.0922929030182777,1,0.166666666666667,0.571428571428571,-0.333333333333333,0.508664758732095,3,2.01615371726138,0,0,0.39269908169875,0.857761683800762
"France","EG.1",-0.00104441725967079,-0.00238095238095238,0.0222222222222222,0.00159688372286797,1,18,0.120124359257076,-0.093314458956529,1.6267484485774,8,0.00292548257137425,-3.53495892485016,0.2,1,0.193333333333333,0,0.081518606089136,8,1,0.0476190476190477,0,0.117425046912353,2,0.639031859650177,0,0,1.570796326795,0.583383566445532
"France","EG.5.1",-0.175730852462374,-0.000318003913894325,0.0166666666666667,0.00144596651445967,1,19,0.0480736359245743,-0.133445782480284,1.60090299593189,5,0.00602324573222269,-2.39237505526667,0.15,2,0.216666666666667,5,0.180621502564768,11,1,-0.619047619047619,0.142857142857143,0.107126719460972,2,0.518186213050213,0,0,1.76714586764437,0.882991247901267
"France","EG.5.1.1",0.00712449241207891,-0.00693215339233038,0.0769230769230769,0.00724711017196393,1,17,0.0206463260859457,-0.157721573230048,1.5895012768587,1,0.00602324573222269,-1.47763225856793,0.35,2,0.118333333333333,0,0.16973413957021,1,1,-0.0952380952380952,0.0476190476190477,0.127069657738826,2,0.886464475679797,0,0,1.76714586764437,1.01966689444203
"France","EG.5.1.3",0.307431997268211,-0.000584521861117607,0.375,0.070201534415775,2,11,-0.307474095008716,-0.483769776064965,1.58158980524495,1,0.19431997313539,1.41279534897588,0.7,4,0.0175,5,0.227207168641095,2,1,0.80952380952381,-0.0476190476190477,0.234370866754758,3,1.82519946677294,0,0,2.15984494934313,1.07635747900594
"France","FL (XBB.1.9.1)",0.157253242037553,-0.00181399245915375,0.0256410256410256,0.00647441439955771,3,13,-0.412395010307702,-0.54760457259444,1.82345930335339,2,0.407196524831594,0.401683379035218,0.55,5,0.111111111111111,5,0.0795918105578039,1,0.166666666666667,0.619047619047619,-0.0476190476190477,0.316988960594962,3,1.51260568385204,0,0,1.17809724509625,1.0681654424546
"France","FL.1.5",-0.120698882814071,-0.00116459627329193,0.0108695652173913,0.0005175983436853,0,20,0.240039679259592,0.0109108945117996,1.63061908481708,21,0,-4.81170447970363,0.05,1,0.285833333333333,0,0.154428516563958,11,1,-0.904761904761905,0.0952380952380953,0.141604822772246,1,0.198515243345873,0,0,1.570796326795,0.360041149911548
"France","GS.4.1",-0.129420908508438,-0.00227963525835866,0.0212765957446809,0.00101317122593718,0,20,0.240039679259592,0.0109108945117996,1.63061908481708,21,0,-4.81170447970364,0.05,1,0.285833333333333,0,0.154428516563958,11,1,-0.904761904761905,0.0952380952380953,0.141604822772246,1,0.198515243345873,0,0,1.570796326795,0.360041149911548
"France","HK.3",-0.123010157573328,-0.00139146567717996,0.012987012987013,0.000618429189857761,0,20,0.240039679259592,0.0109108945117996,1.63061908481708,21,0,-4.81170447970364,0.05,1,0.285833333333333,0,0.154428516563958,11,1,-0.904761904761905,0.0952380952380953,0.141604822772246,1,0.198515243345873,0,0,1.570796326795,0.360041149911548
"France","JD.1",-0.121880230592119,-0.00127551020408163,0.0119047619047619,0.000566893424036281,0,20,0.240039679259592,0.0109108945117996,1.63061908481708,21,0,-4.81170447970364,0.05,1,0.285833333333333,0,0.154428516563958,11,1,-0.904761904761905,0.0952380952380953,0.141604822772246,1,0.198515243345873,0,0,1.570796326795,0.360041149911548
"France","JG.3",-0.132704348009217,-0.00293542074363992,0.0273972602739726,0.00130463144161774,0,20,0.240039679259592,0.0109108945117996,1.63061908481708,21,0,-4.81170447970364,0.05,1,0.285833333333333,0,0.154428516563958,11,1,-0.904761904761905,0.0952380952380953,0.141604822772246,1,0.198515243345873,0,0,1.570796326795,0.360041149911548
"France","JN.1",-0.256678560942505,-0.00907981769783012,0.0760869565217391,0.00424161759565486,0,19,0.201580430688025,-0.02617849274557,1.75611430666998,19,0,-2.71902028510739,0.1,2,0.243333333333333,0,0.100872678912379,11,1,-0.857142857142857,0.142857142857143,0.186677551955686,2,0.394397691447443,0,0,1.17809724509625,0.419834375724491
"France","JN.1.1",-0.123010157573328,-0.00139146567717996,0.012987012987013,0.000618429189857761,0,20,0.240039679259592,0.0109108945117996,1.63061908481708,21,0,-4.81170447970364,0.05,1,0.285833333333333,0,0.154428516563958,11,1,-0.904761904761905,0.0952380952380953,0.141604822772246,1,0.198515243345873,0,0,1.570796326795,0.360041149911548
"France","Q (B.1.1.7)",-0.192853791613491,-0.0017744122965642,0.025,0.00179324894514768,1,19,0.117980421447634,-0.0906864433515391,1.61009106891382,4,0.0060232457322229,-3.63429740431154,0.15,2,0.216666666666667,4,0.140287644891467,11,1,-0.666666666666667,0.142857142857143,0.143992122324006,2,0.518186213050213,0,0,1.37444678594563,0.67654708996414
"France","QB.1.147 (B.1.147)",0.244893582803178,-0.0038265306122449,0.0634920634920635,0.0107923704332854,2,12,-0.262521083837535,-0.450090178829366,1.56845083864516,1,0.188307941496874,0.567892093996801,0.6,5,0.0458333333333333,2,0.144481562450837,1,1,-0.19047619047619,-0.19047619047619,0.123647074820337,2,1.58327550524587,0,0,1.96349540849375,1.09816786685499
"France","QB.1.177.81 (B.1.177.81)",-0.167836363818932,-0.00538853949648552,0.0909090909090909,0.0125390344651326,2,12,-0.160827533102237,-0.372836715494113,1.6584091481558,1,0.14880240665265,2.41806127396459,0.7,3,0.0833333333333333,3,0.0406933347611441,2,0.2,-0.666666666666667,0.19047619047619,0.172917794955186,3,1.70927136439708,0,0,1.37444678594563,0.790219625363448
"France","XBB",0.0457533707692642,-0.00310825201741103,0.029126213592233,0.00249878989974535,1,14,0.0626732756129807,-0.157879701960468,1.61352160430157,2,0.0124126275149566,-4.12058206793558,0.55,2,0.0683333333333333,0,0.0618890898445049,2,1,0.0476190476190477,-0.0952380952380952,0.0837987333794315,3,1.20226225753564,0,0,1.570796326795,0.571985564080159
"France","XBB.1",-0.100441052084051,-0.00174199623352166,0.0185185185185185,0.00115180811000152,1,17,0.172524434531514,-0.0556682300671395,1.61738980216265,4,0,-4.75296953059189,0.35,2,0.118333333333333,4,0.0813538802579984,5,1,-0.666666666666667,0.0476190476190477,0.134968741096234,2,0.886464475679797,0,0,1.570796326795,0.443488566820168
"France","XBB.1.16",-0.130277466533481,-0.00243506493506494,0.0227272727272727,0.00108225108225108,0,20,0.240039679259592,0.0109108945117996,1.63061908481708,21,0,-4.81170447970364,0.05,1,0.285833333333333,0,0.154428516563958,11,1,-0.904761904761905,0.0952380952380953,0.141604822772246,1,0.198515243345873,0,0,1.570796326795,0.360041149911548
"France","XBB.1.5",0.119622737452517,-0.00139581263557643,0.0139968895800933,0.0027400165820911,2,12,-0.292028659368541,-0.444509770179205,1.49558368241168,1,0.297631297551444,-1.27413267078551,0.75,2,0.0283333333333333,4,0.123937790672141,4,1,0.238095238095238,-0.0952380952380952,0.118756081282955,2,1.70927136439708,0,0,2.55254403104187,1.07291443998092
"Germany","A",-0.464888614749294,0.00781366085241474,0.365384615384615,0.0715213488432484,3,5,-0.396953417591711,-0.604255734505544,1.97203611505686,3,0.329621787690735,-3.08557802112279,0.85,6,0.0740740740740741,5,0.156276691321112,3,0.333333333333333,0.333333333333333,0.571428571428571,0.329961622701526,2,1.96036782943283,0,0,0.7853981633975,1.14380647156973
"Germany","AK (B.1.1.232)",-0.0448869510775129,-0.00206043956043956,0.0434782608695652,0.00298614429049212,1,19,0.133751603753969,-0.0797816583795606,1.59246444088919,4,0.0060232457322229,-0.337000133467443,0.15,2,0.216666666666667,0,0.223580438880913,4,1,-0.142857142857143,0.0476190476190477,0.108454537738975,2,0.518186213050213,0,0,1.570796326795,1.20519809642551
"Germany","AP (B.1.1.70)",-0.0667636701491077,-0.00280524580966407,0.333333333333333,0.0186315075858522,1,18,0.201759449198593,-0.0269643531644805,1.62485759630466,1,0,4.78609406511439,0.2,2,0.193333333333333,0,0.114475792560036,1,1,0.142857142857143,0.0952380952380953,0.139666658555958,2,0.639031859650177,0,0,1.570796326795,1.09160594269613
"Germany","AS (B.1.1.317)",-0.263172503942572,-0.00657894736842105,0.125,0.0140495469442838,1,17,-0.0467611334346795,-0.235369219846564,1.55099825643262,2,0.0411077804867752,-0.676120109355486,0.35,2,0.118333333333333,3,0.16263047285021,2,1,-0.523809523809524,0.238095238095238,0.11646798541477,2,0.886464475679797,0,0,1.76714586764437,1.10436106281562
"Germany","AY (B.1.617.2)",-0.157282700853386,-0.0194805194805195,0.181818181818182,0.00865800865800866,0,20,0.240039679259592,0.0109108945117996,1.63061908481708,21,0,-4.81170447970364,0.05,1,0.285833333333333,0,0.154428516563958,11,1,-0.904761904761905,0.0952380952380953,0.141604822772246,1,0.198515243345873,0,0,1.570796326795,0.360041149911548
"Germany","AY.121",-0.156592966758377,-0.0184729064039409,0.172413793103448,0.00821018062397373,0,20,0.240039679259592,0.0109108945117996,1.63061908481708,21,0,-4.81170447970363,0.05,1,0.285833333333333,0,0.154428516563958,11,1,-0.904761904761905,0.0952380952380953,0.141604822772246,1,0.198515243345873,0,0,1.570796326795,0.360041149911548
"Germany","AY.122",-0.156592966758377,-0.0184729064039409,0.172413793103448,0.00821018062397373,0,20,0.240039679259592,0.0109108945117996,1.63061908481708,21,0,-4.81170447970363,0.05,1,0.285833333333333,0,0.154428516563958,11,1,-0.904761904761905,0.0952380952380953,0.141604822772246,1,0.198515243345873,0,0,1.570796326795,0.360041149911548
"Germany","AY.125",-0.139279092264467,-0.00487012987012987,0.0454545454545455,0.00216450216450216,0,20,0.240039679259592,0.0109108945117996,1.63061908481708,21,0,-4.81170447970364,0.05,1,0.285833333333333,0,0.154428516563958,11,1,-0.904761904761905,0.0952380952380953,0.141604822772246,1,0.198515243345873,0,0,1.570796326795,0.360041149911548
"Germany","AY.126",-0.449477942597629,-0.00916199813258636,0.0714285714285714,0.0116588301987462,1,16,-0.196697034721161,-0.35225363371423,2.90288980609711,8,0.347061353662755,-1.36564793118016,0.3,4,0.0666666666666667,0,0.074124139747658,2,0.25,-0.714285714285714,0.238095238095238,0.353330704860226,2,0.914285581467099,0,0,0.589048622548125,0.913239087856572
"Germany","AY.129",-0.135691476981263,-0.00369458128078818,0.0344827586206897,0.00164203612479475,0,20,0.240039679259592,0.0109108945117997,1.63061908481708,21,0,-4.81170447970363,0.05,1,0.285833333333333,0,0.154428516563958,11,1,-0.904761904761905,0.0952380952380953,0.141604822772246,1,0.198515243345873,0,0,1.570796326795,0.360041149911548
"Germany","AY.33",-0.125411577565671,-0.00167410714285714,0.015625,0.000744047619047619,0,20,0.240039679259592,0.0109108945117996,1.63061908481708,21,0,-4.81170447970363,0.05,1,0.285833333333333,0,0.154428516563958,11,1,-0.904761904761905,0.0952380952380953,0.141604822772245,1,0.198515243345873,0,0,1.570796326795,0.360041149911548
"Germany","AY.4",-0.144693200109514,-0.00738916256157636,0.0689655172413793,0.00328407224958949,0,20,0.240039679259592,0.0109108945117997,1.63061908481708,21,0,-4.81170447970363,0.05,1,0.285833333333333,0,0.154428516563958,11,1,-0.904761904761905,0.0952380952380953,0.141604822772246,1,0.198515243345873,0,0,1.570796326795,0.360041149911548
"Germany","AY.42",-0.21286286829714,-0.00816993464052287,0.0555555555555556,0.00651009672874998,1,17,-0.0624607789516237,-0.244225765760811,1.93159982002114,7,0.216092808067746,-2.34098190489289,0.3,2,0.194444444444444,0,0.0860379446227044,1,0.333333333333333,-0.80952380952381,0.0476190476190477,0.185667848788116,2,0.914285581467099,0,0,0.981747704246875,0.75572647206372
"Germany","AY.43",-0.135691476981263,-0.00369458128078818,0.0344827586206897,0.00164203612479475,0,20,0.240039679259592,0.0109108945117997,1.63061908481708,21,0,-4.81170447970363,0.05,1,0.285833333333333,0,0.154428516563958,11,1,-0.904761904761905,0.0952380952380953,0.141604822772246,1,0.198515243345873,0,0,1.570796326795,0.360041149911548
"Germany","AY.46.6",-0.144544777652899,-0.00730519480519481,0.0681818181818182,0.00324675324675325,0,20,0.240039679259592,0.0109108945117996,1.63061908481708,21,0,-4.81170447970363,0.05,1,0.285833333333333,0,0.154428516563958,11,1,-0.904761904761905,0.0952380952380953,0.141604822772246,1,0.198515243345873,0,0,1.570796326795,0.360041149911548
"Germany","AY.9.2",-0.123920479740383,-0.00420168067226891,0.0392156862745098,0.00335550887021475,1,19,0.0530398044145908,-0.130685703660693,1.60146137129913,9,0.0060232457322229,-2.48066638975977,0.15,2,0.216666666666667,0,0.178051163582256,9,1,-0.380952380952381,0.0476190476190477,0.0766496809007501,2,0.518186213050213,0,0,1.76714586764437,0.869373317389966
"Germany","AY.98.1",0.12253418997931,0.00223878929513829,0.0486725663716814,0.023250705393114,4,1,0.0949811185887942,0.165956759848581,1.77998252101899,4,0.499469919645667,0.248498041970121,0.95,8,0.0462962962962963,4,0.103254294128082,2,0.333333333333333,0.380952380952381,-0.333333333333333,0.189353493221939,4,2.08546843531737,0,0,0.981747704246875,1.03661883787014
"Germany","B",-0.156444806534594,0.00386439187688909,0.12280701754386,0.049425793883823,3,1,-0.467967983193634,-0.696318167525308,1.65698222982558,2,0.111167472922701,-0.90519034129621,1,3,0.0333333333333333,3,0.13455869859103,4,0.5,-0.428571428571429,0.19047619047619,0.132191959854782,3,2.1116308425056,0,0,1.570796326795,1.09659003615442
"Germany","B.1.1",0.0314479300635618,-0.0161570819407397,0.260869565217391,0.171998230270884,2,0,0.293069057294545,0.293069057294545,1.837873369941,2,0.348374433960464,-0.748524030230797,1,4,0.0625,3,0.172603346362369,1,0.2,0.428571428571429,-0.333333333333333,0.364167627510444,3,2.1116308425056,0,0,1.17809724509625,1.05272832685542
"Germany","B.1.160",-0.124434714947878,-0.0015527950310559,0.0144927536231884,0.000690131124913734,0,20,0.240039679259592,0.0109108945117996,1.63061908481708,21,0,-4.81170447970364,0.05,1,0.285833333333333,0,0.154428516563958,11,1,-0.904761904761905,0.0952380952380953,0.141604822772246,1,0.198515243345873,0,0,1.570796326795,0.360041149911548
"Germany","B.1.221",-0.122842593873154,-0.00137362637362637,0.0128205128205128,0.00061050061050061,0,20,0.240039679259592,0.0109108945117996,1.63061908481708,21,0,-4.81170447970364,0.05,1,0.285833333333333,0,0.154428516563958,11,1,-0.904761904761905,0.0952380952380953,0.141604822772246,1,0.198515243345873,0,0,1.570796326795,0.360041149911548
"Germany","B.1.329",-0.0537750216733961,-0.00055727854235317,0.0344827586206897,0.00418168861238198,1,17,-0.0769881225319495,-0.257975080066862,1.53703881910275,1,0.226658404146984,-0.201170370925131,0.35,2,0.118333333333333,5,0.159177005116004,2,1,0,0.0476190476190477,0.099164882168544,2,0.886464475679797,0,0,2.15984494934313,1.21333589897365
"Germany","B.1.351",0.152590655704429,-0.00130662020905923,0.0375,0.00381954726935541,1,17,-0.00748271952579693,-0.209217442411472,1.86385698497037,6,0.019215621788622,2.69906770887279,0.25,2,0.106666666666667,0,0.11917154958524,1,0.5,0.571428571428571,-0.0476190476190477,0.17038396295072,2,0.826065186615344,0,0,0.981747704246875,1.03774656971464
"Germany","BA.1 (BA.1)",0.083954671385918,-0.00173196196135513,0.047361299052774,0.0167384872166071,3,0,-0.677016271050591,-0.85928314231009,4.06706753666478,8,0.337544832005441,0.0905768629269911,1,6,0.166666666666667,4,0.166459886934103,3,0.125,0.904761904761905,-0.476190476190476,0.536498390238488,2,1.97300140639361,0,0,0.39269908169875,0.5871126976933
"Germany","BA.1.1 (BA.1.1)",0.148045094497657,0.00667441939753949,0.232827476038339,0.0941093518252289,4,0,-0.890636717904844,-1.05045568161457,4.84659678881762,14,0.869712100452365,0.0631042165277132,0.85,8,0.166666666666667,4,0.519405772091236,2,0.125,0.857142857142857,-0.619047619047619,0.676043037884039,3,1.66958012698141,0,0,0.196349540849375,0.351462365055423
"Germany","BA.1.15 (BA.1.15)",0.081521897376421,0.000477214055943261,0.0491894913359419,0.023067369271045,2,0,-0.350692552217311,-0.511683423925854,4.56807321846741,8,0.609043267206415,0.458739402650909,1,6,0.166666666666667,2,0.0664174604695381,4,0.142857142857143,0.714285714285714,-0.523809523809524,0.570360252520899,4,2.01615371726138,0,0,0.196349540849375,0.695755956201265
"Germany","BA.1.17 (BA.1.17)",0.128222752798605,-0.00119506349373555,0.0269709543568465,0.0101780131372016,3,0,-0.823183363074111,-0.992272694208248,5.25092572662614,13,0.737084880293203,-0.0999558199348883,0.9,6,0.166666666666667,4,0.316842106416525,8,0.142857142857143,0.80952380952381,-0.476190476190476,0.692696131666844,2,1.63995664634108,0,0,0.196349540849375,0.415067389712908
"Germany","BA.1.18 (BA.1.18)",0.109766377270685,0.00104552851957477,0.0684647302904564,0.0230938690225626,3,0,-0.925272881926218,-0.925272881926218,2.75784910075693,2,0.571164364294693,0.171433653266597,1,5,0.166666666666667,4,0.11343472491667,1,0.142857142857143,0.619047619047619,-0.571428571428571,0.463636713456825,3,1.84790080050907,0,0,0.589048622548125,0.710425246658307
"Germany","BA.2 (BA.2)",0.0978029561629415,0.00279316972454164,0.118038237738986,0.0478118887112161,6,0,-0.855282011437213,-0.670034954989656,4.89165283692018,16,0.792263735951599,-0.0473462014301658,0.9,8,0.166666666666667,4,0.275341811187727,3,0.125,0.80952380952381,-0.595238095238095,0.674413629342853,3,1.66958012698141,0,0,0.196349540849375,0.425758720806781
"Germany","BA.2.9 (BA.2.9)",0.03217354923006,-0.00225619300122022,0.032258064516129,0.0157628358086129,3,0,-0.490670203100782,-0.274690035931297,1.77509645467874,2,0.545741695270497,-1.11439392736677,0.95,3,0.0133333333333333,2,0.165563066000899,1,0.5,0.571428571428571,-0.428571428571429,0.249968203202899,4,1.94337792575329,0,0,1.17809724509625,0.718873371405716
"Germany","BA.4 (BA.4)",0.0572109408266641,0.00153355414139284,0.0363153232949513,0.0208031723241025,3,0,-0.636294415932077,-0.459387571520565,3.7757213974012,6,0.672350861466738,0.140761401601415,1,4,0.166666666666667,0,0.206344387323046,4,0.125,0.761904761904762,-0.714285714285714,0.459105394314125,3,2.08546843531737,0,0,0.589048622548125,0.732010327869575
"Germany","BA.4.1 (BA.4.1)",0.0838694030361163,0.000736256943479661,0.0435606060606061,0.0199078060271147,2,0,-0.327775170175804,-0.327775170175804,3.88659126842155,9,0.335075931896479,0.332352089562044,0.85,8,0.166666666666667,3,0.265594611976916,2,0.125,0.904761904761905,-0.571428571428571,0.530738307662015,3,1.77512500900097,0,0,0.196349540849375,0.600219488518549
"Germany","BA.5 (BA.5)",0.145487454669841,0.00195241162471909,0.060077519379845,0.0226074061039481,5,1,0.559531992096768,-0.118984250804411,3.10214735074791,3,0.348374433960464,0.408456869988216,0.95,8,0.166666666666667,0,0.0345523610093733,2,0.125,0.619047619047619,-0.523809523809524,0.436494942217515,4,1.84790080050907,0,0,0.589048622548125,0.993720710766222
"Germany","BA.5.1 (BA.5.1)",0.108454981049025,6.35074534670308e-05,0.0613246116107931,0.0237644623844018,5,0,-0.964137303432357,-0.782368868782979,4.78697735291987,12,0.448292514669961,0.0842091432823485,1,8,0.166666666666667,0,0.155075844130227,1,0.125,0.761904761904762,-0.476190476190476,0.651428108605431,3,1.84790080050907,0,0,0.196349540849375,0.530436710326787
"Germany","BA.5.1.3 (BA.5.1.3)",0.0625006660166399,0.00134080738463233,0.0467980295566502,0.0273864015760557,4,0,0.334047588314682,0.631288480358102,4.12748576985047,5,0.613628874278788,0.101745474245329,1,8,0.166666666666667,5,0.195770354727423,1,0.142857142857143,0.476190476190476,-0.666666666666667,0.540427468578043,3,1.66958012698141,0,0,0.39269908169875,0.682695190785234
"Germany","BA.5.2 (BA.5.2)",0.0907880571229251,0.00136225013031658,0.0411680229775012,0.0191494406996271,3,0,-0.979675774603631,-0.818984561444868,3.89989372647379,5,0.670824333217415,0.0906106088334787,0.9,4,0.166666666666667,5,0.161049465230722,3,0.125,0.761904761904762,-0.571428571428571,0.559112803193263,3,2.02532622077007,0,0,0.196349540849375,0.610914470814967
"Germany","BA.5.3 (BA.5.3)",0.074242987689387,-0.000139201750525657,0.0387596899224806,0.01918932761857,3,0,-1.06333309940357,-0.896705207846926,4.81102303416685,12,0.70353347266708,0.0558049802189527,1,7,0.166666666666667,4,0.0853345483574309,8,0.125,0.80952380952381,-0.428571428571429,0.654205850481729,3,1.84443972705697,0,0,0.196349540849375,0.461326633278042
"Germany","BA.5.9 (BA.5.9)",0.0103166169252379,-8.47578230710448e-05,0.0145803698435277,0.00932429353981263,3,0,-0.51325127102041,-0.329128272566722,1.50188488384282,1,0.390154683871695,-0.990745470744828,1,2,0.0166666666666667,5,0.15437995776427,1,1,0.285714285714286,-0.619047619047619,0.0679957406609416,3,1.99916381358184,0,0,2.15984494934313,1.0804210688212
"Germany","BC (BA.1.1.1)",0.116292846818128,0.00428366014332023,0.101041666666667,0.0469068850322927,6,0,-0.38518080829809,-1.21322764088211,5.17902193063044,13,0.725903085192631,-0.0927948966966319,0.85,8,0.166666666666667,0,0.206443290246991,5,0.125,0.619047619047619,-0.714285714285714,0.72357001676478,3,1.77512500900097,0,0,0.196349540849375,0.52502053206902
"Germany","BD (BA.1.17.2)",0.0763639998752627,0.00219376133768179,0.0634854771784232,0.0340670144303019,4,0,-0.996807963634618,-0.842561037915012,3.6875258690334,5,0.728013769831637,0.334154008542337,0.85,7,0.166666666666667,0,0.075938452616134,3,0.111111111111111,0.80952380952381,-0.619047619047619,0.590742561278642,3,1.90022561488552,0,0,0.196349540849375,0.638998269133756
"Germany","BE.1",0.02984831905993,0.000527760911999837,0.0164203612479475,0.0093038977628428,2,0,-0.0542028027612502,-0.245091309529066,1.70886418334774,2,0.639641722017073,2.0636364487563,1,3,0.04,4,0.196103912629416,3,0.5,0.238095238095238,-0.380952380952381,0.112408218496877,4,2.15478315337337,0,0,1.37444678594563,1.31212890189507
"Germany","BE.1.1",-0.120424921842238,-0.00114028419390679,0.0106426524764634,0.000506792975069684,0,20,0.240039679259592,0.0109108945117996,1.63061908481708,21,0,-4.81170447970363,0.05,1,0.285833333333333,0,0.154428516563958,11,1,-0.904761904761905,0.0952380952380953,0.141604822772246,1,0.198515243345873,0,0,1.570796326795,0.360041149911548
"Germany","BE.1.1.2",0.0696817404287615,-0.00103065230953724,0.0207715133531157,0.0115746434182323,2,0,-0.702872789225609,-0.204795201354915,3.96958532166354,1,0.465586445092229,1.03580369717078,0.9,6,0.111111111111111,4,0.132201983189464,3,0.166666666666667,0.571428571428571,-0.571428571428571,0.502817265107294,3,1.94337792575329,0,0,0.39269908169875,0.842563092588116
"Germany","BF (BA.5.2.1)",0.0797552907129346,0.000673130893160398,0.0457620374054914,0.0228787814373763,3,0,-1.06345048257133,-0.89211741013745,5.4550267343198,13,0.759554596501934,0.42255949693043,1,10,0.166666666666667,4,0.0430544815977362,2,0.142857142857143,0.666666666666667,-0.619047619047619,0.675130249666362,4,1.84790080050907,0,0,0.196349540849375,0.612421494817072
"Germany","BF.5",0.0179712058682253,-0.000124216797059568,0.0199613650998068,0.012235779080049,3,0,0.38838007140679,0.172910052729664,1.6884739587194,1,0.421437398755217,0.757859846171071,0.95,4,0.0740740740740741,4,0.110891357715772,3,0.166666666666667,0.476190476190476,-0.619047619047619,0.304488909709885,3,2.15478315337337,0,0,1.570796326795,1.05112155859697
"Germany","BF.7",0.00930422897422005,-9.27945470489843e-05,0.0254652301665034,0.0093704261643818,4,0,-0.160688490881776,0.0925832457809965,1.55293362057707,1,0.195468039282251,-4.7562109323539,0.9,6,0.0166666666666667,0,0.20934001437603,3,1,0.428571428571429,-0.285714285714286,0.123156273903677,3,1.99916381358184,0,0,1.96349540849375,1.2201488178873
"Germany","BF.7.5",-0.0171239837208388,-0.0025438206051496,0.0218522372528616,0.0135115207431283,2,1,0.294368906387084,0.654730576769576,1.7778593386226,4,0.439221404208395,-0.818197479801501,0.95,4,0.0462962962962963,4,0.14763202450545,2,0.333333333333333,0.142857142857143,-0.142857142857143,0.241929070532001,3,2.01269264380928,0,0,1.17809724509625,1.1772278160447
"Germany","BG (BA.2.12.1)",0.0709563875834932,0.000440832888671918,0.0446271285965942,0.0209627783840622,3,0,-0.629060850678601,-0.784700889295541,4.30058026737007,12,0.67387738971606,0.64508687115345,0.8,5,0.166666666666667,3,0.0745694331361909,2,0.111111111111111,0.857142857142857,-0.523809523809524,0.574389219506973,4,1.99916381358184,0,0,0.196349540849375,0.623915046629965
"Germany","BN.1",0.00648512497329151,-0.000526455662178478,0.0187590187590188,0.0116179140836183,3,0,0.326419154979349,0.124638163814547,1.54492731608266,1,0.221859349122998,-0.820689596216583,0.95,3,0.00416666666666667,0,0.165815520758251,1,1,-0.380952380952381,-0.142857142857143,0.0151869495725106,3,2.15478315337337,0,0,1.96349540849375,0.977758882584868
"Germany","BN.1.3",0.110794886273755,-0.000614881646472717,0.0107913669064748,0.00344186730513157,3,2,-0.88744410046134,-0.684781663229664,1.65355476212506,3,0.123573922670408,-1.53283879534658,1,3,0.0133333333333333,3,0.126644912884266,3,0.5,0.0476190476190477,-0.238095238095238,0.0589894390582069,3,2.06847853163783,0,0,1.37444678594563,0.978550556143108
"Germany","BQ.1",0.039460734801082,0.000774777266256369,0.0255164034021871,0.0155616898019819,3,0,-0.201598891199638,0.0109870843251048,1.75600246580847,1,0.353544197422521,0.34712673563557,0.95,4,0.166666666666667,4,0.230375638869764,3,0.125,0.523809523809524,-0.666666666666667,0.330425030376101,3,2.15478315337337,0,0,1.17809724509625,0.918623470015873
"Germany","BQ.1.1",0.124352201270218,5.62523646302529e-05,0.0293609671848014,0.0131444648722376,4,1,0.178444828153482,0.348993294618641,5.63396001442533,12,0.884537130765672,0.192001127941609,0.95,6,0.166666666666667,4,0.21305443802411,2,0.142857142857143,0.80952380952381,-0.523809523809524,0.60848058763582,3,1.87406320769729,0,0,0.196349540849375,0.706169755022087
"Germany","CH.1.1",0.0528423443571795,0.000739955097490602,0.0286168521462639,0.0138062028996947,3,0,-0.214840506766942,-0.410716351008771,1.69018743348396,1,0.428881877284281,0.34807711862507,1,5,0.04,4,0.0863422028473936,3,0.25,0.666666666666667,-0.285714285714286,0.287554624133605,3,2.08546843531737,0,0,1.17809724509625,0.988259043146384
"Germany","DH (BA.5.1.22)",0.0587637749820393,0.000786594437973843,0.0201680672268908,0.0116913027806326,4,0,0.0452277434052218,-0.119535529049939,2.88359506319265,3,0.302366792446815,-0.219737363048335,1,4,0.166666666666667,3,0.127462940009049,2,0.142857142857143,0.761904761904762,-0.619047619047619,0.435329468486345,3,1.94683899920539,0,0,0.589048622548125,0.850806935588804
"Germany","EG.5.1",-0.186936367821167,-0.00102115626309175,0.032258064516129,0.00261834939254294,1,19,0.0722666393678509,-0.119613747919202,1.60376656943878,5,0.0060232457322229,-2.82586721203449,0.15,2,0.216666666666667,5,0.167243991928793,11,1,-0.619047619047619,0.142857142857143,0.110924643963241,2,0.518186213050213,0,0,1.76714586764437,0.815028213653487
"Germany","Q (B.1.1.7)",-0.312336838668428,-0.00466186474589836,0.0476190476190476,0.00484065772427692,1,17,-0.00651999799921699,-0.203640262335171,1.76065441994546,5,0.0264895992459749,-1.26047679017218,0.25,3,0.133333333333333,5,0.109466048119468,1,0.5,-0.523809523809524,0.238095238095238,0.139606722654508,3,0.826065186615344,0,0,1.17809724509625,0.857747700144734
"Germany","QB.1.177.62 (B.1.177.62)",-0.141182994527498,-0.0056390977443609,0.0526315789473684,0.0025062656641604,0,20,0.240039679259592,0.0109108945117997,1.63061908481708,21,0,-4.81170447970364,0.05,1,0.285833333333333,0,0.154428516563958,11,1,-0.904761904761905,0.0952380952380953,0.141604822772246,1,0.198515243345873,0,0,1.570796326795,0.360041149911548
"Germany","QB.1.177.81 (B.1.177.81)",0.0797063399971527,-0.00632080435814366,0.0869565217391304,0.0212982229593805,2,12,-0.429293169401207,-0.577397240598104,1.61136353850963,1,0.351049028356647,-0.582697645532043,0.7,4,0.0233333333333333,5,0.163670181109588,4,1,0.19047619047619,-0.0952380952380952,0.0897016807100392,2,1.75242367526484,0,0,1.17809724509625,1.15262360941656
"Germany","QB.1.177.86 (B.1.177.86)",0.236055796341872,-0.00403174128503076,0.117647058823529,0.0291975448626267,2,10,-0.499569022437939,-0.668138313520344,1.61690572319178,1,0.366358646780001,1.85125845732973,0.8,6,0.00916666666666667,0,0.184316221244004,3,1,0.714285714285714,-0.0952380952380952,0.290168542855037,3,1.97300140639361,0,0,1.96349540849375,1.03768555115745
"Germany","XBB.1",-0.00461650207428407,-2.57883540039322e-05,0.0117302052785924,0.00662401616975558,3,0,-0.0193336679099675,-0.128786556476595,1.48910606847168,1,0.680831793214215,-2.53135999212584,0.95,4,0.0216666666666667,5,0.153081711993783,2,1,-0.19047619047619,0.142857142857143,0.0282930849723426,3,1.96036782943283,0,0,1.96349540849375,1.20343137274303
"Germany","XBB.1.5",0.0914178136354608,0.00237242863608439,0.0657370517928287,0.0347721713835819,2,0,0.369227403259735,0.538131327027011,4.24910067554583,8,0.457105513344752,0.177754747813918,1,8,0.166666666666667,0,0.135875200682916,5,0.125,0.714285714285714,-0.619047619047619,0.545199462724268,3,1.90022561488552,0,0,0.196349540849375,0.689332742527377
"Germany","XBB.1.9",-0.0078566472849151,0.000267369089957443,0.0171339563862928,0.0091226326556219,2,1,0.551361393136278,0.386844641192564,1.60024562388872,1,0.738611408542526,0.234638739847718,1,6,0.0116666666666667,3,0.134482770943162,3,1,0.523809523809524,-0.0476190476190477,0.100630340949375,4,2.09464093882606,0,0,1.37444678594563,1.27132734564632
"India","A",0.0769826255616179,-0.0176767676767677,0.305555555555556,0.0599352133129412,3,8,-0.393450443927715,-0.598049438869531,1.76420562014547,2,0.2532365119815,-2.78455942188872,0.8,4,0.0625,3,0.119598316883871,1,0.2,0.0476190476190477,-0.238095238095238,0.228292172965118,3,2.08546843531737,0,0,1.37444678594563,1.15030041402056
"India","AE (B.1.1.306)",0.0344894429086151,-0.00172683766952869,0.390243902439024,0.137412642668204,3,0,-0.089545084632224,0.129290037173858,1.64863679771384,1,0.297039020881163,-0.0988981541002608,1,6,0.04,4,0.150471017315754,5,0.25,0.380952380952381,-0.0952380952380952,0.191495121910368,3,2.1116308425056,0,0,1.37444678594563,1.18516364526583
"India","AM (B.1.1.216)",0.263541106067417,-0.000528665413533836,0.0989010989010989,0.0202684186001503,1,14,-0.316123818885918,-0.466750447704457,1.9447460029786,3,0.212732798813414,0.799720964624665,0.45,4,0.0277777777777778,5,0.149153450010232,1,0.333333333333333,0.523809523809524,-0.0952380952380952,0.243813519807457,2,1.18251434361424,0,0,0.981747704246875,1.20627214489701
"India","AY (B.1.617.2)",-0.131640032473701,-0.0113520408163265,0.1,0.00693499622071051,1,18,0.136522700536837,-0.0861894237667821,1.61005719194889,1,0.00292548257137425,-4.41867004250948,0.25,2,0.160833333333333,0,0.0738398239995027,2,1,-0.714285714285714,0.0952380952380953,0.170784872105435,2,0.730588061371122,0,0,1.570796326795,0.530593438627151
"India","AY.106",-0.0567897719567172,-0.000855741570675457,0.0138888888888889,0.00411025240161414,1,9,-0.619263495777242,-0.777288725511836,1.51147182731329,1,0.608200999029956,0.0228068893613835,0.95,3,0.0258333333333333,4,0.124541157737235,2,1,0.0952380952380953,0.142857142857143,0.0396361223923426,3,1.90022561488552,0,0,1.96349540849375,1.10749037766009
"India","AY.112",-0.243904262128341,-0.00551245406288281,0.043010752688172,0.00325367658973212,1,19,0.0983454916729233,-0.103579224521854,1.60723770235148,1,0.206192050633232,-3.29327831720201,0.15,2,0.216666666666667,0,0.178011104963442,11,1,-0.80952380952381,0.142857142857143,0.236177225192022,2,0.518186213050213,0,0,1.96349540849375,0.545507461106146
"India","AY.112.2",-0.125616088695952,-0.00170068027210884,0.0158730158730159,0.000755857898715041,0,20,0.240039679259592,0.0109108945117997,1.63061908481708,21,0,-4.81170447970363,0.05,1,0.285833333333333,0,0.154428516563958,11,1,-0.904761904761905,0.0952380952380953,0.141604822772246,1,0.198515243345873,0,0,1.570796326795,0.360041149911548
"India","AY.120",-0.120840805809184,-0.00117739403453689,0.010989010989011,0.000523286237571952,0,20,0.240039679259592,0.0109108945117996,1.63061908481708,21,0,-4.81170447970363,0.05,1,0.285833333333333,0,0.154428516563958,11,1,-0.904761904761905,0.0952380952380953,0.141604822772246,1,0.198515243345873,0,0,1.570796326795,0.360041149911548
"India","AY.122",-0.139883235324939,-0.00510204081632653,0.0476190476190476,0.00226757369614512,0,20,0.240039679259592,0.0109108945117996,1.63061908481708,21,0,-4.81170447970364,0.05,1,0.285833333333333,0,0.154428516563958,11,1,-0.904761904761905,0.0952380952380953,0.141604822772246,1,0.198515243345873,0,0,1.570796326795,0.360041149911548
"India","AY.127",-0.112581846725127,-0.00115207373271889,0.0714285714285714,0.00532782047131639,1,18,0.109412755737085,-0.105877573127979,1.57306356347569,2,0.0124126275149567,-0.0136166042744485,0.25,2,0.160833333333333,0,0.194705354897214,2,1,0.0476190476190477,0.0952380952380953,0.0940497611025905,2,0.730588061371122,0,0,1.76714586764437,1.2894366580687
"India","B",0.14969565749526,-0.00903299916457811,0.111111111111111,0.0143336958341031,1,13,-0.114723609764316,-0.312500686975737,1.57901566393633,1,0.0411077804867748,-3.06704815391586,0.5,3,0.0541666666666667,5,0.158575884219908,1,1,-0.238095238095238,-0.0476190476190477,0.123373710391179,4,1.4956157801725,0,0,1.76714586764437,0.840387267716048
"India","B.1.1",-0.134971383415541,-0.0101339390583577,0.333333333333333,0.0879240322279731,2,2,-0.628375141098113,-0.628375141098113,1.50727757367278,1,0.253449959933113,-0.882724070810971,0.9,3,0.00916666666666666,4,0.158940600902386,1,1,0.285714285714286,0.238095238095238,0.0918465697292363,4,2.10245833899691,0,0,1.96349540849375,1.20224357427099
"India","B.1.1.354",-0.126689942152414,-0.00184729064039409,0.0172413793103448,0.000821018062397373,0,20,0.240039679259592,0.0109108945117997,1.63061908481708,21,0,-4.81170447970363,0.05,1,0.285833333333333,0,0.154428516563958,11,1,-0.904761904761905,0.0952380952380953,0.141604822772246,1,0.198515243345873,0,0,1.570796326795,0.360041149911548
"India","B.1.1.46",-0.0394886882717096,-0.00249169435215947,0.09375,0.00721374155115133,1,18,0.099553005585286,-0.116365046200525,1.58678195776834,6,0.0124126275149567,0.138901556070481,0.2,2,0.193333333333333,0,0.225120975351797,7,1,-0.238095238095238,0.0952380952380953,0.0721607528802513,2,0.639031859650177,0,0,1.76714586764437,1.2702592176102
"India","B.1.1.526",-0.255238119888876,0.000168948698360461,0.0392156862745098,0.00417066593537182,2,18,-0.022996755544606,-0.204017088180128,1.74803717938605,4,0.019215621788622,-2.5731057903528,0.2,3,0.133333333333333,5,0.0936116988697529,1,0.5,-0.428571428571429,0.19047619047619,0.166057982448313,2,0.708346577706171,0,0,1.17809724509625,0.894855896615539
"India","B.1.1.529",-0.132883475569612,-0.00297619047619048,0.0277777777777778,0.00132275132275132,0,20,0.240039679259591,0.0109108945117996,1.63061908481708,21,0,-4.81170447970362,0.05,1,0.285833333333333,0,0.154428516563958,11,1,-0.904761904761905,0.0952380952380953,0.141604822772245,1,0.198515243345873,0,0,1.570796326795,0.360041149911548
"India","B.1.143",-0.275215891061833,-0.0267857142857143,0.238095238095238,0.01218820861678,0,19,0.223883326589142,-0.00546056894119859,1.6812396062018,19,0,-3.8210100365534,0.1,2,0.243333333333333,0,0.129524114129111,11,1,-0.857142857142857,0.142857142857143,0.161798260504419,2,0.394397691447443,0,0,1.37444678594563,0.386760004309208
"India","B.1.210",0.332893124454593,-0.00140261178467159,0.236842105263158,0.0672477381641902,2,5,-0.594600047954773,-0.756233339360618,1.84426959055428,2,0.34709789721732,1.79748628725426,1,3,0.04,2,0.107807496418141,1,0.25,0.666666666666667,-0.333333333333333,0.329028510566274,3,1.89451418482893,0,0,1.17809724509625,0.995759384565281
"India","B.1.247",-0.28246817701244,-0.0177054605626034,0.162162162162162,0.0104430961573819,1,19,0.156339919260759,-0.0632330246691604,1.87031337828695,19,0,-3.08429252111282,0.1,2,0.243333333333333,0,0.195471186496936,11,0.5,-0.857142857142857,0.142857142857143,0.214670589910848,2,0.394397691447443,0,0,1.17809724509625,0.563758582125321
"India","B.1.36",0.256951819141451,-0.00204081632653061,0.463636363636364,0.0437915716548624,2,8,0.0258130815739352,-0.206838205043443,1.57929431630082,2,0.0124126275149567,0.691484746429625,0.65,2,0.0158333333333333,3,0.233308785390943,2,1,-0.428571428571429,-0.0952380952380952,0.110814132343949,3,2.05584495467705,0,0,1.76714586764437,1.27662240955334
"India","B.1.36.29",-0.599533476607058,0.00973639455782313,0.35,0.0582302618016904,3,15,-0.205605275566717,-0.360493427630321,1.86232901992192,2,0.212462194058523,-0.169526290651321,0.4,4,0.0833333333333333,3,0.249793862041274,1,0.2,-0.380952380952381,0.333333333333333,0.364318797063809,3,1.10588987902476,0,0,0.981747704246875,1.0479750038874
"India","B.1.36.8",-0.132109015047172,-0.00154802054718997,0.232558139534884,0.0538036149590116,2,7,-0.49372024857532,-0.681653027171424,1.59749451542733,3,0.212204082271748,0.0838786719841093,0.9,4,0.0216666666666667,3,0.153113432986689,4,1,-0.333333333333333,0.142857142857143,0.127821150773864,3,1.96036782943283,0,0,1.570796326795,1.12313158036598
"India","B.1.560",-0.332919473227689,-0.0096945212062958,0.125,0.0136170428994057,2,14,-0.0391305925631749,-0.25807133660261,1.65426643261642,4,0.100633394340427,-1.97640372286032,0.5,3,0.0766666666666667,5,0.12915021525976,1,0.5,-0.142857142857143,0.380952380952381,0.10850477962078,3,1.23759716823256,0,0,1.37444678594563,0.705966860490062
"India","B.1.617",0.0131419137736053,-0.00144787644787645,0.142857142857143,0.00983314526581296,1,16,0.142381938046601,-0.0860286354098312,1.57363017629309,1,0.0060232457322229,-0.00403466577817824,0.45,2,0.0891666666666667,5,0.232559235262341,1,1,0.380952380952381,0.0476190476190477,0.0814743880431451,2,0.997271523182384,0,0,1.76714586764437,1.2886142921297
"India","B.1.617.1",-0.106465557471154,0.000257170175762613,0.0153846153846154,0.00337106482182741,2,14,-0.356434027461749,-0.506046343238487,1.65107132218966,1,0.169739572287653,-0.441644738235142,0.5,4,0.0555555555555556,5,0.270855829927126,3,0.333333333333333,-0.428571428571429,0.0952380952380953,0.182123612322648,3,1.23759716823256,0,0,1.17809724509625,1.14188940874886
"India","BA.1 (BA.1)",0.339338327636475,-0.00319452116114363,0.0258064516129032,0.00789203460583297,2,7,-0.675716408384812,-0.839871597710502,2.13709870486397,7,0.600072260428028,-0.695484352052172,0.6,6,0.0625,5,0.132155067320638,3,0.2,0.285714285714286,-0.333333333333333,0.437937079806409,3,1.75242367526484,0,0,0.589048622548125,0.843737075938052
"India","BA.1.1 (BA.1.1)",-0.122842593873154,-0.00137362637362637,0.0128205128205128,0.00061050061050061,0,20,0.240039679259592,0.0109108945117996,1.63061908481708,21,0,-4.81170447970364,0.05,1,0.285833333333333,0,0.154428516563958,11,1,-0.904761904761905,0.0952380952380953,0.141604822772246,1,0.198515243345873,0,0,1.570796326795,0.360041149911548
"India","BA.1.1.7 (BA.1.1.7)",-0.0148997361530482,-0.00656959150266277,0.0927152317880795,0.0336240908522848,4,0,-0.63889992914847,-0.445416400332258,1.63591454084655,1,0.0871214443248295,-0.607576981363754,0.95,4,0.0555555555555556,5,0.083292771775999,2,0.333333333333333,-0.238095238095238,0.238095238095238,0.125151745948164,3,2.1116308425056,0,0,1.570796326795,0.932253069621352
"India","BA.1.18 (BA.1.18)",0.291097033191069,-0.00254636404057656,0.0529801324503311,0.0206079644383479,3,4,-0.301170557529192,0.545048730670333,3.43737355111588,3,0.560918918729354,0.11153171565015,0.95,5,0.166666666666667,0,0.12665627334454,2,0.125,0.619047619047619,-0.428571428571429,0.617104529893387,3,1.81827731986874,0,0,0.39269908169875,0.85741732320003
"India","BA.2 (BA.2)",-0.17632658662269,-0.00281954887218045,0.0833333333333333,0.00522138680033417,1,19,0.165580087756262,-0.0561194257160484,1.59328891431803,6,0.0060232457322229,-0.13726100036995,0.15,2,0.216666666666667,0,0.227564334000157,11,1,-0.571428571428571,0.142857142857143,0.0826303985642812,2,0.518186213050213,0,0,1.76714586764437,1.24662917073097
"India","BA.2.10 (BA.2.10)",0.120989509122121,-0.00310321117517914,0.0262008733624454,0.00453235176848966,2,13,-0.259890465706782,-0.437934805842727,1.60190626846929,1,0.210364002387632,-2.22663306224998,0.6,3,0.0416666666666667,4,0.088255877549445,1,1,0.0476190476190477,-0.0476190476190477,0.144005848485131,2,1.54012319437811,0,0,1.76714586764437,0.876113294542901
"India","BA.2.38 (BA.2.38)",-0.192777862010837,0.00167456746478119,0.075,0.0150895365382409,2,11,-0.329382327771605,-0.492130569765023,1.56037303564181,1,0.166686515789007,0.0868071545024638,0.75,3,0.0233333333333333,0,0.135955168664564,2,1,-0.19047619047619,0.19047619047619,0.079191789018594,3,1.84443972705697,0,0,1.76714586764437,1.21605246948741
"India","BA.2.38.1 (BA.2.38.1)",0.393146287065051,-0.00123152709359606,0.0337837837837838,0.00921790220416934,4,8,-0.60358386241209,-0.778181546328117,2.08489441684857,4,0.476516150730433,0.290394705982174,0.8,4,0.04,5,0.215399840564721,2,0.25,0.523809523809524,-0.333333333333333,0.239920577564989,3,2.04231612444961,0,0,0.7853981633975,1.06228758639319
"India","BA.2.38.2 (BA.2.38.2)",-0.311219438081235,-0.000665559952941475,0.0235294117647059,0.00349947249959313,1,15,-0.176367868528484,-0.357341214697881,1.65350286177847,3,0.177228348035673,-0.121146387934195,0.4,3,0.0740740740740741,0,0.0814591739067376,1,0.333333333333333,-0.428571428571429,0.238095238095238,0.206444217726831,3,1.10588987902476,0,0,1.37444678594563,1.13728771407574
"India","BA.2.38.4 (BA.2.38.4)",0.425948490000585,-0.000465562484128552,0.0163934426229508,0.00504062877368581,1,11,-0.554558036699255,-0.688200419823627,1.63464612790411,1,0.535646137528156,-0.343624134476774,0.6,2,0.0462962962962963,5,0.301385569592143,2,0.333333333333333,0.238095238095238,-0.238095238095238,0.243081833148659,2,1.69574253416963,0,0,1.37444678594563,0.981619249803607
"India","BA.2.74 (BA.2.74)",0.537184266095168,0.00106143856143856,0.136986301369863,0.0230042008473363,1,6,-0.286366772988971,-0.497145489781436,3.03115883897724,3,0.234473591114119,0.975158646453937,0.8,3,0.166666666666667,0,0.0811954949776756,2,0.125,0.904761904761905,-0.333333333333333,0.387685583062003,3,2.02968254748882,0,0,0.589048622548125,0.769662365385428
"India","BA.2.75 (BA.2.75)",-0.147150855949406,-0.00892857142857143,0.0833333333333333,0.00396825396825397,0,20,0.240039679259591,0.0109108945117996,1.63061908481708,21,0,-4.81170447970362,0.05,1,0.285833333333333,0,0.154428516563958,11,1,-0.904761904761905,0.0952380952380953,0.141604822772245,1,0.198515243345873,0,0,1.570796326795,0.360041149911548
"India","BA.2.76 (BA.2.76)",-0.147150855949406,-0.00892857142857143,0.0833333333333333,0.00396825396825397,0,20,0.240039679259591,0.0109108945117996,1.63061908481708,21,0,-4.81170447970362,0.05,1,0.285833333333333,0,0.154428516563958,11,1,-0.904761904761905,0.0952380952380953,0.141604822772245,1,0.198515243345873,0,0,1.570796326795,0.360041149911548
"India","BA.5.2 (BA.5.2)",-0.132883475569612,-0.00297619047619048,0.0277777777777778,0.00132275132275132,0,20,0.240039679259591,0.0109108945117996,1.63061908481708,21,0,-4.81170447970362,0.05,1,0.285833333333333,0,0.154428516563958,11,1,-0.904761904761905,0.0952380952380953,0.141604822772245,1,0.198515243345873,0,0,1.570796326795,0.360041149911548
"India","BF (BA.5.2.1)",-0.0645126605443429,-0.00232919254658385,0.0217391304347826,0.00248737913999184,1,18,-0.0485463750380517,-0.216882917781575,1.57549898409767,3,0.019215621788622,-1.90807394754,0.25,2,0.160833333333333,0,0.112612539760583,3,1,-0.142857142857143,0.0952380952380953,0.0501965037857276,2,0.730588061371122,0,0,1.570796326795,0.996995282396337
"India","BF.3",0.00772285897258495,-0.00247252747252747,0.0245901639344262,0.00346500601081122,1,17,-0.129803759938117,-0.28844832649599,1.54808905011191,1,0.0297812178678604,-1.32003374594438,0.35,2,0.118333333333333,3,0.129100572609387,1,1,-0.19047619047619,0.0476190476190477,0.0541153861814112,2,0.886464475679797,0,0,1.76714586764437,1.10918443248802
"India","BJ (BA.2.10.1)",0.00862832813498503,0.00787663550640327,0.0615916955017301,0.0279956830120008,4,0,-0.278774855185882,-0.463543804345108,1.92076042194304,3,0.306694287732413,-0.228698132178484,1,5,0.0233333333333333,4,0.125413478243505,1,0.5,-0.380952380952381,-0.238095238095238,0.116283856290072,3,2.1116308425056,0,0,0.981747704246875,1.28367130805452
"India","BL (BA.2.75.1)",0.182059410513375,-0.00148808722420714,0.0236486486486486,0.00710457257456438,3,3,-0.729369034403641,-0.365452246992517,1.63309103576765,3,0.316349554583663,-2.06943988887679,0.9,3,0.0133333333333333,0,0.103171642547111,4,0.5,0.380952380952381,-0.238095238095238,0.0798631693988872,3,2.1116308425056,0,0,1.570796326795,1.00834148834849
"India","BL.1",0.0992417445173652,-0.000938792919989257,0.0347826086956522,0.0156066350577878,3,1,-0.49147218528641,-0.65673873990955,1.63833077780122,1,0.454046434521702,0.11583995937542,1,3,0.08,4,0.186412361128483,3,0.25,0.619047619047619,-0.333333333333333,0.297182180795508,4,2.15478315337337,0,0,1.570796326795,0.952360440375987
"India","BM (BA.2.75.3)",0.0709684506047119,-0.00143728258294566,0.048951048951049,0.0216895071762862,3,0,-0.7797356080942,-0.622990298647073,4.09725246462254,5,0.407196524831594,0.179778223654165,1,4,0.104166666666667,2,0.108203176636738,1,0.2,0.761904761904762,-0.380952380952381,0.486057060366366,3,1.97300140639361,0,0,0.39269908169875,0.70707192676293
"India","BM.1",-0.132883475569612,-0.00297619047619048,0.0277777777777778,0.00132275132275132,0,20,0.240039679259591,0.0109108945117996,1.63061908481708,21,0,-4.81170447970362,0.05,1,0.285833333333333,0,0.154428516563958,11,1,-0.904761904761905,0.0952380952380953,0.141604822772245,1,0.198515243345873,0,0,1.570796326795,0.360041149911548
"India","BM.1.1.3",0.194921041757176,-0.00230973890241434,0.12,0.0313998031770462,3,3,-0.639364425691161,-0.441620844525042,1.93414612761649,1,0.474555353914424,0.763452690679679,0.95,5,0.166666666666667,3,0.0799081835442198,2,0.142857142857143,0.666666666666667,-0.333333333333333,0.496428208567336,3,2.12862074618514,0,0,0.39269908169875,0.885542010959885
"India","BN (BA.2.75.5)",-0.126467949510625,-0.00181598062953995,0.0169491525423729,0.000807102502017756,0,20,0.240039679259591,0.0109108945117996,1.63061908481708,21,0,-4.81170447970362,0.05,1,0.285833333333333,0,0.154428516563958,11,1,-0.904761904761905,0.0952380952380953,0.141604822772245,1,0.198515243345873,0,0,1.570796326795,0.360041149911548
"India","BQ.1",-0.34257162801917,-0.00257464096749811,0.0178571428571429,0.00258019387092069,1,17,-0.13795709990569,-0.292996932712283,1.70074378630628,2,0.143129946956172,-0.374208309351273,0.3,2,0.0666666666666667,4,0.215707828193265,1,0.25,-0.523809523809524,0.238095238095238,0.17649931991547,2,0.914285581467099,0,0,1.570796326795,0.905038322645209
"India","CA (BA.2.75.2)",-0.132883475569612,-0.00297619047619048,0.0277777777777778,0.00132275132275132,0,20,0.240039679259591,0.0109108945117996,1.63061908481708,21,0,-4.81170447970362,0.05,1,0.285833333333333,0,0.154428516563958,11,1,-0.904761904761905,0.0952380952380953,0.141604822772245,1,0.198515243345873,0,0,1.570796326795,0.360041149911548
"India","FU (XBB.1.16.1)",-0.147591130646554,-0.00923645320197044,0.0862068965517241,0.00410509031198686,0,20,0.240039679259592,0.0109108945117996,1.63061908481708,21,0,-4.81170447970363,0.05,1,0.285833333333333,0,0.154428516563958,11,1,-0.904761904761905,0.0952380952380953,0.141604822772246,1,0.198515243345873,0,0,1.570796326795,0.360041149911548
"India","FU1 (XBB.1.16.11)",0.226180190300626,-0.000826628233991748,0.0569620253164557,0.0144965733527357,4,4,-0.637448046434848,-0.431148036485669,1.69395484718797,1,0.357187432635255,-0.796151459853278,1,3,0.0185185185185185,0,0.179238341244628,2,0.333333333333333,0.714285714285714,-0.428571428571429,0.135047999015242,3,2.1809455605616,0,0,0.981747704246875,1.15817725168692
"India","GJ.1.1",0.284527282187964,0.00203030366028932,0.0445859872611465,0.020439706771674,5,2,-0.80495181199401,-0.960688597447664,4.75394835030429,5,0.67387738971606,-0.175721505322033,1,9,0.166666666666667,0,0.116839661458896,4,0.125,0.619047619047619,-0.571428571428571,0.667761781756129,3,1.87406320769729,0,0,0.196349540849375,0.678195654535505
"India","GY (XBB.1.16.2)",-0.150886947799838,-0.0119047619047619,0.111111111111111,0.00529100529100529,0,20,0.240039679259591,0.0109108945117996,1.63061908481708,21,0,-4.81170447970362,0.05,1,0.285833333333333,0,0.154428516563958,11,1,-0.904761904761905,0.0952380952380953,0.141604822772245,1,0.198515243345873,0,0,1.570796326795,0.360041149911548
"India","GZ (XBB.2.3.4)",0.341067351804847,-0.00420918367346939,0.0490196078431373,0.0155241673707262,2,7,-0.643953854803036,-0.792540521682119,1.80790703843683,2,0.297039020881163,-0.0437624235561335,0.8,5,0.0433333333333333,0,0.166813666228084,2,0.5,-0.19047619047619,-0.238095238095238,0.138826842251971,5,2.02532622077007,0,0,1.37444678594563,1.0737290555696
"India","HH (XBB.2.3.2)",0.000324272292688615,-0.00369458128078818,0.125,0.0123563218390805,2,18,0.0041819412225601,-0.177732501958803,2.06973397835326,5,0.019215621788622,-1.2064053507195,0.2,3,0.133333333333333,5,0.156199913778993,1,0.5,0.476190476190476,0,0.198068445523369,2,0.708346577706171,0,0,0.981747704246875,1.25317630082136
"India","Q (B.1.1.7)",-0.131843998845118,-0.00274725274725275,0.0256410256410256,0.00122100122100122,0,20,0.240039679259592,0.0109108945117996,1.63061908481708,21,0,-4.81170447970364,0.05,1,0.285833333333333,0,0.154428516563958,11,1,-0.904761904761905,0.0952380952380953,0.141604822772246,1,0.198515243345873,0,0,1.570796326795,0.360041149911548
"India","XBB",0.218197399049592,-0.00131331563813316,0.0955882352941177,0.0286775012317269,2,2,-0.744264902865043,-0.558208707546676,2.6889389530448,4,0.364147858457815,0.456545816018126,0.9,3,0.111111111111111,4,0.0499422794699598,3,0.166666666666667,0.904761904761905,-0.428571428571429,0.368062151802156,2,1.84790080050907,0,0,0.589048622548125,0.796957746913533
"India","XBB.1",0.0789819664983315,0.00375167778155981,0.112676056338028,0.0447589552085216,3,1,-0.969179274604418,-0.806147178356183,1.84655926244897,1,0.325420665045229,1.28924827873738,0.95,5,0.166666666666667,5,0.0950139448608116,4,0.142857142857143,0.714285714285714,-0.380952380952381,0.370513971547554,3,1.95601150271407,0,0,0.981747704246875,0.94615144784768
"India","XBB.1.16",-0.111079417994973,-0.0132389162561576,0.206896551724138,0.0230797299762817,1,17,-0.0444383116024429,-0.236778179377902,1.6614477331101,5,0.0297812178678606,-2.40537684599867,0.2,3,0.106666666666667,0,0.114689891803458,7,0.5,-0.285714285714286,0.142857142857143,0.0982654961888807,2,0.826065186615344,0,0,1.570796326795,0.831235368847433
"India","XBB.1.5",-0.0671258320447529,-0.00595238095238095,0.1,0.00740740740740741,1,19,0.106133726101046,-0.0985527456652575,1.59261302390177,5,0.0060232457322229,-0.588179516569839,0.15,2,0.216666666666667,0,0.192608969814036,5,1,-0.19047619047619,0.0476190476190477,0.107289886910059,2,0.518186213050213,0,0,1.76714586764437,1.16031465685925
"India","XBB.2",0.237100890824618,-0.00019232416840993,0.0909090909090909,0.0200109098453493,4,6,-0.432889838971672,-0.432889838971672,1.66853054884113,2,0.147369959762102,1.67965767079733,0.9,3,0.03,4,0.0933497838611036,2,0.5,0.666666666666667,-0.238095238095238,0.174066380044003,4,2.1116308425056,0,0,1.570796326795,1.15714637141281
"India","XBB.2.3",0.207514737329318,-0.0133928571428571,0.125,0.0135270085863835,1,15,-0.0351230373059475,-0.248869043008957,1.65383371388109,3,0.0475601030163814,-3.7252112023771,0.4,4,0.0433333333333333,0,0.0535303140563547,1,0.5,0.285714285714286,-0.142857142857143,0.119351383168586,4,1.10588987902476,0,0,1.37444678594563,0.690342168989652
"Italy","AY (B.1.617.2)",-0.150886947799838,-0.0119047619047619,0.111111111111111,0.00529100529100529,0,20,0.240039679259591,0.0109108945117996,1.63061908481708,21,0,-4.81170447970362,0.05,1,0.285833333333333,0,0.154428516563958,11,1,-0.904761904761905,0.0952380952380953,0.141604822772245,1,0.198515243345873,0,0,1.570796326795,0.360041149911548
"Italy","AY.122",-0.154476374975382,-0.0156947544642857,0.146484375,0.00697544642857143,0,20,0.240039679259592,0.0109108945117996,1.63061908481708,21,0,-4.81170447970363,0.05,1,0.285833333333333,0,0.154428516563958,11,1,-0.904761904761905,0.0952380952380953,0.141604822772246,1,0.198515243345873,0,0,1.570796326795,0.360041149911548
"Italy","AY.125",0.0791441943140197,0.0027141894133516,0.106267029972752,0.0409972786315198,3,0,-0.24486589066022,-0.0555434595377928,3.22050099227807,6,0.691077238779554,0.434614555734746,0.95,7,0.04,0,0.077760742362994,2,0.25,-0.0476190476190477,-0.619047619047619,0.46188834328881,5,1.78865383922842,0,0,0.589048622548125,0.960870947264733
"Italy","AY.4",-0.156400010372033,-0.00232919254658385,0.029126213592233,0.0024221592393817,1,19,0.0633785689115514,-0.124809026073772,1.59420972545182,7,0.0060232457322229,-1.10842773064249,0.15,2,0.216666666666667,0,0.177614389136218,11,1,-0.523809523809524,0.142857142857143,0.0623498944820763,2,0.518186213050213,0,0,1.570796326795,1.0769206924976
"Italy","AY.42",-0.137235086760039,-0.00416088765603329,0.0388349514563107,0.00184928340268146,0,20,0.240039679259592,0.0109108945117997,1.63061908481708,21,0,-4.81170447970363,0.05,1,0.285833333333333,0,0.154428516563958,11,1,-0.904761904761905,0.0952380952380953,0.141604822772246,1,0.198515243345873,0,0,1.570796326795,0.360041149911548
"Italy","AY.43",-0.158600733078061,-0.00232919254658385,0.0679611650485437,0.00427144264206316,1,19,0.164548781805781,-0.0569239217313789,1.59324381599025,7,0.0060232457322229,-0.142221309088777,0.15,2,0.216666666666667,0,0.227455352763928,11,1,-0.523809523809524,0.142857142857143,0.0763557085303918,2,0.518186213050213,0,0,1.570796326795,1.24548010428141
"Italy","AY.46.6",0.239827967387148,-0.00240421408175237,0.0385756676557863,0.0115202060974749,3,3,-0.38306712523912,-0.18889119487858,2.35209523844633,5,0.343788826888091,0.183053332535519,0.85,2,0.0462962962962963,5,0.219807215081274,2,0.333333333333333,0.80952380952381,-0.428571428571429,0.230085668915396,3,2.15478315337337,0,0,0.589048622548125,0.876361778022982
"Italy","AY.61",0.574407629409669,-0.000195042060597037,0.158878504672897,0.0459063963773042,3,6,-0.587361745571443,-0.742797582001017,5.25672128074927,9,0.779705300424702,0.10871234503298,0.8,6,0.166666666666667,3,0.293196030536581,5,0.142857142857143,0.714285714285714,-0.476190476190476,0.731533466115078,3,1.63995664634108,0,0,0.196349540849375,0.606158108456465
"Italy","AY.7.2",0.00044791889733767,0.00187098258070611,0.0668316831683168,0.0346739267491146,4,0,-1.1680030297145,-0.306287273778324,1.58937640647427,1,0.551847808267787,-1.47660833642053,1,5,0.00416666666666667,4,0.146059035177141,1,1,0.333333333333333,-0.142857142857143,0.059228133211939,3,2.15478315337337,0,0,1.76714586764437,1.22281027213257
"Italy","AY.9.2",-0.12694113503288,-0.00188337053571429,0.017578125,0.000837053571428571,0,20,0.240039679259592,0.0109108945117996,1.63061908481708,21,0,-4.81170447970363,0.05,1,0.285833333333333,0,0.154428516563958,11,1,-0.904761904761905,0.0952380952380953,0.141604822772246,1,0.198515243345873,0,0,1.570796326795,0.360041149911548
"Italy","AY.98.1",-0.135942677076115,-0.00376674107142857,0.03515625,0.00167410714285714,0,20,0.240039679259592,0.0109108945117996,1.63061908481708,21,0,-4.81170447970363,0.05,1,0.285833333333333,0,0.154428516563958,11,1,-0.904761904761905,0.0952380952380953,0.141604822772246,1,0.198515243345873,0,0,1.570796326795,0.360041149911548
"Italy","B.1",0.167033578275647,-0.00396825396825397,0.0625,0.0110787796476202,2,15,-0.251631758013919,-0.414478129390803,1.67916922347328,2,0.0960924511032158,1.56709329563538,0.4,3,0.0733333333333333,3,0.0677330752030146,2,0.5,0.333333333333333,-0.142857142857143,0.0679431448190077,3,1.10588987902476,0,0,1.570796326795,1.18320048586384
"Italy","B.1.1",0.0556050976630624,0.0352757163471449,0.375,0.194776605922341,4,0,0.135000116495387,-0.067923714217546,2.14036723180496,4,0.387095605048644,-0.0729549133018438,0.9,6,0.0462962962962963,0,0.1018935833222,2,0.333333333333333,0.904761904761905,-0.714285714285714,0.23847380422032,4,1.97300140639361,0,0,0.7853981633975,0.916648436883196
"Italy","B.1.1.372",-0.0995290040177499,-0.0046583850931677,0.0434782608695652,0.00317781308681208,1,19,0.111074645455421,-0.0953047883845894,1.60906542973517,7,0.0060232457322229,-3.51608399656608,0.15,2,0.216666666666667,0,0.135438514434347,7,1,-0.285714285714286,0.0476190476190477,0.112920284451742,2,0.518186213050213,0,0,1.570796326795,0.698186253134953
"Italy","B.1.1.61",-0.412727968253218,-0.000834116541353386,0.0526315789473684,0.0131707946336429,1,14,-0.393406764925977,-0.52432842894702,1.62844123405473,1,0.252357700250476,0.435425077253543,0.55,3,0.0608333333333333,0,0.173784530909737,3,1,-0.333333333333333,0.333333333333333,0.20215861980173,3,1.25804814536419,0,0,1.76714586764437,1.00128923962235
"Italy","B.1.258.14",-0.00180600399411034,-0.0357142857142857,0.333333333333333,0.0262522732489362,1,17,0.0937900398347288,-0.126963253026491,1.61227313306852,4,0.0124126275149566,-4.17447927489841,0.3,2,0.143333333333333,0,0.062025574236399,4,1,0.0476190476190477,0.0476190476190477,0.093569281764303,2,0.818808456222877,0,0,1.570796326795,0.574002145536546
"Italy","BA.1 (BA.1)",-0.152969302562864,-0.0139751552795031,0.130434782608696,0.0062111801242236,0,20,0.240039679259592,0.0109108945117996,1.63061908481708,21,0,-4.81170447970363,0.05,1,0.285833333333333,0,0.154428516563958,11,1,-0.904761904761905,0.0952380952380953,0.141604822772246,1,0.198515243345873,0,0,1.570796326795,0.360041149911548
"Italy","BA.1.1 (BA.1.1)",-0.138701809633385,-0.0046583850931677,0.0434782608695652,0.0020703933747412,0,20,0.240039679259592,0.0109108945117996,1.63061908481708,21,0,-4.81170447970363,0.05,1,0.285833333333333,0,0.154428516563958,11,1,-0.904761904761905,0.0952380952380953,0.141604822772246,1,0.198515243345873,0,0,1.570796326795,0.360041149911548
"Italy","BA.1.15 (BA.1.15)",0.204231468448065,0.000442582679887792,0.116483516483516,0.0328661066550207,4,1,-0.32719909212619,-0.32719909212619,1.80925313594409,1,0.369901778309556,-0.0971865886627487,0.95,5,0.0740740740740741,4,0.186531511505683,3,0.166666666666667,0.476190476190476,-0.523809523809524,0.321348618071476,3,2.09464093882606,0,0,0.981747704246875,1.03655186649579
"Italy","BA.1.17 (BA.1.17)",0.110383815529792,0.00382346854180176,0.0989304812834225,0.0435203632458323,3,0,0.262319149634494,0.0785494570795152,2.48314475846512,3,0.482528182368948,-0.0878817731212851,1,6,0.166666666666667,5,0.098647123543085,2,0.142857142857143,0.619047619047619,-0.619047619047619,0.393774470364671,2,2.06847853163783,0,0,0.589048622548125,0.896828359834184
"Italy","BA.1.21 (BA.1.21)",-0.124816687484791,-0.00159914712153518,0.0149253731343284,0.000710732054015636,0,20,0.240039679259592,0.0109108945117996,1.63061908481708,21,0,-4.81170447970363,0.05,1,0.285833333333333,0,0.154428516563958,11,1,-0.904761904761905,0.0952380952380953,0.141604822772246,1,0.198515243345873,0,0,1.570796326795,0.360041149911548
"Italy","BA.1.21.1 (BA.1.21.1)",-0.147703571721155,-0.00931677018633541,0.0869565217391304,0.0041407867494824,0,20,0.240039679259592,0.0109108945117996,1.63061908481708,21,0,-4.81170447970363,0.05,1,0.285833333333333,0,0.154428516563958,11,1,-0.904761904761905,0.0952380952380953,0.141604822772246,1,0.198515243345873,0,0,1.570796326795,0.360041149911548
"Italy","BA.2 (BA.2)",-0.148280860845524,-0.00974025974025975,0.0909090909090909,0.00432900432900433,0,20,0.240039679259592,0.0109108945117996,1.63061908481708,21,0,-4.81170447970364,0.05,1,0.285833333333333,0,0.154428516563958,11,1,-0.904761904761905,0.0952380952380953,0.141604822772246,1,0.198515243345873,0,0,1.570796326795,0.360041149911548
"Italy","BA.2.3.15 (BA.2.3.15)",-0.00590056436907564,0.000938504657163172,0.08,0.0131104307396637,3,5,-0.281311518628249,-0.501497669627146,1.6485878547,2,0.073822942260845,3.48404236949924,0.9,3,0.03,0,0.14126839689641,2,0.5,0.523809523809524,-0.0952380952380952,0.114201904355611,3,2.08546843531737,0,0,1.570796326795,1.20161911852638
"Italy","BA.2.52 (BA.2.52)",0.125681660851548,0.000885542247787146,0.028125,0.00889225688650173,2,8,-0.64210638080799,-0.790625822435005,1.62687605119333,1,0.415425367116701,1.1613846468881,0.9,5,0.0075,4,0.149059464074127,3,1,0.523809523809524,-0.0476190476190477,0.151502913950906,4,2.1116308425056,0,0,1.37444678594563,1.22030426471046
"Italy","BA.2.9 (BA.2.9)",-0.149518642401561,-0.0107142857142857,0.1,0.00476190476190476,0,20,0.240039679259592,0.0109108945117997,1.63061908481708,21,0,-4.81170447970363,0.05,1,0.285833333333333,0,0.154428516563958,11,1,-0.904761904761905,0.0952380952380953,0.141604822772245,1,0.198515243345873,0,0,1.570796326795,0.360041149911548
"Italy","BA.4 (BA.4)",-0.239891359062048,-0.0109243697478992,0.235294117647059,0.0207282913165266,1,19,0.0426323926315468,-0.13642365642095,1.60030919066597,4,0.00602324573222269,-2.29629131609309,0.15,2,0.216666666666667,4,0.183301920548263,11,1,-0.666666666666667,0.142857142857143,0.13705965940057,2,0.518186213050213,0,0,1.37444678594563,0.897708577351333
"Italy","BA.4.1 (BA.4.1)",-0.0255212598824925,-0.00118567315824229,0.0113636363636364,0.00152254531787099,1,16,-0.118739180642468,-0.293437895722698,1.54526797918631,1,0.219384426689631,-2.1326968305057,0.45,2,0.0891666666666667,5,0.252020281626465,1,1,0.238095238095238,0,0.0678732662855737,2,0.997271523182384,0,0,1.96349540849375,0.944717070280289
"Italy","BA.5 (BA.5)",-0.476479205195337,-0.0136363636363636,0.1,0.0181818181818182,2,17,-0.21272375666118,-0.342721607954123,2.21441500058292,2,0.0247436007206338,-0.878756424941124,0.25,3,0.145833333333333,2,0.150831322692517,1,0.2,-0.714285714285714,0.238095238095238,0.427287276165519,2,0.826065186615344,0,0,0.589048622548125,0.661832376686174
"Italy","BA.5.1 (BA.5.1)",-0.671953207017107,0.000840336134453787,0.2,0.0325475644803376,1,15,-0.214950313815703,-0.386258709283634,3.64583976522484,15,0.560076650552895,-1.66722410353948,0.3,6,0.0833333333333333,0,0.0870747560733643,11,0.2,-0.619047619047619,0.333333333333333,0.529761240229358,2,0.746032664714785,0,0,0.39269908169875,0.885279706582202
"Italy","BA.5.2 (BA.5.2)",-0.692657413061794,-0.0284568372803667,0.235294117647059,0.040518025391975,1,15,-0.237170907668702,-0.401413030880817,4.18487685761661,1,0.587616026540502,-0.425459522826772,0.3,6,0.111111111111111,4,0.239724456207028,3,0.166666666666667,-0.714285714285714,0.333333333333333,0.595374258622042,3,0.746032664714785,0,0,0.39269908169875,0.43521932521037
"Italy","BC (BA.1.1.1)",0.110984511326618,-0.00156958930795649,0.0849802371541502,0.026008698358482,2,1,-0.735089961851069,-0.913461499673206,1.58447196615003,1,0.389312415695236,0.711987918132656,0.85,5,0.0191666666666667,4,0.104040118579995,2,1,0.238095238095238,-0.428571428571429,0.163991880702577,3,2.02532622077007,0,0,1.96349540849375,1.16693500994638
"Italy","BC1 (BA.1.1.11)",-0.129700196888535,-0.00232919254658385,0.0217391304347826,0.0010351966873706,0,20,0.240039679259592,0.0109108945117996,1.63061908481708,21,0,-4.81170447970363,0.05,1,0.285833333333333,0,0.154428516563958,11,1,-0.904761904761905,0.0952380952380953,0.141604822772246,1,0.198515243345873,0,0,1.570796326795,0.360041149911548
"Italy","BD (BA.1.17.2)",-0.222663178145496,0.00210736468500444,0.130434782608696,0.00734496697229616,1,19,0.198714856224935,-0.0287070769805918,1.59548093930097,3,0.00292548257137425,-0.0286173163774123,0.15,2,0.216666666666667,0,0.230347312001161,11,1,-0.714285714285714,0.142857142857143,0.118264352426291,2,0.518186213050213,0,0,1.570796326795,1.27548679258496
"Italy","BE.1",-0.239229827842498,-0.00714285714285715,0.1,0.00952380952380952,1,19,0.0158311896715326,-0.15039630187956,1.59766849045637,3,0.00602324573222269,-1.83725122240681,0.15,2,0.216666666666667,3,0.194725185717182,11,1,-0.714285714285714,0.142857142857143,0.169908265921832,2,0.518186213050213,0,0,1.570796326795,0.967005266724634
"Italy","BE.1.1",0.345540345207347,-0.00186576722739305,0.0628930817610063,0.0141684472773675,3,8,-0.466379458898988,-0.652516808825149,2.15642020549801,3,0.268965272643689,0.295481264840455,0.8,3,0.166666666666667,5,0.085192529227447,1,0.125,0.619047619047619,-0.238095238095238,0.328117177021304,3,2.1116308425056,0,0,0.981747704246875,0.923003597397572
"Italy","BE.1.1.1",-0.00698445159220771,-0.00148809523809524,0.0186915887850467,0.00175237556936362,1,18,0.0234602820585036,-0.164284845324864,1.61904888516597,8,0.0124126275149567,1.56107347174454,0.2,2,0.193333333333333,0,0.157048220392621,8,1,0.0476190476190477,0.0952380952380953,0.0906852647937565,2,0.639031859650177,0,0,1.570796326795,0.954213198122856
"Italy","BF (BA.5.2.1)",-0.394525286245641,-0.0373376623376623,0.272727272727273,0.0272727272727273,1,18,0,-0.184917627270577,2.07576969847735,2,0.00931486435410844,-2.4813060340137,0.2,2,0.133333333333333,0,0.140155327099695,1,0.5,-0.857142857142857,0.19047619047619,0.307460567003507,2,0.708346577706171,0,0,0.981747704246875,0.518107316349985
"Italy","BF.7",-0.0986820993384644,0.000594877016624059,0.0277777777777778,0.00497125596196669,2,11,-0.313219108562769,-0.511546378378481,1.49039982389264,1,0.199111274494985,-0.437579391965607,0.8,3,0.0258333333333333,4,0.0874029590487093,1,1,-0.0476190476190477,0.142857142857143,0.0384492595091242,2,1.78204715590517,0,0,2.15984494934313,1.3062234660176
"Italy","BG (BA.2.12.1)",0.194884545274073,-8.42954827590913e-05,0.0526315789473684,0.0140072086800731,2,5,-0.667386545134488,-0.868240865980627,1.73754643568176,1,0.224818324262868,0.100590405237731,1,3,0.04,4,0.132739281839351,3,0.25,0.666666666666667,-0.428571428571429,0.237688742147858,3,2.08546843531737,0,0,1.17809724509625,1.0011891583995
"Italy","BK (BA.5.1.10)",-0.41426081692865,0.00408708938120703,0.142857142857143,0.0186947506275237,1,17,-0.10570848039717,-0.276961451733675,2.33026893149304,4,0.153695543035411,1.08355781277354,0.25,4,0.111111111111111,4,0.0954806053102125,2,0.166666666666667,-0.523809523809524,0.238095238095238,0.347994746262474,2,0.826065186615344,0,0,0.7853981633975,1.08893791197083
"Italy","BN.1",0.100498106515691,-0.00114497406793522,0.0204081632653061,0.00596894253223402,3,11,-0.534874633982315,-0.673818856814729,1.54133125735342,1,0.344296930181044,0.897314139122098,0.65,4,0.0333333333333333,0,0.10840099085635,2,1,0.333333333333333,-0.142857142857143,0.0735925495214506,2,1.80329828780444,0,0,1.76714586764437,1.20617130506864
"Italy","BQ.1",0.211176375856186,-0.00014823133491835,0.05,0.011682657399821,2,7,-0.537835632299132,0.0657816116959813,1.56043970071486,1,0.325320561362049,2.11081758871733,0.8,4,0.00666666666666667,5,0.151740034386926,1,1,-0.0476190476190477,-0.238095238095238,0.047331730634605,3,2.12862074618514,0,0,1.37444678594563,1.35709399420403
"Italy","BQ.1.1",-0.186388083170353,-0.0029567382508559,0.0253623188405797,0.00296264276411289,1,17,-0.0564077384151155,-0.224160381895495,1.57765070292142,1,0.139618571304392,-1.69505046527177,0.3,2,0.143333333333333,4,0.201109852029094,3,1,-0.80952380952381,0.142857142857143,0.262122052940247,2,0.818808456222877,0,0,2.15984494934313,0.592049875029147
"Italy","BQ.1.1.18",0.168961506504168,-0.00149032626543871,0.015748031496063,0.00476345137918327,4,12,-0.51514926360728,-0.642359702708262,1.71451688078161,1,0.346563524967454,-0.384340397981135,0.65,4,0.0277777777777778,5,0.101268135583094,2,0.333333333333333,0.476190476190476,-0.19047619047619,0.259997973282406,2,1.73398356974845,0,0,1.17809724509625,1.12072367159563
"Italy","BQ.1.1.47",-0.20977116069882,-0.00170502983802217,0.0147058823529412,0.000872812893273251,1,19,0.183005143416165,-0.0421005041305439,1.62070612912502,1,0.206192050633232,-4.56267110251332,0.15,2,0.216666666666667,0,0.0991359799422633,11,1,-0.80952380952381,0.142857142857143,0.193073779788573,2,0.518186213050213,0,0,1.570796326795,0.446788788483915
"Italy","C (B.1.1.1)",0.0302840665106247,-0.00137527538487923,0.05,0.0165926947609825,2,10,-0.64756205603682,-0.787210789439237,1.73076722517393,2,0.487113789441321,0.256327139282895,0.75,5,0.03,2,0.215215350962743,2,0.5,0.428571428571429,0,0.0541764434935198,5,1.96036782943283,0,0,1.17809724509625,1.23117531077788
"Italy","C.18",-0.154150745569928,-0.0153061224489796,0.142857142857143,0.00680272108843537,0,20,0.240039679259592,0.0109108945117996,1.63061908481708,21,0,-4.81170447970364,0.05,1,0.285833333333333,0,0.154428516563958,11,1,-0.904761904761905,0.0952380952380953,0.141604822772246,1,0.198515243345873,0,0,1.570796326795,0.360041149911548
"Italy","C61 (B.1.1.161)",-0.292542971514729,-0.00387624807987712,0.133333333333333,0.0296925669909541,2,14,-0.330139969007337,-0.464677635794087,1.55870275510234,2,0.2640103074723,-1.29081930700865,0.55,3,0.0608333333333333,4,0.126453749280251,3,1,0,0.238095238095238,0.0161519629193062,3,1.25804814536419,0,0,1.570796326795,1.25054445693189
"Italy","CH.1",0.105446490976301,-0.00192685321551301,0.0206185567010309,0.00481722977567225,1,12,-0.400573596314937,-0.55044887807544,1.45759601792371,1,0.231236257554966,-0.212430321428032,0.7,4,0.0483333333333333,3,0.126615169787882,3,1,-0.0476190476190477,-0.19047619047619,0.0551355308640714,2,1.51831711390863,0,0,2.55254403104187,1.09468125218242
"Italy","EG.1",0.079585274740554,0.000265709469073277,0.214285714285714,0.0206880796954056,2,6,0.0162024793792399,-0.218233619734008,1.58091773124806,1,0.0124126275149567,1.06047429251704,0.9,2,0.00416666666666667,0,0.217338259669314,1,1,0.142857142857143,0.0476190476190477,0.130390729105159,3,2.15478315337337,0,0,1.76714586764437,1.27608643080835
"Italy","EG.5.1",0.183572006331343,-0.00669642857142857,0.25,0.01875,1,17,0.11180339887499,-0.111803398874989,1.61370928041607,1,0.0124126275149566,4.40225883070271,0.3,2,0.143333333333333,2,0.0675572959011204,1,1,0.619047619047619,-0.0476190476190477,0.168267250336647,2,0.818808456222877,0,0,1.570796326795,1.02325005160962
"Italy","EG.5.1.1",-0.124247861213831,-0.00153061224489796,0.0142857142857143,0.000680272108843537,0,20,0.240039679259592,0.0109108945117996,1.63061908481708,21,0,-4.81170447970363,0.05,1,0.285833333333333,0,0.154428516563958,11,1,-0.904761904761905,0.0952380952380953,0.141604822772246,1,0.198515243345873,0,0,1.570796326795,0.360041149911548
"Italy","EG.5.1.3",0.0320639570161687,-0.0178571428571429,0.166666666666667,0.0109017966160823,1,18,0.155955097181557,-0.0694837762783184,1.61419212108415,1,0.0060232457322229,-4.58296360117669,0.25,2,0.160833333333333,0,0.0710281327555551,1,1,-0.0476190476190477,0,0.14434675841044,2,0.730588061371122,0,0,1.570796326795,0.47048392398584
"Italy","FL (XBB.1.9.1)",0.0514812845547853,-0.00315126050420168,0.0294117647058824,0.00269133294343378,1,18,0.0339775339477812,-0.166015486712003,1.58847934093436,1,0.0124126275149566,-3.19966500336019,0.25,2,0.160833333333333,0,0.112603014347949,1,1,0.619047619047619,0,0.149287957185523,2,0.730588061371122,0,0,1.96349540849375,0.682902845167479
"Italy","FL.1",-0.0814042460191142,-0.00227828233951215,0.0253164556962025,0.00622949502840412,1,12,-0.429735103427893,-0.57683911385742,1.6514101716172,3,0.303635208909362,0.868087193950722,0.55,4,0.106666666666667,0,0.141410168491962,3,0.5,-0.142857142857143,0.19047619047619,0.0227352576384545,2,1.66958012698141,0,0,1.37444678594563,1.26658753276844
"Italy","HK.3",-0.135691476981263,-0.00369458128078818,0.0344827586206897,0.00164203612479475,0,20,0.240039679259592,0.0109108945117997,1.63061908481708,21,0,-4.81170447970363,0.05,1,0.285833333333333,0,0.154428516563958,11,1,-0.904761904761905,0.0952380952380953,0.141604822772246,1,0.198515243345873,0,0,1.570796326795,0.360041149911548
"Italy","HV.1",0.0770668601468223,-0.00428571428571429,0.0666666666666667,0.0133964068725506,2,14,-0.306903761326831,-0.458917435920341,1.81206376284579,2,0.329373146523611,-1.45181189300608,0.5,3,0.0666666666666667,2,0.0975539017741533,1,0.25,0.142857142857143,-0.142857142857143,0.267441906341373,2,1.22060726455302,0,0,1.17809724509625,1.04372708407119
"Italy","JG.3",0.0331254495513455,-0.0002996621989757,0.0645161290322581,0.00898051630217683,1,14,-0.142448730123867,-0.324152797131029,1.56130570230812,1,0.242552545576228,-0.831359604988497,0.5,2,0.0733333333333334,3,0.142370118067483,1,1,0,0,0.0915306201109667,2,1.22060726455302,0,0,1.76714586764437,1.28052918588575
"Italy","JN.1",-0.121129392003531,-0.00120385232744783,0.0112359550561798,0.000535045478865704,0,20,0.240039679259592,0.0109108945117996,1.63061908481708,21,0,-4.81170447970364,0.05,1,0.285833333333333,0,0.154428516563958,11,1,-0.904761904761905,0.0952380952380953,0.141604822772246,1,0.198515243345873,0,0,1.570796326795,0.360041149911548
"Italy","P.1.1",0.0998532834306699,-0.00351648351648352,0.0571428571428571,0.010468523204313,2,10,-0.32517724675518,-0.520598247456305,1.54073311223009,1,0.106218530075717,-1.17762210794654,0.7,2,0.0266666666666667,5,0.156872171539967,1,1,0.142857142857143,-0.19047619047619,0.106048748351103,2,1.87752428114939,0,0,1.96349540849375,1.15369435971761
"Italy","Q (B.1.1.7)",-0.146780345336181,-0.0075731420387704,0.105263157894737,0.0139754737314309,2,14,-0.133258248526518,-0.33660040176325,1.55089875908872,1,0.0732899203500335,-3.51949133390621,0.6,3,0.0608333333333333,4,0.128442061914001,3,1,-0.142857142857143,0.19047619047619,0.0739585361985962,2,1.22406833800511,0,0,1.76714586764437,0.837213754400186
"Italy","Q.2",-0.398690819487314,-0.00129206091213405,0.0434782608695652,0.00619854715242769,2,16,-0.148821958349367,-0.323632740183366,1.92562520932339,3,0.234473591114119,-2.30097352340685,0.35,3,0.0966666666666667,4,0.0722761727794818,1,0.5,-0.619047619047619,0.285714285714286,0.26866070916995,2,1.02509391179179,0,0,1.17809724509625,0.879163874735966
"Italy","QB.1.177.75 (B.1.177.75)",0.102096635138247,-0.00430128948130976,0.333333333333333,0.0434979906278081,1,13,-0.128790049431977,-0.339963014902547,1.5530502739707,1,0.0883344209393592,0.04616432985968,0.55,4,0.0541666666666667,4,0.20182441597701,1,1,0.452380952380952,-0.0476190476190477,0.181146025408296,2,1.4956157801725,0,0,1.76714586764437,1.16912698064081
"Italy","QB.1.177.83 (B.1.177.83)",-0.0351159658659425,-0.0119047619047619,0.222222222222222,0.0594254873666638,2,10,-0.534631891144548,-0.694304821006675,1.65781962206829,2,0.319660722869083,1.30484314103657,0.75,3,0.04,5,0.142809104659833,2,0.5,0.333333333333333,0.0476190476190477,0.0422896550401769,4,1.98653023662105,0,0,1.37444678594563,1.25774181461747
"Italy","XBB",0.0238852255258521,-0.00197897340754484,0.0306748466257669,0.00544673070118488,2,14,-0.252488434249694,-0.415251004192231,1.52897547152936,1,0.240956434873885,-1.52409454836292,0.6,3,0.0608333333333333,0,0.134783009486188,1,1,-0.238095238095238,0,0.0631479462631739,2,1.22406833800511,0,0,1.76714586764437,1.09626198084987
"Italy","XBB.1",0.216571644410699,-0.000652794710242849,0.028169014084507,0.00752340666913581,2,10,-0.549141667430613,-0.713475695626206,1.59063458999155,1,0.26585640968082,-1.35223857164167,0.75,4,0.0141666666666667,5,0.166715985779853,1,1,0.428571428571429,-0.19047619047619,0.12026031607611,3,2.01269264380928,0,0,1.96349540849375,0.993910786732452
"Italy","XBB.1.16",-0.113348372199359,-0.00170068027210884,0.0158730158730159,0.00135863065338653,1,19,0.0529208985145835,-0.130752261811136,1.60144782078413,9,0.0060232457322229,-2.47854659199666,0.15,2,0.216666666666667,0,0.178114151310253,9,1,-0.380952380952381,0.0476190476190477,0.0766287292875259,2,0.518186213050213,0,0,1.76714586764437,0.86970142454043
"Italy","XBB.1.33",-0.139945583390238,-0.00684808662919261,0.0952380952380952,0.0139971588158443,2,11,-0.185779105011964,-0.383541977317533,1.75619665977692,4,0.073822942260845,-1.91272131561075,0.75,3,0.0166666666666667,0,0.111030547033277,1,0.5,-0.0476190476190477,0.142857142857143,0.173402833284201,3,1.96036782943283,0,0,1.17809724509625,0.955232963079869
"Italy","XBB.1.5",-0.122035752554849,-0.00129087779690189,0.0120481927710843,0.00057372346528973,0,20,0.240039679259591,0.0109108945117996,1.63061908481708,21,0,-4.81170447970362,0.05,1,0.285833333333333,0,0.154428516563958,11,1,-0.904761904761905,0.0952380952380953,0.141604822772245,1,0.198515243345873,0,0,1.570796326795,0.360041149911548
"Italy","XBF",0.0532685661566522,-0.000863678804855276,0.0117647058823529,0.00189501907794011,1,15,-0.212659805220324,-0.386752444566303,1.54170719610829,1,0.194225891776616,-2.10687772928183,0.45,2,0.0733333333333333,5,0.151038548314368,1,1,0.142857142857143,-0.0476190476190477,0.0457678778949424,2,1.16482137672446,0,0,1.76714586764437,1.01607037189798
"Japan","AV (B.1.1.482)",-0.191381410459623,-0.00219398259022868,0.0740740740740741,0.0149458763544999,2,9,-0.410167524649539,-0.611685762748721,1.49555478661011,1,0.20397523998664,-0.314879811280464,0.9,3,0.00916666666666667,5,0.110669833116197,1,1,0.142857142857143,0.333333333333333,0.125885434584911,3,2.06847853163783,0,0,1.96349540849375,1.13636934426658
"Japan","AY.29",0.216758115815287,0.00122326642200249,0.168224299065421,0.0493437227291383,3,1,-0.772367342049544,-0.972130241153955,4.55026484476274,10,0.489130392721553,0.319002117359464,0.95,8,0.166666666666667,4,0.0844450684340795,1,0.125,0.761904761904762,-0.523809523809524,0.632519823710844,4,1.84790080050907,0,0,0.196349540849375,0.74330085330783
"Japan","AY.29.1",0.0373064204735691,0.00322711382686553,0.0613718411552347,0.035170079521767,3,0,0.282919707606578,0.482001051117952,2.05920735818813,4,0.533121430954971,0.348720469876931,1,6,0.04,0,0.0943749336317071,3,0.25,0.714285714285714,-0.523809523809524,0.333564667721395,3,2.08546843531737,0,0,0.7853981633975,0.940202714540304
"Japan","AY.29.2",0.016365330026593,0.00113242954481284,0.0441988950276243,0.01447984278366,3,1,-0.86214111158972,-0.672748162009572,1.66433541255591,1,0.410997768147923,0.352494575184729,1,3,0.0277777777777778,4,0.120528116798072,2,0.333333333333333,0.714285714285714,-0.142857142857143,0.216471963754,4,2.15478315337337,0,0,1.37444678594563,1.10189008846365
"Japan","B.1",-0.122199180132437,-0.00627077560770974,0.333333333333333,0.140402279715916,2,0,-0.953546071940566,-0.953546071940566,5.62552338500017,11,0.527009295633275,-0.194870947115271,1,7,0.166666666666667,2,0.165138664106117,1,0.125,-0.571428571428571,0.666666666666667,0.71997513651918,4,1.38314875124874,0,0,0.196349540849375,0.42636229036354
"Japan","B.1.1.214",-0.0451883472318938,-0.0178571428571429,0.2,0.0174603174603175,1,19,0.0458454604049002,-0.134671039939394,1.59529349414557,3,0.00602324573222269,-1.36165463621774,0.15,2,0.216666666666667,0,0.169845509041555,3,1,-0.0952380952380952,0.0476190476190477,0.120957430605095,2,0.518186213050213,0,0,1.570796326795,1.03835794097351
"Japan","B.1.1.48",0.0729796470481471,-0.00445534589824286,0.257575757575758,0.091129600604996,2,0,-0.835523066815849,-1.03820412619405,1.98008152169487,1,0.466176623806319,1.80817116039132,0.9,4,0.04,0,0.104871651044353,3,0.25,0.714285714285714,-0.428571428571429,0.298661139570341,6,1.90022561488552,0,0,0.7853981633975,1.03559085098896
"Japan","B.6",-0.415076002589614,-0.0156307357972483,0.173913043478261,0.0133537757447173,1,15,0.10542781410655,-0.121632769494181,1.72065833558527,7,0,-2.38950390658866,0.45,3,0.106666666666667,4,0.187611736621379,5,0.25,-0.80952380952381,0.285714285714286,0.224397224155505,3,1.1655244399347,0,0,1.37444678594563,0.395814126912896
"Japan","BA.1 (BA.1)",0.156146196811342,-0.00178450933840046,0.13953488372093,0.0595485178673247,3,2,-0.49121406086978,-0.297463234166997,1.70503955624603,1,0.476516150730433,0.6963160385814,1,5,0.0555555555555556,0,0.120892784942575,2,0.333333333333333,-0.19047619047619,-0.428571428571429,0.0903508261206152,3,2.15478315337337,0,0,1.17809724509625,1.16838956044944
"Japan","BA.1.1 (BA.1.1)",0.29030105581641,-0.0280708874458874,0.333333333333333,0.0649969317777079,5,4,-0.450862412567239,-0.213543411822953,1.63503419229888,2,0.0301316796734241,-3.22145835048462,0.9,3,0.0133333333333333,5,0.219277053692287,3,0.5,-0.19047619047619,-0.333333333333333,0.127790581877769,3,1.88759203792474,0,0,1.76714586764437,0.633090598398905
"Japan","BA.1.1.2 (BA.1.1.2)",-0.121129392003531,-0.00120385232744783,0.0112359550561798,0.000535045478865704,0,20,0.240039679259592,0.0109108945117996,1.63061908481708,21,0,-4.81170447970364,0.05,1,0.285833333333333,0,0.154428516563958,11,1,-0.904761904761905,0.0952380952380953,0.141604822772246,1,0.198515243345873,0,0,1.570796326795,0.360041149911548
"Japan","BA.1.15 (BA.1.15)",0.305060065190664,0.0112796469939327,0.162162162162162,0.0543086019864676,2,3,-0.893525920139268,-0.893525920139268,1.79135000967794,5,0.527009295633275,0.00522791167386452,1,6,0.04,3,0.104082451653362,3,0.25,-0.0476190476190477,-0.523809523809524,0.21774162782542,3,2.15478315337337,0,0,0.7853981633975,1.11331431835096
"Japan","BA.2 (BA.2)",0.250850139045384,-0.0010074026113742,0.0238095238095238,0.0048082403414991,2,4,-0.440141475040056,-0.656011184358861,1.58821675719881,2,0.108900878136291,-2.62900313703599,0.95,3,0.0116666666666667,3,0.18427082211172,5,1,-0.0952380952380952,-0.238095238095238,0.129011099401707,3,2.09464093882606,0,0,1.76714586764437,1.12828459878242
"Japan","BA.2.10 (BA.2.10)",-0.0431906594681048,-0.0013907486730802,0.0255102040816327,0.00901888912404284,3,0,-0.0641868903405138,-0.58931769659809,1.52296776101849,1,0.221275192733314,-3.07493201007641,1,4,0.0191666666666667,0,0.131092404564584,1,1,-0.142857142857143,0.428571428571429,0.0749952737609888,3,1.97300140639361,0,0,1.76714586764437,0.988667756420521
"Japan","BA.2.24 (BA.2.24)",0.161716583569844,-0.000475848364390366,0.0514950166112957,0.022032323847457,3,2,-0.442680700083692,-0.269560429956579,2.57235518340161,3,0.372370678418517,0.0954492405847407,1,4,0.166666666666667,0,0.0881871563893622,2,0.125,0.761904761904762,-0.523809523809524,0.436513063291519,2,2.01615371726138,0,0,0.589048622548125,0.869942814567851
"Japan","BA.2.29 (BA.2.29)",0.0736447536941584,0.000574092164886734,0.0465444287729196,0.0157941872867512,1,0,-0.836467233085344,-0.302634768714387,1.7707257329678,3,0.235415962973757,1.9926142068144,0.95,4,0.111111111111111,0,0.101570389189213,2,0.166666666666667,0.571428571428571,-0.476190476190476,0.281444036208578,4,2.08546843531737,0,0,1.17809724509625,1.05057982103918
"Japan","BA.2.3 (BA.2.3)",0.0278153058426303,-0.000958032908776721,0.0184331797235023,0.00750958873666123,3,1,-0.421791565119119,-0.618165150001497,1.71269038070715,2,0.37685618180771,-0.7459619359625,1,4,0.0133333333333333,2,0.0970714662628745,4,0.5,-0.571428571428571,0.380952380952381,0.200217582810961,3,2.08546843531737,0,0,1.570796326795,0.776874226322864
"Japan","BA.2.3.1 (BA.2.3.1)",0.0692180817990461,0.000137023438773517,0.0482269503546099,0.0202194866968634,3,0,-0.362127154880045,-0.574004873151316,1.94824200983347,6,0.330590428507286,0.706802604505631,1,4,0.0625,4,0.23999669455038,5,0.2,0.80952380952381,-0.523809523809524,0.270669133234078,3,1.84790080050907,0,0,0.7853981633975,0.970531781856877
"Japan","BA.2.3.13 (BA.2.3.13)",0.165426906356845,0.0027279063413399,0.0465116279069767,0.0176985141656604,2,1,-0.306188143542611,-0.496324470860345,1.91730160747756,2,0.434735900819202,0.415303241129093,0.95,6,0.111111111111111,0,0.10667772543662,1,0.166666666666667,0.619047619047619,-0.333333333333333,0.330125396136552,3,2.06847853163783,0,0,1.17809724509625,0.973688650382042
"Japan","BA.5 (BA.5)",0.180863057506658,-0.00205256058776263,0.0182370820668693,0.0047970125941807,3,7,-0.543961802833314,-0.710784212291957,1.88231904978238,6,0.415143084329205,-0.956284088771905,0.85,3,0.0740740740740741,0,0.0309849720861445,2,0.166666666666667,0.619047619047619,-0.238095238095238,0.325199658182159,3,2.01615371726138,0,0,0.981747704246875,0.754465766783224
"Japan","BA.5.1 (BA.5.1)",0.136183174776045,-0.00228138834961925,0.0242424242424242,0.00770638503573072,4,3,-0.747647872942132,-0.747647872942132,2.52156176016884,3,0.434987990281571,-0.119758833501474,1,4,0.166666666666667,3,0.105453402696854,2,0.142857142857143,0.619047619047619,-0.142857142857143,0.496416886722156,3,1.90368668833762,0,0,0.39269908169875,0.952852710713906
"Japan","BA.5.2 (BA.5.2)",-0.127379641184667,-0.00194805194805195,0.0181818181818182,0.000865800865800866,0,20,0.240039679259592,0.0109108945117996,1.63061908481708,21,0,-4.81170447970364,0.05,1,0.285833333333333,0,0.154428516563958,11,1,-0.904761904761905,0.0952380952380953,0.141604822772246,1,0.198515243345873,0,0,1.570796326795,0.360041149911548
"Japan","BC.1",-0.125077724446819,-0.00163161711385062,0.0152284263959391,0.000725163161711385,0,20,0.240039679259592,0.0109108945117996,1.63061908481708,21,0,-4.81170447970363,0.05,1,0.285833333333333,0,0.154428516563958,11,1,-0.904761904761905,0.0952380952380953,0.141604822772245,1,0.198515243345873,0,0,1.570796326795,0.360041149911548
"Japan","BE.1.1",0.0496621679541002,3.90440205457565e-05,0.0404463040446304,0.0174892848926316,3,0,-0.664872684413985,-0.857216210082582,2.27761638515813,2,0.279054808061625,0.895011648395771,0.95,3,0.166666666666667,0,0.210652649298584,1,0.111111111111111,0.904761904761905,-0.523809523809524,0.350647297892288,4,1.87752428114939,0,0,0.7853981633975,0.866514971408527
"Japan","BF (BA.5.2.1)",0.100990523049075,-6.36277866402323e-05,0.0580912863070539,0.0212981050283334,4,0,-0.837696952086379,-0.666731105077104,3.12715499720585,3,0.509225290180097,1.07945199335716,0.9,8,0.166666666666667,0,0.0805637737659921,2,0.111111111111111,0.857142857142857,-0.428571428571429,0.487146189034633,4,1.84443972705697,0,0,0.39269908169875,0.848592113807005
"Japan","BF.11",0.00345170764474536,-0.000670912052998703,0.0268817204301075,0.00665902165155318,3,0,-0.290992211845739,-0.526348872041021,1.63457000128195,4,0.073822942260845,-0.482715102706902,0.85,3,0.0533333333333333,4,0.313022334559321,4,0.5,-0.523809523809524,-0.19047619047619,0.0716201430978536,5,2.10245833899691,0,0,1.37444678594563,1.25486949465604
"Japan","BF.21",0.0190841403509018,0.00147402592228379,0.0356524749048114,0.0266537414298202,3,0,0.16913403568755,-0.0401984575655976,2.15440183280468,2,0.382025945269767,1.47440312760627,1,7,0.0625,3,0.0836497195342029,1,0.2,0.142857142857143,-0.714285714285714,0.404336243575064,3,1.96036782943283,0,0,0.7853981633975,0.909131634036357
"Japan","BF.5",-0.123972527346861,-0.0014985014985015,0.013986013986014,0.000666000666000666,0,20,0.240039679259592,0.0109108945117996,1.63061908481708,21,0,-4.81170447970363,0.05,1,0.285833333333333,0,0.154428516563958,11,1,-0.904761904761905,0.0952380952380953,0.141604822772246,1,0.198515243345873,0,0,1.570796326795,0.360041149911548
"Japan","BF.7",0.143195315372813,-0.000483904084799966,0.0245901639344262,0.00924507409948838,2,1,-0.331995278140277,-0.331995278140277,1.88070545909337,2,0.317191822760122,0.861287171779112,1,5,0.04,5,0.118571074324697,1,0.25,0.619047619047619,-0.523809523809524,0.292110776347594,4,2.06847853163783,0,0,0.981747704246875,0.840995834018171
"Japan","BF.7.15",0.0317327459354373,-0.000651875364754082,0.0142118863049096,0.00689807713810632,3,0,-0.262845302051236,-0.262845302051236,1.7082531446663,3,0.408622949397737,-1.22048131202361,1,3,0.0133333333333333,3,0.108643414102456,5,0.5,0.285714285714286,-0.333333333333333,0.156063875359028,3,2.06847853163783,0,0,1.37444678594563,1.12614193708325
"Japan","BF.7.4.1",0.0374671420744505,0.00012242351092358,0.0186567164179104,0.00680596585611267,2,2,-0.924429398588706,-0.749876868014197,1.72132383809864,3,0.321777429832495,-0.213169967126007,0.9,4,0.0185185185185185,5,0.0913366908681125,1,0.333333333333333,0.476190476190476,-0.238095238095238,0.102388614248,3,2.15478315337337,0,0,1.17809724509625,1.25556807493549
"Japan","BF2 (BA.5.2.12)",0.0354589570016782,0.00145536473335787,0.0341058154787932,0.0225804667979014,4,0,0.462890930475288,0.652848088310169,2.58438047728241,6,0.519728847532212,0.194357852831482,1,7,0.0625,0,0.113008475343735,4,0.2,0.666666666666667,-0.666666666666667,0.328728499811651,4,2.06847853163783,0,0,0.589048622548125,0.94731272386657
"Japan","BG (BA.2.12.1)",0.0909954966335801,-0.000826287644208465,0.0302013422818792,0.00921094600217864,4,0,-0.573616152070284,-0.733732826089041,1.73052926045191,1,0.368933137493005,-0.32873094860925,1,4,0.0625,3,0.0752979088736559,4,0.2,0.714285714285714,-0.238095238095238,0.300589983311449,3,2.12862074618514,0,0,1.37444678594563,1.04799352737118
"Japan","BN.1.2",0.0316660255092318,0.00147705539759661,0.0282485875706215,0.0143346820740538,3,0,-0.48095319333812,-0.274435945885588,1.75029221901492,4,0.5176121405688,1.38859830937671,0.95,6,0.0277777777777778,4,0.124321652065892,1,0.333333333333333,0.333333333333333,-0.523809523809524,0.118759082965402,4,2.1116308425056,0,0,1.17809724509625,1.18103839252401
"Japan","BN.1.3",0.0280722260535681,-0.000673953875454964,0.0113154172560113,0.00640285126472094,2,0,-0.0674286650182189,0.121238928108517,1.720144599112,2,0.553964515231199,0.508362168469585,1,4,0.0625,3,0.121583639962077,1,0.2,0.0952380952380953,-0.380952380952381,0.208761447724232,4,2.1116308425056,0,0,1.570796326795,1.06070822355211
"Japan","BQ.1",-0.00792568468400765,-0.0014456568612955,0.0195681511470985,0.00818194358153798,3,2,-0.0676422667982573,-0.0676422667982572,1.85985748926037,2,0.632097139804829,0.0193659470014987,0.95,3,0.04,4,0.106730582544099,1,0.25,0.714285714285714,0,0.312180273401053,3,1.97300140639361,0,0,0.981747704246875,1.03896647047796
"Japan","BQ.1.1",0.106245841509315,-0.00136173866136457,0.0123076923076923,0.00474774541022962,3,3,-0.604462965569232,-0.116348086300729,2.06179269088824,4,0.446765986420639,-0.284920565207677,0.95,5,0.0185185185185185,0,0.0497722085230134,1,0.333333333333333,0.333333333333333,-0.380952380952381,0.199463331369716,5,1.90022561488552,0,0,0.981747704246875,0.99707524234745
"Japan","CP (BA.5.2.6)",-0.00446233087433633,0.00125311372497007,0.0210772833723653,0.00735524198029276,2,0,-0.756736972195566,-0.546832610414062,1.6505220917188,2,0.229988087724925,0.234646462610582,1,4,0.0233333333333333,4,0.163260624795799,2,0.5,-0.333333333333333,0,0.0199265031242962,3,1.91721551856506,0,0,1.37444678594563,1.2264121626234
"Japan","ED.1",0.0250935033791094,3.10062238264651e-05,0.0269192422731805,0.0148488077142158,2,0,0.0160219390027175,0.209945359666184,1.64036122758228,2,0.405337929654957,1.40488109698887,1,5,0.0333333333333333,4,0.15313864145329,4,0.5,0.380952380952381,-0.428571428571429,0.237399404035437,3,2.1116308425056,0,0,1.76714586764437,1.10743138441883
"Japan","EG.5.1",-0.261854453877378,-0.000780313492694927,0.0175438596491228,0.00393420545815761,3,12,-0.370130689497772,-0.519076987310586,1.6804291479986,1,0.354543726085437,-0.229344639121046,0.6,4,0.0277777777777778,3,0.176319571059073,3,0.333333333333333,-0.142857142857143,0.380952380952381,0.158900741424678,2,1.76505725222563,0,0,1.570796326795,1.11268653228621
"Japan","EG.5.1.1",0.0870875555687109,-0.00124584717607973,0.0606060606060606,0.00536569641778402,1,16,0.0494204790746279,-0.166088154379785,1.59401112031889,1,0.212581432415966,0.919679890136875,0.4,2,0.0991666666666667,5,0.192268539966682,2,1,0.238095238095238,-0.0952380952380952,0.158478193588578,3,1.062737568157,0,0,1.96349540849375,1.22741784505373
"Japan","GK.1.1",0.334266282534194,-0.0018781887755102,0.0465116279069767,0.0117621662610724,2,7,-0.556127746051034,-0.738003671866804,1.87732954292268,1,0.324478293185591,0.0779614054526064,0.85,5,0.111111111111111,4,0.223440971498373,3,0.166666666666667,0.857142857142857,-0.333333333333333,0.379013907256208,2,2.10245833899691,0,0,0.7853981633975,0.783146943771802
"Japan","HK.3",0.142957817921708,-0.00227983146925745,0.0757575757575758,0.0170357797795636,2,1,-0.593265114058907,0.119381101579394,1.64982011901224,2,0.159242037259944,0.199737188058024,1,3,0.0133333333333333,2,0.125613398140888,1,0.5,0.142857142857143,-0.523809523809524,0.230260010018551,4,2.1116308425056,0,0,1.76714586764437,1.08139713737625
"Japan","JN.1",0.0169971512555202,-0.000721868410830212,0.0240963855421687,0.00484120503099086,2,9,-0.397241139634427,-0.59407054457303,2.20063600387782,4,0.242418052655539,0.667738235087422,0.75,6,0.0740740740740741,0,0.128922799064732,1,0.333333333333333,0.380952380952381,0.0476190476190477,0.247091704316565,5,2.02968254748882,0,0,0.7853981633975,1.203918058248
"Japan","P3 (B.1.1.283)",-0.300244542031169,-0.00629928681446624,0.0638297872340425,0.0169697796789784,3,5,-0.602713669701598,-0.7844072968017,2.66078520305639,5,0.395330469658157,-0.365757377232429,0.75,4,0.166666666666667,3,0.116481082710955,1,0.125,-0.761904761904762,0.619047619047619,0.374601472865473,6,2.1116308425056,0,0,0.589048622548125,0.772724911013307
"Japan","P5 (B.1.1.285)",0.05180212661479,0.0142022698281571,0.136986301369863,0.0401738779685354,2,1,-0.80566662099862,-0.597235539918729,1.77544744115429,3,0.388628155622372,0.803462991542313,1,5,0.01,4,0.106831334258549,1,0.5,-0.19047619047619,0.333333333333333,0.194235886325418,4,2.12862074618514,0,0,1.17809724509625,1.25528868541782
"Japan","Q (B.1.1.7)",-0.154833190189414,-0.00206043956043956,0.0294117647058824,0.00231631113984055,1,19,0.0834191358366844,-0.112903485572064,1.59326796251815,7,0.0060232457322229,-0.846053340682217,0.15,2,0.216666666666667,0,0.185261989038616,11,1,-0.523809523809524,0.142857142857143,0.0629395159537606,2,0.518186213050213,0,0,1.570796326795,1.11797314490315
"Japan","R.1",-0.34056664913564,-0.00198208469419665,0.0177514792899408,0.00294035727507833,2,13,-0.249608145480213,-0.439741954481269,1.75484388395767,4,0.226281292383576,-1.4023523373242,0.55,3,0.0277777777777778,0,0.214010641641059,1,0.333333333333333,-0.476190476190476,0.333333333333333,0.153868399657753,2,1.4956157801725,0,0,1.17809724509625,0.942040010848497
"Japan","XBB.1",-0.0390630854887573,-0.00119792040971072,0.0161943319838057,0.00399411165471689,3,3,-0.632248992475648,-0.847832918233199,1.54710885118861,1,0.230340280870475,-2.09534721830893,1,2,0.0141666666666667,3,0.1030549705325,3,1,-0.333333333333333,0.142857142857143,0.181920893050155,4,2.01615371726138,0,0,1.96349540849375,0.932027889488498
"Japan","XBB.1.16",0.25234093649472,-0.00155489898188232,0.0611510791366906,0.0189694295593091,1,4,-0.661323822215155,-0.818627593281808,3.66958000103434,1,0.592785790002559,0.231094630236134,0.95,4,0.166666666666667,3,0.109166269338074,2,0.142857142857143,0.714285714285714,-0.238095238095238,0.554893053958167,3,1.96954033294152,0,0,0.39269908169875,0.805783235873662
"Japan","XBB.1.5",0.0674149723589139,7.36038728672173e-05,0.0568181818181818,0.0133846093396925,3,0,-0.384689024878797,-0.611053337241807,1.87584753062448,2,0.274023789793505,1.12827690432288,0.95,2,0.05,4,0.107791639574428,1,0.5,0.666666666666667,-0.333333333333333,0.239974805760082,3,2.01615371726138,0,0,1.17809724509625,1.02346051503506
"South Korea","AY (B.1.617.2)",0.00307880675534517,-0.00821326329504656,0.205882352941176,0.0418397533219197,2,5,-0.377420805030327,-0.560241352924697,1.64944506628824,1,0.182824626400024,0.417950998363223,1,4,0.0462962962962963,5,0.126906272777463,3,0.333333333333333,-0.0476190476190477,0.0476190476190477,0.16371720329156,4,2.09464093882606,0,0,1.37444678594563,0.970245058250566
"South Korea","AY.122",0.139302117316338,-0.00148809523809524,0.1,0.00637566137566138,1,18,0.16424060628585,-0.062339500196089,1.7313814697635,18,0,2.25815755649385,0.15,1,0.193333333333333,0,0.194282460782025,1,0.5,0.904761904761905,0,0.174778611480305,1,0.587500931106207,0,0,1.37444678594563,1.08943324229184
"South Korea","AY.122.5",0.00655005915951693,0.000810174528153743,0.0588235294117647,0.018098240465757,3,8,-0.648051001233003,-0.804079971926486,1.72999871719679,3,0.415425367116701,1.00599945552737,0.8,4,0.03,0,0.0904866783762304,4,0.5,0.142857142857143,-0.0952380952380952,0.0041504011634806,3,2.06847853163783,0,0,0.981747704246875,1.42629065635265
"South Korea","AY.69",-0.0818517808976232,-0.00281954887218045,0.0263157894736842,0.00202118198722613,1,19,0.0927146647683839,-0.107143768225715,1.60645629403576,6,0.0060232457322229,-3.193209592474,0.15,2,0.216666666666667,0,0.122513775095898,6,1,-0.238095238095238,0.0476190476190477,0.120652251882657,2,0.518186213050213,0,0,1.76714586764437,0.754561411715776
"South Korea","B.1",0.0795454946768017,-0.00784850230414747,0.0625,0.0118199081396131,1,13,-0.31601373202784,-0.493313408761037,1.51793444286184,1,0.180079099211767,-1.98948724765995,0.65,3,0.0541666666666667,0,0.145521376567909,2,1,-0.0476190476190477,0.0476190476190477,0.128904767953345,3,1.37477640250769,0,0,2.15984494934313,0.92731804754134
"South Korea","B.1.429",-0.194448907525021,-0.00482984757178305,0.125,0.0204885473570805,2,13,-0.23204294049426,-0.41358638178133,1.83731580952275,2,0.201331533436822,1.15088987992766,0.6,3,0.0233333333333333,4,0.1291353429942,3,0.5,-0.238095238095238,0.238095238095238,0.181337951918044,3,1.52748961741732,0,0,1.17809724509625,1.27046471976319
"South Korea","B.1.466",-0.341016248421585,-0.00419071076706545,0.0476190476190476,0.00669349260482265,2,17,-0.130300724716674,-0.29091460613629,1.64718539405166,1,0.153695543035411,-2.31123323738239,0.3,3,0.0740740740740741,4,0.103126193090289,3,0.333333333333333,-0.571428571428571,0.238095238095238,0.204998540632854,2,0.914285581467099,0,0,1.17809724509625,0.926541470281843
"South Korea","B.1.619.1",-0.138701809633385,-0.0046583850931677,0.0434782608695652,0.0020703933747412,0,20,0.240039679259592,0.0109108945117996,1.63061908481708,21,0,-4.81170447970363,0.05,1,0.285833333333333,0,0.154428516563958,11,1,-0.904761904761905,0.0952380952380953,0.141604822772246,1,0.198515243345873,0,0,1.570796326795,0.360041149911548
"South Korea","B.1.620",0.375566674207986,-0.00140765765765766,0.0545454545454545,0.010892666306079,2,13,-0.334117288740251,-0.501680495621656,1.89086063096673,2,0.412052736658858,-0.33973496278752,0.45,5,0.0625,3,0.168532855513802,1,0.2,0.523809523809524,-0.142857142857143,0.357579927729135,3,1.37346859410268,0,0,1.17809724509625,0.994777621903951
"South Korea","BA.1 (BA.1)",-0.471072877481984,-0.00673318851714635,0.1,0.0238955025489323,2,6,-0.522957605709645,-0.711132737867722,3.54267703098991,1,0.297881289057622,-0.365945941106173,0.85,6,0.166666666666667,4,0.0523333323798582,2,0.125,-0.714285714285714,0.428571428571429,0.482703572055745,3,1.98999131007315,0,0,0.39269908169875,0.876220886152744
"South Korea","BA.1.1 (BA.1.1)",0.289045038300627,-0.00108258835820541,0.14792899408284,0.0290141100730547,2,4,-0.4074927251927,-0.619429635329189,1.89188627295172,1,0.544359032519767,1.27229134071379,0.95,6,0.0416666666666667,3,0.192225542711965,2,0.2,0.666666666666667,-0.380952380952381,0.393947895385707,4,1.96954033294152,0,0,0.589048622548125,1.06352445467245
"South Korea","BA.1.1.5 (BA.1.1.5)",0.224693882447789,-0.000168072306762467,0.058252427184466,0.0134171644119563,2,9,-0.430326651669941,-0.595420372034367,3.08792346871282,6,0.527009295633275,1.48893710131279,0.7,6,0.0666666666666667,5,0.0722590655228678,2,0.25,0.523809523809524,-0.0952380952380952,0.409016256598859,4,1.97300140639361,0,0,0.589048622548125,1.04461813321258
"South Korea","BA.2 (BA.2)",-0.522440918497845,-0.0121877197358483,0.111111111111111,0.0136263993069106,2,9,-0.100209063755118,-0.321542357407705,1.95616331763312,4,0.133971354014938,-0.990439191282767,0.75,3,0.0666666666666667,0,0.142636990658481,3,1,-0.857142857142857,0.428571428571429,0.279147994964674,4,1.94337792575329,0,0,0.981747704246875,0.571655288898762
"South Korea","BA.2.10 (BA.2.10)",0.257757444363873,-0.0023538961038961,0.0615384615384615,0.00926154314183733,3,13,-0.173083024752553,-0.3444520981026,2.33475753881019,5,0.0466357594187866,0.843906227868036,0.55,2,0.0666666666666667,2,0.0807982496007894,3,0.25,0.952380952380952,-0.142857142857143,0.309352494154838,2,1.51260568385204,0,0,0.7853981633975,0.87495846240089
"South Korea","BA.2.3 (BA.2.3)",0.15532472151281,-0.00011622037187665,0.0412371134020619,0.0108837209903447,2,10,-0.524303471976303,-0.684220120398088,1.76580282480144,3,0.301776613732726,0.0791216795388826,0.8,5,0.0833333333333333,4,0.243872449904924,1,0.333333333333333,0.523809523809524,-0.0952380952380952,0.197506947794354,4,1.98999131007315,0,0,1.17809724509625,1.24691223635928
"South Korea","BA.2.3.12 (BA.2.3.12)",0.10394124546346,-0.00191375288022285,0.0425531914893617,0.0142316655671117,5,4,-0.462445076673017,-0.634429171267236,1.85803186623008,4,0.399225794333261,0.850103748809761,0.9,6,0.01,0,0.143126475856496,1,0.5,0.333333333333333,0.0476190476190476,0.0488898460185322,4,1.84790080050907,0,0,0.7853981633975,1.15573291493661
"South Korea","BA.2.3.14 (BA.2.3.14)",0.16318312865723,7.8708469934137e-05,0.0259067357512953,0.00637849318763829,3,10,-0.453314381829259,-0.608336229537236,1.97821004305665,3,0.439371292031393,0.0182698468794925,0.8,3,0.0625,4,0.0518916910189079,2,0.2,0.904761904761905,-0.0476190476190477,0.340357846925514,3,1.98999131007315,0,0,0.7853981633975,0.881034032578331
"South Korea","BA.2.68 (BA.2.68)",0.0017517995707407,-0.00109089662805973,0.05,0.0128212767848572,2,6,-0.541559667653357,-0.71466429064211,1.86669206135228,2,0.300147883844032,0.269164110419848,0.95,4,0.0233333333333333,0,0.126439570273939,3,0.5,0.714285714285714,0.0476190476190477,0.213080184405551,3,1.84790080050907,0,0,1.37444678594563,1.21138752237627
"South Korea","BA.5 (BA.5)",0.295563083693927,-0.00120385232744783,0.0169491525423729,0.00276537724415693,2,15,-0.213401298078034,-0.382345697221833,1.91799997709159,2,0.149688972048065,0.706832288013283,0.3,3,0.0733333333333334,4,0.116276797150502,2,0.5,0.428571428571429,-0.142857142857143,0.252696310488462,3,1.02509391179179,0,0,1.17809724509625,1.13528937700807
"South Korea","BA.5.1 (BA.5.1)",0.273463867431558,-0.000865222566871742,0.0674157303370786,0.0184199638969972,4,2,-0.713804603759511,-0.507775968291908,1.99675485922113,2,0.50405552671804,-2.05343571832766,0.95,4,0.111111111111111,4,0.221790738367255,1,0.166666666666667,0.619047619047619,-0.380952380952381,0.437253835248065,2,2.02532622077007,0,0,0.589048622548125,0.976535571405014
"South Korea","BA.5.2 (BA.5.2)",0.130071773966181,-0.000328595388783538,0.0747126436781609,0.0232824186936901,4,1,-0.786370811797159,-0.972163199404695,2.49266974900786,3,0.348374433960464,-0.186828583103527,0.95,5,0.0555555555555556,4,0.103483488588459,2,0.333333333333333,0.476190476190476,-0.380952380952381,0.464719017448673,4,1.94337792575329,0,0,0.7853981633975,1.13028653745437
"South Korea","BA.5.5 (BA.5.5)",0.286278579133775,-0.000198249306413468,0.0337078651685393,0.0123950832542184,1,4,-0.873793650312339,-0.0578375872791138,1.54113869671711,1,0.767683335103862,0.703745595636646,0.9,6,0.00416666666666667,3,0.159118194145309,2,1,0.428571428571429,-0.428571428571429,0.275239274871404,2,2.15478315337337,0,0,2.3561944901925,1.13398643002409
"South Korea","BF (BA.5.2.1)",0.131879625084894,-0.0018796992481203,0.0175438596491228,0.00263624193738367,1,14,-0.187498427538192,-0.374005419600776,1.56919704689295,2,0.0960924511032161,-2.26660810909262,0.5,3,0.0733333333333334,2,0.0892741562540729,3,1,0.238095238095238,-0.0952380952380952,0.149061509156507,3,1.22060726455302,0,0,1.96349540849375,0.758697599787366
"South Korea","BF.5",0.279787293478374,-0.000720613611567865,0.0306122448979592,0.00770669914267666,2,7,-0.512896131099037,-0.68188749522889,4.00348990162591,8,0.585517834869612,0.40281188119585,0.9,5,0.0416666666666667,5,0.151327157071794,1,0.2,0.761904761904762,-0.142857142857143,0.549539713916587,3,1.8047484896413,0,0,0.39269908169875,0.78387604373427
"South Korea","BF9 (BA.5.2.19)",-0.0581887431541672,0.000378300025405677,0.0600522193211488,0.0109814766652302,2,6,-0.372115699724453,-0.372115699724453,1.75752221619926,2,0.0630058332739376,1.12372024237923,0.85,3,0.0433333333333333,4,0.117037543643482,3,0.5,0.904761904761905,0,0.154592101863924,4,2.08546843531737,0,0,1.570796326795,1.04117720958668
"South Korea","BG (BA.2.12.1)",0.156894984580831,-0.00290640700518957,0.0277777777777778,0.00662417430084502,2,6,-0.493333999891884,-0.493333999891884,1.68586018826662,1,0.240806547050887,-0.329736037904815,0.95,5,0.08,5,0.134699556515231,2,0.25,-0.238095238095238,-0.19047619047619,0.268741267367331,3,1.97300140639361,0,0,1.37444678594563,0.890896393725716
"South Korea","BN.1",0.0971577252385053,-0.00146511627906977,0.016,0.00217064498023058,1,14,-0.135077100390779,-0.324444717834743,1.52981177975646,1,0.350572729314534,-2.71629626546962,0.65,2,0.0708333333333333,3,0.0933931472390587,1,1,0.0476190476190477,-0.0952380952380952,0.0744861451251125,2,1.09606732844686,0,0,1.96349540849375,0.898128963208963
"South Korea","BN.1.2",-0.0651743860422007,-0.000736060638536258,0.0121212121212121,0.00247378704615621,2,13,-0.344907287583163,-0.51058881284001,1.6766966844685,3,0.191047446360726,-1.73595824188818,0.5,4,0.0433333333333333,4,0.0803254974139477,5,0.5,-0.142857142857143,0.238095238095238,0.091537747758918,3,1.44554132240054,0,0,1.37444678594563,1.04041790181048
"South Korea","BN.1.2.5",0.0439917932524412,-0.00220956494977615,0.0205479452054795,0.00451974202577137,2,10,-0.402286254148501,-0.56996033016116,1.69759281885405,2,0.187773569247009,-2.01139930368609,0.7,4,0.0266666666666667,3,0.0871527610575935,3,0.5,0.523809523809524,0,0.141806439583127,3,1.92067659201716,0,0,1.37444678594563,1.04227010333117
"South Korea","BN.1.3",0.0714364866149731,-0.000781136937211283,0.0507246376811594,0.0109948482013236,4,5,-0.419818971820907,-0.240033570539903,1.94743330903943,3,0.112230561714232,-1.06414826481099,0.9,3,0.0133333333333333,4,0.107650065240444,1,0.5,0.523809523809524,0,0.0875055016426755,3,2.1116308425056,0,0,1.17809724509625,1.19023279129037
"South Korea","BN.1.3.5",0.0213138848763025,-0.00122340425531915,0.0155038759689922,0.00298332239324769,2,12,-0.331913761190922,-0.511473563877658,1.60055591143237,2,0.170423832360517,-2.31966694516372,0.7,3,0.0283333333333333,3,0.113401090379558,2,1,0.142857142857143,-0.0952380952380952,0.0991215119030722,3,1.70927136439708,0,0,1.570796326795,1.19236017476711
"South Korea","BQ.1",0.219762137998726,-0.000402912601822338,0.0206896551724138,0.00645587998270244,3,7,-0.679346811408696,-0.839544273442498,1.61865711085975,1,0.618798637740845,-0.196283682695506,0.9,6,0.00166666666666667,4,0.144189459734821,3,1,0.238095238095238,-0.238095238095238,0.271575785410799,2,2.1809455605616,0,0,1.76714586764437,0.970726881165432
"South Korea","CH.1.1",0.215730356357328,-0.000598416592641484,0.0192307692307692,0.00669603652626081,3,3,-0.540774941564088,-0.723230138397162,1.85812482918121,3,0.247972300544463,-0.241467154759649,1,3,0.0740740740740741,0,0.0855511723411277,1,0.166666666666667,0.714285714285714,-0.333333333333333,0.33628437433449,4,2.1116308425056,0,0,1.17809724509625,0.929301015754236
"South Korea","CJ.1.3",0.186265406415998,-0.00174216027874565,0.016260162601626,0.00222355465266244,2,13,-0.14826548925322,-0.349994867124757,1.55298357946137,1,0.13949933294695,-3.2542143640319,0.65,2,0.0416666666666667,4,0.106195536338681,1,1,-0.428571428571429,-0.142857142857143,0.046674464777352,2,1.50994476516758,0,0,1.76714586764437,0.772910318359405
"South Korea","EG.1",0.0750323677614639,-0.000596886799412503,0.0183673469387755,0.00403491483967406,3,11,-0.425852947277837,-0.603768047696459,1.6209737328398,2,0.298873445057079,0.274781558146005,0.7,4,0.0158333333333333,3,0.137708953750868,2,1,0.0476190476190477,-0.238095238095238,0.11182570459415,3,1.92067659201716,0,0,1.570796326795,1.1895306835789
"South Korea","EG.1.6",0.143813625653945,-0.001429884295008,0.0202020202020202,0.0043999071483954,3,9,-0.436223930765743,-0.621385624908592,1.76060139478577,4,0.489482585867103,-2.45326258314479,0.7,5,0.0266666666666667,5,0.0730282167125672,1,0.5,-0.238095238095238,-0.238095238095238,0.190402215078071,3,1.92067659201716,0,0,1.17809724509625,0.875913163072966
"South Korea","EG.5.1",0.161750309803682,0.000275244206089139,0.0280701754385965,0.00849549078341572,3,5,-0.375804589766668,-0.924948939676439,1.6729257863925,1,0.315665294510799,0.314372941833692,1,3,0.0277777777777778,0,0.154830612884788,2,0.333333333333333,0.80952380952381,-0.142857142857143,0.174988168412437,3,2.15478315337337,0,0,1.17809724509625,1.13677297641234
"South Korea","EG.5.1.1",0.238512881735187,-0.000973718836325936,0.0288461538461538,0.0115464357460109,2,6,-0.833555824352705,-0.972353897652633,1.78734952028499,1,0.524898610994269,-0.625413356065735,0.9,7,0.0625,0,0.0776443274306384,4,0.2,0.428571428571429,-0.476190476190476,0.394533678292971,3,1.97300140639361,0,0,0.7853981633975,0.997710146953541
"South Korea","FL.10",-0.12998562424911,-0.00238095238095238,0.0222222222222222,0.00105820105820106,0,20,0.240039679259592,0.0109108945117996,1.63061908481708,21,0,-4.81170447970363,0.05,1,0.285833333333333,0,0.154428516563958,11,1,-0.904761904761905,0.0952380952380953,0.141604822772246,1,0.198515243345873,0,0,1.570796326795,0.360041149911548
"South Korea","HF.1",0.116845764559618,-0.000453420580127548,0.0171673819742489,0.00579138470199178,1,7,-0.748013005641614,-0.905590171846865,1.53806357995333,2,0.490656920970876,1.48198442920024,0.9,4,0.00416666666666667,2,0.16037746558793,2,1,0.142857142857143,-0.238095238095238,0.0356588181006676,3,2.15478315337337,0,0,1.76714586764437,1.19532832680917
"South Korea","HG (XBB.2.3.8)",0.111153967325442,-0.0010721459961443,0.0294117647058824,0.0120416036188434,2,4,0.303674074749437,0.136056656956411,1.68256779132604,2,0.681163860141529,-1.02233555198055,0.95,4,0.02,3,0.106527525201208,5,0.5,0.523809523809524,-0.285714285714286,0.243805877379095,3,2.15478315337337,0,0,1.76714586764437,1.17528981872256
"South Korea","HK.3",0.164368783906339,-0.000526449459353346,0.0303030303030303,0.00777438362707835,2,7,-0.520042578588148,-0.686132358223579,1.71954946759085,2,0.205657678383366,1.23716680762132,0.85,2,0.0433333333333333,3,0.0956785093130485,2,0.5,0.714285714285714,-0.0476190476190477,0.131277069594781,3,2.15478315337337,0,0,1.570796326795,1.14748332091345
"South Korea","JN.1",0.213814499805832,0.00145156042438771,0.0845070422535211,0.0149096705430199,3,6,-0.320745115088558,-0.110918808058159,1.99193229796635,2,0.0885478688909723,1.67393046659771,0.9,2,0.0233333333333333,4,0.115040300354636,3,0.5,0.904761904761905,-0.238095238095238,0.23194051176187,3,2.1116308425056,0,0,0.981747704246875,1.00658741703123
"South Korea","Q (B.1.1.7)",-0.0987913893004354,-0.0211434852027574,0.25,0.105014885598307,2,1,-1.09741307022855,-0.925974177636455,1.79006415048776,2,0.438047069104622,0.664304030352963,1,4,0.03,3,0.128916797097049,2,0.5,-0.142857142857143,0.380952380952381,0.0842519694866133,4,2.12862074618514,0,0,1.37444678594563,1.17910085328902
"South Korea","XBB",0.0713123080832887,-0.00247747789697615,0.0330578512396694,0.00671558252596424,2,5,-0.401169918750699,-0.59563624522691,1.625218186562,2,0.12045940399934,-0.450244916981615,0.95,3,0.00166666666666667,2,0.178162707289933,3,1,0.142857142857143,-0.142857142857143,0.173444278672904,3,2.1809455605616,0,0,1.76714586764437,1.10125670182008
"South Korea","XBB.1.16",0.149969283236632,-0.00211109391328407,0.0737327188940092,0.0221632048743671,3,1,-0.799273666448397,-0.600041456851747,2.37683525221828,3,0.452872099417929,1.07917350743713,0.9,4,0.166666666666667,5,0.0695588938332186,2,0.142857142857143,0.714285714285714,-0.333333333333333,0.443558062760614,4,1.97300140639361,0,0,0.7853981633975,0.879976283598151
"South Korea","XBB.1.5",0.133567592871523,-0.0009140334534183,0.010752688172043,0.0033366008243796,2,9,-0.60292435643585,-0.746270348433342,1.4880851048478,1,0.370001881992736,-1.77562108948521,0.9,3,0.0158333333333333,4,0.21616956259837,1,1,-0.238095238095238,-0.142857142857143,0.0131429556065962,3,1.97300140639361,0,0,1.76714586764437,1.20913502477187
"South Korea","XBB.1.9",0.068308056209623,-0.00112679955703212,0.0125,0.00175650057181317,2,15,-0.136835528030714,-0.305684705659565,1.5739464795451,1,0.153695543035411,-1.58664528693395,0.5,3,0.0733333333333333,5,0.180874368479314,1,1,-0.0476190476190477,-0.0476190476190477,0.171945192376917,2,1.16482137672446,0,0,1.76714586764437,0.921569543315188
"Spain","A.5",0.00491326744537175,-0.00343906529202585,0.142857142857143,0.0890996120795592,3,0,-0.282217104295741,-0.044862328726039,1.44360444084539,1,0.427449430393733,-2.62716553761273,1,5,0.00916666666666667,3,0.203715584684793,1,1,0.0476190476190477,-0.0476190476190477,0.0353782489853258,4,2.1116308425056,0,0,2.3561944901925,1.31030890918084
"Spain","AY (B.1.617.2)",0.0402499162210069,-0.00231720304361076,0.0405405405405405,0.0154871720546215,3,2,-0.296567062542025,-0.477363352039395,1.68434417270526,2,0.418636431718941,-0.0711677752643294,0.9,4,0.0233333333333333,3,0.118836919286108,2,0.5,0.333333333333333,-0.19047619047619,0.19367829599411,3,2.08546843531737,0,0,1.37444678594563,1.24059566026118
"Spain","AY.122",-0.119681200114934,-0.00107681263460158,0.0100502512562814,0.000478583393156257,0,20,0.240039679259592,0.0109108945117996,1.63061908481708,21,0,-4.81170447970363,0.05,1,0.285833333333333,0,0.154428516563958,11,1,-0.904761904761905,0.0952380952380953,0.141604822772246,1,0.198515243345873,0,0,1.570796326795,0.360041149911548
"Spain","AY.124",0.0919057118842004,-0.000923123410854007,0.0891364902506964,0.028955665475651,1,1,-0.791563077950452,-0.615539984778869,3.23989166501176,3,0.438637247818711,0.159895695152478,0.9,6,0.0462962962962963,5,0.0674720886381174,3,0.333333333333333,0.0476190476190477,-0.476190476190476,0.46181213314289,5,2.06847853163783,0,0,0.589048622548125,1.08133942171338
"Spain","AY.125",0.0320737816203853,-0.000756855773410202,0.0300751879699248,0.0153473518755075,2,0,0.0864477130537776,0.301570923439884,1.65238339612585,1,0.549479011842006,0.351645560527469,0.95,4,0.111111111111111,3,0.111774004983621,2,0.166666666666667,0.428571428571429,-0.428571428571429,0.219113472269273,3,2.15478315337337,0,0,1.570796326795,1.16953710098683
"Spain","AY.127",-0.229764714433893,-0.00305781175346393,0.0256410256410256,0.00142804055847534,0,19,0.201850507175182,-0.0259387333986799,1.75517533747498,19,0,-2.73059819916892,0.1,2,0.243333333333333,0,0.101248996878027,11,1,-0.857142857142857,0.142857142857143,0.186396311819127,2,0.394397691447443,0,0,1.17809724509625,0.419458488073106
"Spain","AY.33",0.220154401859758,-0.000766231802129667,0.0260869565217391,0.00759384026212005,2,3,-0.752401507816951,-0.752401507816951,1.76904914873071,1,0.340245695358536,0.221910377145216,0.95,6,0.166666666666667,5,0.0515648680126002,4,0.142857142857143,0.666666666666667,-0.428571428571429,0.327706747447505,3,2.1809455605616,0,0,0.981747704246875,0.777369188177424
"Spain","AY.4",-0.136147195420741,-0.0038265306122449,0.0357142857142857,0.00170068027210884,0,20,0.240039679259592,0.0109108945117996,1.63061908481708,21,0,-4.81170447970364,0.05,1,0.285833333333333,0,0.154428516563958,11,1,-0.904761904761905,0.0952380952380953,0.141604822772246,1,0.198515243345873,0,0,1.570796326795,0.360041149911548
"Spain","AY.42",-0.131194538836617,-0.00261324041811847,0.024390243902439,0.00116144018583043,0,20,0.240039679259592,0.0109108945117996,1.63061908481708,21,0,-4.81170447970364,0.05,1,0.285833333333333,0,0.154428516563958,11,1,-0.904761904761905,0.0952380952380953,0.141604822772246,1,0.198515243345873,0,0,1.570796326795,0.360041149911548
"Spain","AY.43",-0.130576018718782,-0.00249169435215947,0.0232558139534884,0.00110741971207087,0,20,0.240039679259592,0.0109108945117997,1.63061908481708,21,0,-4.81170447970364,0.05,1,0.285833333333333,0,0.154428516563958,11,1,-0.904761904761905,0.0952380952380953,0.141604822772246,1,0.198515243345873,0,0,1.570796326795,0.360041149911548
"Spain","AY.5",-0.223003388131195,-0.000780527876447048,0.027027027027027,0.00368755730823409,2,13,-0.142205671086667,-0.337330743065292,1.94047876186131,4,0.285425055170096,-2.77622212145266,0.55,5,0.0233333333333333,4,0.118382676121498,1,0.5,-0.0476190476190477,0.333333333333333,0.210238227107447,2,1.4956157801725,0,0,0.981747704246875,1.16794851636051
"Spain","AY.53",0.3707211296712,-0.000392502044829801,0.0522088353413655,0.0106541754949628,2,6,-0.428706355482958,-0.634679637285053,1.80147820347542,4,0.278620539494939,1.44479687282086,0.75,3,0.04,4,0.143692746867423,5,0.25,0.80952380952381,-0.428571428571429,0.238092587538978,4,2.15478315337337,0,0,0.981747704246875,0.943904132633696
"Spain","AY.9.2",0.103870824288055,-0.000515934529609396,0.0619235836627141,0.0270370302083064,2,0,0.300184987696783,0.114004464246448,4.39599597918132,10,0.567263017295184,0.399057280078031,1,9,0.166666666666667,0,0.0418132599347089,4,0.125,0.571428571428571,-0.571428571428571,0.56387689988495,4,1.87752428114939,0,0,0.196349540849375,0.751334657743478
"Spain","AY.98.1",0.0454309426689902,-0.00172005644359128,0.051063829787234,0.0213812654508181,4,0,-1.02953698719107,0.810472264766811,2.00461967984754,3,0.248814568720922,1.7123755070707,1,8,0.111111111111111,0,0.0601830658676568,2,0.166666666666667,0.428571428571429,-0.380952380952381,0.317032370120846,4,1.99916381358184,0,0,0.7853981633975,1.06580799059642
"Spain","B.1",0.178670501868273,-0.000619099210648507,0.0327868852459016,0.00816610438831479,3,9,-0.541764067219694,-0.723483372447266,1.92410759225858,5,0.272710709495795,0.0475266626288959,0.75,6,0.0555555555555556,0,0.218952211131468,1,0.333333333333333,0.523809523809524,-0.428571428571429,0.16596551528622,4,2.05584495467705,0,0,0.7853981633975,1.16621307045679
"Spain","B.1.1",0.583653773038881,-0.00941306755260244,0.128787878787879,0.0432510011401735,2,7,-0.75186503377341,-0.911272420388798,3.88616928323183,8,0.654208640543605,-1.17413977742463,0.75,9,0.166666666666667,0,0.021655656172344,6,0.142857142857143,0.523809523809524,-0.476190476190476,0.605284070489833,2,1.96036782943283,0,0,0.39269908169875,0.626292175372503
"Spain","B.1.160",0.212427482054338,0.00178571428571428,0.1,0.0156037618212047,2,15,-0.185796484938524,-0.351574841394958,1.61719255422443,4,0.0920592445427521,-0.983416996098579,0.4,3,0.103333333333333,4,0.137889792403888,4,1,0.142857142857143,-0.0476190476190477,0.112489911527219,2,1.10588987902476,0,0,1.570796326795,1.22794168500433
"Spain","B.1.182",0.109951000613846,-0.00123152709359606,0.015625,0.00220328423022448,2,17,-0.133936986466726,-0.297234186587387,1.74954048359746,2,0.0411077804867751,-1.91485531920678,0.3,3,0.0766666666666667,3,0.0966162952837649,2,0.5,0.571428571428571,-0.0476190476190477,0.220561340029434,2,0.914285581467099,0,0,1.37444678594563,1.09018530586552
"Spain","B.1.223",-0.407077236707778,-0.00255957062476325,0.0560747663551402,0.0154980167562229,4,6,-0.641666796201091,-0.459769168590797,2.06338435025522,2,0.3283796401851,-0.470064486810533,0.85,4,0.0133333333333333,3,0.0852417017092559,1,0.5,0.142857142857143,0.619047619047619,0.308890264000372,3,2.01615371726138,0,0,1.17809724509625,1.11694300255488
"Spain","B.1.258",-0.0250371472074419,-0.00232919254658385,0.1,0.00579710144927536,1,19,0.190189492377346,-0.0360704209681174,1.59477146874803,3,0.0060232457322229,-0.0476002622746421,0.15,2,0.216666666666667,0,0.229766778395922,3,1,-0.0952380952380952,0.0476190476190477,0.106876853529694,2,0.518186213050213,0,0,1.570796326795,1.26966366487861
"Spain","B.1.351.5",-0.0856256833202845,-0.000311713600210817,0.0135135135135135,0.00339743057154674,1,10,-0.487159039312559,-0.648033315244844,1.47760266724526,1,0.338819270792394,-1.87017681461309,0.85,2,0.0216666666666667,3,0.186700690766444,2,1,-0.523809523809524,0.142857142857143,0.152157758854776,3,1.84790080050907,0,0,2.15984494934313,1.0469200032936
"Spain","B.1.356",0.284606571470898,-0.0138644977044942,0.119047619047619,0.0368906837846783,2,4,-0.751271359985389,-0.930246278531053,1.93953903290202,4,0.470504119091917,-0.500839060919809,0.9,4,0.0185185185185185,4,0.0937575456702773,1,0.333333333333333,0.19047619047619,-0.333333333333333,0.208642503560853,3,1.79903705958471,0,0,0.7853981633975,0.970032813189436
"Spain","B.1.575.1",0.0207430419491392,-0.0025733977801647,0.0357142857142857,0.00732226057629731,1,14,-0.309353402914579,-0.456631870785663,1.53963632126178,1,0.0661842786898269,0.223475638426976,0.55,2,0.0683333333333333,0,0.168276152708346,2,1,0.0476190476190477,0,0.021477160139451,3,1.20226225753564,0,0,1.96349540849375,1.08747723627645
"Spain","B.1.600",-0.150886947799838,-0.0119047619047619,0.111111111111111,0.00529100529100529,0,20,0.240039679259591,0.0109108945117996,1.63061908481708,21,0,-4.81170447970362,0.05,1,0.285833333333333,0,0.154428516563958,11,1,-0.904761904761905,0.0952380952380953,0.141604822772245,1,0.198515243345873,0,0,1.570796326795,0.360041149911548
"Spain","BA.1 (BA.1)",-0.121856468607134,-0.00127317837555498,0.0118829981718464,0.000565857055802211,0,20,0.240039679259592,0.0109108945117996,1.63061908481708,21,0,-4.81170447970364,0.05,1,0.285833333333333,0,0.154428516563958,11,1,-0.904761904761905,0.0952380952380953,0.141604822772246,1,0.198515243345873,0,0,1.570796326795,0.360041149911548
"Spain","BA.1.1 (BA.1.1)",-0.124816687484791,-0.00159914712153518,0.0149253731343284,0.000710732054015636,0,20,0.240039679259592,0.0109108945117996,1.63061908481708,21,0,-4.81170447970363,0.05,1,0.285833333333333,0,0.154428516563958,11,1,-0.904761904761905,0.0952380952380953,0.141604822772246,1,0.198515243345873,0,0,1.570796326795,0.360041149911548
"Spain","BA.1.17 (BA.1.17)",-0.129700196888535,-0.00232919254658385,0.0217391304347826,0.0010351966873706,0,20,0.240039679259592,0.0109108945117996,1.63061908481708,21,0,-4.81170447970363,0.05,1,0.285833333333333,0,0.154428516563958,11,1,-0.904761904761905,0.0952380952380953,0.141604822772246,1,0.198515243345873,0,0,1.570796326795,0.360041149911548
"Spain","BA.1.18 (BA.1.18)",-0.136147195420741,-0.0038265306122449,0.0357142857142857,0.00170068027210884,0,20,0.240039679259592,0.0109108945117996,1.63061908481708,21,0,-4.81170447970364,0.05,1,0.285833333333333,0,0.154428516563958,11,1,-0.904761904761905,0.0952380952380953,0.141604822772246,1,0.198515243345873,0,0,1.570796326795,0.360041149911548
"Spain","BA.2 (BA.2)",-0.140106845841959,-0.00519065030033952,0.0484460694698355,0.00230695568903978,0,20,0.240039679259592,0.0109108945117997,1.63061908481708,21,0,-4.81170447970364,0.05,1,0.285833333333333,0,0.154428516563958,11,1,-0.904761904761905,0.0952380952380953,0.141604822772246,1,0.198515243345873,0,0,1.570796326795,0.360041149911548
"Spain","BA.2.3 (BA.2.3)",-0.136147195420741,-0.0038265306122449,0.0357142857142857,0.00170068027210884,0,20,0.240039679259592,0.0109108945117996,1.63061908481708,21,0,-4.81170447970364,0.05,1,0.285833333333333,0,0.154428516563958,11,1,-0.904761904761905,0.0952380952380953,0.141604822772246,1,0.198515243345873,0,0,1.570796326795,0.360041149911548
"Spain","BA.2.56 (BA.2.56)",-0.165154561938853,-0.0357142857142857,0.333333333333333,0.0158730158730159,0,20,0.240039679259591,0.0109108945117996,1.63061908481708,21,0,-4.81170447970362,0.05,1,0.285833333333333,0,0.154428516563958,11,1,-0.904761904761905,0.0952380952380953,0.141604822772245,1,0.198515243345873,0,0,1.570796326795,0.360041149911548
"Spain","BA.2.9 (BA.2.9)",-0.166784362529947,-0.00232486695465588,0.0188976377952756,0.00118798796681116,1,18,0.168104144277341,-0.0582338950846487,1.79325805595496,4,0,-2.23221884950689,0.2,2,0.133333333333333,0,0.0367128821368989,1,1,-0.857142857142857,0.0952380952380953,0.199293488324184,2,0.708346577706171,0,0,1.17809724509625,0.454507527786405
"Spain","BA.4 (BA.4)",0.106822153108401,-0.00096657318541564,0.0261437908496732,0.00604319583655133,2,5,-0.56066738324434,-0.346920603148815,1.65830165145904,1,0.195262344995029,2.08543958863014,0.85,6,0.166666666666667,5,0.0363574897901067,3,0.142857142857143,0.428571428571429,-0.238095238095238,0.246300747285316,3,2.12862074618514,0,0,1.570796326795,0.987839354379428
"Spain","BA.4.1 (BA.4.1)",-0.0546208468191781,-0.0012294823019771,0.0250569476082005,0.00867345691298292,3,1,-0.185814738489295,-0.387131772646911,1.56649013609612,2,0.228813752621152,1.78845267795169,0.95,2,0.0216666666666667,3,0.0991956314695449,2,1,0.523809523809524,0.142857142857143,0.0751648326535297,4,1.95601150271407,0,0,1.76714586764437,1.15541845775451
"Spain","BA.5 (BA.5)",-0.181078787106559,0.00157158805644901,0.0555555555555556,0.0183442208490902,2,2,-0.125418662398968,0.0822558061700012,3.35401881133467,1,0.523366060420541,-0.646265387780793,1,7,0.166666666666667,3,0.119272539458923,2,0.142857142857143,-0.619047619047619,0.523809523809524,0.48725356153462,4,1.91721551856506,0,0,0.39269908169875,0.933408498910241
"Spain","BA.5.1 (BA.5.1)",-0.133848804658859,-0.0032058492688414,0.0299212598425197,0.00142482189726284,0,20,0.240039679259592,0.0109108945117996,1.63061908481708,21,0,-4.81170447970363,0.05,1,0.285833333333333,0,0.154428516563958,11,1,-0.904761904761905,0.0952380952380953,0.141604822772246,1,0.198515243345873,0,0,1.570796326795,0.360041149911548
"Spain","BA.5.1.3 (BA.5.1.3)",0.118028205340656,-0.000209289245099241,0.0576923076923077,0.0131619435587697,2,2,-0.575493133630245,-0.800048908251897,1.65163045979728,1,0.250341096970244,-0.927040125343595,0.9,3,0.0462962962962963,4,0.118370812085422,3,0.333333333333333,0.523809523809524,-0.238095238095238,0.171205415183718,4,2.1116308425056,0,0,1.570796326795,1.1885309703198
"Spain","BA.5.1.30 (BA.5.1.30)",0.0227366380526556,-0.00202142968773486,0.0232558139534884,0.011531114676906,5,0,-1.05373114250734,-0.899636397170413,2.0090584039964,5,0.469229680304964,-0.387619926081362,0.95,6,0.04,0,0.0649380642957059,2,0.25,0.476190476190476,-0.142857142857143,0.349343307788393,4,1.97300140639361,0,0,0.7853981633975,1.06785401677799
"Spain","BA.5.2 (BA.5.2)",0.121782987641798,-0.000470237149276477,0.0392609699769053,0.0144878169271719,3,3,-0.948630049294429,-0.772313425992492,3.08402891617088,12,0.495242528043249,0.768350748100749,0.85,7,0.166666666666667,0,0.146019477772745,3,0.125,0.571428571428571,-0.333333333333333,0.467410360973461,3,1.91721551856506,0,0,0.589048622548125,0.970705541658515
"Spain","BC (BA.1.1.1)",-0.139883235324939,-0.00510204081632653,0.0476190476190476,0.00226757369614512,0,20,0.240039679259592,0.0109108945117996,1.63061908481708,21,0,-4.81170447970364,0.05,1,0.285833333333333,0,0.154428516563958,11,1,-0.904761904761905,0.0952380952380953,0.141604822772246,1,0.198515243345873,0,0,1.570796326795,0.360041149911548
"Spain","BC4 (BA.1.1.14)",-0.0668152891932862,0.004008821197261,0.0853658536585366,0.0237952493600876,3,1,-0.652088784420282,-0.83449700759182,1.85569412062041,5,0.600380156354621,1.64832748214956,1,4,0.0185185185185185,5,0.0856551787918999,2,0.333333333333333,-0.238095238095238,0.285714285714286,0.33661335094826,4,2.10245833899691,0,0,0.981747704246875,1.13283045484409
"Spain","BD (BA.1.17.2)",0.00705756706172976,0.000193705334560305,0.0426829268292683,0.0143811532983968,3,1,-0.175127752191229,-0.649344741538243,1.90616334737455,2,0.332016853073429,-1.69572926234388,0.95,6,0.0625,3,0.0723521341439813,1,0.2,0.80952380952381,-0.285714285714286,0.276059073657449,3,1.96036782943283,0,0,0.981747704246875,1.05390921243759
"Spain","BE.1",0.114340083024586,-0.00202533935207284,0.0265486725663717,0.00932601057214723,2,2,-0.195978027159297,-0.00489080689484389,1.62328442512848,2,0.330590428507286,1.10920573851216,0.95,3,0.0141666666666667,4,0.127702163529161,2,1,-0.119047619047619,-0.238095238095238,0.00835892814715683,3,2.01615371726138,0,0,1.570796326795,1.15672512492666
"Spain","BE.1.1",0.112483285008956,-0.00290642176304982,0.046875,0.0186516947177783,4,3,-0.351241608638242,0.186906740389154,1.68460714222261,4,0.668707626254003,-1.7469290148081,1,6,0.0233333333333333,0,0.0702326966788747,1,0.5,0.0476190476190477,-0.238095238095238,0.0631240507157668,4,2.1809455605616,0,0,1.17809724509625,1.04214317684533
"Spain","BF (BA.5.2.1)",0.0414331950909056,-0.000197708161591376,0.0201342281879195,0.0120379909576618,3,0,-0.10412191622831,0.662752444208164,2.06680956632265,3,0.29576458209421,-0.423494905897178,0.85,9,0.01,4,0.116205101478638,1,0.5,0.285714285714286,-0.428571428571429,0.236923639316141,4,1.99916381358184,0,0,1.17809724509625,1.21629136624586
"Spain","BF.1",-0.036110747891739,-0.00199828652310219,0.0136986301369863,0.00406567772608609,2,8,-0.62190135125938,-0.779909180088415,1.55691794649454,1,0.402278850831906,-0.381401205741123,0.85,4,0.00583333333333333,4,0.191871792896328,2,1,-0.285714285714286,-0.0476190476190477,0.0698991753118999,3,2.12862074618514,0,0,1.96349540849375,1.08302352987051
"Spain","BG (BA.2.12.1)",0.0615906054799568,-0.00137479009394714,0.0140845070422535,0.00163430018627877,2,14,-0.0689222369404369,-0.283829909681049,1.6323800108863,3,0.0223259633259405,-3.95083387726346,0.5,5,0.0433333333333333,3,0.0637167239704992,6,0.5,-0.142857142857143,0,0.131669313539268,4,1.23759716823256,0,0,1.570796326795,0.726592837751345
"Spain","BQ.1",0.305818626572406,-0.00261324041811847,0.0416666666666667,0.0077906501392089,1,14,-0.283830538102752,-0.446997292456792,1.7466965607344,1,0.459695130385606,0.75735281160435,0.5,2,0.0277777777777778,4,0.119605824345131,2,0.333333333333333,0.80952380952381,-0.19047619047619,0.256449071989927,2,1.22060726455302,0,0,0.7853981633975,0.870105738375358
"Spain","BQ.1.1",-0.119878455512883,-0.0010932944606414,0.0102040816326531,0.000485908649173955,0,20,0.240039679259592,0.0109108945117996,1.63061908481708,21,0,-4.81170447970363,0.05,1,0.285833333333333,0,0.154428516563958,11,1,-0.904761904761905,0.0952380952380953,0.141604822772246,1,0.198515243345873,0,0,1.570796326795,0.360041149911548
"Spain","BQ.1.1.15",-0.123714775412446,-0.0014690519717942,0.0137111517367459,0.00065291198746409,0,20,0.240039679259592,0.0109108945117996,1.63061908481708,21,0,-4.81170447970363,0.05,1,0.285833333333333,0,0.154428516563958,11,1,-0.904761904761905,0.0952380952380953,0.141604822772246,1,0.198515243345873,0,0,1.570796326795,0.360041149911548
"Spain","C (B.1.1.1)",-0.465136598717796,-0.00301612259610061,0.025974025974026,0.00308916131260145,1,16,-0.0731914766113347,-0.266485185072748,2.42972115054084,2,0.146056879464393,-0.687633863175182,0.3,3,0.111111111111111,2,0.0511604234444128,1,0.166666666666667,-0.80952380952381,0.285714285714286,0.420665787363794,3,0.914285581467099,0,0,0.589048622548125,0.601103946543738
"Spain","DE (BA.5.1.23)",-0.136147195420741,-0.0038265306122449,0.0357142857142857,0.00170068027210884,0,20,0.240039679259592,0.0109108945117996,1.63061908481708,21,0,-4.81170447970364,0.05,1,0.285833333333333,0,0.154428516563958,11,1,-0.904761904761905,0.0952380952380953,0.141604822772246,1,0.198515243345873,0,0,1.570796326795,0.360041149911548
"Spain","DH (BA.5.1.22)",0.132034479157114,-0.000794143690679347,0.028,0.0131406522896954,2,1,-0.26279463032114,-0.0732127642634464,2.48884154847836,2,0.639051543302984,0.655400157495385,0.95,4,0.104166666666667,3,0.148327293950629,1,0.2,0.19047619047619,-0.476190476190476,0.460540973620182,4,1.90368668833762,0,0,0.589048622548125,0.989328482040401
"Spain","DV.7.1",0.218817198225466,-7.74866159481545e-05,0.0166666666666667,0.00357374513253264,2,14,-0.345010007824788,-0.495768534545101,1.60858403734373,2,0.137401141276059,-0.360797763441799,0.5,2,0.0733333333333334,4,0.119754313298334,2,1,0.238095238095238,-0.0952380952380952,0.133927774080549,2,1.22060726455302,0,0,1.570796326795,1.11630702255921
"Spain","EF.1",0.0438427171087757,-0.000874229764753745,0.0645161290322581,0.0113667271427587,1,4,-0.342664953329023,-0.567557145721982,1.54117560866208,1,0.298086983344844,1.50718275697036,0.8,4,0.00166666666666667,3,0.238771226924913,2,1,0.904761904761905,-0.0952380952380952,0.204757093912344,4,2.1809455605616,0,0,2.15984494934313,1.10788349457175
"Spain","EG (XBB.1.9.2)",0.0287082280970075,-0.00112921728705295,0.0697674418604651,0.0169849014141228,3,5,-0.597877359443459,-0.389485479879244,1.50751751786772,1,0.186449346320237,0.107282155908724,1,3,0.00166666666666667,0,0.269378841781359,2,1,0.428571428571429,-0.0476190476190477,0.0307957368259677,3,2.1809455605616,0,0,1.96349540849375,1.24515326305975
"Spain","EG.1",-0.133052832621706,0.000766515816816133,0.0754716981132075,0.0165325009275702,2,6,-0.472864460986357,-0.472864460986357,1.56444371203029,1,0.382433944879541,1.28964925948492,0.85,3,0.00666666666666667,3,0.14702123236243,3,1,-0.0476190476190477,0.428571428571429,0.195994486903552,3,2.12862074618514,0,0,1.76714586764437,1.16222730932326
"Spain","EG.5.1",-0.203649826550947,-0.00167410714285714,0.015625,0.00100426099401509,1,19,0.157010207878084,-0.0627240342469987,1.61628499845889,2,0.0060232457322229,-4.24378342071042,0.15,2,0.216666666666667,2,0.169090679483747,11,1,-0.761904761904762,0.142857142857143,0.18983444266912,2,0.518186213050213,0,0,1.76714586764437,0.199022095665055
"Spain","EG.5.1.1",-0.119580457729199,0.000161478732907306,0.0357142857142857,0.00940338098309221,2,13,-0.44395059190569,-0.579886014240722,1.50417011557843,1,0.19553294974992,-0.866368712322295,0.65,3,0.0491666666666667,4,0.186369132992632,2,1,-0.142857142857143,0.142857142857143,0.120946925404748,2,1.37477640250769,0,0,2.3561944901925,1.17571421315671
"Spain","EG.5.1.3",0.206479546231488,-9.44822373393792e-05,0.0864197530864197,0.0180282000690164,3,9,-0.429461520642347,-0.627165920022985,1.5598927665554,2,0.110427406385614,1.7056960395421,0.85,3,0.0183333333333333,3,0.115851347023243,2,1,-0.238095238095238,-0.142857142857143,0.092029105726315,3,1.96036782943283,0,0,1.76714586764437,1.1449510024147
"Spain","FL (XBB.1.9.1)",-0.127511482950106,-0.00196793002915452,0.0183673469387755,0.00087463556851312,0,20,0.240039679259591,0.0109108945117996,1.63061908481708,21,0,-4.81170447970362,0.05,1,0.285833333333333,0,0.154428516563958,11,1,-0.904761904761905,0.0952380952380953,0.141604822772245,1,0.198515243345873,0,0,1.570796326795,0.360041149911548
"Spain","FL.1",-0.0342543498238441,-0.00110014648061059,0.0275229357798165,0.00603430543710598,2,13,-0.366488940831929,-0.520157666228025,1.56062929976319,1,0.336973168583873,-1.79778750066517,0.6,3,0.0491666666666667,4,0.104110277632249,2,1,-0.333333333333333,0.142857142857143,0.110764366193203,2,1.48433730654955,0,0,1.76714586764437,1.01775290543604
"Spain","FU1 (XBB.1.16.11)",-0.124247861213831,-0.00153061224489796,0.0142857142857143,0.000680272108843537,0,20,0.240039679259592,0.0109108945117996,1.63061908481708,21,0,-4.81170447970363,0.05,1,0.285833333333333,0,0.154428516563958,11,1,-0.904761904761905,0.0952380952380953,0.141604822772246,1,0.198515243345873,0,0,1.570796326795,0.360041149911548
"Spain","HK.3",0.170635958040521,-0.000351441820394671,0.03125,0.0130958386428676,3,3,-0.401135312618149,-0.232685673672557,2.15569529302671,3,0.420162959968264,-0.143575571188922,0.95,4,0.166666666666667,3,0.047235228570226,2,0.142857142857143,0.619047619047619,-0.285714285714286,0.401176185477504,3,2.06847853163783,0,0,1.17809724509625,0.998583102999808
"Spain","JD.1.1",-0.0308319734574947,-0.00062794348508634,0.0666666666666667,0.00880571111020905,1,14,-0.12513505425819,-0.320136541387896,1.50249665614054,1,0.185193422825806,-0.0328027616865345,0.6,2,0.0733333333333333,4,0.167379435941105,2,1,-0.142857142857143,0.0476190476190477,0.0272712429052633,2,1.08889997534522,0,0,1.96349540849375,1.25182272742131
"Spain","JG.3",-0.124624296759432,-0.00157563025210084,0.0147058823529412,0.000700280112044818,0,20,0.240039679259592,0.0109108945117996,1.63061908481708,21,0,-4.81170447970363,0.05,1,0.285833333333333,0,0.154428516563958,11,1,-0.904761904761905,0.0952380952380953,0.141604822772246,1,0.198515243345873,0,0,1.570796326795,0.360041149911548
"Spain","JK7 (XBB.1.5.37)",0.251876890113939,-0.00338345864661654,0.0315789473684211,0.00594726302647681,1,15,-0.260872379722907,-0.408541570266104,1.56563304810384,1,0.169589684464655,-0.795765279480034,0.45,3,0.0883333333333333,5,0.246162127211577,1,1,0.380952380952381,-0.142857142857143,0.200705041172565,3,1.12237212906693,0,0,1.96349540849375,0.901507360405555
"Spain","JN.1",-0.123714775412446,-0.0014690519717942,0.0137111517367459,0.00065291198746409,0,20,0.240039679259592,0.0109108945117996,1.63061908481708,21,0,-4.81170447970363,0.05,1,0.285833333333333,0,0.154428516563958,11,1,-0.904761904761905,0.0952380952380953,0.141604822772246,1,0.198515243345873,0,0,1.570796326795,0.360041149911548
"Spain","P.1",-0.11300606097955,-0.00249422123525728,0.0197368421052632,0.00192894052578372,2,16,0.00942569551815664,-0.198462261457616,1.98434241326898,2,0.00931486435410844,-0.911488053649713,0.35,2,0.133333333333333,4,0.135673254589342,2,1,-0.857142857142857,0.0952380952380953,0.255862033550655,2,1.02509391179179,0,0,0.981747704246875,0.625912284249336
"Spain","Q (B.1.1.7)",-0.084669402291362,-0.00267857142857143,0.166666666666667,0.00912698412698413,1,19,0.20653394021981,-0.02174041475998,1.59622915584551,7,0.00292548257137425,-0.0160585061133425,0.15,2,0.216666666666667,0,0.230792866823643,7,1,-0.285714285714286,0.0476190476190477,0.0976383825497296,2,0.518186213050213,0,0,1.570796326795,1.27972371793262
"Spain","QB.1.157 (B.1.157)",0.346305441490367,-0.00187057633973711,0.046875,0.0154740040507938,3,9,-0.641726621901389,-0.781164456717823,1.85147170505239,3,0.222801720982637,-0.67218230441891,0.8,4,0.01,4,0.126209635242634,1,0.5,0.428571428571429,-0.333333333333333,0.211464909761721,2,1.97300140639361,0,0,1.17809724509625,1.24225338839536
"Spain","QB.1.177 (B.1.177)",-0.00141993367988506,-0.00595238095238095,0.0555555555555556,0.00342164643635232,1,18,0.174709162506365,-0.0527153443843269,1.61814098981279,1,0.0060232457322229,-4.70513161742572,0.25,2,0.160833333333333,0,0.0801444636965724,1,1,-0.0952380952380952,0,0.143778389121591,2,0.730588061371122,0,0,1.570796326795,0.438415492413911
"Spain","QB.1.177.32 (B.1.177.32)",-1.57093990025367e-05,-0.0200513445415485,0.19672131147541,0.0425554869708046,2,8,-0.423927351212745,-0.606146133162739,1.57821813682779,2,0.184130334034274,-1.84011328088679,0.85,3,0.00333333333333333,5,0.0922170407471956,6,1,0,0.19047619047619,0.0591917204820531,3,2.15478315337337,0,0,1.96349540849375,0.897344245166838
"Spain","XBB",-0.136749266751663,-0.00123391748003549,0.0144927536231884,0.00200448491774194,1,16,-0.129872055875485,-0.299375956695962,1.54382689691473,1,0.177228348035673,-1.94804543895206,0.45,2,0.0891666666666667,5,0.11872907531495,2,1,-0.523809523809524,0.0952380952380953,0.0614423078037543,2,0.997271523182384,0,0,1.76714586764437,0.969534327013191
"Spain","XBB.1.16",-0.128879730631859,-0.0021865889212828,0.0204081632653061,0.000971817298347911,0,20,0.240039679259592,0.0109108945117996,1.63061908481708,21,0,-4.81170447970363,0.05,1,0.285833333333333,0,0.154428516563958,11,1,-0.904761904761905,0.0952380952380953,0.141604822772245,1,0.198515243345873,0,0,1.570796326795,0.360041149911548
"Spain","XBB.1.5",-0.144384773723385,-0.00721574344023324,0.0673469387755102,0.0032069970845481,0,20,0.240039679259592,0.0109108945117996,1.63061908481708,21,0,-4.81170447970363,0.05,1,0.285833333333333,0,0.154428516563958,11,1,-0.904761904761905,0.0952380952380953,0.141604822772246,1,0.198515243345873,0,0,1.570796326795,0.360041149911548
"Spain","XBB.2.3",0.174808234412066,-0.000328504043126685,0.0232558139534884,0.00507146316436545,2,14,-0.340031718267552,-0.484023977285084,1.69567767895266,2,0.091174029486391,0.321517831250581,0.55,3,0.0733333333333333,3,0.107522867518602,2,0.5,0.666666666666667,-0.0952380952380952,0.184895175445499,2,1.20226225753564,0,0,1.570796326795,1.18255675048769
"Sweden","A.15",-0.280947178062075,-0.0155895691609977,0.111111111111111,0.00869236583522298,1,19,0.0858894063921393,-0.111387823914806,2.15046163454069,19,0,-2.93117851460224,0.1,2,0.243333333333333,0,0.0842625879658008,11,0.5,-0.857142857142857,0.142857142857143,0.258704714427234,2,0.394397691447443,0,0,0.981747704246875,0.580412779259384
"Sweden","AY (B.1.617.2)",0.0150226702911921,-0.00152890419381005,0.0120481927710843,0.00278913014930386,4,6,-0.481924517986345,-0.481924517986345,1.63400803347092,1,0.310866239486813,-0.973228445726818,0.9,3,0.0185185185185185,4,0.144275637176291,2,0.333333333333333,0.428571428571429,-0.0952380952380952,0.259077720028088,3,2.1116308425056,0,0,1.570796326795,0.925236285392886
"Sweden","AY.122",-0.149518642401561,-0.0107142857142857,0.1,0.00476190476190476,0,20,0.240039679259592,0.0109108945117997,1.63061908481708,21,0,-4.81170447970363,0.05,1,0.285833333333333,0,0.154428516563958,11,1,-0.904761904761905,0.0952380952380953,0.141604822772245,1,0.198515243345873,0,0,1.570796326795,0.360041149911548
"Sweden","AY.126",0.32526221437795,-0.0015939112525268,0.037037037037037,0.00893699931493298,3,5,-0.614591616378524,-0.614591616378524,2.06944050400143,2,0.266340462387325,-0.171574854826562,0.85,4,0.111111111111111,4,0.0350546543111251,1,0.166666666666667,0.428571428571429,-0.476190476190476,0.334285900375988,4,1.96036782943283,0,0,0.981747704246875,1.05879785148431
"Sweden","AY.127",-0.0493447148524319,-0.00201578088612152,0.018018018018018,0.00453502140910173,2,5,-0.52599210348204,-0.69936520479747,1.58035376883533,3,0.167188596757555,-0.813356536299325,0.85,2,0.00666666666666667,5,0.142473891080803,3,1,-0.404761904761905,-0.0952380952380952,0.0348113030964148,3,2.12862074618514,0,0,1.76714586764437,1.14857396295691
"Sweden","AY.33",-0.0680315174479674,-0.0034536945165682,0.0545454545454545,0.00662677585422109,1,11,-0.0861208188038182,-0.28648668582027,1.60870482317343,2,0.0297812178678606,2.53287140623802,0.55,2,0.0333333333333333,2,0.0578147521119349,3,1,0.0476190476190477,0.0476190476190477,0.182048730572226,2,1.76014597693668,0,0,1.76714586764437,0.929418118932065
"Sweden","AY.4",-0.0618778740046256,0.000537779297177793,0.0153846153846154,0.00507077450520741,2,7,-0.707937094064063,-0.862104349502805,1.58193906773304,1,0.643284957229807,-1.49098350046455,0.95,4,0.00666666666666667,3,0.147172738870358,2,1,-0.523809523809524,0.142857142857143,0.241462325036085,3,2.12862074618514,0,0,1.76714586764437,1.02053221758589
"Sweden","AY.43",0.0991826635064565,0.0141919374849083,0.246153846153846,0.122159788782645,3,0,0.191440343094109,-0.679287990342373,4.25981260167087,5,0.448292514669961,-0.0246528614865982,1,9,0.166666666666667,0,0.0468995706216415,4,0.125,0.523809523809524,-0.666666666666667,0.62768787446192,3,1.84790080050907,0,0,0.196349540849375,0.663190660165481
"Sweden","AY.46.6",-0.124434714947878,-0.0015527950310559,0.0144927536231884,0.000690131124913734,0,20,0.240039679259592,0.0109108945117996,1.63061908481708,21,0,-4.81170447970364,0.05,1,0.285833333333333,0,0.154428516563958,11,1,-0.904761904761905,0.0952380952380953,0.141604822772246,1,0.198515243345873,0,0,1.570796326795,0.360041149911548
"Sweden","AY.5",0.446873186750783,-0.00108377109781604,0.0410958904109589,0.0153575442398877,3,5,-0.560260387814128,-1.04407697113105,3.47565447834788,1,0.660578887652076,-0.409421165907693,0.85,6,0.0625,3,0.146655905737443,2,0.2,0.333333333333333,-0.571428571428571,0.489556711774157,3,1.96954033294152,0,0,0.39269908169875,0.950320066806891
"Sweden","AY.75",0.162522792667676,0.000507489239529879,0.289473684210526,0.0872881104671713,5,0,-0.676680776288894,-0.858875460819827,3.21824000778734,6,0.557607750443933,1.12716538552027,0.8,4,0.0740740740740741,0,0.119204661872542,3,0.166666666666667,0.619047619047619,-0.571428571428571,0.380141573382253,3,1.68657003066095,0,0,0.589048622548125,0.956743016196961
"Sweden","AY.9.2",0.253677548736059,-0.000145163656701932,0.25,0.0753183739996761,4,2,-0.751938875381416,-0.938734178868929,3.56986454640117,5,0.672935017856422,0.129674305209714,0.95,6,0.166666666666667,0,0.268770567723786,2,0.111111111111111,0.904761904761905,-0.571428571428571,0.54631161740495,3,1.84790080050907,0,0,0.196349540849375,0.575065833452336
"Sweden","B.1",-0.141885153245534,-0.00595238095238095,0.0555555555555556,0.00264550264550265,0,20,0.240039679259591,0.0109108945117996,1.63061908481708,21,0,-4.81170447970362,0.05,1,0.285833333333333,0,0.154428516563958,11,1,-0.904761904761905,0.0952380952380953,0.141604822772245,1,0.198515243345873,0,0,1.570796326795,0.360041149911548
"Sweden","B.1.1",0.0398692156477774,-0.00710284296670486,0.285714285714286,0.138541465865053,1,0,0.275900714515555,0.109970525246724,3.13559815630228,6,0.443807011280768,0.26234673354482,0.9,6,0.0625,0,0.193998009147538,3,0.2,0.666666666666667,-0.0476190476190477,0.43157774432711,5,2.12862074618514,0,0,0.589048622548125,0.940649233988391
"Sweden","B.1.1.261",-0.016458540104315,0.00103966114747786,0.111111111111111,0.0114389109941671,2,16,-0.0123429038044036,-0.22153055562104,1.64468000561418,3,0.0411077804867748,3.62140304446286,0.35,3,0.0733333333333333,4,0.122699579977529,3,0.5,0.0952380952380953,0.0952380952380953,0.0646548675431152,2,0.998931504603559,0,0,1.37444678594563,1.18864981729076
"Sweden","B.1.1.438",-0.0422546139632117,-0.000388402216232406,0.0476190476190476,0.0112906950126177,2,13,-0.396024859469951,-0.540449216182642,1.57989550162684,2,0.170423832360517,0.179086984356321,0.55,4,0.0541666666666667,4,0.148823757027544,2,1,0.380952380952381,0.0476190476190477,0.01090134378372,3,1.4956157801725,0,0,1.570796326795,1.21494709566509
"Sweden","B.1.1.458",-0.107342270287172,-0.0119047619047619,0.111111111111111,0.00869236583522298,1,19,0.0858894063921393,-0.111387823914806,1.6055322781891,7,0.0060232457322229,-3.0710782146119,0.15,2,0.216666666666667,0,0.117638877195349,7,1,-0.285714285714286,0.0476190476190477,0.108180464766462,2,0.518186213050213,0,0,1.570796326795,0.775033970543587
"Sweden","B.1.1.90",-0.100145882898733,-0.0267857142857143,0.25,0.0231481481481481,1,18,0.029424494316825,-0.169190842321744,1.58760502651668,4,0.019215621788622,-3.13399524695923,0.25,2,0.160833333333333,0,0.106263869693442,4,1,-0.142857142857143,0.0952380952380953,0.0684277624068075,2,0.730588061371122,0,0,1.570796326795,0.807007127726689
"Sweden","B.1.160",0.0349165661483946,-0.0178571428571429,0.25,0.0277777777777778,1,18,-0.038924947208076,-0.214087209644419,1.56378320111736,1,0.139618571304392,-0.636953681586701,0.25,2,0.160833333333333,0,0.15160948195281,3,1,0.523809523809524,0,0.177737296298293,2,0.730588061371122,0,0,2.15984494934313,1.10006391719087
"Sweden","B.1.221",-0.161418444114758,-0.0267857142857143,0.25,0.0119047619047619,0,20,0.240039679259592,0.0109108945117996,1.63061908481708,21,0,-4.81170447970363,0.05,1,0.285833333333333,0,0.154428516563958,11,1,-0.904761904761905,0.0952380952380953,0.141604822772245,1,0.198515243345873,0,0,1.570796326795,0.360041149911548
"Sweden","B.1.258.17",0.0738379728485722,0.000909666192058217,0.0476190476190476,0.00713779059567115,1,14,-0.18081133674459,-0.362008251430829,1.54883514868159,4,0.250191209147246,-0.377592180685145,0.5,4,0.0708333333333334,5,0.154529927203713,6,1,0.0952380952380953,-0.0476190476190477,0.0144448372951406,3,1.23759716823256,0,0,1.76714586764437,1.27665058593216
"Sweden","B.1.555",-0.104895938897835,-0.00680443548387096,0.19047619047619,0.0282804753011692,2,10,-0.202746412274835,-0.411881934275281,1.63204734372256,4,0.140767749409497,-1.2963644730045,0.6,5,0.0241666666666667,0,0.163576160706268,5,1,0,0.142857142857143,0.124168250329053,3,1.87752428114939,0,0,1.570796326795,1.17560758898718
"Sweden","BA.1 (BA.1)",0.165196839619172,0.00626121289745122,0.336244541484716,0.121707647794946,4,0,-0.855197408331948,-1.02454418128992,4.81983001722121,6,0.640325982089937,-0.0470263485813678,0.85,5,0.166666666666667,4,0.191431069309539,2,0.125,0.714285714285714,-0.523809523809524,0.642641724377091,3,1.77512500900097,0,0,0.196349540849375,0.619463125878425
"Sweden","BA.1.1 (BA.1.1)",0.117500905509098,0.00860387570683592,0.176755447941889,0.0917710763156933,3,0,0.00449524140536373,0.170262134480104,5.2326309745871,9,0.749541114180729,0.123728082391462,1,11,0.166666666666667,0,0.24129688750766,1,0.125,0.761904761904762,-0.619047619047619,0.659326193284215,3,1.84790080050907,0,0,0.196349540849375,0.404810795972949
"Sweden","BA.1.13 (BA.1.13)",0.0322011530183412,0.00547836649492423,0.0671834625322997,0.039269448188775,2,0,0.00545640062506658,0.834897598504742,1.67765205023551,1,0.427449430393733,-0.808846561382656,1,3,0.0740740740740741,3,0.164065197055219,3,0.333333333333333,-0.0476190476190477,-0.714285714285714,0.151289020617465,3,2.01615371726138,0,0,1.37444678594563,1.17479988579884
"Sweden","BA.1.15 (BA.1.15)",0.274146540828431,-0.000181468210290878,0.0434782608695652,0.0155750963096348,5,2,-0.209029348495388,-0.0295348045275412,2.49933800724739,3,0.604557763817221,0.313574966546125,0.95,5,0.166666666666667,4,0.0846382813087372,2,0.142857142857143,0.619047619047619,-0.571428571428571,0.446403296923209,4,1.90022561488552,0,0,0.7853981633975,0.937784291130613
"Sweden","BA.1.17 (BA.1.17)",0.0633436425096396,0.00064639240108475,0.0693069306930693,0.0340394935079688,3,0,0.236938838735539,0.0479856477218241,2.46984542940787,3,0.568789545544506,0.316546959158494,1,6,0.0625,3,0.179280340117528,2,0.2,0.428571428571429,-0.619047619047619,0.42301016545201,3,2.08546843531737,0,0,0.589048622548125,0.981010729147452
"Sweden","BA.1.18 (BA.1.18)",0.0936662693036008,0.00400302984429372,0.0875912408759124,0.0386844083431208,3,0,-0.889996090451543,-1.05415340551416,2.83628361178892,4,0.446175807706549,0.39923163811747,0.95,5,0.166666666666667,5,0.122095838195767,3,0.125,0.666666666666667,-0.571428571428571,0.418485675792066,3,1.90368668833762,0,0,0.589048622548125,0.791486479610312
"Sweden","BA.2 (BA.2)",0.171106948489526,-0.00099153578936412,0.142857142857143,0.0522301832473998,3,1,-1.00723102137108,-0.81762480227305,5.15576342762937,2,0.449819042919284,0.0556443139762476,1,5,0.166666666666667,3,0.13738020734651,1,0.125,0.761904761904762,-0.428571428571429,0.632463958265123,3,1.84790080050907,0,0,0.196349540849375,0.677608915196962
"Sweden","BA.2.65 (BA.2.65)",0.110828994451414,-0.000347816877431721,0.0225988700564972,0.00928304153774458,4,1,0.365794128192805,-0.454138490057474,1.6360798738786,1,0.276938101098213,-0.408991747561654,0.9,5,0.08,4,0.195146238461883,2,0.25,0.452380952380952,-0.333333333333333,0.178935629222952,4,2.15478315337337,0,0,1.570796326795,1.12005432899801
"Sweden","BA.2.9 (BA.2.9)",0.0687884072559831,0.00270948146711826,0.0775956284153005,0.0322964820247244,3,0,-0.916885670930725,-0.613651846008304,2.39867903075249,3,0.363199464273771,0.472228499127276,0.9,7,0.166666666666667,4,0.203885781884137,2,0.125,0.523809523809524,-0.333333333333333,0.368203780525992,4,1.90368668833762,0,0,0.7853981633975,0.983347410959591
"Sweden","BA.4 (BA.4)",0.281762645344496,-0.000655958585966032,0.09375,0.0239574736285562,2,8,-0.496915830034256,-0.656648191814375,1.73393255999593,2,0.465586445092229,-0.700506902603338,0.8,3,0.02,2,0.127599199873454,3,0.5,0.285714285714286,-0.333333333333333,0.201237094664955,3,2.08546843531737,0,0,1.37444678594563,1.19583101360847
"Sweden","BA.4.1 (BA.4.1)",-0.0186657750780286,-0.000657396515234625,0.0353982300884956,0.0105820083509285,2,8,-0.638408668255679,-0.798859833850345,1.5764912497812,2,0.418278216248987,-0.279879033445752,0.85,4,0.01,4,0.156620587682461,2,1,0.0476190476190477,0.0952380952380953,0.0818689861128223,3,2.03314362094092,0,0,1.570796326795,1.2860242149206
"Sweden","BA.5 (BA.5)",0.30477564189422,-0.000882227891156463,0.0705882352941176,0.0203310050477962,4,8,-0.612017738408545,-0.774768873416435,1.93289077520489,4,0.545835776629271,0.411480198549619,0.8,5,0.08,0,0.160812593177478,2,0.25,0.619047619047619,-0.238095238095238,0.303311124224978,3,2.1116308425056,0,0,0.981747704246875,0.954721995414364
"Sweden","BA.5.1 (BA.5.1)",0.177205410627841,-0.00178483764639876,0.032520325203252,0.00621247673158157,1,13,-0.293381518944607,-0.454520552884612,1.8320238390894,1,0.237099751709538,1.60294239419259,0.55,2,0.0533333333333334,5,0.0815495230689906,2,0.25,0.904761904761905,-0.0476190476190477,0.287913159086424,2,1.51260568385204,0,0,0.981747704246875,0.907820878408356
"Sweden","BA.5.1.24 (BA.5.1.24)",0.305198372501183,0.000125050020008004,0.05,0.0178371139882553,2,6,0.477306590304548,-1.02200503691434,1.65132657430109,1,0.293295681985248,0.171713722343755,0.9,4,0.0277777777777778,4,0.191643250082842,2,0.333333333333333,0.714285714285714,-0.428571428571429,0.215739008730393,2,2.15478315337337,0,0,1.37444678594563,1.17825880637569
"Sweden","BA.5.1.30 (BA.5.1.30)",0.378682787788018,-0.00127551020408163,0.037037037037037,0.00760683645851774,2,13,-0.333378433681451,-0.491550729773358,1.75551778511024,1,0.313919295985458,-0.674122913752284,0.5,5,0.0416666666666667,0,0.103535913926008,2,0.2,0.619047619047619,-0.238095238095238,0.340178533902906,2,1.44554132240054,0,0,0.7853981633975,1.05555675741435
"Sweden","BA.5.1.5 (BA.5.1.5)",0.118466866196646,-0.00124673929722265,0.0150375939849624,0.00222221573355989,1,15,-0.160622345659378,-0.328717016209121,1.5829423931044,2,0.0738229422608452,-1.38105238576395,0.45,2,0.0883333333333333,5,0.198418693446541,3,1,0.619047619047619,-0.0476190476190477,0.127977554977269,2,1.12237212906693,0,0,1.96349540849375,0.865666171172831
"Sweden","BA.5.2 (BA.5.2)",0.187108939283344,-0.00128527020564323,0.0256410256410256,0.00495880874874942,2,13,-0.329387004139366,-0.505730571319061,1.74622519059627,2,0.212788238661432,-1.91609583447943,0.55,5,0.0233333333333333,2,0.105166227693008,1,0.5,0.476190476190476,-0.142857142857143,0.267371456050985,2,1.4956157801725,0,0,1.37444678594563,1.07368683805194
"Sweden","BC (BA.1.1.1)",0.0746206602716476,0.000169128985595665,0.0448275862068966,0.0219124096484685,2,1,-0.86704186098883,-0.637441320937596,1.54264837676451,2,0.464059916842907,0.325048007315876,1,3,0.00416666666666667,4,0.148844941629692,2,1,0.0476190476190477,-0.619047619047619,0.0552777051703717,3,2.15478315337337,0,0,1.76714586764437,1.23960023368383
"Sweden","BD (BA.1.17.2)",0.245672714699763,0.00206300297784545,0.15,0.0507802127200174,3,2,-0.161987200922337,-0.232048290699085,3.15546063248328,4,0.579977362969484,0.534919925733661,0.85,5,0.166666666666667,4,0.113951493654475,2,0.142857142857143,0.571428571428571,-0.666666666666667,0.476749404662654,4,1.58417075851253,0,0,0.39269908169875,0.844068661320919
"Sweden","BE.1",0.365836915278639,-0.0027533427163969,0.0512820512820513,0.0097846754380402,3,12,-0.302689540375829,-0.469366653073275,1.90549086338443,2,0.285425055170096,-1.00166246884854,0.6,3,0.0233333333333333,3,0.0719943019882889,1,0.5,0.619047619047619,-0.19047619047619,0.378773439060532,2,1.69574253416963,0,0,1.37444678594563,0.939124177597503
"Sweden","BE.1.1",0.262573012113182,0.000206626668447354,0.132530120481928,0.0380861253301611,3,2,0.0572216251233154,0.0572216251233154,2.14860475837953,3,0.290594818632153,0.801823057272904,0.95,5,0.166666666666667,3,0.0891704618000204,1,0.142857142857143,0.714285714285714,-0.523809523809524,0.357060311388713,3,1.96954033294152,0,0,0.981747704246875,1.0793447712804
"Sweden","BF (BA.5.2.1)",-0.346512416464887,0.00146191669551716,0.03125,0.00779434140829823,2,10,-0.516670934825129,-0.689564339927089,1.85255917170724,1,0.36414183613341,1.65597742344434,0.75,6,0.04,0,0.129594642649835,2,0.25,-0.238095238095238,0.380952380952381,0.285155185176609,4,1.96036782943283,0,0,0.7853981633975,1.05835498540957
"Sweden","BF.26",0.119959374408571,-0.00226199859446291,0.0631067961165049,0.017408501979915,3,1,-0.711153843651102,-0.508958137459703,1.98705710593485,2,0.479827319015853,-1.44175501435364,0.85,5,0.166666666666667,4,0.0934735478438344,3,0.142857142857143,0.761904761904762,-0.285714285714286,0.496909314770466,4,1.87406320769729,0,0,0.39269908169875,0.867927361101777
"Sweden","BF.5",0.104428396789321,-0.000432541437627683,0.0238095238095238,0.00672181914715652,3,7,-0.637894721010931,-0.812836390104824,1.76663235321446,2,0.263639599034229,0.462223032354324,0.8,3,0.0133333333333333,2,0.104727857996501,2,0.5,0.428571428571429,0.0476190476190477,0.0658923912107043,3,1.98999131007315,0,0,1.17809724509625,1.19412823239926
"Sweden","BF.7",0.0842117434812964,-0.00104567969179967,0.0126582278481013,0.00201467622725854,2,15,-0.20263170050047,-0.373890727219831,1.57494495270038,1,0.194225891776616,-2.22849817216823,0.5,2,0.0733333333333333,4,0.0814179248400388,1,1,0.333333333333333,-0.0476190476190477,0.107513075273462,2,1.16482137672446,0,0,1.37444678594563,1.00843431479636
"Sweden","BG (BA.2.12.1)",0.0995729320262355,0.00410429795077887,0.0449438202247191,0.0168181424816894,2,5,-0.843880737722233,-0.997759191838582,1.80756504234174,4,0.667181098004681,0.937673665937032,1,5,0.0277777777777778,5,0.114964063934622,1,0.333333333333333,-0.0476190476190477,0.0476190476190477,0.0826343015350025,6,2.06847853163783,0,0,0.981747704246875,1.21097452170451
"Sweden","BN.1",0.275486017631808,0.000513147148998912,0.0271739130434783,0.0102944347027693,2,5,-0.260908481851509,-1.08829425487942,1.87504835394519,4,0.384142652233179,0.407356522494675,0.85,4,0.0833333333333333,4,0.129109536696246,2,0.333333333333333,0.666666666666667,-0.238095238095238,0.25334010499335,3,2.1116308425056,0,0,0.981747704246875,1.12871902114129
"Sweden","BQ.1",0.183183888392599,-0.000868816677001094,0.0374531835205993,0.00689032234402975,2,9,-0.321572313930454,-0.513049127942978,1.73124308956901,2,0.182824626400024,0.678432136970172,0.85,4,0.0366666666666667,3,0.191598320913582,2,0.5,0.428571428571429,-0.142857142857143,0.254064515415373,3,1.98999131007315,0,0,1.570796326795,1.1872335131836
"Sweden","BQ.1.1",0.431669585904084,-0.000720020102574676,0.0428015564202335,0.00858559943248411,2,8,-0.385157974495207,-0.576605843499847,1.86434056313406,5,0.191889714537185,0.272340437870526,0.75,3,0.0833333333333333,0,0.167986608475577,4,0.125,0.666666666666667,-0.333333333333333,0.249955004626971,3,2.05584495467705,0,0,0.981747704246875,1.00065312072601
"Sweden","BQ.1.1.10",-0.0904207176685169,-0.000594774874930518,0.0133333333333333,0.00257593196377951,1,16,-0.256952266473255,-0.394809742560012,1.51031968043199,2,0.073822942260845,-1.0479750922011,0.45,2,0.0891666666666667,2,0.161089148853312,3,1,-0.142857142857143,0.0952380952380953,0.0313178927757744,2,0.997271523182384,0,0,1.96349540849375,1.1072683772072
"Sweden","BV (BA.5.2.20)",0.0797897985355605,-0.000967671591342747,0.0212765957446809,0.00787384520358119,3,7,-0.216730091080483,-0.989984871931154,1.78438913113721,2,0.389312415695236,-1.09799451433592,0.9,5,0.0266666666666667,3,0.143534951127862,2,0.5,0.142857142857143,-0.333333333333333,0.25149702593676,4,2.1116308425056,0,0,1.17809724509625,1.15438779684992
"Sweden","BZ (BA.5.2.3)",0.102622852181276,0.000157646571024335,0.0542635658914729,0.0175745951929167,1,3,-0.0999982212342322,-0.0999982212342321,1.50463493704094,1,0.382025945269767,1.77668694868896,0.95,6,0.0241666666666667,3,0.122018854799545,2,1,0.80952380952381,-0.523809523809524,0.1269969767779,3,1.87752428114939,0,0,2.3561944901925,1.21185912475318
"Sweden","CH.1",-0.124180013646503,-0.00158349836464971,0.0260869565217391,0.00915302545094994,4,1,-0.21811776415502,-0.0037133793993086,1.66567874410937,1,0.155850891509579,-0.492232722443353,1,5,0.0740740740740741,5,0.189631076193474,2,0.333333333333333,-0.0476190476190477,0.142857142857143,0.142723627815089,3,2.15478315337337,0,0,1.37444678594563,1.07440301656278
"Sweden","CH.1.1.1",0.179055647419686,0.000901631737939559,0.0298507462686567,0.0137414788806991,2,2,-0.52188005307027,-0.359137898227482,2.02190340494709,3,0.502528998468718,0.60287099060921,0.95,5,0.03,5,0.199041130422364,1,0.5,0.238095238095238,-0.428571428571429,0.208174431548232,4,2.08546843531737,0,0,1.17809724509625,1.18241446084813
"Sweden","DE (BA.5.1.23)",0.169015268672144,0.00935045064370708,0.0963855421686747,0.0292738243700793,3,2,-0.68578267025957,-0.68578267025957,1.70405979271006,2,0.129585954308924,0.554877532104615,0.9,5,0.0233333333333333,5,0.132021120323951,2,0.5,-0.238095238095238,-0.19047619047619,0.0855737814028625,3,2.1116308425056,0,0,1.17809724509625,1.26472851321291
"Sweden","DH (BA.5.1.22)",0.18467340064709,-0.00306122448979592,0.0303030303030303,0.00658504371966251,2,14,-0.343506094552962,-0.489920087895323,1.58215211391731,1,0.310866239486813,-0.927675258698243,0.5,2,0.0733333333333334,2,0.113537565230434,1,1,-0.19047619047619,-0.0952380952380952,0.126607107007256,2,1.22060726455302,0,0,1.76714586764437,0.997429381323966
"Sweden","EG.1",-0.32478023042623,-0.00113428238428238,0.0416666666666667,0.00862278663853098,2,12,-0.340477264498821,-0.499657815931727,1.75790280084185,2,0.173532695323385,-0.475453274708124,0.7,3,0.0733333333333333,3,0.127002698756022,2,0.5,-0.571428571428571,0.285714285714286,0.139130373576586,2,1.77858608245307,0,0,1.37444678594563,1.19630713615783
"Sweden","EG.5.1",-0.223910582585183,-0.00266542980828695,0.142857142857143,0.0230645315117365,1,13,-0.238118720699958,-0.431863272068226,1.50643267088561,1,0.134221345521116,0.0543780345262459,0.65,3,0.0416666666666667,4,0.166391741561678,2,1,0.333333333333333,0.238095238095238,0.0397791129838435,3,1.50994476516758,0,0,2.15984494934313,1.24682409241747
"Sweden","EG.5.1.1",0.0365133965937832,-0.00446428571428571,0.1,0.00865079365079365,1,18,0.0556295708069762,-0.150527073948288,1.56983375744376,2,0.019215621788622,-0.253523532944761,0.25,2,0.160833333333333,0,0.191690119717747,2,1,0.428571428571429,0,0.130287684138925,2,0.730588061371122,0,0,1.76714586764437,1.20530677230451
"Sweden","EG.5.1.3",0.0462593411618618,-0.00446428571428571,0.25,0.0476406926406926,1,13,-0.30446411056783,-0.472559735666226,1.58406536497194,2,0.237099751709537,1.506338941879,0.55,4,0.0616666666666667,0,0.125368060283191,3,1,0.19047619047619,0.142857142857143,0.0737720424368871,4,1.38314875124874,0,0,1.76714586764437,1.16366982664411
"Sweden","G2 (B.1.258.22)",0.0865580635254973,0.00357142857142856,0.48,0.0749507985420885,2,11,-0.20492400024977,-0.387411209239658,1.60401438069188,2,0.0568253985199022,-1.86603213325081,0.75,3,0.0108333333333333,2,0.153510978564063,3,1,0.761904761904762,0.0952380952380953,0.125304424483993,3,1.94337792575329,0,0,1.96349540849375,1.13222170556551
"Sweden","HK.3",0.370999224808766,-0.00630252100840336,0.105263157894737,0.0132687211413439,2,14,-0.105094337624177,-0.306788843646644,1.6989612308406,2,0.0568253985199022,-2.59817923362173,0.45,3,0.0733333333333334,5,0.169926111592711,1,0.5,-0.238095238095238,-0.19047619047619,0.204104488508644,2,1.18251434361424,0,0,1.37444678594563,1.09283553521473
"Sweden","HV.1",0.0562384160486391,-0.00128539788008226,0.032258064516129,0.00677888677567169,1,13,-0.348326702129122,-0.506447884387339,1.50849234383015,1,0.13976993770184,0.0576722157213038,0.6,2,0.0416666666666667,0,0.134029743763011,3,1,0.0476190476190477,0.0476190476190477,0.0445083090101559,2,1.54012319437811,0,0,1.96349540849375,1.24276160706354
"Sweden","JG.3",0.0485907700230567,-0.0018796992481203,0.0294117647058824,0.00472590175322553,1,16,-0.186623360256133,-0.340398353356569,1.51673398372554,1,0.0568253985199026,-0.308694807296008,0.45,2,0.0891666666666667,0,0.123934554799838,2,1,0.333333333333333,0,0.0624473256259453,2,0.997271523182384,0,0,1.76714586764437,1.23877413152018
"Sweden","JN.1",0.136540901278672,-0.0038265306122449,0.0454545454545455,0.00881026594224947,1,14,-0.292719701164689,-0.448710666814782,1.72194029541676,1,0.274294394548395,0.628725143913527,0.5,4,0.0277777777777778,5,0.0973628000865842,2,0.333333333333333,0.0476190476190477,-0.19047619047619,0.183392377321357,4,1.22060726455302,0,0,1.17809724509625,1.06409515220439
"Sweden","JN.1.4",0.23757452810067,0.00013419804057142,0.0432692307692308,0.0149469980405402,2,4,-0.823467175352131,0.350797316861193,1.56905338490456,1,0.307536555908872,0.0671467649187248,0.9,3,0.00416666666666667,4,0.164218025350216,3,1,0.619047619047619,-0.380952380952381,0.150254953358582,3,2.15478315337337,0,0,1.96349540849375,1.08169843017663
"Sweden","JN.2",-0.0949078633495136,-0.00412087912087912,0.0571428571428571,0.0068201639630211,1,18,-0.0636605868374278,-0.228133838004158,1.93615035337359,8,0.019215621788622,0.19886486005711,0.2,3,0.133333333333333,0,0.131825699662097,1,0.5,0.142857142857143,0,0.150504444764054,3,0.708346577706171,0,0,0.981747704246875,1.16207471682073
"Sweden","QB.1.177.21 (B.1.177.21)",-0.161418444114758,-0.0267857142857143,0.25,0.0119047619047619,0,20,0.240039679259592,0.0109108945117996,1.63061908481708,21,0,-4.81170447970363,0.05,1,0.285833333333333,0,0.154428516563958,11,1,-0.904761904761905,0.0952380952380953,0.141604822772245,1,0.198515243345873,0,0,1.570796326795,0.360041149911548
"Sweden","QB.1.177.35 (B.1.177.35)",0.0635843646826471,0.00156259672726522,0.157894736842105,0.0172359927568587,1,13,-0.0401966001995614,-0.259579521948314,1.5353677536711,1,0.139618571304392,0.0946054319191471,0.6,2,0.0591666666666667,3,0.238904534835893,3,1,0.333333333333333,0.19047619047619,0.0919239561042786,2,1.35923670066501,0,0,1.96349540849375,1.26092088141435
"Sweden","QB.1.177.86 (B.1.177.86)",-0.154150745569928,-0.0153061224489796,0.142857142857143,0.00680272108843537,0,20,0.240039679259592,0.0109108945117996,1.63061908481708,21,0,-4.81170447970364,0.05,1,0.285833333333333,0,0.154428516563958,11,1,-0.904761904761905,0.0952380952380953,0.141604822772246,1,0.198515243345873,0,0,1.570796326795,0.360041149911548
"Sweden","XBB",-0.241243059618301,-0.00142695136038769,0.015625,0.00215794757947998,1,15,-0.137723708061991,-0.318422480937007,1.58145229153737,1,0.162923913983435,-0.424959316814011,0.5,2,0.0733333333333333,0,0.157846390760859,1,1,-0.571428571428571,0.238095238095238,0.0979571693420578,2,1.16482137672446,0,0,1.76714586764437,1.06002717955651
"Sweden","XBB.1",0.323545094159027,-0.000643670927597406,0.0202020202020202,0.00449323464181213,2,10,-0.452834798764709,-0.63779349427246,2.03860519156173,2,0.23704259490626,-0.16914256894093,0.6,4,0.0166666666666667,4,0.0825252942344578,2,0.5,0.619047619047619,-0.19047619047619,0.3355682079705,3,1.94192772391643,0,0,1.17809724509625,1.10484303683114
"Sweden","XBB.1.16",0.415709679832572,-0.00167410714285714,0.0634920634920635,0.0161526316187068,2,9,-0.521620267405901,-0.69053442866298,1.54323007159421,1,0.319992789796397,0.139773544769159,0.7,3,0.0116666666666667,0,0.144207396795363,1,1,0.238095238095238,-0.428571428571429,0.163654121556826,3,2.05584495467705,0,0,1.96349540849375,1.11080177018368
"Sweden","XBB.1.4.1",0.0187574518353599,0.00196155793628923,0.058252427184466,0.0229894490598763,3,2,-0.827299787410322,-0.827299787410322,1.86096367000117,3,0.495826684432933,-0.277361132287868,0.9,4,0.104166666666667,5,0.0955277565360988,2,0.2,0.619047619047619,-0.285714285714286,0.219636029345849,2,1.87406320769729,0,0,0.981747704246875,1.07007390606141
"Sweden","XBB.1.5",0.0250031830087198,-0.00285577997271546,0.0396039603960396,0.0175752469171475,2,3,-0.488871731664824,-0.318858939513326,1.80814148866807,3,0.517354028782025,-1.41547312011483,0.85,5,0.0233333333333333,4,0.0991095882831915,1,0.5,0.142857142857143,0.0952380952380953,0.173246035099103,3,2.15478315337337,0,0,1.17809724509625,1.20916623756618
"Sweden","XBB.1.9",-0.0859085293334829,-0.00145493148654653,0.0146520146520147,0.00251461633307095,1,15,-0.229453862324883,-0.3896365248581,1.50063510639849,1,0.267188752888188,-0.821711053838734,0.55,2,0.0733333333333333,5,0.132515264502891,3,1,-0.142857142857143,0.142857142857143,0.125247915027124,2,1.06709389487575,0,0,2.15984494934313,0.941360166216332
"Sweden","XBF",0.259780857010649,0.000877881110684302,0.0297872340425532,0.0102074017843591,2,3,-0.85964327540674,0.025940301949755,1.66018064544579,1,0.120772955634133,-1.57427154292177,0.9,5,0.04,4,0.148378448609786,3,0.25,0.761904761904762,-0.238095238095238,0.198938504439071,2,1.96954033294152,0,0,1.570796326795,1.00574964703634
"United Kingdom","A",-0.00923512811628976,-0.00118152230961673,0.0215827338129496,0.0107029354531629,2,0,-0.094294283263766,-0.324172526227615,1.56419966522399,1,0.243054626544775,-3.66227645519971,0.9,4,0.00416666666666667,4,0.22294308229258,5,1,-0.285714285714286,-0.0476190476190477,0.12014715452809,3,2.15478315337337,0,0,1.96349540849375,1.03747797899684
"United Kingdom","AD.2",0.682745465447727,-0.00150905432595573,0.217054263565891,0.0674423352619292,6,8,-0.58413845345558,-0.722746139097094,5.13971682754345,12,0.726052973015629,0.0548628658406414,0.7,8,0.111111111111111,3,0.403727871747031,7,0.333333333333333,0.619047619047619,-0.428571428571429,0.808215737306577,3,1.71273243784917,0,0,0.196349540849375,0.606929631172269
"United Kingdom","AY (B.1.617.2)",0.0940936299043581,-0.000385536240723878,0.054858934169279,0.0216189124062219,5,0,-0.246700929824307,0.348234813505833,4.02222129247291,7,0.576918284146434,-0.448429934504239,1,7,0.166666666666667,0,0.053613598437336,6,0.142857142857143,0.523809523809524,-0.523809523809524,0.579202927394912,3,1.78204715590517,0,0,0.196349540849375,0.750171980655896
"United Kingdom","AY.120",0.0670953209642433,-0.000707864628472801,0.0187814933577645,0.0101631659374624,3,0,0.784109696834469,0.605895799209001,3.07930768117495,6,0.553964515231199,0.114048695590973,1,6,0.0625,2,0.147435434157602,1,0.2,0.571428571428571,-0.523809523809524,0.424306316421055,3,1.83091089682953,0,0,0.589048622548125,0.771508792120036
"United Kingdom","AY.4",0.161694164264341,0.00255895514424421,0.231671554252199,0.098755110494392,4,0,-0.905543570047127,-1.05145132469864,5.34590389546332,14,1.06106130779948,-0.00708830002608384,0.85,8,0.166666666666667,0,0.499013710464738,3,0.142857142857143,0.714285714285714,-0.571428571428571,0.789808988961111,2,1.38314875124874,0,0,0.196349540849375,0.390610253593932
"United Kingdom","AY.4.2",0.0202825238170412,-0.000473057287680972,0.0170660856935367,0.0114603443430705,2,0,-0.404359985741182,-1.2666170350713,1.85335322960458,5,0.617524198953892,-1.27531633817209,1,4,0.04,0,0.13368398408729,2,0.25,0.619047619047619,-0.619047619047619,0.200701997421152,3,2.01615371726138,0,0,0.981747704246875,0.809741941980592
"United Kingdom","AY.4.2.1",0.0289827248704896,-0.000772507309193404,0.020995597697257,0.0141086459735174,3,0,0.0288307574322524,0.211579841890243,2.70980390490561,4,0.408038793008053,0.251756760726724,1,5,0.166666666666667,4,0.0659354076508261,3,0.142857142857143,0.523809523809524,-0.428571428571429,0.395110509902901,3,1.84790080050907,0,0,0.589048622548125,0.953162992853732
"United Kingdom","AY.4.2.2",0.00792391284340324,3.3144258427838e-06,0.0178515502662073,0.0108402175031399,2,0,-0.251891380615253,-0.0574008233701259,1.69656455235482,1,0.203391083596956,-0.627534688147194,0.95,5,0.0555555555555556,4,0.194787211441938,2,0.333333333333333,0.523809523809524,-0.0476190476190477,0.135877073358145,4,2.1116308425056,0,0,1.17809724509625,1.19520087135304
"United Kingdom","AY.43",0.0201852358905512,5.4428283817878e-05,0.0171927846674183,0.0119572198249978,4,0,-1.00940274296146,-1.16179341029822,1.81739714733328,2,0.427449430393733,-0.117286741431508,0.85,5,0.02,4,0.113910891857774,1,0.5,0.285714285714286,-0.476190476190476,0.237112908136003,4,2.1116308425056,0,0,1.37444678594563,1.15090567993409
"United Kingdom","AY.46",0.015874325807092,-0.000281847848338494,0.0136257892987704,0.0111445248706708,3,0,0.778034106273826,0.932378624713849,1.69195507949683,2,0.624558579916991,1.35948937704053,1,6,0.0416666666666667,5,0.116811702080681,1,0.2,0.523809523809524,-0.285714285714286,0.32134122848913,3,2.08546843531737,0,0,1.76714586764437,1.01459454544358
"United Kingdom","AY.5",0.0635008396727657,0.000334534894855499,0.0685023505708529,0.029423506688197,4,0,-0.755226227307549,-0.755226227307549,2.89879832149176,3,0.405922086044641,1.21418876006614,0.85,6,0.166666666666667,4,0.0768837431730003,2,0.125,0.904761904761905,-0.476190476190476,0.425048559854417,4,1.84790080050907,0,0,0.589048622548125,0.819511404416165
"United Kingdom","AY.6",0.0693223436769128,-0.00118531696070862,0.0141065830721003,0.00266959702411653,3,2,-0.373562206583148,-0.582853025468722,1.68510658534561,4,0.12045940399934,-2.25503231719442,0.85,3,0.0633333333333333,0,0.172585327969945,4,0.5,0,0,0.13161314052228,3,2.15478315337337,0,0,1.37444678594563,0.852260625208726
"United Kingdom","AY.9",0.0635597549075799,-0.000306937925598165,0.0325379609544469,0.0163509850703777,3,0,-1.00053013235522,-0.146526541062676,4.66469256683771,10,0.65446675233038,0.246991574779981,1,9,0.166666666666667,0,0.0502858342066873,7,0.125,0.80952380952381,-0.428571428571429,0.694934230580373,2,1.84790080050907,0,0,0.196349540849375,0.612137921850273
"United Kingdom","AY.98",0.0376643653422475,-0.000404653514317223,0.0317848410757946,0.0174332394138419,2,0,-0.249925276667012,-0.457532722100534,3.83560775307526,1,0.577860656006072,0.491039008366195,1,8,0.166666666666667,5,0.118092951962458,3,0.142857142857143,0.714285714285714,-0.428571428571429,0.579010977812406,4,1.63995664634108,0,0,0.196349540849375,0.700820550480373
"United Kingdom","B.1",0.0217667140470336,-0.00221744811295027,0.072463768115942,0.0397862961808429,2,0,0.0717945766251443,0.245087673605732,1.702580657963,2,0.457105513344752,1.3105122387282,1,3,0.0333333333333333,3,0.12885655248378,2,0.5,0.0476190476190477,-0.333333333333333,0.116561848383722,5,2.15478315337337,0,0,1.570796326795,1.19532976329411
"United Kingdom","B.1.1",0.0157550117010502,-0.00196987162612535,0.0740740740740741,0.0266590978016508,6,2,-0.930034184029957,-0.930034184029957,2.18135211145866,2,0.306010027659549,-1.44676524838798,0.95,5,0.0133333333333333,5,0.0591154630329114,2,1,-0.619047619047619,0.0952380952380953,0.351942292282258,5,1.86053437746985,0,0,0.981747704246875,0.833773036534886
"United Kingdom","B.1.1.301",0.293755634279172,-0.00240985334332301,0.0662460567823344,0.0314432173489495,3,3,-1.06765238402905,0.0722624733299729,2.13321989397757,3,0.593628058179018,1.39336774381355,0.9,5,0.111111111111111,3,0.153290379119107,2,0.166666666666667,0.619047619047619,-0.380952380952381,0.465316692181103,4,1.63995664634108,0,0,0.589048622548125,0.968828599250803
"United Kingdom","B.1.1.369",0.468596788948061,0.000433688958279122,0.0465686274509804,0.0123076537799515,4,8,-0.579193750015243,-0.755464790771178,2.82400627787123,6,0.399910054406125,-0.0486151666200507,0.75,5,0.111111111111111,4,0.205221115973527,5,0.166666666666667,0.80952380952381,-0.476190476190476,0.410899159462328,3,1.91721551856506,0,0,0.589048622548125,0.876537154384332
"United Kingdom","B.1.1.37",0.248456117763705,-0.00127551020408163,0.0335570469798658,0.00801376510027919,2,9,-0.464446596567881,-0.631742154317585,1.94229104426079,1,0.319408633406713,-1.7642508854433,0.7,5,0.0462962962962963,5,0.0668988840188742,3,0.333333333333333,0.761904761904762,-0.380952380952381,0.272593522642117,2,2.08200736186528,0,0,0.7853981633975,1.10395689747326
"United Kingdom","B.1.1.372",0.275838877842415,0.000419799671764267,0.0398773006134969,0.0205892983828777,4,2,1.15735172291896,1.3081727738774,4.07363301242119,4,0.670234154503326,-0.475034063778961,0.95,5,0.166666666666667,4,0.0761318090909564,3,0.142857142857143,0.523809523809524,-0.571428571428571,0.547136608143433,2,2.08546843531737,0,0,0.39269908169875,0.762357090321331
"United Kingdom","B.1.1.83",-0.000406160263339689,-0.00122100679390219,0.0249520153550864,0.0138755048513823,4,0,1.19365513398545,1.34731919473073,1.61746197035642,2,0.610569795455737,-0.547491788675917,0.85,4,0.00416666666666667,5,0.139026064961248,3,1,0,0.142857142857143,0.0130073478176816,3,2.15478315337337,0,0,1.37444678594563,1.30763958066396
"United Kingdom","B.1.13",-0.0108266006488793,0.000368486960716213,0.0388349514563107,0.019237333024043,2,0,-0.942721995068545,-0.600312754163174,1.5378567073398,2,0.453462278132018,-1.33642277139191,1,3,0.00666666666666667,2,0.114668876734554,2,1,-0.142857142857143,0.238095238095238,0.0413988409327991,3,2.12862074618514,0,0,2.15984494934313,0.988407753105156
"United Kingdom","B.1.142",-0.141033415518294,-0.00122106778905773,0.0136157337367625,0.00659612211915906,3,2,-0.651793792042188,-0.47510661232488,1.75049280489348,2,0.599388000355164,-1.43243246485334,1,3,0.0333333333333333,3,0.107408152323195,2,0.5,-0.142857142857143,0.571428571428571,0.0862282477577951,4,2.15478315337337,0,0,1.37444678594563,1.26632272833684
"United Kingdom","B.1.222",0.0619758016726461,0.000217650399471461,0.0269299820466786,0.0135102665186052,3,0,-1.21402282640095,-1.03766386358174,4.14620446077816,1,0.628453904592095,0.213758423320473,1,7,0.166666666666667,5,0.169974247294224,4,0.142857142857143,0.619047619047619,-0.285714285714286,0.617102480061596,4,1.97300140639361,0,0,0.39269908169875,0.767806261104114
"United Kingdom","B.1.36",-0.0697292683455404,-0.00107142857142857,0.01,0.000579485590331577,1,19,0.190305735835346,-0.0359715705539913,1.62197554597256,5,0.0060232457322229,-4.63428770486361,0.15,2,0.216666666666667,0,0.0864757894143561,5,1,-0.19047619047619,0.0476190476190477,0.139303509133721,2,0.518186213050213,0,0,1.570796326795,0.44945219154204
"United Kingdom","B.1.391",0.224727622869597,0.000812326879292373,0.0390625,0.0174309218848509,2,2,0.206521974323049,0.398569696862376,3.45612988743282,6,0.458632041594075,0.554750540617081,0.9,7,0.04,0,0.128771057104237,4,0.25,0.428571428571429,-0.619047619047619,0.420603680791468,3,1.9342054222446,0,0,0.589048622548125,0.882947859471193
"United Kingdom","B.1.93",0.170712352907288,-0.000642823249144761,0.0319693094629156,0.0127285500053901,4,1,-1.18852359647192,-0.789889550944068,4.41502289287624,6,0.628453904592095,0.333117565015595,1,5,0.166666666666667,0,0.154943466807456,1,0.125,0.761904761904762,-0.523809523809524,0.58569276013226,3,1.70927136439708,0,0,0.196349540849375,0.579012696822465
"United Kingdom","B.23",0.134295902881238,-0.000182699562239513,0.0388349514563107,0.0179504331775244,2,2,-0.531988267425093,-0.368020728396662,1.44387435511034,1,0.449819042919284,0.167425935828928,1,3,0.0241666666666667,5,0.156668757219634,4,1,0.238095238095238,-0.238095238095238,0.0355269089164273,3,1.87752428114939,0,0,2.3561944901925,1.29188997652753
"United Kingdom","B.28",0.109281553667058,-0.000363123224509773,0.032967032967033,0.00891712736182676,2,3,-0.658985609029932,-0.852252167264385,1.59587594358877,1,0.383458392160316,-2.45793924596195,0.9,6,0.0191666666666667,0,0.105980708448565,3,1,-0.619047619047619,0.333333333333333,0.193299131933538,3,2.02532622077007,0,0,1.76714586764437,0.7153650976404
"United Kingdom","B.3",0.269988515296152,0.00605156017311605,0.0935251798561151,0.0496400838958327,4,2,0.632127147869971,0.445364714437182,2.79375664247327,4,0.493715999793926,0.190135520598615,0.9,13,0.166666666666667,5,0.108595838478131,3,0.142857142857143,0.238095238095238,-0.761904761904762,0.480472319081332,3,2.08546843531737,0,0,0.39269908169875,0.893322194524418
"United Kingdom","B.3.1",0.133873557061621,0.00599186388497881,0.096045197740113,0.0308879934202995,5,1,-0.843162051775972,-0.652916635694877,2.59916196908342,6,0.198805476524583,-0.435076932643189,0.95,5,0.0833333333333333,0,0.108447434291581,2,0.666666666666667,-0.19047619047619,-0.619047619047619,0.389387103222788,3,2.06847853163783,0,0,0.589048622548125,1.09756008866463
"United Kingdom","B.39",0.155420096244024,0.00245063864918586,0.0508474576271186,0.0203517408475598,3,2,-0.412320042063676,-0.617964095306991,1.49785874693736,1,0.340245695358536,-1.83534226260045,0.95,4,0.0141666666666667,3,0.163767946389663,1,1,0.19047619047619,-0.523809523809524,0.0390045319743204,2,2.00698121375269,0,0,1.96349540849375,1.31367536396696
"United Kingdom","B.45",-0.0299458746425093,0.00107823094060676,0.0193905817174515,0.0101889004305525,2,0,0.234984303928991,0.234984303928991,1.98691862665625,2,0.338819270792394,-0.158698922807282,1,7,0.0625,2,0.0967269517873798,1,0.2,-0.333333333333333,0.523809523809524,0.436834182570756,4,2.12862074618514,0,0,0.7853981633975,1.01571037830567
"United Kingdom","BA.1 (BA.1)",-0.127909768387768,-0.00202922077922078,0.0189393939393939,0.000901875901875902,0,20,0.240039679259592,0.0109108945117996,1.63061908481708,21,0,-4.81170447970363,0.05,1,0.285833333333333,0,0.154428516563958,11,1,-0.904761904761905,0.0952380952380953,0.141604822772246,1,0.198515243345873,0,0,1.570796326795,0.360041149911548
"United Kingdom","BA.1.1 (BA.1.1)",0.114569156017493,0.00769527866077522,0.174441617189709,0.0880186173296201,7,0,-0.346415019976836,-0.290828782751662,5.57965262478023,14,0.9451438616729,0.0125871213558453,0.85,9,0.166666666666667,0,1.23746069821221,2,0.125,0.714285714285714,-0.666666666666667,0.741446893811723,2,1.38314875124874,0,0,0.196349540849375,0.120840316908293
"United Kingdom","BA.1.15 (BA.1.15)",0.0488679613222841,0.00234386143345576,0.0483122700367941,0.0343237846207117,4,0,0.708481885752123,0.467078872679811,4.40956970119614,11,0.868185572203043,0.0860951162643003,0.95,6,0.166666666666667,0,0.277706539683405,3,0.125,0.761904761904762,-0.761904761904762,0.604867281986023,3,1.84790080050907,0,0,0.196349540849375,0.398897734062612
"United Kingdom","BA.1.15.1 (BA.1.15.1)",0.0570771163412603,0.00767657764870761,0.0834927575840394,0.0603867646278201,4,0,0.854353320620867,0.685896145515224,4.54678383576919,14,0.716241796016975,0.0348789266297208,0.9,12,0.166666666666667,4,0.652464361682614,11,0.285714285714286,0.476190476190476,-0.761904761904762,0.686996171413567,3,1.84790080050907,0,0,0.196349540849375,0.433955433521167
"United Kingdom","BA.1.16 (BA.1.16)",0.0288000540541039,0.00116533438641813,0.0270474036377344,0.0221463911387406,2,0,0.807393995755477,0.638695451697626,4.90383593959859,8,0.55870001012657,0.352728620149195,0.85,12,0.166666666666667,5,0.116996519833583,1,0.142857142857143,0.476190476190476,-0.80952380952381,0.669899347064198,3,1.91721551856506,0,0,0.196349540849375,0.46239309276244
"United Kingdom","BA.2 (BA.2)",0.111558283250079,0.00380439951519022,0.115294940545582,0.043629031092155,6,0,-0.783988265801977,-0.603844969124871,4.40254863379654,12,0.758612224642295,0.143962555500436,0.8,9,0.166666666666667,0,0.220696342899306,3,0.111111111111111,0.857142857142857,-0.523809523809524,0.636646695639793,2,1.90368668833762,0,0,0.196349540849375,0.389600140649969
"United Kingdom","BA.2.10 (BA.2.10)",0.0468565598133585,0.000367715972854079,0.031647501780808,0.0181408412485826,4,0,-0.304154550823635,0.282607454540297,5.17620027330429,9,0.489814652794417,0.103145091921538,0.95,7,0.166666666666667,5,0.309819963345771,2,0.125,0.761904761904762,-0.619047619047619,0.601464304833362,3,1.58417075851253,0,0,0.196349540849375,0.520825589787318
"United Kingdom","BA.2.18 (BA.2.18)",0.0375777137979584,-0.000417613124329895,0.0215938303341902,0.0125832880156307,3,0,-0.903312228022045,-0.748609210584969,3.5461223309739,10,0.404979714185002,0.000697658217225828,1,4,0.166666666666667,3,0.222953234758375,1,0.142857142857143,0.80952380952381,-0.238095238095238,0.579987566936179,3,1.86053437746985,0,0,0.39269908169875,0.75172335163227
"United Kingdom","BA.2.23 (BA.2.23)",0.0355115253688585,-0.000591610879773177,0.0271255983587873,0.0146733841639985,3,0,-0.436078122119445,-0.600186157416432,1.74059381100186,2,0.323303958081817,1.08280910473917,0.95,4,0.01,3,0.111524453325483,2,0.5,0.428571428571429,-0.333333333333333,0.194601795292882,4,1.96036782943283,0,0,1.570796326795,1.17083610922444
"United Kingdom","BA.2.3 (BA.2.3)",0.0597619300312852,0.00115587537256519,0.039378612716763,0.0251830508114683,5,0,1.25156387141921,-0.520688956892241,5.47066143773545,15,0.837687221075564,0.0228597529385133,0.85,8,0.166666666666667,0,0.865169159490022,3,0.375,0.714285714285714,-0.619047619047619,0.752799942552289,3,1.38314875124874,0,0,0.196349540849375,0.311414734632915
"United Kingdom","BA.2.9 (BA.2.9)",0.0639869690502133,0.000634306539847106,0.0379553106825834,0.0224342278692335,6,0,-1.0852582599503,-1.24474123529968,5.26318573910408,15,1.00598255582426,0.043948799313446,0.75,10,0.166666666666667,4,0.568273278811576,3,0.125,0.80952380952381,-0.619047619047619,0.727098929053952,3,1.58417075851253,0,0,0.196349540849375,0.293725413050749
"United Kingdom","BA.4 (BA.4)",0.0858437585545435,0.00323872374145737,0.0752688172043011,0.0311634993611696,3,0,-0.842892245275042,-1.020349933661,2.25505884974464,2,0.779807502064073,0.00460654950602614,0.95,4,0.166666666666667,4,0.239823542950213,1,0.142857142857143,0.80952380952381,-0.523809523809524,0.439825359997418,3,1.84443972705697,0,0,0.589048622548125,0.682971742367047
"United Kingdom","BA.4.1 (BA.4.1)",0.0844768729363164,0.000639331837362119,0.0648464163822526,0.0221242185220191,3,0,-0.713890331695154,-0.500575150733748,3.97814154365075,1,0.320244879258767,0.913523998627649,0.95,7,0.166666666666667,3,0.132976928647411,2,0.125,0.714285714285714,-0.619047619047619,0.502321520107942,2,1.84790080050907,0,0,0.196349540849375,0.678074600395327
"United Kingdom","BA.4.6 (BA.4.6)",0.00991783460605312,0.000382572778950901,0.0217762596071734,0.0152000238858895,3,0,0.62532382092154,0.434356239048703,1.73450278900784,2,0.48464488933236,-0.719092967589584,1,3,0.0533333333333333,3,0.121231212161165,4,0.5,0.142857142857143,-0.142857142857143,0.0329159075863315,3,1.97300140639361,0,0,1.37444678594563,1.24158011413126
"United Kingdom","BA.5 (BA.5)",0.0554366098052885,0.00213360365597552,0.0454545454545455,0.0285244500740833,2,0,-0.168640528027064,-0.347274031316928,2.83714039415222,2,0.370744046486015,0.36287834087866,1,7,0.166666666666667,5,0.188337028646669,3,0.111111111111111,0.714285714285714,-0.619047619047619,0.494557526354188,4,2.15478315337337,0,0,0.196349540849375,0.612211384620217
"United Kingdom","BA.5.1 (BA.5.1)",0.223343062169523,0.00207920937573781,0.125295508274232,0.0455252001030045,3,1,-1.00123967530877,-0.811137590978849,4.76691796904924,14,0.531010746315964,0.116263728778608,0.95,8,0.166666666666667,5,0.283288426476251,4,0.125,0.785714285714286,-0.523809523809524,0.650858195454405,3,1.84790080050907,0,0,0.196349540849375,0.443060973541803
"United Kingdom","BA.5.2 (BA.5.2)",0.0759450176486448,0.000134537580141517,0.0688888888888889,0.0320975218886249,3,0,-0.939854103803981,-0.526944271957699,5.12612538982661,2,0.769209863353184,0.181741270332966,0.85,9,0.166666666666667,2,0.19757048250286,1,0.125,0.714285714285714,-0.523809523809524,0.65468003435056,3,1.90368668833762,0,0,0.196349540849375,0.58140125855442
"United Kingdom","BA.5.3.3 (BA.5.3.3)",0.0532450354074279,-0.0025258301537127,0.0205032618825722,0.01223986835493,2,1,0.417517180753479,0.0122717981971627,1.78655686681693,2,0.469229680304964,-0.198765669835847,0.95,5,0.0433333333333333,4,0.103955480186812,4,0.5,-0.0476190476190477,-0.142857142857143,0.171358331150548,3,2.1116308425056,0,0,1.37444678594563,1.25003350305554
"United Kingdom","BC5 (BA.1.1.15)",0.0247034752722513,2.32714536421611e-05,0.0143526212418794,0.010849644072303,4,0,-0.363383456146483,0.270309632831974,3.95370372521617,3,0.684475028426949,0.0190027231145808,0.85,7,0.166666666666667,4,0.215133282053643,2,0.142857142857143,0.761904761904762,-0.571428571428571,0.602126534646084,3,1.97300140639361,0,0,0.196349540849375,0.63195164828678
"United Kingdom","BD (BA.1.17.2)",-0.119746619518565,-0.00108225108225108,0.0101010101010101,0.000481000481000481,0,20,0.240039679259591,0.0109108945117996,1.63061908481708,21,0,-4.81170447970362,0.05,1,0.285833333333333,0,0.154428516563958,11,1,-0.904761904761905,0.0952380952380953,0.141604822772245,1,0.198515243345873,0,0,1.570796326795,0.360041149911548
"United Kingdom","BE.1",0.0710691176873382,0.0012951712706504,0.0488974113135187,0.0297658708101937,2,0,1.15238200644101,0.996034621855304,4.48100927095879,2,0.514653165428929,0.274309224473075,1,8,0.166666666666667,4,0.185189364314971,3,0.142857142857143,0.523809523809524,-0.571428571428571,0.605494303148128,2,2.00698121375269,0,0,0.196349540849375,0.599601240725034
"United Kingdom","BE.1.1",0.0568328115182252,0.000711307474976248,0.0329113924050633,0.0200788483554438,2,0,-0.994426858814091,-0.994426858814091,5.66737809707631,13,0.677520624928794,0.231174424344878,0.95,7,0.166666666666667,3,0.136258326269158,1,0.142857142857143,0.619047619047619,-0.571428571428571,0.705808468378226,4,1.77512500900097,0,0,0.196349540849375,0.60460733451759
"United Kingdom","BF (BA.5.2.1)",0.115583880695003,0.00016218128595749,0.0614657210401891,0.0258533874542343,4,0,-0.998935282517893,-0.83349498594832,4.91433742148285,9,0.728013769831637,0.276985259973192,0.95,6,0.166666666666667,4,0.0736973997140337,3,0.142857142857143,0.714285714285714,-0.523809523809524,0.64210378280793,3,1.58417075851253,0,0,0.196349540849375,0.61310952512514
"United Kingdom","BF.1",0.0584174507911618,0.000162290549255205,0.0448717948717949,0.0216860674205139,2,0,-0.300595401320641,-0.489799007627651,4.71880387011211,2,0.536080406094841,-0.434840382111819,1,5,0.166666666666667,0,0.228677407516541,6,0.125,0.714285714285714,-0.476190476190476,0.56961138779047,3,1.84790080050907,0,0,0.39269908169875,0.806059718666064
"United Kingdom","BF.5",0.0173422578420403,0.000311221709779928,0.0236460717009916,0.0114820519270197,2,0,-0.471122652394657,-0.220942346083143,1.62950532393326,2,0.243794693081863,1.51544357870361,0.95,4,0.00916666666666667,4,0.0828118165096649,5,1,0.714285714285714,-0.19047619047619,0.136395750577154,5,2.1116308425056,0,0,1.570796326795,1.15654664678429
"United Kingdom","BG (BA.2.12.1)",0.0939758661195073,0.000214530513596786,0.0745341614906832,0.0289137918240115,3,0,-0.935645783065292,-0.740899020909783,4.7131282981922,13,0.854628958352283,-0.0162687262659842,0.9,7,0.166666666666667,5,0.149185502402863,3,0.125,0.80952380952381,-0.476190476190476,0.661930363751289,3,1.84790080050907,0,0,0.196349540849375,0.503485032989868
"United Kingdom","BN.1",0.000286240755655204,-0.0014171938587986,0.0195652173913043,0.0102116951572325,2,0,-1.06580825961191,-0.900388496398856,1.71192805105041,2,0.61515540252811,0.554485242784448,0.95,3,0.00333333333333333,3,0.134524275138504,3,0.5,-0.285714285714286,-0.142857142857143,0.0215186322029955,4,2.1809455605616,0,0,1.37444678594563,1.17125723684686
"United Kingdom","BQ.1",0.173585511486903,-0.00107088667364122,0.0205391527599487,0.00929585105935136,2,3,-1.09733826338017,-0.319286686593886,2.58699161228866,2,0.760138752891618,0.111204221455603,1,8,0.166666666666667,2,0.0516599670607614,1,0.125,0.571428571428571,-0.333333333333333,0.571576278236021,3,2.01615371726138,0,0,0.39269908169875,0.734645064513717
"United Kingdom","BQ.1.1",0.135470577881483,-0.00302923469371085,0.042997542997543,0.0189852395466798,2,2,0.200148392602285,-0.655807417870326,3.28772559775985,5,0.597271293391753,0.0367407686652584,1,6,0.166666666666667,5,0.130807923719167,4,0.142857142857143,0.714285714285714,-0.333333333333333,0.514554967470254,3,1.97300140639361,0,0,0.39269908169875,0.765524283511916
"United Kingdom","BQ.1.8",0.0665206972538947,0.00181659201894606,0.048780487804878,0.0243064909169842,4,0,-0.906276073235446,-0.747493643773096,3.1360797913062,10,0.675994096679472,-0.0201008609856412,0.95,5,0.166666666666667,4,0.183719713904725,2,0.111111111111111,0.714285714285714,-0.333333333333333,0.488555126184968,2,1.8047484896413,0,0,0.39269908169875,0.81431010380422
"United Kingdom","BZ (BA.5.2.3)",0.0427293625994908,0.000676538336301302,0.0203665987780041,0.0124397149183514,1,0,0.489998054473499,0.322993048301159,1.90974939648863,1,0.697773530490934,1.13211064569334,1,8,0.0555555555555556,3,0.0957730735081985,2,0.333333333333333,0.619047619047619,-0.333333333333333,0.335128016022135,4,1.97300140639361,0,0,0.7853981633975,1.04470845120335
"United Kingdom","C (B.1.1.1)",-0.010686104915337,0.00522403885018752,0.0522388059701493,0.0216499692711307,3,0,-0.894723461677575,-0.894723461677575,1.73406982196464,1,0.467703152055641,0.108824483758848,0.95,5,0.08,4,0.177463635154203,3,0.25,-0.333333333333333,0.142857142857143,0.271611367637126,3,2.01615371726138,0,0,1.37444678594563,1.14127209152505
"United Kingdom","CH.1.1",0.0490409698694288,-0.000134820580831752,0.0444444444444444,0.0117712471952896,2,0,0.308327559505562,-0.758172344173881,1.62431571647267,1,0.174067067573251,-0.000519986267565514,0.95,7,0.00416666666666667,0,0.169605207186069,4,1,0.333333333333333,-0.428571428571429,0.191971940144493,3,2.15478315337337,0,0,1.570796326795,1.1871599665473
"United Kingdom","CH.1.1.1",0.192574536891339,-0.0016364910454643,0.060790273556231,0.013686063926758,4,2,-0.507415266423032,-0.507415266423032,1.65419827389556,1,0.45809766934421,0.510918895116916,0.85,3,0.04,5,0.279169503429528,3,0.25,0.428571428571429,-0.404761904761905,0.308217827941581,3,1.90022561488552,0,0,1.76714586764437,1.07000296618558
"United Kingdom","DH (BA.5.1.22)",0.0342995444606317,0.00148918632468817,0.0302240750390829,0.0150112344168502,3,0,-0.842887092237139,-0.842887092237139,1.76810625307601,3,0.332959224933068,-1.14752130475969,1,3,0.0333333333333333,3,0.120581871300295,1,0.5,0.523809523809524,-0.571428571428571,0.215543982884753,3,2.06847853163783,0,0,1.37444678594563,1.1922855773426
"United Kingdom","DV.6",0.0817465974689525,-0.00147752937969425,0.0355987055016181,0.010092041356282,2,0,-0.66502716264119,-0.882495869314309,2.4250444263387,2,0.293647875130798,0.0183825606981549,1,6,0.166666666666667,2,0.124011986308083,1,0.125,0.714285714285714,-0.428571428571429,0.445977147265507,3,2.01615371726138,0,0,0.589048622548125,0.812797752042021
"United Kingdom","EG.5.1",-0.0570943630258855,-2.66603920666257e-05,0.0384615384615385,0.00745613237093993,1,13,-0.315696427134269,-0.483871531099942,1.55560955528629,2,0.154066251473482,2.03962538245274,0.55,3,0.0416666666666667,3,0.103138071792243,2,1,0.523809523809524,0.0476190476190477,0.0461843144729383,3,1.54012319437811,0,0,1.570796326795,1.2765182059016
"United Kingdom","EG.5.1.1",0.110549020427583,-0.00130662020905923,0.0256410256410256,0.00357370893496066,1,16,-0.140807068796994,-0.319611292189164,1.55363927926396,2,0.0568253985199025,2.04061044746429,0.4,2,0.106666666666667,3,0.134604325807376,4,1,0.523809523809524,0,0.10908991163452,2,0.950270539233235,0,0,1.76714586764437,1.07865004307179
"United Kingdom","EM (XBB.1.5.7)",0.0288779571954347,-6.68009184428486e-05,0.0220440881763527,0.0133928682849653,2,0,-0.0517153855211163,-0.240877986441102,1.62698338581296,3,0.581503891218807,0.20865164763604,0.95,6,0.00916666666666666,4,0.142996484907547,5,1,0.428571428571429,-0.285714285714286,0.156162486704089,5,2.10245833899691,0,0,1.37444678594563,1.14182706666657
"United Kingdom","FL (XBB.1.9.1)",0.166905525178017,-0.000444863530491893,0.0178041543026706,0.00671073894006911,2,3,-0.313264936080486,-0.516895720903417,1.76231120745706,2,0.332016853073429,-0.808794073071709,1,4,0.0740740740740741,4,0.146976431513837,1,0.166666666666667,0.619047619047619,-0.333333333333333,0.243161813422637,4,2.1809455605616,0,0,1.37444678594563,0.952114994442408
"United Kingdom","FL.3",0.23193198604386,-0.00134740290070709,0.0599078341013825,0.00965826802942973,2,4,-0.286135668520558,-0.519834919364714,1.62222061733065,3,0.154010811625464,2.04187958283042,0.95,3,0.00416666666666667,5,0.213791064481443,3,1,0.333333333333333,-0.333333333333333,0.155375501040561,3,2.15478315337337,0,0,1.37444678594563,1.28685660570941
"United Kingdom","HJ8 (XBB.1.5.18)",0.172214345913989,-0.0022183331880804,0.0404761904761905,0.0101747744609955,2,3,-0.631753838030723,-0.840423171163443,1.69337716953505,1,0.290594818632153,0.229179342120151,0.95,6,0.0625,5,0.131906022755309,3,0.2,0.428571428571429,-0.380952380952381,0.313648436551369,2,1.86053437746985,0,0,1.570796326795,1.05588659890694
"United Kingdom","JN.1",0.249736221623002,0.0024239388173128,0.0508474576271186,0.02188234831029,2,2,-0.427162640998805,-0.591011241418107,4.01727145681278,8,0.495242528043249,0.605236029654678,1,4,0.166666666666667,0,0.106592120096851,3,0.142857142857143,0.80952380952381,-0.619047619047619,0.446394835701186,3,2.08546843531737,0,0,0.589048622548125,0.747411756168724
"United Kingdom","JN.1.4",0.125947244632281,0.00113096775639669,0.0564516129032258,0.0254364905622594,2,2,-1.09197140295436,-0.936237682156792,2.51471058093385,2,0.510067558356556,0.317282244748955,0.95,4,0.166666666666667,2,0.0866058851084746,1,0.125,0.761904761904762,-0.238095238095238,0.498432703937633,3,1.97300140639361,0,0,0.39269908169875,0.874964282272146
"United Kingdom","L (B.1.1.10)",0.0557822912321911,-0.00348835315872772,0.0491803278688525,0.00911109879915897,2,3,-0.411196623189881,-0.652342179780788,1.79456366946742,3,0.0776160652965776,-1.29414428213,0.95,4,0.0462962962962963,4,0.244060247821496,1,0.333333333333333,-0.761904761904762,-0.0952380952380952,0.200902718818474,4,2.1116308425056,0,0,1.17809724509625,0.833656757772548
"United Kingdom","P9 (B.1.1.289)",-0.019294587273523,-0.000365994711284994,0.016548463356974,0.00904109339456307,2,0,-0.581657570068297,-0.385987994919671,1.67441744437196,3,0.367785071346144,1.29900856126567,1,4,0.0133333333333333,5,0.143006965364748,1,0.5,-0.285714285714286,0.0952380952380953,0.066851998849955,5,1.94337792575329,0,0,1.17809724509625,1.23611573862717
"United Kingdom","Q (B.1.1.7)",0.333704449337655,-0.00155624036979969,0.0169491525423729,0.00541365627904737,3,6,-0.775717551222109,-0.952494517105757,1.57692787658851,2,0.331432696683745,-1.97247442344748,0.85,4,0.00666666666666667,3,0.136832627328933,3,1,0.238095238095238,-0.428571428571429,0.12214042420073,3,2.12862074618514,0,0,1.76714586764437,0.863377766361805
"United Kingdom","QB.1.177.4 (B.1.177.4)",-0.120282190413656,-0.00112781954887218,0.0105263157894737,0.00050125313283208,0,20,0.240039679259591,0.0109108945117996,1.63061908481708,21,0,-4.81170447970363,0.05,1,0.285833333333333,0,0.154428516563958,11,1,-0.904761904761905,0.0952380952380953,0.141604822772245,1,0.198515243345873,0,0,1.570796326795,0.360041149911548
"United Kingdom","QB.1.177.57 (B.1.177.57)",-0.129283485010332,-0.00225563909774436,0.0210526315789474,0.00100250626566416,0,20,0.240039679259591,0.0109108945117996,1.63061908481708,21,0,-4.81170447970363,0.05,1,0.285833333333333,0,0.154428516563958,11,1,-0.904761904761905,0.0952380952380953,0.141604822772245,1,0.198515243345873,0,0,1.570796326795,0.360041149911548
"United Kingdom","QB.1.177.7 (B.1.177.7)",0.0649749488305355,0.00010003093398168,0.307692307692308,0.0360720545195742,3,1,-0.0817372326986607,-0.318874265131668,1.75119288005945,3,0.0060232457322229,-2.33189274988242,0.9,2,0.0333333333333333,0,0.202549795281629,1,0.5,0.857142857142857,-0.0476190476190477,0.164277648752602,2,2.06847853163783,0,0,1.17809724509625,1.13061384887958
"United Kingdom","XBB",0.0141983507188283,0.00112904384118219,0.0363881401617251,0.0134292861087614,2,0,-0.789847321834724,-0.966842236189744,1.63712255285563,2,0.396172737834616,-1.45234088387856,0.9,6,0.0233333333333333,0,0.129750122006863,3,0.5,0.0476190476190477,-0.142857142857143,0.209074334528479,3,2.06847853163783,0,0,1.76714586764437,1.15674436164587
"United Kingdom","XBB.1",0.0653814720483644,-0.000206297961120488,0.0355450236966825,0.0125459884583982,2,0,-0.0848670046526412,-0.288958112168089,2.19701444552594,3,0.553964515231199,0.595262495462155,1,4,0.0833333333333333,0,0.132679283843966,1,0.333333333333333,0.714285714285714,-0.428571428571429,0.205077933065219,3,1.90368668833762,0,0,0.7853981633975,1.16020491217062
"United Kingdom","XBB.1.16",0.0705408829677662,0.000445555323590855,0.0736842105263158,0.0296926444478793,3,0,-0.126960294887338,-1.0305288191925,3.70987418523364,9,0.490656920970876,0.387848654828222,0.9,4,0.166666666666667,0,0.171585342929144,4,0.142857142857143,0.80952380952381,-0.333333333333333,0.500587511726962,3,1.90022561488552,0,0,0.39269908169875,0.641330546550387
"United Kingdom","XBB.1.5",0.0798133851809957,0.00153465858124216,0.0560344827586207,0.0298089582774084,4,0,-1.16752376457624,-0.0738374041969109,2.82401280125926,2,0.628453904592095,-0.668268551112558,0.9,7,0.166666666666667,3,0.0525195239657341,1,0.142857142857143,0.523809523809524,-0.571428571428571,0.557337776303998,3,1.97300140639361,0,0,0.39269908169875,0.842968531559713
"United States","A",-0.00604678709151999,0.00316427903363994,0.0817307692307692,0.0497969357731597,3,0,-0.454488178429598,-0.128663356219291,1.52131656517651,1,0.459474309770534,1.12184788028092,1,3,0.00666666666666667,4,0.19943380513882,1,1,-0.333333333333333,0.19047619047619,0.118701672205613,4,2.12862074618514,0,0,2.15984494934313,1.14458312070549
"United States","A.3",0.374288193741006,-7.41035280508963e-05,0.0315789473684211,0.0136096011475548,1,4,-0.431794143690846,-1.25601309835161,1.64135812836743,1,0.632097139804829,-0.199072435540731,0.9,7,0.0462962962962963,3,0.148211234880257,2,0.333333333333333,0.523809523809524,-0.619047619047619,0.253808488163528,3,2.15478315337337,0,0,1.37444678594563,1.08307316744141
"United States","AY (B.1.617.2)",-0.250719806680169,-0.00495465949993305,0.0331564986737401,0.00251366588867584,0,19,0.0975414149282051,-0.104091777292894,2.16095130913079,19,0,-0.903120396250029,0.1,2,0.243333333333333,0,0.0884724865500844,11,1,-0.857142857142857,0.142857142857143,0.261133656384485,2,0.394397691447443,0,0,0.7853981633975,0.527727205831834
"United States","AY.100",0.046512765069576,0.000472333382013311,0.0226958206476612,0.0139412491213323,3,0,-0.868839488902112,-1.02158804616287,4.62027581304586,2,0.705060000916402,0.533211871682196,0.8,8,0.166666666666667,0,0.135812140834738,1,0.111111111111111,0.761904761904762,-0.523809523809524,0.556376590387455,3,1.90022561488552,0,0,0.196349540849375,0.607034671249598
"United States","AY.103",0.0929128076268897,0.00119535221873852,0.0503731343283582,0.0245394965201232,3,0,-0.376644535675038,-1.16108376200793,4.24608612033854,16,0.508541030107234,0.133033330951122,0.85,7,0.166666666666667,3,0.260299369773911,2,0.125,0.80952380952381,-0.619047619047619,0.612588009805447,3,1.77512500900097,0,0,0.196349540849375,0.491860279516206
"United States","AY.118",0.0317842089056764,0.000353480598518385,0.0219512195121951,0.0146932116475145,3,0,-0.36250056058399,-0.537322712434313,3.9889961936585,8,0.567263017295184,0.47258340371165,0.9,7,0.166666666666667,3,0.222986605187305,1,0.125,0.619047619047619,-0.666666666666667,0.534273080250123,3,1.90022561488552,0,0,0.196349540849375,0.741385460158401
"United States","AY.119",0.0507793758357853,-0.00110766059021573,0.0138217000691085,0.00534655714424171,4,0,-0.161485208331098,-0.354163741926255,1.95149728158829,2,0.342030335394634,-0.316945392369846,0.95,3,0.166666666666667,2,0.154582173937697,1,0.142857142857143,0.619047619047619,-0.285714285714286,0.356757044764943,4,2.12862074618514,0,0,0.981747704246875,0.789268484640439
"United States","AY.122",0.0369088757565404,-0.00142984254138048,0.0205303678357571,0.0118053503466327,6,0,0.338378567978738,-1.21198510298344,4.1568205110515,10,0.502528998468718,0.0575318328828524,0.9,8,0.111111111111111,3,0.229242756685586,5,0.166666666666667,0.619047619047619,-0.380952380952381,0.662823222877839,3,1.63995664634108,0,0,0.39269908169875,0.850038513220733
"United States","AY.20",0.0259810706098919,0.000879923034592792,0.0225403093122738,0.016248705277781,3,0,0.122035901392407,-0.0474096049983421,3.26635362563798,4,0.219158485769902,0.0752323491157019,0.85,7,0.166666666666667,0,0.158224949609302,3,0.111111111111111,0.428571428571429,-0.714285714285714,0.507090985776413,3,1.87752428114939,0,0,0.39269908169875,0.858904109083404
"United States","AY.25",0.0671528753955304,-8.38864060878249e-05,0.0318275154004107,0.0185765609855692,4,0,-0.850051379223897,0.250587417268105,4.85290074611681,10,0.711072032554918,0.0928645450993849,1,9,0.166666666666667,2,0.270000118151234,1,0.142857142857143,0.761904761904762,-0.523809523809524,0.684125905336454,3,1.63995664634108,0,0,0.196349540849375,0.409262280894087
"United States","AY.25.1",0.0392340554501791,0.000346001033170609,0.0339256865912763,0.0204862743967413,2,0,-0.337356959456935,-0.69691533716069,5.00972076770049,8,0.378972888771122,0.828346590004971,0.9,4,0.166666666666667,3,0.098267503171275,1,0.142857142857143,0.714285714285714,-0.571428571428571,0.499351425645461,4,1.78865383922842,0,0,0.39269908169875,0.813822009501067
"United States","AY.26",0.0689697226831223,-1.61668426358524e-05,0.0343593414459556,0.01906250273365,2,0,-1.15842088676903,-0.995564846950464,6.0283424654279,12,0.856997754778065,0.190127606094708,0.85,8,0.166666666666667,4,0.13804727108418,3,0.125,0.714285714285714,-0.523809523809524,0.718208367392347,3,1.66958012698141,0,0,0.196349540849375,0.562427545319741
"United States","AY.3",0.0643561489552047,0.00216471789787786,0.0737217598097503,0.0296116636786568,3,0,-0.108474857915365,-0.33945739116099,2.56385202591408,2,0.422379770614856,0.371985198276708,0.9,4,0.166666666666667,0,0.179410859849546,1,0.2,0.952380952380952,-0.666666666666667,0.414437370795752,3,1.84790080050907,0,0,0.589048622548125,0.669705232614958
"United States","AY.39",0.0292591103207159,0.000742657186861431,0.0217917675544794,0.0142164039737879,4,0,-0.220645102574012,-0.409348633731613,2.03195809194494,2,0.378972888771122,0.245040978451508,0.95,4,0.125,2,0.113347343443345,1,0.2,0.571428571428571,-0.666666666666667,0.395911701756591,3,2.08546843531737,0,0,0.589048622548125,0.901505489689528
"United States","AY.44",0.104637718383896,-0.000437352148778167,0.0608272506082725,0.0289197853010988,4,0,-0.946279591124225,-1.09867312934226,5.29230125200246,14,0.841230352605119,0.0560325952923332,0.85,6,0.166666666666667,0,0.613031474342468,5,0.125,0.761904761904762,-0.571428571428571,0.720345992822209,3,1.38314875124874,0,0,0.196349540849375,0.390334700364205
"United States","AY.47",0.0722807383119428,0.00131466066640818,0.0443425076452599,0.0190790003686422,4,0,-0.319348272218465,-0.100419548759318,3.59429176918684,4,0.523366060420541,-0.622086582039867,1,9,0.166666666666667,4,0.151683409369563,3,0.125,0.523809523809524,-0.714285714285714,0.551170736425364,3,1.87752428114939,0,0,0.39269908169875,0.820600115416395
"United States","AY.75",0.0562415951273243,0.00141249811413103,0.0386230058774139,0.018439806461393,3,0,-0.968545727250618,0.466122086730318,3.64088444924795,6,0.694462362205513,0.418550096224764,0.9,7,0.166666666666667,3,0.151547643980703,2,0.111111111111111,0.80952380952381,-0.619047619047619,0.508698886180136,4,1.84790080050907,0,0,0.196349540849375,0.724351323066296
"United States","B",-0.00492876493057398,0.000792333640078003,0.0990990990990991,0.0650644351314434,2,0,-0.259408983190197,0.138825048213584,1.51567130262932,1,0.626927376342772,0.00172695565528292,1,5,0.0191666666666667,4,0.175763470729033,1,1,-0.523809523809524,-0.238095238095238,0.0657599267263119,4,1.97300140639361,0,0,2.3561944901925,1.05949926633265
"United States","B.1.1",0.14772668203135,-0.0119008810738134,0.0915619389587073,0.0567994462167264,2,2,0.287717946023301,-0.073460204008173,1.7477608769547,2,0.321777429832495,-1.24145864304372,1,4,0.01,2,0.15979519422087,6,0.5,0.0476190476190477,-0.476190476190476,0.23522341734055,3,1.99916381358184,0,0,1.570796326795,1.14992617051965
"United States","B.1.1.222",-0.00306918713382364,-0.00111166583591852,0.0157790927021696,0.00514556330844615,4,7,-0.744218137649806,-0.90879529197558,1.57705986907365,1,0.317191822760122,-0.830757370078503,0.9,3,0.0116666666666667,5,0.18183848889861,1,1,0,0.0476190476190477,0.0707060151420437,3,2.08546843531737,0,0,1.76714586764437,1.18807911819218
"United States","B.1.1.291",0.121260796702209,-4.81691674619417e-05,0.0324189526184539,0.0114905276258345,3,1,-0.217175946708067,-0.0177071737724044,1.85135676558913,2,0.275511676532071,1.85824269817181,0.95,3,0.04,2,0.144088539763152,1,0.25,0.857142857142857,-0.19047619047619,0.20740463721087,4,2.1116308425056,0,0,0.981747704246875,0.985598649408669
"United States","B.1.1.519",0.0447434115927144,0.00205584935240396,0.0366666666666667,0.0202593588209253,3,0,-0.38043220854142,-0.171815893540786,3.28294911450536,6,0.585247230114721,0.0429938896065022,0.9,6,0.0625,0,0.160434219908131,4,0.2,0.666666666666667,-0.761904761904762,0.451274882724825,3,1.90022561488552,0,0,0.589048622548125,0.792594999506268
"United States","B.1.2",-0.157113538442296,-0.00191790652503978,0.0577319587628866,0.0108166759542226,2,2,-0.319106605970273,-0.501744874905276,1.81559849041768,1,0.343298751857182,-1.41183537071558,0.9,3,0.04,4,0.139670410423443,3,0.25,-0.619047619047619,0.285714285714286,0.434124200607757,3,1.8047484896413,0,0,0.589048622548125,0.829001097474375
"United States","B.1.206",0.0595829517272663,0.00571196917584278,0.0679347826086956,0.0334997325223891,2,0,0.178254353328695,-0.208445422520946,1.71969438918482,1,0.590316889893598,1.26233048806174,0.95,4,0.04,5,0.13931908623496,3,0.25,0.380952380952381,-0.619047619047619,0.212403064469568,4,2.15478315337337,0,0,1.37444678594563,1.02732363946269
"United States","B.1.234",0.102663777317251,-0.00135422415943729,0.0185185185185185,0.00748144084404131,2,1,-0.395673070609308,0.555484187972627,1.50738171905006,1,0.469229680304964,-2.54379524206392,1,3,0.0191666666666667,5,0.205430041611804,1,1,-0.238095238095238,0,0.0947344492321471,3,1.97300140639361,0,0,2.15984494934313,0.961916196759534
"United States","B.1.240",0.0481400224516014,0.000969123411772116,0.0483870967741935,0.0241264673852238,2,0,0.344673269240983,-0.0402282465698907,1.78856187792626,2,0.434051640746338,-0.771595444626154,1,5,0.0740740740740741,2,0.105425460660054,1,0.166666666666667,0.523809523809524,-0.571428571428571,0.371507543296061,4,2.10245833899691,0,0,1.37444678594563,0.95350435402374
"United States","B.1.243",-0.226187818672765,-0.000954572498185103,0.0237580993520518,0.00867578213846247,2,2,-0.63852885313004,-1.21840670586262,1.6609477122239,2,0.500412291505306,0.962205980874198,1,3,0.166666666666667,5,0.216596348649417,1,0.142857142857143,-0.333333333333333,0.571428571428571,0.201656593315619,4,2.1116308425056,0,0,1.570796326795,0.935145876547293
"United States","B.1.289",0.17224667262759,0.000247899972625022,0.0316831683168317,0.0118586548778007,4,2,-0.599612561227328,-1.11566343185581,1.48335611373884,1,0.323303958081817,-2.19917948159002,1,4,0.0366666666666667,4,0.148626173341759,1,1,-0.19047619047619,-0.19047619047619,0.0214383845247675,2,1.84443972705697,0,0,2.3561944901925,1.24391322544374
"United States","B.1.311",-0.289266212866185,-0.000930013482412138,0.0260416666666667,0.00323376887552014,1,11,-0.103768421452843,-0.318372389164623,1.53565846109002,1,0.0297812178678606,-0.19731647384645,0.8,2,0.0158333333333333,0,0.238290040604362,2,1,-0.476190476190476,0.333333333333333,0.0866487636853804,3,1.90022561488552,0,0,1.96349540849375,1.17605912224944
"United States","B.1.320",0.0637007793435631,-0.000492210064329721,0.0698027314112291,0.0170327297627051,3,0,-0.56981745633227,-0.340154213789387,1.63590946461045,1,0.272547045684,0.620454070816667,0.95,3,0.0625,0,0.203321636598336,3,0.2,0.428571428571429,-0.285714285714286,0.314424386625856,5,2.1116308425056,0,0,1.76714586764437,1.06818556804583
"United States","B.1.332",0.172933547856982,-0.000429472118938715,0.0143626570915619,0.00685049211707408,2,2,0.736100130043958,0.901119482453222,2.3236621192912,6,0.448976774742825,-0.091690590491851,0.9,10,0.0625,3,0.0352630803363778,3,0.2,-0.0476190476190477,-0.428571428571429,0.461277224254736,4,2.08546843531737,0,0,0.589048622548125,0.908665879872508
"United States","B.1.369",0.0618343973111657,-0.000714278049332206,0.01468788249694,0.00641341384044661,2,1,-0.528680731037807,-0.335232536639133,1.44971200365551,1,0.399910054406125,0.406236014769629,0.9,3,0.00916666666666667,3,0.149849528306166,1,1,0,0.0952380952380953,0.0144484324064765,4,2.1116308425056,0,0,2.55254403104187,1.26061550345511
"United States","B.1.371",0.0194763076228131,0.00314473920503506,0.0530503978779841,0.0252838445658989,2,0,-0.241666304630648,-1.16090103229035,1.6765149556673,2,0.408038793008053,0.709788001416901,1,4,0.12,5,0.116293281261471,1,0.25,0.142857142857143,-0.0476190476190477,0.195629177125915,3,2.15478315337337,0,0,1.76714586764437,1.01609135092599
"United States","B.1.384",-0.0405894868941289,-0.00119929375288307,0.0316831683168317,0.00883638941601566,3,3,-0.626577178150536,-0.801697996589797,2.00581865350121,5,0.224918427946048,1.03254027040132,0.9,4,0.0462962962962963,0,0.106498483622386,1,0.333333333333333,0.428571428571429,0.0952380952380953,0.0678501264032591,5,1.90368668833762,0,0,0.7853981633975,1.20248728650311
"United States","B.1.426",-0.159532971584275,-0.0231660231660232,0.216216216216216,0.0102960102960103,0,20,0.240039679259592,0.0109108945117996,1.63061908481708,21,0,-4.81170447970363,0.05,1,0.285833333333333,0,0.154428516563958,11,1,-0.904761904761905,0.0952380952380953,0.141604822772246,1,0.198515243345873,0,0,1.570796326795,0.360041149911548
"United States","B.1.427",0.0862663914850255,-0.00152975041367898,0.0104166666666667,0.00142331644786174,1,14,-0.134114487669448,-0.317139080117643,1.86500344431507,2,0.019215621788622,0.170488210219807,0.5,2,0.0733333333333334,4,0.0596309016924982,2,1,-0.80952380952381,-0.0952380952380952,0.218836240172878,3,1.22060726455302,0,0,1.17809724509625,0.75357727041006
"United States","B.1.429",0.00879955638143759,-0.00178560921106702,0.0238863783085862,0.0109240549422535,2,0,-0.564263471097726,-0.365294815139826,1.59075942110673,2,0.442964743104309,-1.43103524747668,0.95,5,0.00166666666666667,2,0.0948993141494136,2,1,-0.285714285714286,-0.142857142857143,0.0532789899885599,3,2.1809455605616,0,0,1.76714586764437,0.891204080315443
"United States","B.1.516",0.121613636749499,-0.00101333324080029,0.0380434782608696,0.0181924752810363,3,1,-0.595036936694664,-0.761992482705839,1.91151948182755,2,0.320835057972856,1.18442795240939,1,4,0.111111111111111,3,0.104646150352299,1,0.166666666666667,0.666666666666667,-0.428571428571429,0.390963122037613,4,2.15478315337337,0,0,0.981747704246875,1.02442188172984
"United States","B.1.526",0.0882878212108131,0.000125625478793005,0.0600505689001264,0.0205243215289397,3,0,-0.603616221874071,-0.786807622457915,2.74543634365658,4,0.272547045684,0.273924098443547,0.85,4,0.166666666666667,5,0.107169788500394,3,0.111111111111111,0.571428571428571,-0.428571428571429,0.414085160289893,4,1.58417075851253,0,0,0.589048622548125,0.914297598387803
"United States","B.1.595",0.0132291612384337,-0.00430290819666769,0.041025641025641,0.0143619270956174,4,0,-0.666929366018381,-0.812879924177442,2.95484831696989,7,0.421689488217587,-0.061753158068208,0.85,4,0.08,0,0.125114149426864,2,0.25,0.0952380952380953,-0.0476190476190477,0.490323891118542,3,1.8047484896413,0,0,0.39269908169875,0.903861138661427
"United States","BA.1 (BA.1)",0.102890342314836,0.00309480290366566,0.16225774508417,0.0955844939274726,5,0,-1.28416702459243,-0.118694680913091,5.63809060337686,13,0.813106820227827,0.0288729237268896,0.75,12,0.166666666666667,5,0.638118227153669,11,0.285714285714286,0.523809523809524,-0.619047619047619,0.8186797979238,4,1.58417075851253,0,0,0.196349540849375,0.406097839458992
"United States","BA.1.1 (BA.1.1)",0.162641433559488,0.0120367026074043,0.365237020316027,0.181189704800618,14,0,0.0649404508075152,-1.21173245085559,5.91922133564608,13,0.864284225203533,0.0118777206289432,0.9,9,0.166666666666667,5,1.12724738648169,11,0.25,0.666666666666667,-0.619047619047619,0.800745420457743,2,1.38314875124874,0,0,0.196349540849375,0.191010648535134
"United States","BA.1.15 (BA.1.15)",0.134900123654698,0.00925006105268961,0.224106727338539,0.123309212633074,10,0,-0.0819062705292937,0.956937541213995,5.74637328013762,14,1.07952957332552,0.0130821048455074,1,10,0.166666666666667,0,0.850548974236306,5,0.125,0.666666666666667,-0.619047619047619,0.788628678949305,2,1.38314875124874,0,0,0.196349540849375,0.201088627330142
"United States","BA.1.18 (BA.1.18)",0.062457201424521,0.00213347052936735,0.0602953240360952,0.0316716798524889,4,0,0.289377364634787,0.289377364634787,5.48260026409542,3,0.579387184255395,0.068451835427324,1,11,0.166666666666667,3,0.112510517969634,1,0.142857142857143,0.523809523809524,-0.714285714285714,0.66228026642877,3,1.68657003066095,0,0,0.196349540849375,0.671557679424498
"United States","BA.1.20 (BA.1.20)",0.0643325660118033,0.00444992610012837,0.0579140596721651,0.0394813969369211,4,0,0.322115149280374,0.488889179746429,4.4435013909432,15,0.634213846768241,0.034112143511562,0.85,11,0.166666666666667,0,0.500435301146244,9,0.428571428571429,0.619047619047619,-0.80952380952381,0.661737087525776,4,1.68657003066095,0,0,0.196349540849375,0.481210521148499
"United States","BA.2 (BA.2)",0.0797425305316415,0.000990304229542398,0.0802355539197644,0.0353559341823903,3,0,-0.755826684884488,-0.932637610054539,4.74918705295662,13,0.836744849215926,0.195451370373227,0.95,7,0.166666666666667,2,0.185251923735028,4,0.125,0.80952380952381,-0.571428571428571,0.643020556232024,3,1.58417075851253,0,0,0.196349540849375,0.382422269549147
"United States","BA.2.3 (BA.2.3)",0.0835838123383737,0.00047318868297584,0.037550127597521,0.0197703662486175,5,0,-0.944529765886217,-1.0957726403669,5.3171701640659,15,1.01115231928632,0.0396493963829982,0.8,7,0.166666666666667,5,0.560342989597695,4,0.125,0.80952380952381,-0.523809523809524,0.747088309551775,2,1.77512500900097,0,0,0.196349540849375,0.271259940985415
"United States","BA.2.9 (BA.2.9)",0.104111431516186,0.000692176769112629,0.0577803203661327,0.030083928226549,7,0,-1.00310250870752,-1.15014942536647,5.77349656180083,14,1.01563782267551,0.0295300831212929,0.9,7,0.166666666666667,3,0.542379878963595,5,0.125,0.714285714285714,-0.619047619047619,0.773152118867668,3,1.38314875124874,0,0,0.196349540849375,0.261791405298691
"United States","BA.4 (BA.4)",0.0556470365048731,0.00090537405335404,0.0340369824905907,0.0204250338203151,5,0,-0.507635003114343,-0.449551250134756,4.9440094991705,14,0.95148796023873,0.232090534577243,1,9,0.166666666666667,4,0.113962378484259,2,0.125,0.904761904761905,-0.619047619047619,0.646815000211291,3,1.58417075851253,0,0,0.196349540849375,0.433315769771299
"United States","BA.4.1 (BA.4.1)",0.083405919394902,0.00162248845430222,0.053566958698373,0.0278347552152089,3,0,-0.990143597516943,-0.348335417485757,5.42833042603518,13,1.02292429310098,0.0439626659325045,0.75,10,0.166666666666667,0,0.734014952480968,1,0.125,0.80952380952381,-0.619047619047619,0.727161209601888,3,1.58417075851253,0,0,0.196349540849375,0.208312643736968
"United States","BA.4.6 (BA.4.6)",0.0482854763851661,0.000234070670939795,0.0297978006385243,0.0183302437288319,5,0,-0.139406204882503,-1.03600862665795,4.90727232295815,15,0.493125821079837,-0.0305693701442576,0.95,7,0.166666666666667,5,0.203831947263228,4,0.125,0.714285714285714,-0.571428571428571,0.665209711440186,2,1.58417075851253,0,0,0.196349540849375,0.460191207753043
"United States","BA.5 (BA.5)",0.0380787429741487,0.000946988172206576,0.0215294522907337,0.0158298863351287,3,0,1.11891965886909,0.410242879764747,4.11861718190169,9,0.663279751005171,0.106989490255362,1,5,0.0740740740740741,3,0.175331341755374,2,0.166666666666667,0.714285714285714,-0.714285714285714,0.56322320767075,4,1.84790080050907,0,0,0.196349540849375,0.541167983723568
"United States","BA.5.1 (BA.5.1)",0.0807062472882335,0.00139447273780775,0.0593255620316403,0.0322226450176746,5,0,-0.118245645601186,-0.282924244574538,5.66071897266204,14,0.880641806090568,0.0276695887278019,0.95,9,0.166666666666667,2,0.803158182788627,1,0.125,0.714285714285714,-0.619047619047619,0.756375370917047,2,1.38314875124874,0,0,0.196349540849375,0.177805256522827
"United States","BA.5.1.1 (BA.5.1.1)",0.0492190350225144,0.000511929318223656,0.030146659424226,0.0176288242949521,4,0,0.250458701534384,0.054387687789115,4.44472404604343,6,0.655993280579703,0.0382765963534974,1,6,0.166666666666667,4,0.268905985478932,3,0.111111111111111,0.761904761904762,-0.666666666666667,0.615005056110994,3,1.84790080050907,0,0,0.196349540849375,0.482719118211636
"United States","BA.5.2 (BA.5.2)",0.088390467177585,0.00095599628621392,0.0466834592779177,0.0258480299626808,5,0,-1.09441816349166,-0.250768052713685,5.57321806609259,14,1.04233493048666,0.0326108213419732,0.9,7,0.166666666666667,3,0.404712116787933,2,0.125,0.714285714285714,-0.619047619047619,0.749214215722115,2,1.38314875124874,0,0,0.196349540849375,0.298854158236658
"United States","BA.5.2.9 (BA.5.2.9)",0.0218195037866444,-0.000198173293927039,0.0193275086047127,0.014533910890191,3,0,-0.936042948973176,-1.08994960400922,4.54007720951877,2,0.585147126431541,0.101676411210625,1,4,0.166666666666667,2,0.0535867773564882,1,0.125,0.666666666666667,-0.476190476190476,0.542134351490428,3,1.99916381358184,0,0,0.39269908169875,0.758481255257773
"United States","BA.5.5 (BA.5.5)",0.0771388545492905,0.00075122053648961,0.0463162946964243,0.0222856199599024,2,0,-0.663094352953639,-0.663094352953639,5.14561356613287,12,0.809205473228318,0.308502894277178,0.95,5,0.166666666666667,3,0.118469244822539,2,0.125,0.80952380952381,-0.571428571428571,0.64270946489886,2,1.66958012698141,0,0,0.196349540849375,0.427507597928755
"United States","BA.5.6 (BA.5.6)",0.0716974861644332,0.00159858729314302,0.0447870778267254,0.0260052962533253,1,0,-0.572953489983871,0.0272335881419454,5.25361758879684,15,0.857940126637703,0.172117955602408,0.9,5,0.166666666666667,3,0.199578209104838,2,0.125,0.714285714285714,-0.666666666666667,0.673672382014264,3,1.77512500900097,0,0,0.196349540849375,0.411358965413537
"United States","BC8 (BA.1.1.18)",0.0784279421278806,0.00291424621169762,0.0864827266403895,0.048229320484932,4,0,-0.159586825513047,1.21827627636264,4.82907129260865,11,0.934546222962011,0.0604207676409596,0.9,10,0.166666666666667,0,0.183907729039625,2,0.125,0.619047619047619,-0.666666666666667,0.675951127198697,4,1.84790080050907,0,0,0.196349540849375,0.629763396170414
"United States","BD (BA.1.17.2)",0.0285145614771823,0.000673942904095277,0.0224866391045679,0.0155891552100168,3,0,-0.521025007974877,-0.0954294525440191,2.33780083992649,2,0.381083573410129,1.03062557622228,1,4,0.166666666666667,2,0.13219067741365,1,0.125,0.642857142857143,-0.714285714285714,0.4794878960322,3,2.05930602812915,0,0,0.39269908169875,0.745781991279063
"United States","BE.1",0.0451151882722368,0.0011813659503289,0.0282455187398153,0.018897807304383,2,0,0.723517435987618,-0.266704220308893,4.68707078028946,5,0.563035625692765,0.221049738885606,1,6,0.166666666666667,2,0.230043121901993,1,0.142857142857143,0.666666666666667,-0.666666666666667,0.621130194396252,3,1.84790080050907,0,0,0.196349540849375,0.552577930406364
"United States","BF (BA.5.2.1)",0.094395213199983,0.00150021570231127,0.0739155251141552,0.0342645205490129,9,0,-0.907659392676498,-0.907659392676498,5.2736824654046,15,0.919362977178749,0.0232452340119889,0.95,8,0.166666666666667,0,0.647343402424595,6,0.125,0.80952380952381,-0.571428571428571,0.71970585075679,2,1.38314875124874,0,0,0.196349540849375,0.187456407613144
"United States","BF.10",0.042639965916716,0.000575265076186721,0.0235737859500236,0.0138710582210534,3,0,-1.12971271851608,-0.750970757083619,4.26597484670052,4,0.555491043480521,0.282951986170258,1,7,0.166666666666667,4,0.0782391801382651,1,0.125,0.666666666666667,-0.619047619047619,0.541122084717237,2,2.01615371726138,0,0,0.196349540849375,0.651477395096475
"United States","BF.7",0.0421074958315551,0.000710597427850387,0.0252498684902683,0.0156188291357883,3,0,0.272841247582703,0.0756197309932046,4.49745044516141,8,0.399225794333261,0.181083035542833,1,7,0.166666666666667,4,0.331159589174781,1,0.125,0.761904761904762,-0.666666666666667,0.572161701102444,3,1.77512500900097,0,0,0.196349540849375,0.472874052900219
"United States","BG (BA.2.12.1)",0.111744464073161,0.00147647261596259,0.08993853121967,0.0406117798563566,6,0,-0.925084664071548,-1.08199266908382,5.03985119565623,14,1.01563782267551,0.0452039718698638,0.95,7,0.166666666666667,0,0.547638549962318,2,0.125,0.80952380952381,-0.571428571428571,0.699735926567082,2,1.38314875124874,0,0,0.196349540849375,0.291599574611141
"United States","BN.1",0.0182687056824423,-0.000406369056693362,0.0176229508196721,0.0131554777706119,4,0,0.227110950897952,-0.0773726273312654,2.25326084675281,3,0.586673654680864,1.0036297704308,1,5,0.0555555555555556,4,0.156836627547801,2,0.333333333333333,0.714285714285714,-0.333333333333333,0.328870452551733,3,1.90022561488552,0,0,0.7853981633975,1.0704361799169
"United States","BQ.1",0.0704867429056786,0.000788491771171917,0.0405017921146953,0.0205505236086364,4,0,-0.350343824848026,-0.350343824848026,3.93697639180993,7,0.431092665606467,0.207628108520294,0.85,6,0.166666666666667,5,0.238914003612411,2,0.111111111111111,0.857142857142857,-0.523809523809524,0.587080637070424,3,1.77512500900097,0,0,0.196349540849375,0.559711313287435
"United States","BQ.1.1",0.080219077041302,0.00223018129185044,0.0698447893569845,0.0332127935382335,4,0,-0.909253613538264,-1.08304613098892,4.89106356744212,13,0.876998570877834,0.08531133419724,0.95,7,0.166666666666667,4,0.320761514106922,3,0.125,0.80952380952381,-0.619047619047619,0.636897765548346,2,1.77512500900097,0,0,0.196349540849375,0.41903006682019
"United States","EG.5.1",0.0989670322984953,-0.000512372601807234,0.038135593220339,0.0166185143344554,2,1,-0.13750786367548,-0.329695512359874,1.80885564308047,1,0.466760780196003,0.424233465590384,0.95,6,0.111111111111111,4,0.193806579618946,5,0.166666666666667,0.523809523809524,-0.428571428571429,0.535570804568643,4,2.10245833899691,0,0,0.39269908169875,0.899256729136321
"United States","EG.5.1.1",0.208756260057936,-0.00121361570966115,0.0149625935162095,0.00653408744258341,2,3,0.226695944224947,-0.310454484349167,1.65346337869466,2,0.571848624367557,-1.91764548611835,0.95,3,0.0333333333333333,2,0.119662924611295,3,0.5,0.142857142857143,-0.428571428571429,0.215853816809352,3,2.06847853163783,0,0,1.76714586764437,1.00543702301088
"United States","FL.1.5.1",0.142155257896546,-0.000998132660184001,0.0449438202247191,0.018029653673119,2,1,0.391200717279288,-0.202485901773279,2.37461270588306,5,0.335075931896479,-0.387396595581868,0.95,5,0.0625,3,0.105710855253313,4,0.2,0.571428571428571,-0.523809523809524,0.368911191220268,3,2.01269264380928,0,0,0.589048622548125,0.925675805963406
"United States","HV.1",0.0311069328815769,-0.000953758263543336,0.0285296269202634,0.0140468389056781,4,0,-0.0864444619097144,-0.0864444619097144,2.42438173319147,3,0.268809362496286,-0.136611870942083,0.95,3,0.0277777777777778,5,0.0406818131147205,3,0.333333333333333,0.857142857142857,-0.476190476190476,0.300082238235264,4,2.01615371726138,0,0,0.7853981633975,1.01758618695627
"United States","JF (XBB.1.16.6)",0.0191987062364446,0.000582476634498388,0.0338983050847458,0.0121935013233283,4,1,-0.255821457527395,-0.470047540411624,1.65564935201278,2,0.370744046486015,0.400545268041194,0.95,4,0.01,5,0.107817284921443,2,0.5,0.523809523809524,-0.142857142857143,0.174658703837587,3,2.12862074618514,0,0,1.570796326795,1.11427537915395
"United States","JN.1",0.0708389763897944,0.00087412847718472,0.0468571428571428,0.0219301186173972,3,0,-0.275205222531051,-0.862565584148546,5.1114014626969,13,0.444649279457227,-0.0129752271893797,0.9,8,0.166666666666667,3,0.104110306859066,2,0.125,0.666666666666667,-0.619047619047619,0.687729382898245,3,1.58417075851253,0,0,0.196349540849375,0.615682850681886
"United States","JN.1.4",0.0658661569290147,-0.000441386324649676,0.04149377593361,0.0185165769493746,3,0,-0.499454024941122,-1.03688303417333,4.62492335422575,2,0.508541030107234,-0.159318065127548,1,4,0.166666666666667,0,0.0461037567167746,1,0.125,0.80952380952381,-0.428571428571429,0.586548363330302,3,1.96036782943283,0,0,0.196349540849375,0.676079915698862
"United States","P.1",0.0722752157205066,-0.000414093617348492,0.0383024360349318,0.0204477204544674,4,0,-0.509822492990363,0.0249371944149596,5.25915538844788,14,0.79463253237738,0.0397618322520807,0.95,9,0.166666666666667,4,0.406280115262563,1,0.125,0.80952380952381,-0.571428571428571,0.712426618230898,2,1.38314875124874,0,0,0.196349540849375,0.308472303469335
"United States","Q (B.1.1.7)",-0.222926453854157,-8.15227522556797e-05,0.0239651416122004,0.0063259939118038,5,4,-0.541897930347926,-0.376651365096927,1.86802290358131,5,0.188307941496874,-0.236745969557751,0.9,4,0.0233333333333333,0,0.179575500763569,1,0.5,0.142857142857143,0.666666666666667,0.109735101363124,4,1.98999131007315,0,0,0.981747704246875,1.26250202965622
"United States","XBB",0.0358966514810941,-0.000105251610550529,0.0222098833981122,0.0120769984372218,4,0,-0.333973950017232,-0.530779944770309,2.88246384246233,6,0.430508509216783,-0.105460195891583,1,4,0.12,0,0.158478754719418,4,0.25,0.857142857142857,-0.380952380952381,0.349859185013013,2,1.9342054222446,0,0,0.589048622548125,0.818510202166243
"United States","XBB.1.16",0.053429274421883,0.000498284320085186,0.0357529794149512,0.0204352032763771,3,0,-1.10790860351103,-0.775170286464158,2.95958775360507,6,0.232456987833887,-0.0813598515238149,1,5,0.0740740740740741,5,0.0534346449028263,1,0.166666666666667,0.857142857142857,-0.523809523809524,0.431602790118787,3,2.12862074618514,0,0,0.589048622548125,0.721165184327836
"United States","XBB.1.5",0.0840959452127161,0.00161982667137874,0.0904334828101644,0.03795137777028,3,0,-0.982792752264002,-0.780005307161655,5.43359235339078,13,0.701416765703668,0.209534398061194,1,8,0.166666666666667,4,0.254236463027445,2,0.125,0.761904761904762,-0.571428571428571,0.641414752614581,3,1.77512500900097,0,0,0.196349540849375,0.410200504241659
