"country","lineage","slope_log","slope_y_1_7","peak_val","auc_norm","longest_inc_run","zero_count","c22_DN_HistogramMode_5","c22_DN_HistogramMode_10","c22_CO_f1ecac","c22_CO_FirstMin_ac","c22_CO_HistogramAMI_even_2_5","c22_CO_trev_1_num","c22_MD_hrv_classic_pnn40","c22_SB_BinaryStats_mean_longstretch1","c22_SB_TransitionMatrix_3ac_sumdiagcov","c22_PD_PeriodicityWang_th0_01","c22_CO_Embed2_Dist_tau_d_expfit_meandiff","c22_IN_AutoMutualInfoStats_40_gaussian_fmmi","c22_FC_LocalSimple_mean1_tauresrat","c22_DN_OutlierInclude_p_001_mdrmd","c22_DN_OutlierInclude_n_001_mdrmd","c22_SP_Summaries_welch_rect_area_5_1","c22_SB_BinaryStats_diff_longstretch0","c22_SB_MotifThree_quantile_hh","c22_SC_FluctAnal_2_rsrangefit_50_1_logi_prop_r1","c22_SC_FluctAnal_2_dfa_50_1_2_logi_prop_r1","c22_SP_Summaries_welch_rect_centroid","c22_FC_LocalSimple_mean3_stderr"
"Australia","A",-0.118034936783399,-0.00783879341210169,0.178571428571429,0.0475324098726605,3,4,-0.56631903571931,-0.736710761567488,1.78681152498197,1,0.501772043112432,-0.529594593990453,1,7,0.0740740740740741,4,0.102696176361747,3,0.125,-0.714285714285714,0.321428571428571,0.5278072999968,4,1.87716675715261,0,0,0.39269908169875,0.558938823839343
"Australia","AU (B.1.466.2)",0.114540288744066,-0.00824175824175824,0.454545454545455,0.0350524475524476,1,24,0.102032605668414,-0.120895776464256,1.92795511943286,9,0.00481466824484693,2.96759332238117,0.185185185185185,2,0.140039447731755,0,0.0630184767282416,1,0.5,0.928571428571429,-0.0357142857142857,0.217667274302669,2,0.674521210592376,0,0,1.17809724509625,1.01931838116241
"Australia","AY (B.1.617.2)",0.203984512198698,-0.00892857142857143,0.4,0.0405483405483405,2,22,-0.00576794904703093,-0.216146301130844,1.9460886377879,7,0.111144383066547,-1.48479717546509,0.259259259259259,3,0.140039447731755,8,0.162683822660342,1,0.5,0.607142857142857,-0.107142857142857,0.158119778636854,2,0.852019419362702,0,0,1.17809724509625,1.13460373651118
"Australia","AY.39",0.0042847383879229,-0.0139896867838044,0.25,0.0206716736655507,2,18,0.0858702508175608,-0.162118937676952,1.65052592414956,3,0.0205980635564427,-4.34321828733188,0.518518518518518,4,0.0670611439842209,4,0.0458756810895915,3,0.5,-0.571428571428571,0.0714285714285714,0.139255388010823,4,1.43537221712824,0,0,1.37444678594563,0.648818118022115
"Australia","AY.39.1.2",0.116025709541649,-0.00255102040816327,0.0238095238095238,0.00213678865310297,1,24,0.0409979080695304,-0.158896784913736,1.74566203559772,24,0.0596613979030987,-1.39385047878568,0.148148148148148,2,0.181069958847737,0,0.143419640233711,2,0.333333333333333,-0.0357142857142857,-0.0357142857142857,0.252315235731088,2,0.57351607609728,0,0,1.17809724509625,0.716274107468668
"Australia","AY.39.1.3",0.0734223259887829,0.0152575375094801,0.313207547169811,0.153350568713777,3,0,0.947241054360546,0.750146382627028,5.04039310858154,11,0.689570172351392,0.084459223613882,0.888888888888889,9,0.166666666666667,4,0.247570173721009,7,0.1,0.428571428571429,-0.785714285714286,0.672325176213009,4,1.67286403834734,0,0,0.196349540849375,0.670376526047226
"Australia","AY.39.1.4",0.124158442603662,0.00882094102801908,0.153846153846154,0.0512401188013152,3,1,-0.98603263155924,-0.774492821102225,1.86679355012217,1,0.43889084299825,0.088434595205019,0.962962962962963,6,0.0576131687242798,5,0.0961036835313148,2,0.333333333333333,0.357142857142857,-0.607142857142857,0.294982569404081,4,1.98415636061009,0,0,0.7853981633975,1.06329800633554
"Australia","B.1.1.416",0.193771638562391,-0.0285714285714286,0.25,0.0630349902505475,2,14,-0.487878961647794,-0.648217822797092,1.71241243478709,1,0.337376647747767,-0.857902587402335,0.777777777777778,6,0.0555555555555556,6,0.146583248805337,3,0.25,0.428571428571429,-0.214285714285714,0.217104306194341,3,1.86142517796796,0,0,1.37444678594563,0.952943426189353
"Australia","B.1.160",-0.0867197809082693,-0.0133928571428571,0.125,0.00446428571428571,0,27,0.340168025708304,0.0755928946018454,1.63128552506524,28,0,-5.48748420072655,0.037037037037037,1,0.297668038408779,0,0.12741567111348,14,1,-0.928571428571429,0.0714285714285714,0.151623664984038,1,0.158410570131791,0,0,1.570796326795,0.352766841475279
"Australia","B.1.2",-0.0365083720509243,-0.00118793026192513,0.0571428571428571,0.00993490981695417,2,15,-0.291295031166167,-0.488486606955024,1.89827600553063,2,0.150863395783434,-0.149412805190759,0.666666666666667,4,0.0729783037475345,6,0.147554995572046,2,0.5,0.285714285714286,-0.0714285714285714,0.12181717439625,3,1.84460937520046,0,0,1.17809724509625,1.19541366626203
"Australia","B.1.23",0.0460127802454195,0.00471147219743228,0.127906976744186,0.0471173755733717,3,4,-0.894421606537505,-1.06105987541347,1.85460563781219,1,0.488863237263962,0.198130803460261,0.962962962962963,8,0.0740740740740741,3,0.0864411005838871,2,0.142857142857143,0.142857142857143,-0.607142857142857,0.517449703904896,4,2.04742255947593,0,0,0.39269908169875,0.941454691287964
"Australia","B.1.258",-0.0741233861311186,-0.00243506493506494,0.0227272727272727,0.000811688311688312,0,27,0.340168025708304,0.0755928946018454,1.63128552506524,28,0,-5.48748420072654,0.037037037037037,1,0.297668038408779,0,0.12741567111348,14,1,-0.928571428571429,0.0714285714285714,0.151623664984038,1,0.158410570131791,0,0,1.570796326795,0.352766841475279
"Australia","B.1.319",-0.238982284476819,0.0056396367746881,0.0598802395209581,0.0257044131895224,2,9,-0.931703709836535,-1.07318661686312,1.68353348968929,2,0.182275682519227,-0.218120737397389,0.888888888888889,8,0.0185185185185185,4,0.15295745818465,1,0.25,-0.464285714285714,0.392857142857143,0.199192286298815,3,2.18463946349952,0,0,1.37444678594563,1.06980105820665
"Australia","B.1.351",-0.0806706388305299,-0.00600961538461538,0.333333333333333,0.0470867673992674,1,19,-0.146674781405506,-0.324418003816174,1.52702065481387,1,0.102694271573476,0.219142098930872,0.592592592592593,3,0.0640146319158665,5,0.187858653987035,3,1,0.178571428571429,0.0714285714285714,0.0392698315849683,3,1.19829051868552,0,0,1.96349540849375,1.2116217807785
"Australia","B.1.36",0.0632284570845562,-0.000595238095238094,0.25,0.0361231030873888,2,20,-0.168914046085899,-0.35873747570669,1.59977898876493,1,0.163716458551898,1.59034622382404,0.444444444444444,3,0.0887059899405579,3,0.0924301184928386,1,1,0.571428571428571,-0.0357142857142857,0.126025839505767,3,1.14393218074529,0,0,1.570796326795,1.21457868055422
"Australia","B.1.36.1",-0.0901926919619532,-0.0214285714285714,0.2,0.00714285714285714,0,27,0.340168025708304,0.0755928946018454,1.63128552506524,28,0,-5.48748420072656,0.037037037037037,1,0.297668038408779,0,0.12741567111348,14,1,-0.928571428571429,0.0714285714285714,0.151623664984039,1,0.158410570131791,0,0,1.570796326795,0.352766841475279
"Australia","B.1.429",-0.121168865547775,-0.0306122448979592,0.333333333333333,0.028102849531421,1,24,0.0632206371848091,-0.138228660111215,1.69932437360481,10,0.119983083010195,-2.79617728038849,0.185185185185185,4,0.119341563786008,7,0.178308531535632,1,0.333333333333333,-0.464285714285714,0.178571428571429,0.184291265597664,2,0.674521210592376,0,0,1.37444678594563,0.971492574432132
"Australia","B.29",0.113454650410583,-0.00185025654362325,0.0348837209302326,0.0153702907688244,3,6,0.196253189209982,0.361491208870229,1.820469420867,2,0.452073934013307,-0.360485478452199,0.888888888888889,5,0.0177514792899408,4,0.0995371253354485,2,0.5,0.142857142857143,-0.428571428571429,0.283960891278425,4,2.07682347608013,0,0,1.17809724509625,1.06257552886034
"Australia","B.3",-0.0116585990902954,-0.00430277374107538,0.0892857142857143,0.0306714325072223,2,4,-0.170561935635588,0.0253959720799573,1.59722571729981,2,0.234290536382075,-0.481800152376722,1,4,0.00914494741655235,2,0.0779021393658986,2,1,-0.214285714285714,0.25,0.0379302993573787,5,2.11558259784046,0,0,1.570796326795,1.13455596779972
"Australia","B.4.5",0.0795515818209792,-0.0102040816326531,0.0714285714285714,0.0170029176355185,3,7,-0.585541430015151,-0.797631345129537,2.18175465437082,11,0.121598610121722,-0.769509891428125,0.814814814814815,5,0.04,3,0.175239908054784,4,0.2,-0.678571428571429,-0.178571428571429,0.434213793699163,3,2.00609967960293,0,0,0.589048622548125,0.79928544852128
"Australia","B.6",-0.0627154973340668,-0.0115652840083402,0.117647058823529,0.0329946833157492,2,5,-0.682639071045285,-0.87178312265452,1.66551671554987,1,0.221519533266494,-1.40746162766074,0.888888888888889,4,0.0462962962962963,4,0.0814254212431331,3,0.25,-0.857142857142857,0.392857142857143,0.201741288554779,3,2.1081250002291,0,0,1.37444678594563,0.784857125226305
"Australia","BA.1 (BA.1)",0.285714294648935,-0.002236902223576,0.0224358974358974,0.00863223731879416,4,7,-0.852171279116794,-1.00180566723273,3.37056432463052,10,0.405994911276341,0.532592121691339,0.777777777777778,12,0.0740740740740741,7,0.19827390327509,6,0.25,0.428571428571429,-0.428571428571429,0.603236753664874,7,1.91533317167766,0,0,0.39269908169875,0.883616804142535
"Australia","BA.1.1 (BA.1.1)",0.0644480611149012,0.00299665653824338,0.0617283950617284,0.0246594534236356,5,1,-0.421361553775949,-0.633136901155321,2.51728764268437,4,0.277202757788653,-0.749127961524581,1,5,0.037037037037037,6,0.0963785621378953,2,0.666666666666667,0.5,0.142857142857143,0.20184210826763,3,1.91956386060847,0,0,0.589048622548125,1.10960530394304
"Australia","BA.1.17.1 (BA.1.17.1)",0.0229534078342424,0.0035436783520629,0.0689655172413793,0.0329348785679656,3,0,-1.00986484063182,-0.112881226932213,2.51152057337547,6,0.43889084299825,0.763251219703162,0.888888888888889,7,0.08,0,0.100481370259608,3,0.2,-0.0714285714285714,-0.357142857142857,0.42939963238931,5,2.03483744563923,0,0,0.589048622548125,1.01939101901067
"Australia","BA.2 (BA.2)",0.039371685133384,5.64407647028667e-05,0.0591397849462366,0.0241345237763706,3,0,-0.871802871407121,-0.871802871407121,1.77521845562864,2,0.286678229619297,0.232383233801098,1,4,0.0335305719921105,3,0.0351643465259752,2,0.5,0.678571428571429,-0.321428571428571,0.207555989170299,4,2.11814635595313,0,0,1.37444678594563,1.17638085649352
"Australia","BA.2.10 (BA.2.10)",0.132144369472726,-1.71952881920598e-05,0.0666666666666667,0.010053948614233,3,7,-0.254998465887393,-0.505935618285352,1.95583239944132,3,0.0694719482634869,0.371647709588814,0.814814814814815,6,0.0246913580246914,3,0.0910116078396314,1,0.333333333333333,0,0.214285714285714,0.309868874027919,4,2.11814635595313,0,0,0.981747704246875,1.18822344532644
"Australia","BA.2.12.2 (BA.2.12.2)",0.0899009622856089,-0.00106260565441626,0.0489130434782609,0.0125704784407201,3,2,-0.703509595014735,-0.703509595014735,2.65104768397788,3,0.412867450769831,0.330926992681075,0.925925925925926,5,0.111111111111111,6,0.039929313087107,2,0.222222222222222,0.607142857142857,-0.285714285714286,0.454209319580897,5,1.90597496652153,0,0,0.589048622548125,1.04346812248844
"Australia","BA.2.3 (BA.2.3)",-0.0687542515810875,-0.00117739403453689,0.010989010989011,0.000392464678178964,0,27,0.340168025708304,0.0755928946018454,1.63128552506524,28,0,-5.48748420072656,0.037037037037037,1,0.297668038408779,0,0.12741567111348,14,1,-0.928571428571429,0.0714285714285714,0.151623664984039,1,0.158410570131791,0,0,1.570796326795,0.352766841475279
"Australia","BA.2.33 (BA.2.33)",0.269015621266496,-0.00162980072917961,0.119369369369369,0.00986888465742298,3,10,0.0927146578301705,-0.174862964508405,1.73713734582197,3,0,3.43613755138031,0.740740740740741,3,0.0740740740740741,0,0.0676568228867392,2,0.375,0.678571428571429,-0.25,0.216884689817806,3,1.89338985268483,0,0,1.17809724509625,0.991984899129429
"Australia","BA.2.42 (BA.2.42)",0.0812873376397746,-0.00213261167471525,0.0300751879699248,0.0116430827529575,2,1,-0.318013325857567,-0.500501674207565,1.61096138296232,2,0.50315746722415,-0.763775359299018,0.962962962962963,3,0.000914494741655235,4,0.0520835944522042,2,1,0.178571428571429,-0.446428571428571,0.15254844136329,4,2.18463946349952,0,0,1.570796326795,1.04506207852102
"Australia","BA.4 (BA.4)",-0.00862286020221581,-0.00107142857142857,0.01,0.00160277177178972,2,19,-0.219790057316473,-0.402106207145358,1.68785186999528,2,0.140643690330828,-2.41187545276633,0.518518518518518,3,0.0729783037475345,3,0.0979936075226439,2,0.5,0.0357142857142858,-0.0714285714285714,0.172985161426037,3,1.24258038857681,0,0,1.37444678594563,0.970973654162693
"Australia","BA.4.1 (BA.4.1)",0.302234173890671,-0.00113319961715368,0.0281124497991968,0.0058197749971574,3,9,-0.446484132116005,-0.655087049127508,1.91270501035962,3,0.243508636298663,-0.153475759689519,0.740740740740741,5,0.166666666666667,6,0.135533575437574,2,0.1,0.75,-0.392857142857143,0.344931812291649,3,1.97669876299873,0,0,1.17809724509625,0.916849548623033
"Australia","BA.4.5 (BA.4.5)",0.21288769062451,-0.000133141942274685,0.0466321243523316,0.0149703097302979,2,5,-0.71238713985458,-0.71238713985458,6.43417235981646,10,0.660109076472457,0.421234256307136,0.888888888888889,9,0.111111111111111,2,0.125765494476174,1,0.111111111111111,0.714285714285714,-0.357142857142857,0.773272362300003,3,1.86780855199647,0,0,0.196349540849375,0.55889086359753
"Australia","BA.4.6.4 (BA.4.6.4)",0.0170183670515932,-0.00144432172231039,0.021978021978022,0.00867160257631201,3,1,-0.352227363375647,-0.538476898963433,1.688321080476,2,0.195771722711334,0.379200821774045,0.962962962962963,4,0.0355029585798817,6,0.16456127729833,2,0.5,0.571428571428571,-0.142857142857143,0.106330570437159,4,2.04742255947593,0,0,1.37444678594563,1.0834083763923
"Australia","BA.5 (BA.5)",0.0542127052171955,-0.000398236890412958,0.0418250950570342,0.0158881693089469,2,1,-0.35463500271051,-0.576637959974942,1.63313984164202,1,0.264004871157534,2.06510731334218,1,5,0.0123456790123457,3,0.104858323028837,2,0.333333333333333,0.285714285714286,-0.428571428571429,0.312930408171742,4,2.12750456110927,0,0,1.570796326795,1.13353428918338
"Australia","BA.5.1 (BA.5.1)",0.121397613075276,-2.87926761491602e-05,0.0574712643678161,0.0197894690147769,3,1,-0.188186787100708,-0.400411116824712,5.7476742305056,3,0.303566072011225,0.20040731836241,1,7,0.166666666666667,3,0.122201108376586,1,0.1,0.75,-0.571428571428571,0.654532345051632,4,1.81646431639944,0,0,0.196349540849375,0.761369568343581
"Australia","BA.5.2 (BA.5.2)",0.0943449663067947,0.000777962775479016,0.0929368029739777,0.0307264479102282,3,0,-0.758297050530608,-0.943159821749855,5.64415901016206,3,0.550463096366567,0.338815445630891,0.888888888888889,5,0.166666666666667,4,0.102129118471238,2,0.1,0.785714285714286,-0.571428571428571,0.629626789493209,3,1.81646431639944,0,0,0.196349540849375,0.656289556439238
"Australia","BA.5.6 (BA.5.6)",0.0212985342735177,0.00159647169149582,0.0383141762452107,0.0190960935469111,2,0,-1.03045774649782,-0.50090640083346,1.67059868392149,1,0.395905468900117,0.921589475087551,0.925925925925926,5,0.0246913580246914,5,0.0632387051208637,3,0.333333333333333,0.0714285714285714,-0.5,0.189723521379616,4,2.12750456110927,0,0,1.570796326795,1.19613322285982
"Australia","BA.5.7 (BA.5.7)",0.0260862225151009,-0.00481011259037565,0.0536912751677852,0.0153484950814021,4,1,-0.815342920134163,-0.596006370009406,2.13719159256063,5,0.353066400185093,-1.04104135587029,0.962962962962963,6,0.0185185185185185,7,0.0483571813066946,2,0.25,0.571428571428571,-0.0357142857142857,0.239505008699863,3,1.87657404991733,0,0,0.7853981633975,0.902676447384369
"Australia","BC5 (BA.1.1.15)",0.00742217022431323,0.000812035000572297,0.0416666666666667,0.0218894206468493,2,0,-0.94252809295556,-1.11616722326984,1.7423294164791,2,0.249021984838379,-0.0413814213038152,0.962962962962963,5,0.04,2,0.10123208241003,1,0.2,0,0,0.364240061913479,3,2.12816771167716,0,0,1.570796326795,1.03936541992103
"Australia","BE.1",0.0457048177326733,-0.000629536008799542,0.0336134453781513,0.00819968111675452,3,6,-0.640527574191936,-0.418030252260893,1.67620300856676,1,0.181357892273296,0.557913001923711,0.925925925925926,4,0.08,6,0.0719123083338132,2,0.2,0.535714285714286,0,0.218275161481241,3,2.15011103066999,0,0,1.76714586764437,1.07027997066823
"Australia","BF (BA.5.2.1)",0.107795332624103,0.0019380277387602,0.140684410646388,0.0454599440307235,4,0,-0.694233182491329,-0.525979369622103,4.94059469819332,16,0.692301556219337,0.129858631010561,0.925925925925926,9,0.166666666666667,2,0.337131609950982,1,0.1,0.857142857142857,-0.446428571428571,0.783635778563851,4,1.81646431639944,0,0,0.196349540849375,0.3757955380041
"Australia","BF.17",0.0949159109076213,0.00201240752937947,0.0863636363636364,0.0156208960682826,3,3,-0.402221551144781,-0.153548385694666,2.34355351095216,5,0.181220278163837,-0.93073952924856,0.925925925925926,5,0.0277777777777778,2,0.178320953446862,3,0.25,0.785714285714286,-0.25,0.414145884103412,5,2.10878815079699,0,0,0.7853981633975,1.00064920483521
"Australia","BF.18",0.0615083359933769,-0.000203107651167744,0.0383141762452107,0.0152817515846814,2,2,-0.39301420918953,-0.194228456027991,1.78873725904772,4,0.310304493834561,0.725213751358283,1,4,0.0157790927021696,7,0.131029132209524,1,0.5,0.285714285714286,-0.0714285714285714,0.06320640547442,5,2.17205434966283,0,0,0.981747704246875,1.24795397456358
"Australia","BG (BA.2.12.1)",0.120410103181343,-0.001385906785297,0.0290909090909091,0.0126994977204747,2,1,-0.458380855735268,-0.626230308196154,4.52408446748484,2,0.403465677966343,-0.77926259520205,0.962962962962963,6,0.0740740740740741,2,0.130128340768937,1,0.125,0.678571428571429,-0.464285714285714,0.554814643111637,3,2.00609967960293,0,0,0.196349540849375,0.693810282139522
"Australia","BJ (BA.2.10.1)",0.0682408331692235,0.00578999612104813,0.11522633744856,0.0448324036151777,5,0,-0.198742459607015,0.0121933662543581,4.91797587143062,6,0.421299548631293,0.485447786668254,0.814814814814815,12,0.166666666666667,6,0.107652136784773,5,0.1,0.607142857142857,-0.714285714285714,0.644581327085431,3,1.89338985268483,0,0,0.196349540849375,0.752056470337291
"Australia","BN.1",0.0724050946614761,-0.00140356549957659,0.0358208955223881,0.0123332028434626,5,4,-0.883090823416811,-0.702353224269757,1.6347896601328,1,0.225187903925806,0.235067836512962,1,3,0.0205761316872428,5,0.140645428730108,2,0.333333333333333,0.607142857142857,-0.178571428571429,0.204234746739528,4,2.15011103066999,0,0,1.570796326795,0.982124114090381
"Australia","BN.1.3",0.12041627340739,-0.000877820691087724,0.0261437908496732,0.0109247971359458,2,2,0.330854507402478,0.330854507402478,1.64413617130373,1,0.294238438685523,0.290603282321769,1,5,0.111111111111111,3,0.146067399088759,5,0.111111111111111,0.857142857142857,-0.285714285714286,0.360940054606047,3,2.08874543934893,0,0,1.570796326795,0.885412769764379
"Australia","BQ.1",0.206446491242887,-0.000561917273812971,0.051792828685259,0.0197527088434964,3,3,-1.00495890117286,-0.826381591027784,3.95162100181374,1,0.482491720763796,-0.0157194619772153,0.925925925925926,8,0.166666666666667,3,0.056350653333924,2,0.1,0.714285714285714,-0.535714285714286,0.602081243219554,2,1.83525117004432,0,0,0.196349540849375,0.803102469079218
"Australia","BQ.1.1",0.0664433170450477,-0.000467713411799404,0.0432569974554707,0.0196717048454324,4,1,0.164354885551633,0.346016810458462,1.70613970225162,1,0.382482581399564,0.45981845232136,0.925925925925926,5,0.0625,3,0.106725585280819,5,0.166666666666667,0.785714285714286,-0.428571428571429,0.331282391549313,4,2.11814635595313,0,0,1.37444678594563,0.969116451196413
"Australia","BR.2.1",0.118231825115868,-0.00176942129444346,0.0981132075471698,0.030066416566818,4,1,-0.821672475196766,-0.622668424950275,1.97557195393329,4,0.219247671870551,0.218741076574986,0.925925925925926,6,0.111111111111111,7,0.0995716994023704,1,0.111111111111111,0.821428571428571,-0.571428571428571,0.428808866977995,3,1.97347185431817,0,0,0.7853981633975,0.934504618762062
"Australia","C (B.1.1.1)",0.00270094232171695,-0.0026154356529171,0.0555555555555556,0.0177761875218548,3,8,-0.720688326861554,-0.884502442578363,1.69318854065029,2,0.380247100721181,0.386522767237488,0.925925925925926,5,0.00591715976331361,4,0.0896429560952881,3,0.5,0.357142857142857,-0.214285714285714,0.128640636180296,3,2.10556124211643,0,0,1.37444678594563,1.23127058344819
"Australia","CH.1.1",0.133856838842683,0.00145920455556601,0.0308641975308642,0.0118744328291055,2,2,-0.327199512646174,-0.520279438712185,1.75771216119981,2,0.362507967849282,-0.0886173582343323,0.962962962962963,3,0.00986193293885602,3,0.0835124093052454,1,0.5,0.571428571428571,-0.678571428571429,0.28512217379045,3,2.15011103066999,0,0,1.570796326795,1.09116693539277
"Australia","CH.1.1.1",0.286617454424692,-0.00110456553755523,0.0145985401459854,0.00473026325241468,2,11,-0.655725327590369,-0.802077539553293,3.07526803049869,1,0.426941627125559,0.372395338804081,0.703703703703704,4,0.04,6,0.14143254734199,2,0.2,0.571428571428571,-0.464285714285714,0.447442703067404,2,2.00543652903503,0,0,0.589048622548125,0.885971119948275
"Australia","D (B.1.1.25)",-0.080955767331068,-0.0214285714285714,0.2,0.00989010989010989,1,26,0.252810580068926,0.00274794108770571,1.61979605400702,12,0.0031419001874333,-4.63311044502403,0.111111111111111,2,0.24371284865112,0,0.103308811422549,12,1,-0.392857142857143,0.0357142857142858,0.158209657758972,2,0.419555892320233,0,0,1.570796326795,0.562784775212203
"Australia","D.2",-0.0601908048611815,-0.00306122448979592,0.0909090909090909,0.00426716141001855,1,26,0.270739777847287,0.0156196025681127,1.60352276480925,11,0.0031419001874333,-0.152733589698226,0.111111111111111,2,0.24371284865112,0,0.158086773014399,11,1,-0.357142857142857,0.0357142857142858,0.132896807450595,2,0.419555892320233,0,0,1.570796326795,1.20739037656482
"Australia","D.3",0.058767667129208,-0.00695732838589982,0.166666666666667,0.0534399009312926,2,6,-0.724990352286535,-0.889283387421228,1.70604927471132,2,0.279622457689537,0.353741290579199,0.925925925925926,5,0.029585798816568,3,0.049921379695636,2,0.5,-0.535714285714286,0.285714285714286,0.135956647399659,4,2.06936587846876,0,0,1.570796326795,1.09604153950375
"Australia","EG.1",-0.0617328239887423,-0.00161719388900533,0.032258064516129,0.0089794833778451,2,12,-0.610112688859875,-0.781142925104292,1.90488774526347,4,0.0722866341878858,-0.902950194406674,0.703703703703704,6,0.0236686390532544,8,0.100903570621341,1,0.5,-0.357142857142857,0.107142857142857,0.0696294228000397,4,1.93107475086231,0,0,0.7853981633975,1.15527209812767
"Australia","EG.5.1",0.190645431547005,-0.00182132467947475,0.0543478260869565,0.0131235776756409,2,13,-0.499984193484255,-0.676689735491277,1.63417738508572,1,0.287569036536211,1.0514849659173,0.777777777777778,4,0.0277777777777778,4,0.181188928259979,3,0.25,0.535714285714286,-0.214285714285714,0.280649089115474,3,2.05678076463207,0,0,1.96349540849375,1.0441291061979
"Australia","EG.5.1.1",0.105552528430698,-0.00108225108225108,0.0526315789473684,0.00949837399897307,1,16,-0.308689395121733,-0.500495549397003,1.6289124607346,1,0.203089267484523,1.32404629742148,0.62962962962963,5,0.0256058527663466,5,0.0618191902721639,2,1,0.5,-0.0714285714285714,0.138894860017042,3,1.68121846325322,0,0,1.37444678594563,1.18999486378097
"Australia","FK.1",0.187888428346422,-0.00087179639755194,0.0467836257309941,0.00643857209637103,3,14,-0.178324249708723,-0.415303281092076,1.67955675600567,1,0.109734822648585,-1.52941076591308,0.703703703703704,4,0.106666666666667,3,0.122052668894787,2,0.2,0.571428571428571,-0.178571428571429,0.293619175027274,3,1.9834932100422,0,0,1.37444678594563,1.11190759186306
"Australia","FL.4",0.153230910988182,-0.00108225108225108,0.0224215246636771,0.00547433121991511,2,16,-0.444115659377847,-0.598156493278769,1.68619898352109,3,0.302671523333216,0.515413555033464,0.62962962962963,5,0.0552268244575937,5,0.166148794436305,1,0.5,0.357142857142857,-0.25,0.153689328208502,4,1.76619430438526,0,0,1.17809724509625,1.24488075873815
"Australia","HK.3",-0.110019665652592,-0.000501530989335868,0.0101010101010101,0.000651110407207968,1,26,0.149225688217292,-0.0607143731472317,1.60980754943243,4,0.0031419001874333,-2.74165107605166,0.111111111111111,2,0.24371284865112,4,0.195493066790745,14,1,-0.75,0.107142857142857,0.160016367797011,2,0.419555892320233,0,0,1.37444678594563,0.844313325042318
"Australia","HV.1",0.0979100967375064,-0.00334722748515852,0.0344827586206897,0.00719096013440312,2,19,-0.335731218110695,-0.490392120729676,1.67328880960471,2,0.0688716654507258,-0.157165412525551,0.444444444444444,3,0.0414201183431953,7,0.096325158785292,4,0.5,0.428571428571429,-0.0714285714285714,0.246205752016355,2,1.20928062137622,0,0,1.37444678594563,1.01262834417822
"Australia","JN.1",0.180747833586651,-0.00170068027210884,0.0357142857142857,0.00362275383638628,2,22,-0.00630117605220432,-0.225532389032667,2.11786319912316,5,0.0578253691773207,-0.188575523059525,0.259259259259259,3,0.140039447731755,6,0.0532387285715841,1,0.5,0.642857142857143,-0.107142857142857,0.245460450715695,2,0.852019419362702,0,0,0.981747704246875,0.986659621222216
"Australia","Q (B.1.1.7)",-0.196601733504713,-0.00501700680272109,0.0357142857142857,0.00521441952848257,1,20,-0.160759132164596,-0.335483087663466,1.56230515592707,1,0.237555387070968,-1.76260632681025,0.444444444444444,5,0.0859625057155921,6,0.142099775369989,2,1,-0.785714285714286,0.25,0.158178269649903,3,1.16587549973812,0,0,1.96349540849375,0.842712618407638
"Australia","XBB",0.148985141962751,-0.000452605083027566,0.0594795539033457,0.0199169958842044,5,3,-0.8973856420705,-0.706334232014654,3.13070453157746,3,0.580994817455544,0.569756332148908,1,9,0.166666666666667,4,0.0703072916896748,2,0.1,0.714285714285714,-0.535714285714286,0.524021392769372,3,1.86780855199647,0,0,0.39269908169875,0.886054617090833
"Australia","XBB.1.16",0.201857864815363,0.00133972944016316,0.103092783505155,0.0335660167919722,3,3,-0.86657992629738,-0.674510567654129,4.81873728415834,5,0.437457953017321,0.470259253732736,1,6,0.166666666666667,5,0.044120815655293,2,0.0909090909090909,0.821428571428571,-0.571428571428571,0.64392478335082,3,1.85463073092449,0,0,0.196349540849375,0.722687552915136
"Australia","XBB.1.5",0.0449997329956379,-0.0010903799959645,0.0223214285714286,0.00532141189008231,3,12,-0.487799642064049,-0.664028788043297,1.78374892586698,1,0.254962216893634,-0.602895403392404,0.740740740740741,6,0.0205761316872428,7,0.068971674860361,3,0.333333333333333,0.214285714285714,-0.142857142857143,0.228896111491132,2,2.0976925714901,0,0,0.7853981633975,1.12938076574894
"Australia","XBB.1.9",-0.0361595557047906,-0.000837278075592756,0.0102040816326531,0.000914474206800604,1,22,0.0481421435303186,-0.183722302464371,1.56736786853879,1,0.00839571714390193,-3.69342003261807,0.407407407407407,2,0.101051668952904,5,0.0473291690904138,1,1,-0.142857142857143,0.0357142857142858,0.105706875847188,2,0.956608498101539,0,0,1.570796326795,0.785535270770135
"Australia","XBC.1",0.0217204687542144,0.000474024906619137,0.0284090909090909,0.0114271720848796,4,2,-0.405008439222663,0.189214672920029,1.72645227031794,2,0.333983858761714,0.0223091843869491,1,5,0.0177514792899408,6,0.0976988973882545,2,0.5,0.214285714285714,-0.25,0.108516941465904,3,1.96411364916203,0,0,1.17809724509625,1.17414141231776
"Australia","XBC.1.3",-0.113054468901099,-0.00176893627074953,0.0154241645244216,0.00200869937172127,2,17,-0.135434439375575,-0.359436111839933,1.55315304940647,1,0.157808101182247,-3.5473169909704,0.666666666666667,3,0.0384087791495199,7,0.114512659322158,2,1,-0.785714285714286,0.142857142857143,0.136324686861163,2,1.55807620759613,0,0,1.96349540849375,0.784720898192504
"Australia","XBC.1.6",0.143354872444462,4.00881055990355e-05,0.0344827586206897,0.0117093536018831,3,8,-0.74474903196096,-0.900182753267883,1.81735234958295,1,0.508129997909841,0.0167974929871119,0.851851851851852,5,0.111111111111111,8,0.167317167036935,3,0.111111111111111,0.642857142857143,-0.196428571428571,0.381320592885167,4,2.17205434966283,0,0,0.7853981633975,0.985242610354723
"Australia","XBF",0.0965858298519483,-0.00172657845619388,0.0853242320819113,0.0334724433383338,3,0,-0.876831564582701,-1.04093705774049,7.00275919664333,19,0.688527785168441,0.129862438704597,0.962962962962963,8,0.0740740740740741,5,0.207440629919205,3,0.111111111111111,0.75,-0.571428571428571,0.76709558471543,4,1.60362977639994,0,0,0.196349540849375,0.539116838373852
"Austria","AY (B.1.617.2)",-0.0831323216779672,-0.00824175824175824,0.0769230769230769,0.00274725274725275,0,27,0.340168025708305,0.0755928946018455,1.63128552506524,28,0,-5.48748420072657,0.037037037037037,1,0.297668038408779,0,0.12741567111348,14,1,-0.928571428571429,0.0714285714285714,0.151623664984039,1,0.158410570131791,0,0,1.570796326795,0.352766841475279
"Austria","AY.122",-0.130770003335086,-0.00245535714285714,0.0333333333333333,0.00230654761904762,1,26,0.121172865406541,-0.0755135248185688,1.60785302536822,3,0.0031419001874333,-2.25449435537473,0.111111111111111,2,0.24371284865112,3,0.207854086921888,14,1,-0.785714285714286,0.107142857142857,0.197944364079897,2,0.419555892320233,0,0,1.570796326795,0.90793786315393
"Austria","AY.34",0.0410657444886043,-0.00207662707662707,0.2,0.062543984359607,2,7,-0.708284827738648,-0.874767783766415,1.64482874017046,1,0.481449333580845,0.178633596545705,0.888888888888889,4,0.08,3,0.126359927011545,2,0.2,0.0714285714285714,-0.321428571428571,0.376850072119725,4,2.15011103066999,0,0,1.570796326795,0.994390391410564
"Austria","AY.4",0.343241798565817,0.00144287832841515,0.208333333333333,0.0537902339639358,3,9,-0.587864600324514,-0.773670591468826,1.89290554757929,2,0.222268167817829,1.00705291047736,0.851851851851852,3,0.111111111111111,2,0.069683138082136,1,0.125,0.535714285714286,-0.464285714285714,0.407609942738287,3,2.14008967494596,0,0,0.981747704246875,0.920517779300459
"Austria","AY.41",0.20442831528873,-0.0128489326765189,0.264150943396226,0.0874626195102097,3,6,-0.821153517055703,-0.998808938464907,1.81724408422983,2,0.408359121909274,0.0119080791023865,0.925925925925926,5,0.0236686390532544,0,0.0756428632541479,1,0.5,0.142857142857143,-0.321428571428571,0.22266588440478,3,2.14008967494596,0,0,1.17809724509625,1.11996412880475
"Austria","AY.43",0.511750561084529,-0.0021865889212828,0.301587301587302,0.105788465390504,3,9,-0.76579309191254,-0.918480041996606,7.36477913817991,3,0.722446907527866,0.321864760697893,0.740740740740741,6,0.166666666666667,3,0.147906475189377,2,0.1,0.642857142857143,-0.571428571428571,0.717488513339395,3,1.85778719627244,0,0,0.196349540849375,0.625981220343066
"Austria","AY.46.6",0.202714099096909,0.00208174178762414,0.135135135135135,0.023081029625604,3,16,-0.257485770685318,-0.439326982183065,1.66507356646459,2,0.108372217551669,0.9382135294074,0.62962962962963,3,0.0236686390532544,3,0.168934278829499,8,0.5,0.5,-0.142857142857143,0.17079058992781,3,1.80751718425827,0,0,1.76714586764437,1.14867845727178
"Austria","AY.9",0.00181612503420857,-0.00357142857142857,0.1,0.00476190476190476,1,26,0.265921578128375,0.0120873444603807,1.60338780615453,1,0.00153887205766124,-0.17947875107838,0.111111111111111,1,0.24371284865112,0,0.165494713257356,1,1,0,0.0357142857142858,0.149476301780237,1,0.419555892320233,0,0,1.76714586764437,1.09232862188163
"Austria","B.1",-0.137269161222776,-0.00535714285714286,0.05,0.00303830227743271,1,25,0.189549636912415,-0.0520136206830901,1.60778471523791,2,0.00983931869343383,-4.17656125933485,0.185185185185185,2,0.197073616826703,2,0.0716329510113618,3,1,-0.714285714285714,0.142857142857143,0.17035845999708,2,0.603797414115175,0,0,1.76714586764437,0.517862265964807
"Austria","BA.1 (BA.1)",0.290998629021745,-0.00273625009297243,0.212765957446809,0.0468897607023357,2,8,-0.404055732053379,-0.571878226529047,1.63625354977679,1,0.200132070162273,-0.0960777345470834,0.888888888888889,3,0.104166666666667,4,0.105544018453299,3,0.166666666666667,0.571428571428571,-0.392857142857143,0.333176128999965,3,2.12750456110927,0,0,1.570796326795,1.04649439945916
"Austria","BA.1.1 (BA.1.1)",-0.0901926919619532,-0.0214285714285714,0.2,0.00714285714285714,0,27,0.340168025708304,0.0755928946018454,1.63128552506524,28,0,-5.48748420072656,0.037037037037037,1,0.297668038408779,0,0.12741567111348,14,1,-0.928571428571429,0.0714285714285714,0.151623664984039,1,0.158410570131791,0,0,1.570796326795,0.352766841475279
"Austria","BA.2 (BA.2)",0.239258868609341,-0.00160025318416651,0.48,0.0658653792502614,6,2,-0.165334493517782,-0.387441608560901,1.8633151296325,1,0.243651147696513,-1.35267152580345,0.777777777777778,5,0.111111111111111,5,0.15012460647319,3,0.142857142857143,0.678571428571429,-0.285714285714286,0.472605926365521,4,1.82582252155558,0,0,0.589048622548125,0.888398180208762
"Austria","BA.2.9 (BA.2.9)",-0.00985226070773172,-0.00175273831896773,0.0980392156862745,0.0289802134249916,3,4,-0.682145149230799,-0.507771042089252,2.03104044181401,4,0.274582162027897,-0.86669176068605,1,5,0.00986193293885602,5,0.109639865053422,1,0.5,0.142857142857143,0.0357142857142858,0.163901623911132,4,2.15946923582613,0,0,0.981747704246875,1.29355829132403
"Austria","BA.4 (BA.4)",-0.0734804744771263,-0.00223214285714286,0.0208333333333333,0.000744047619047619,0,27,0.340168025708305,0.0755928946018454,1.63128552506524,28,0,-5.48748420072656,0.037037037037037,1,0.297668038408779,0,0.12741567111348,14,1,-0.928571428571429,0.0714285714285714,0.151623664984039,1,0.158410570131791,0,0,1.570796326795,0.352766841475279
"Austria","BA.5 (BA.5)",0.237869429129157,-0.00614416871285003,0.2,0.0260112240535933,4,6,-0.147366427576041,-0.392518540127812,1.51199131501084,1,0.0150931356499027,-0.0497894395232131,0.888888888888889,3,0.00228623685413809,4,0.130371358665859,1,1,-0.535714285714286,-0.285714285714286,0.0416134107584431,3,2.16269614450669,0,0,1.96349540849375,1.18463790625767
"Austria","BA.5.1 (BA.5.1)",-0.0682255795885831,-0.00109609061015711,0.010230179028133,0.000365363536719035,0,27,0.340168025708304,0.0755928946018454,1.63128552506524,28,0,-5.48748420072655,0.037037037037037,1,0.297668038408779,0,0.12741567111348,14,1,-0.928571428571429,0.0714285714285714,0.151623664984038,1,0.158410570131791,0,0,1.570796326795,0.352766841475279
"Austria","BA.5.2 (BA.5.2)",0.159866146650623,-0.00188370466529807,0.0267857142857143,0.0035397375239705,2,16,-0.132690759745485,-0.339051460537464,1.56883335995195,1,0.0858694511881025,-2.24941297559627,0.592592592592593,3,0.0461819844535894,4,0.111228738068061,1,1,-0.0714285714285714,-0.0714285714285714,0.120384115583878,3,1.6420833017615,0,0,1.76714586764437,0.864712226897991
"Austria","BD (BA.1.17.2)",0.3021078863678,-0.00359320557491289,0.114285714285714,0.0219197166314387,2,13,-0.329517835535638,-0.508998628508461,1.71775697010549,1,0.375853724282027,0.15121366426183,0.777777777777778,5,0.0740740740740741,5,0.091029181831931,3,0.142857142857143,0.571428571428571,-0.285714285714286,0.252749012061771,3,1.871446533692,0,0,1.17809724509625,1.10599364418471
"Austria","BE.1.1",0.246621681345653,-0.001471921940529,0.0848484848484849,0.0246219076507721,4,4,-0.669684890860107,-0.493625090461678,1.90294513317578,1,0.434695184890986,-0.0394489439055477,0.925925925925926,6,0.111111111111111,4,0.0718998597833994,2,0.111111111111111,0.607142857142857,-0.428571428571429,0.429667897180126,3,1.96154989104937,0,0,0.7853981633975,0.999618608451206
"Austria","BF (BA.5.2.1)",-0.0376799845108158,-0.00131892497675825,0.0223367697594502,0.00513350367538059,2,7,-0.579086373399961,-0.8021155460741,1.61311665033706,2,0.137214663531893,-0.122060729903286,0.925925925925926,5,0.0050297210791038,3,0.102264418624421,2,1,-0.464285714285714,0.214285714285714,0.0940008432565844,4,2.14008967494596,0,0,1.570796326795,1.22272160681656
"Austria","BF.14",0.0507895985097904,-0.00719751603000547,0.0842105263157895,0.0150911958711003,3,14,-0.286906298138532,-0.468015829837991,1.66158001994502,3,0.0625861614878086,-3.29342822263565,0.666666666666667,3,0.0414201183431953,6,0.0386819397595472,3,0.5,0.428571428571429,0.0357142857142858,0.0951512725092716,3,1.85719448903716,0,0,1.37444678594563,1.03126427068887
"Austria","BF.7",-0.0341196877565888,-0.00298464172790912,0.0338983050847458,0.00379629355193902,2,18,-0.0496526295579824,-0.256699741476239,1.71271266979219,3,0.0360473719784375,-0.466230940661454,0.481481481481481,3,0.0729783037475345,6,0.056056168541987,5,1,0.0357142857142858,0.107142857142857,0.184092822916713,3,1.39461485231629,0,0,1.37444678594563,0.86742533700716
"Austria","BG (BA.2.12.1)",-0.0219675657286317,-0.004695885509839,0.0470588235294118,0.00923979540542434,2,16,-0.345698847091481,-0.525104372200628,1.80008340961744,2,0.134387641290981,-1.70384265719881,0.555555555555556,4,0.0355029585798817,7,0.094414685363057,1,0.5,-0.178571428571429,-0.107142857142857,0.0788442280877738,2,1.63923243281233,0,0,0.981747704246875,1.19877112502385
"Austria","BN.1",-0.180056504067128,-0.00248085458013291,0.0225988700564972,0.00154029657495995,1,23,0.158192040738786,-0.0902104685331289,1.81255876524212,2,0.0134203675924887,-1.73537082410316,0.259259259259259,3,0.167652859960552,3,0.0405034898843877,2,1,-0.75,0.142857142857143,0.2442919240635,3,0.852019419362702,0,0,1.17809724509625,0.572694738483416
"Austria","BQ.1",-0.193216517067385,-0.00341026346835393,0.03954802259887,0.00191178250007879,2,24,0.269920808476981,0.00866943823680766,1.6397668473073,3,0,-5.28383625772989,0.185185185185185,3,0.134122287968442,4,0.0690225812116226,14,1,-0.642857142857143,0.178571428571429,0.182648159779516,3,0.674521210592376,0,0,1.570796326795,0.440360528730961
"Austria","BQ.1.1",-0.278931862394809,-0.00671765597917396,0.0903954802259887,0.00536419527374248,2,23,0.205677617314936,-0.0472549344612969,1.7085913774049,3,0.00983931869343383,-3.89169521463918,0.222222222222222,4,0.134122287968442,4,0.0954594897043338,1,1,-0.642857142857143,0.214285714285714,0.224944295603929,3,0.754462702325955,0,0,1.37444678594563,0.552051745919437
"Austria","CH.1.1",-0.244588114638518,-0.000902949736829604,0.0112994350282486,0.00107612238416044,1,23,0.0200518883622355,-0.190437056651599,2.16202760921196,2,0.103614228049005,-0.379267690119665,0.222222222222222,4,0.134122287968442,4,0.0664955736692766,1,1,-0.75,0.214285714285714,0.39625820682822,4,0.754462702325955,0,0,1.17809724509625,0.667121378985053
"Austria","EG.1.2",0.0331388651880606,-0.00104223049104969,0.0504201680672269,0.0144605269288554,3,10,-0.613524416750039,-0.777743618113915,2.11489290162159,4,0.40107421609255,-0.736634238596814,0.740740740740741,5,0.0177514792899408,6,0.139235382550184,1,0.5,0.0714285714285714,0.0714285714285714,0.130686896960908,4,1.94473408828186,0,0,0.981747704246875,1.2631943254179
"Austria","QB.1.177.81 (B.1.177.81)",-0.288261352957887,-0.00488262490974969,0.125,0.0269000316110667,1,15,-0.392878167772875,-0.563397831541765,1.83018549573152,4,0.287298134216082,0.421411456663402,0.62962962962963,7,0.0462962962962963,6,0.103990398802643,2,0.25,-0.392857142857143,0.357142857142857,0.270907499882795,5,1.82010229809496,0,0,0.981747704246875,1.0259154344489
"Austria","QB.1.177.86 (B.1.177.86)",-0.0934484230232855,0.000684577628519762,0.0454545454545455,0.0038722618681735,1,24,0.0628726155540373,-0.149388023783996,1.56206336134245,4,0.0205980635564429,-0.0611957688388977,0.259259259259259,2,0.157750342935528,6,0.185162908554604,4,1,-0.0714285714285714,0.107142857142857,0.0413059073837907,2,0.749330948168636,0,0,1.76714586764437,1.27750407252018
"Austria","R.1",-0.376069467640102,-0.00818916966457949,0.222222222222222,0.0293792886243275,1,20,-0.117951139466311,-0.301066419199756,1.8164216679516,1,0.159134267638558,0.16221773832383,0.37037037037037,3,0.106666666666667,8,0.108893630063581,4,0.2,-0.714285714285714,0.285714285714286,0.449258849803434,4,1.11999941004878,0,0,0.589048622548125,0.870005897820127
"Austria","XBB",-0.0215045513100483,-0.00121065375302663,0.0112994350282486,0.000440256580622738,1,26,0.322731313347407,0.0583590750637832,1.62882463140491,1,0,-5.47486943715709,0.111111111111111,1,0.24371284865112,0,0.105714824876077,1,1,0,0.0357142857142858,0.153030541974913,1,0.419555892320233,0,0,1.570796326795,0.369694052541958
"Austria","XBB.1.5",0.259790035388629,0.000471351065106544,0.0557717250324254,0.0152342923225675,2,10,-0.584819824498097,-0.753692174927829,2.02141252905244,3,0.443825068588114,0.271154164038654,0.777777777777778,4,0.0617283950617284,4,0.164202407854435,3,0.333333333333333,0.678571428571429,-0.285714285714286,0.34922247291817,3,2.06423836224343,0,0,0.981747704246875,1.06506192466173
"Austria","XBB.1.9",-0.151691814261558,-0.000150597358537829,0.0493827160493827,0.0116725362053617,3,8,-0.520698750839793,-0.711614315386907,1.51804258965268,1,0.303787063207721,-1.18746571165233,0.888888888888889,3,0.0219478737997256,4,0.117693269044186,1,1,-0.0714285714285714,0.285714285714286,0.0517415567905158,2,1.95475544400589,0,0,1.76714586764437,1.28779895253754
"Brazil","AY.101",0.00609344505208336,-0.00135917622142499,0.0495049504950495,0.0147033801571388,3,2,-0.802293288632909,-0.59867410775486,1.8513411657205,2,0.174269481387072,-1.22601550000335,0.962962962962963,3,0.0236686390532544,4,0.0458492485575166,4,0.5,0.571428571428571,0.0357142857142858,0.123960275900035,3,2.11558259784046,0,0,1.17809724509625,1.26869271589168
"Brazil","AY.34.1.1",-0.0754036673248934,-0.0028957528957529,0.027027027027027,0.000965250965250965,0,27,0.340168025708305,0.0755928946018455,1.63128552506524,28,0,-5.48748420072657,0.037037037037037,1,0.297668038408779,0,0.12741567111348,14,1,-0.928571428571429,0.0714285714285714,0.151623664984039,1,0.158410570131791,0,0,1.570796326795,0.352766841475279
"Brazil","AY.43",-0.076249034452857,-0.00324675324675325,0.0303030303030303,0.00108225108225108,0,27,0.340168025708304,0.0755928946018454,1.63128552506524,28,0,-5.48748420072655,0.037037037037037,1,0.297668038408779,0,0.12741567111348,14,1,-0.928571428571429,0.0714285714285714,0.151623664984038,1,0.158410570131791,0,0,1.570796326795,0.352766841475279
"Brazil","AY.43.2",0.234767448161375,7.05716531272368e-05,0.053921568627451,0.0162447943732444,2,4,-0.388238539612966,-0.196548170138147,2.24272106644726,3,0.399329642144559,0.56523640462677,0.962962962962963,5,0.111111111111111,6,0.130739522964098,2,0.111111111111111,0.535714285714286,-0.571428571428571,0.375506938478926,4,2.01545788475906,0,0,0.981747704246875,1.04144055360083
"Brazil","AY.46.3",0.196031561493102,-0.000330688096600293,0.0633640552995392,0.017847686061919,4,3,-0.743095562084977,-0.129538084816766,2.51538042062829,3,0.263425748207682,0.351807766973145,0.962962962962963,8,0.111111111111111,6,0.183484144054931,2,0.125,0.928571428571429,-0.428571428571429,0.456816937776684,4,2.08618168123626,0,0,0.589048622548125,0.816506837188849
"Brazil","AY.99.1",0.0798500931811616,0.000544594490583647,0.0403225806451613,0.0213315501001029,4,1,-0.100303830258628,0.763715715295917,1.92586933912692,3,0.381793925040597,-0.876346106187448,1,6,0.0123456790123457,6,0.0455159730292241,3,0.333333333333333,0.357142857142857,-0.464285714285714,0.296724339606176,4,1.99351456576623,0,0,0.981747704246875,1.07722654330235
"Brazil","AY.99.2",-0.0697061373405707,-0.00133928571428571,0.0125,0.000446428571428571,0,27,0.340168025708304,0.0755928946018454,1.63128552506524,28,0,-5.48748420072656,0.037037037037037,1,0.297668038408779,0,0.12741567111348,14,1,-0.928571428571429,0.0714285714285714,0.151623664984039,1,0.158410570131791,0,0,1.570796326795,0.352766841475279
"Brazil","B",-0.488478904419157,-0.010388759254458,0.257142857142857,0.0452387546691592,4,19,-0.248092319816734,-0.411464670942706,2.86776332288532,4,0.296121154398674,-0.720729012117615,0.333333333333333,5,0.0740740740740741,8,0.0436555371253863,2,0.5,-0.321428571428571,0.357142857142857,0.43456695115455,3,0.956122338098301,0,0,0.589048622548125,1.04554523471882
"Brazil","B.1.1",0.057164490035797,-0.0321997522541987,0.275862068965517,0.0631486552130119,3,10,-0.438514373453292,-0.608594736390441,1.8582392191114,3,0.352079590265138,-1.17743325776385,0.814814814814815,4,0.0205761316872428,6,0.0854416856863721,1,0.333333333333333,0.357142857142857,-0.0535714285714285,0.248590922287931,3,1.98092945192953,0,0,1.17809724509625,1.07642169168908
"Brazil","B.1.91",0.0834487119531808,-0.00281954887218045,0.125,0.0182575144044856,2,14,-0.21599292940368,-0.450461436807025,1.70059769949691,2,0.113927365821234,2.85232741651383,0.703703703703704,6,0.0216962524654832,2,0.057133216491004,1,0.5,-0.0714285714285714,-0.0357142857142857,0.149936381818083,3,1.85140382224393,0,0,1.570796326795,1.18745927129282
"Brazil","BA.1 (BA.1)",-0.0807277596052176,-0.00595238095238095,0.0555555555555556,0.00198412698412698,0,27,0.340168025708305,0.0755928946018454,1.63128552506524,28,0,-5.48748420072656,0.037037037037037,1,0.297668038408779,0,0.12741567111348,14,1,-0.928571428571429,0.0714285714285714,0.151623664984039,1,0.158410570131791,0,0,1.570796326795,0.352766841475279
"Brazil","BA.1.1 (BA.1.1)",0.394507911834234,-0.00119141063018614,0.206349206349206,0.0444751220902869,3,6,-0.47667674258433,-0.682970862417073,4.35460664377888,5,0.310939194047409,0.179038752863679,0.814814814814815,6,0.166666666666667,3,0.267495839989031,4,0.0909090909090909,0.892857142857143,-0.464285714285714,0.60394630943349,4,1.70995622928953,0,0,0.196349540849375,0.564845624308686
"Brazil","BA.1.14 (BA.1.14)",0.212281101916781,7.20691614458134e-05,0.0909090909090909,0.0301291028078585,4,3,-0.863825750908048,-1.05046157805048,7.45975795590668,4,0.572282687797254,0.270463792977392,0.888888888888889,13,0.0740740740740741,5,0.103509254091483,3,0.222222222222222,0.571428571428571,-0.5,0.706030026027997,6,1.81902807451211,0,0,0.196349540849375,0.749848281581482
"Brazil","BA.1.14.1 (BA.1.14.1)",0.147936917007815,0.00116943601814408,0.105263157894737,0.039639181881084,3,4,-0.915364637569354,-1.08084846879456,2.58672983768898,4,0.51536845594027,0.336536949464527,0.851851851851852,7,0.166666666666667,7,0.091751682207872,3,0.0909090909090909,0.571428571428571,-0.428571428571429,0.42616164562108,3,2.05488015708729,0,0,0.7853981633975,0.968753968056696
"Brazil","BA.1.14.2 (BA.1.14.2)",0.0659340320784143,0.000951001920705035,0.0681818181818182,0.022007203711546,2,1,-0.123786657609315,-0.395578577833854,1.53151243361371,1,0.368797952352267,1.87560634777116,1,5,0.00228623685413809,6,0.11738257741133,1,1,-0.5,-0.214285714285714,0.059691255523909,3,2.17205434966283,0,0,1.76714586764437,1.19149704357935
"Brazil","BA.1.15 (BA.1.15)",-0.0733281226008856,-0.0021865889212828,0.0204081632653061,0.000728862973760933,0,27,0.340168025708305,0.0755928946018455,1.63128552506524,28,0,-5.48748420072656,0.037037037037037,1,0.297668038408779,0,0.12741567111348,14,1,-0.928571428571429,0.0714285714285714,0.151623664984039,1,0.158410570131791,0,0,1.570796326795,0.352766841475279
"Brazil","BA.1.9 (BA.1.9)",0.184320712912131,-0.0017931067203038,0.071078431372549,0.0207450370477577,3,4,-0.772249226208603,-0.772249226208603,2.9373049974217,4,0.291314301648173,-0.709083742041643,0.888888888888889,7,0.0625,4,0.0849089954904101,3,0.166666666666667,0.571428571428571,-0.357142857142857,0.393395913981361,4,2.0962030369603,0,0,0.589048622548125,0.874022669208305
"Brazil","BA.2 (BA.2)",0.0148980908877962,-0.000460490883535728,0.0391389432485323,0.0107846503797093,3,1,-0.367404937859971,-0.610565462855472,1.75819815385058,1,0.0677736259741975,0.615393062084514,0.962962962962963,4,0.04,3,0.0813063206376084,2,0.2,0.714285714285714,-0.142857142857143,0.279433618168031,3,2.1375259168333,0,0,1.37444678594563,1.02465724609368
"Brazil","BA.2.23 (BA.2.23)",0.123078264037924,-0.00145474614437422,0.0442477876106195,0.0128416792896636,2,11,-0.617458851507334,-0.779758429760355,1.64192618748701,1,0.266741921164842,-0.0867837116499338,0.925925925925926,4,0.04,3,0.189769011168458,2,0.2,0.607142857142857,-0.142857142857143,0.232865934914856,3,2.0668021203561,0,0,1.76714586764437,1.11999809539423
"Brazil","BA.2.56 (BA.2.56)",0.23901134940381,-0.00115207373271889,0.03125,0.00622605963503346,4,18,-0.300222808164944,-0.451493081221999,2.14807780143522,2,0.178231183349564,-0.333407444019956,0.518518518518518,3,0.108481262327416,5,0.0306018853153836,2,0.5,0.75,-0.178571428571429,0.316424440717615,2,1.43537221712824,0,0,0.981747704246875,1.04678424325033
"Brazil","BA.2.81 (BA.2.81)",0.334025385699965,-0.000133151852290213,0.0697674418604651,0.0137612285593229,3,11,-0.362735887902893,-0.549243465911713,1.61398877545809,1,0.192953408618688,0.203996337112828,0.703703703703704,4,0.0150891632373114,3,0.0446649840636638,2,1,0.571428571428571,-0.321428571428571,0.175837247539455,4,2.06572789677324,0,0,1.570796326795,1.12926758926856
"Brazil","BA.2.9 (BA.2.9)",0.233656654549815,-0.00330887524028318,0.0769230769230769,0.0169206241883099,2,13,-0.447603567512584,-0.634154623004286,1.80659962144475,2,0.40037202932751,1.50169616770927,0.62962962962963,7,0.0416666666666667,7,0.0965580667325541,1,0.166666666666667,0.607142857142857,-0.142857142857143,0.318912499676456,3,2.0374012037519,0,0,1.17809724509625,1.07502973384226
"Brazil","BA.4 (BA.4)",0.125313406709204,-0.000271871445340834,0.0328467153284672,0.00922073098609613,3,10,-0.595176717214576,-0.759844880955568,1.62033594881286,2,0.355228728171921,1.26824461691257,0.888888888888889,3,0.0077732053040695,6,0.149142303631815,5,1,0.785714285714286,0.0357142857142858,0.202558806858515,4,2.11814635595313,0,0,1.570796326795,1.06315046840673
"Brazil","BA.4.1 (BA.4.1)",0.111452716986208,-0.00111607142857143,0.0563380281690141,0.00334848468024646,2,24,0.204781687129027,-0.0476338578431971,1.62019370787432,4,0.0031419001874333,0.00598270850714625,0.185185185185185,2,0.204389574759945,5,0.157085223929238,6,1,0.75,-0.0357142857142857,0.117029913086906,2,0.674521210592376,0,0,1.570796326795,1.22976029636925
"Brazil","BA.4.6 (BA.4.6)",-0.00687889390514082,-0.00093022048465616,0.0350877192982456,0.0112615095229245,4,6,-0.813680322444551,-0.997810034108277,1.87466876938985,2,0.284447149870287,1.28437007290965,0.925925925925926,6,0.0157790927021696,2,0.114044476973416,3,0.5,0.857142857142857,-0.285714285714286,0.292424756799048,3,2.15946923582613,0,0,1.17809724509625,1.10261737738534
"Brazil","BA.5 (BA.5)",0.285747262058241,-0.00122440488573212,0.012853470437018,0.00338751914699743,2,13,-0.522557983782018,-0.682313780789313,1.80024243716852,1,0.427198999039615,-0.10165373096956,0.592592592592593,6,0.0740740740740741,3,0.0671666054548185,2,0.125,0.607142857142857,-0.285714285714286,0.48616374988224,3,1.91020565545233,0,0,0.39269908169875,0.799341093705959
"Brazil","BA.5.1 (BA.5.1)",0.0356910502203558,-0.0018796992481203,0.0175438596491228,0.00100202127519061,1,25,0.213499593339304,-0.0354227013842296,1.61109188993241,1,0.111307643734911,-4.57001484309937,0.185185185185185,2,0.197073616826703,0,0.0965315065271549,3,1,0.785714285714286,0,0.151572678997357,2,0.603797414115175,0,0,1.570796326795,0.54589623605069
"Brazil","BA.5.2 (BA.5.2)",0.293125789694742,-0.00158730158730159,0.0172117039586919,0.00527474448627286,3,10,-0.601551448038504,-0.747231897863951,2.35154543436827,2,0.394633947830202,0.250798188033144,0.777777777777778,6,0.166666666666667,3,0.0708081462002125,1,0.0909090909090909,0.785714285714286,-0.339285714285714,0.451127853495978,3,1.9834932100422,0,0,0.7853981633975,0.780879158308384
"Brazil","BC (BA.1.1.1)",0.1739856844792,-0.00107856637525898,0.032520325203252,0.00435011884225672,3,16,-0.152452671359544,-0.378200426872798,1.70279122043571,1,0.142701464493096,1.05090348877041,0.62962962962963,3,0.0576131687242798,4,0.0715251273618308,4,0.333333333333333,0.5,-0.25,0.281365422493695,3,1.76619430438526,0,0,1.37444678594563,1.01177973823931
"Brazil","BC4 (BA.1.1.14)",0.0479821018794374,5.28372403838051e-05,0.0499286733238231,0.0157970168427665,3,2,-0.0673175418381439,-0.272658120237297,1.78465665126638,2,0.311085499430518,-0.193296857538667,1,4,0.0236686390532544,2,0.145973199309013,4,0.5,-0.642857142857143,-0.214285714285714,0.272450028693594,3,2.17205434966283,0,0,1.37444678594563,1.03223153440074
"Brazil","BD (BA.1.17.2)",0.214113196074524,-0.000565509692771152,0.0484903934126258,0.0175813473018743,3,3,-0.257670362496991,-0.463563459279252,6.04267474265112,6,0.503920809396504,-0.0890071325605121,1,11,0.166666666666667,6,0.227392949491332,3,0.1,0.714285714285714,-0.607142857142857,0.731165671140401,3,1.88915916375402,0,0,0.196349540849375,0.677169367066717
"Brazil","BE.10",-0.367400966590809,-0.0051789077212806,0.125,0.0153226739791773,2,20,-0.092740982022815,-0.298089223413248,1.88986503231025,2,0.201345206770165,-0.912925416325126,0.444444444444444,4,0.0740740740740741,2,0.117794148818725,1,0.142857142857143,-0.392857142857143,0.321428571428571,0.308142920851676,3,1.16587549973812,0,0,0.981747704246875,1.01387271011356
"Brazil","BF (BA.5.2.1)",0.204043449233775,0.000240875339612244,0.1,0.0346492072205492,4,3,-0.738636629414167,-0.588806936555244,5.11014097493907,6,0.488431952819051,0.0928236679495016,0.814814814814815,8,0.111111111111111,4,0.215144945708245,5,0.125,0.821428571428571,-0.392857142857143,0.722385289731733,4,1.96411364916203,0,0,0.196349540849375,0.580219609894318
"Brazil","BF.39",0.196866841096035,-0.00302592938462504,0.03125,0.00597970935018116,2,9,-0.372015551087769,-0.575634983846397,1.68159864987515,2,0.0907536719438521,-0.724178560420497,0.666666666666667,5,0.0118343195266272,6,0.08256799979025,2,0.5,0,-0.178571428571429,0.158781852384259,3,2.09876679507296,0,0,1.37444678594563,1.01792810328275
"Brazil","BG (BA.2.12.1)",0.270182835368243,-0.00271448385179314,0.0869565217391304,0.0187930065875953,3,8,-0.528577196978857,-0.756177579399915,1.55837951732411,2,0.12098310645431,0.890667471476053,0.851851851851852,4,0.0077732053040695,2,0.0953983145485933,3,1,0.0714285714285714,-0.464285714285714,0.0654694638117739,3,2.11814635595313,0,0,1.570796326795,1.21088863470632
"Brazil","BQ.1",-0.0269336322847547,-0.0044300328827183,0.0588235294117647,0.00494806618299494,1,24,0.0691509973439547,-0.148539432842182,1.63689346354806,4,0.00983931869343374,-0.375296908519405,0.222222222222222,2,0.220907297830375,4,0.133444611541549,6,0.5,-0.142857142857143,0.0357142857142858,0.153436805538039,2,0.754462702325955,0,0,1.570796326795,1.10132721891159
"Brazil","BQ.1.1",0.0668188999995955,-0.0010932944606414,0.0229007633587786,0.00137910339503097,1,24,0.194565757426215,-0.0499916914699628,1.6221342521468,2,0.00153887205766124,3.95041041577063,0.222222222222222,2,0.181069958847737,4,0.102698076240901,2,1,0.0357142857142858,-0.0357142857142857,0.176289155579229,2,0.683738905848754,0,0,1.37444678594563,1.01151608237877
"Brazil","BQ.1.1.60",0.359865351405892,-0.00730519480519481,0.0681818181818182,0.0174679694808674,2,10,-0.622525120799052,-0.82180089954839,1.9211985608215,1,0.250862561789411,-2.33271880450462,0.740740740740741,10,0.0740740740740741,4,0.0550993560988764,3,0.125,0.535714285714286,-0.428571428571429,0.419703649555197,3,2.00543652903503,0,0,0.589048622548125,0.552460001517202
"Brazil","DL (BA.5.1.15)",0.175853524250559,-0.000810423849644486,0.0504201680672269,0.0159892026335678,5,3,-0.0696969935776061,-1.08751693176736,2.04047108718933,2,0.28494718607738,0.0900225032230533,0.962962962962963,4,0.111111111111111,3,0.14743020838786,1,0.142857142857143,0.392857142857143,-0.5,0.372289735406011,4,2.1375259168333,0,0,1.17809724509625,1.07656682032077
"Brazil","DL.1",-0.0686735022907647,-0.00116459627329193,0.0108695652173913,0.000388198757763975,0,27,0.340168025708304,0.0755928946018454,1.63128552506524,28,0,-5.48748420072655,0.037037037037037,1,0.297668038408779,0,0.12741567111348,14,1,-0.928571428571429,0.0714285714285714,0.151623664984038,1,0.158410570131791,0,0,1.570796326795,0.352766841475279
"Brazil","FE (XBB.1.18.1)",0.115899212474112,-0.00124665006959388,0.0980392156862745,0.0312874450372431,3,8,-0.672509812574624,-0.82595841857833,1.80746386244449,2,0.203258779086005,0.52391341695946,0.888888888888889,6,0.0277777777777778,5,0.226214750828301,1,0.25,0.714285714285714,-0.142857142857143,0.289983830796742,3,2.08874543934893,0,0,0.981747704246875,1.09150300864177
"Brazil","FE.1",0.150622359399389,-0.0049860853432282,0.0714285714285714,0.0128874361568635,1,13,-0.31429480149195,-0.509693181627902,1.52983189486673,1,0.219169696921188,0.728778372624731,0.703703703703704,2,0.0269775948788294,3,0.0802176651918336,1,1,-0.142857142857143,-0.25,0.0693631269769876,3,1.82838627966824,0,0,1.96349540849375,1.08621193925859
"Brazil","FE.1.2",0.0374589220447803,0.000977883786320995,0.0869565217391304,0.0078981097839628,1,21,0.0425428518305832,-0.189380771707564,1.53633975514728,1,0.0205980635564427,-0.017112262550792,0.481481481481481,2,0.083676268861454,6,0.107725390023237,1,1,0.714285714285714,0,0.173357406416005,2,1.02477277439806,0,0,1.96349540849375,1.16671760357375
"Brazil","GK (XBB.1.5.70)",-0.0715894446132802,-0.00172811059907834,0.0161290322580645,0.000576036866359447,0,27,0.340168025708305,0.0755928946018455,1.63128552506524,28,0,-5.48748420072657,0.037037037037037,1,0.297668038408779,0,0.12741567111348,14,1,-0.928571428571429,0.0714285714285714,0.151623664984039,1,0.158410570131791,0,0,1.570796326795,0.352766841475279
"Brazil","GK.1",0.0903739645998014,-0.00932539682539683,0.111111111111111,0.0179440318218464,2,17,-0.23802771618121,-0.431557870706364,1.63112467670404,1,0.241956989721438,0.282644962088725,0.518518518518518,3,0.0493827160493827,5,0.101224579845057,5,1,0.107142857142857,0,0.157692889924867,3,1.60726775809546,0,0,1.37444678594563,0.95406943703711
"Brazil","GK.1.1",-0.195573381996011,-0.00365542558486809,0.08,0.0125177057441407,4,18,-0.219085951234922,-0.413065784046359,1.59478700443153,1,0.270180077440477,0.225842078075246,0.518518518518518,5,0.0631001371742112,0,0.166869798028304,4,1,-0.142857142857143,0.321428571428571,0.1348090635934,2,1.35206330681434,0,0,1.76714586764437,1.15739303696822
"Brazil","HA (XBB.1.5.86)",0.0375199672371357,-0.000760741420419926,0.0925925925925926,0.0124403447117779,2,15,-0.134954718779195,-0.331362634895947,1.98735330265121,2,0.0704201427661075,1.44769970785827,0.777777777777778,3,0.0177514792899408,2,0.0590283672705875,1,0.5,0.964285714285714,0.0714285714285714,0.330983385619051,2,1.77024759702774,0,0,1.17809724509625,0.924423630963108
"Brazil","JD (XBB.1.5.102)",-0.177922982396637,-0.00247872571782016,0.053475935828877,0.00345153081887267,1,22,0.180352661822826,-0.0739777209378616,1.62682794557871,3,0.00481466824484693,-0.0245442210747058,0.333333333333333,3,0.125743026977595,0,0.15884670287773,3,1,-0.857142857142857,0.178571428571429,0.0889158459811106,3,0.99013315068082,0,0,1.570796326795,1.22696552970139
"Brazil","JD.1",-0.0962319421903354,-0.00412087912087912,0.0384615384615385,0.00185625185625186,1,26,0.261334814293986,0.00877616913673834,1.62080626044365,9,0.0031419001874333,-4.77323636040214,0.111111111111111,2,0.24371284865112,0,0.109889077291483,14,1,-0.571428571428571,0.107142857142857,0.113650368879908,2,0.419555892320233,0,0,1.570796326795,0.537010096922605
"Brazil","JD.1.1",0.00212568526535286,-0.00446428571428571,0.0555555555555556,0.00347222222222222,1,26,0.161644771824097,-0.0538815906080324,1.63042586564134,26,0.00153887205766124,1.71494094838469,0.0740740740740741,1,0.275262917238226,0,0.118673403197528,14,1,0.0357142857142858,0.0357142857142858,0.194470083257135,1,0.315396287422662,0,0,1.37444678594563,0.897307801327159
"Brazil","JD.1.1.1",0.0197288435716818,-0.00102040816326531,0.125,0.0108643526281036,2,20,0.0643719200441607,-0.181600718795186,1.69236016179943,3,0.0569863977623071,2.27504628361549,0.444444444444444,3,0.104536489151874,3,0.223644346112199,3,0.5,0,0,0.0966379603308642,3,1.14393218074529,0,0,1.37444678594563,1.27266627149565
"Brazil","JD.2",-0.247732753990817,-0.00292040573694902,0.112299465240642,0.00653367272343068,4,19,0.219521442758903,-0.0429434568318487,1.59875507596842,2,0.0031419001874333,-0.0466202690502013,0.37037037037037,2,0.0914494741655236,0,0.161085521595209,2,1,-0.0714285714285714,0.285714285714286,0.0755326093209405,2,1.16587549973812,0,0,1.570796326795,1.24441457461829
"Brazil","JN.1",0.0888411721325727,-0.00404786237438256,0.142857142857143,0.0195020373359657,1,16,-0.164084063711144,-0.388768964400275,1.53162256640766,1,0.198236850510314,0.39416781889926,0.62962962962963,4,0.0420667581161408,4,0.101968742145762,2,1,0.607142857142857,-0.107142857142857,0.157492766208564,3,1.57340247583383,0,0,1.96349540849375,1.1528822889023
"Brazil","JN.1.1",0.16301803140546,-0.00116459627329193,0.0606060606060606,0.00604811819658824,2,21,0.000914640063342298,-0.221031767395018,1.96052604785169,5,0.208504175409298,2.76328560300901,0.37037037037037,3,0.0277777777777778,0,0.14960889026442,2,0.25,0.785714285714286,-0.142857142857143,0.32065820920112,3,1.06244879098789,0,0,0.7853981633975,1.10074543579706
"Brazil","JN.1.29",0.384275799080778,-0.00176877916603944,0.125984251968504,0.0275596964442077,3,14,-0.370225077720453,-0.526102638876332,4.66198475228479,10,0.484603117738792,0.273817021960913,0.62962962962963,5,0.0740740740740741,0,0.178174295057559,4,0.142857142857143,0.785714285714286,-0.285714285714286,0.764227941447714,2,1.86888277557933,0,0,0.196349540849375,0.649844301841428
"Brazil","JN.1.43.1",0.498101871618016,-0.00117739403453689,0.296296296296296,0.0573946053535218,4,9,-0.39272771570278,-0.602279074171115,3.29269668540769,5,0.386774598416757,1.29452593184437,0.666666666666667,10,0.166666666666667,5,0.073202452279257,3,0.1,0.642857142857143,-0.464285714285714,0.50031443464558,4,1.81902807451211,0,0,0.196349540849375,0.948402933554242
"Brazil","N.9",-0.0700324562404364,-0.00202156334231806,0.0204081632653061,0.00140271742120029,1,26,0.123791169036663,-0.0741679848969661,1.60626548385123,13,0.0031419001874333,-1.81640889963898,0.111111111111111,2,0.24371284865112,0,0.202737870339165,14,1,-0.428571428571429,0.0714285714285714,0.143134869122279,2,0.419555892320233,0,0,1.76714586764437,0.964566664965066
"Brazil","P.1",-0.0570024257025295,-0.00357142857142857,0.0333333333333333,0.00238095238095238,1,26,0.108940955880384,-0.0817057169102883,1.60710259475882,10,0.0031419001874333,-2.05311801466878,0.111111111111111,2,0.24371284865112,0,0.212360999473274,10,1,-0.321428571428571,0.0357142857142858,0.145398018548361,2,0.419555892320233,0,0,1.570796326795,0.933974138992987
"Brazil","P.1.14",-0.0695236943891986,-0.00130662020905923,0.0121951219512195,0.000435540069686411,0,27,0.340168025708305,0.0755928946018455,1.63128552506524,28,0,-5.48748420072656,0.037037037037037,1,0.297668038408779,0,0.12741567111348,14,1,-0.928571428571429,0.0714285714285714,0.151623664984039,1,0.158410570131791,0,0,1.570796326795,0.352766841475279
"Brazil","P.1.4",0.0568944367961874,-0.00154162384378212,0.0143884892086331,0.00148313461514287,1,21,-0.0129863355627776,-0.223950341145669,1.56424366693065,1,0.107647448386986,-2.75264518706617,0.444444444444444,2,0.0946502057613169,7,0.153346530759431,1,1,-0.392857142857143,-0.0714285714285714,0.118241169633135,2,0.995026990179521,0,0,1.76714586764437,0.886040170765894
"Brazil","P.1.7",0.0867711096370293,-0.00299899673177881,0.0313075506445672,0.0114553324696699,2,2,-0.238465614726127,-0.419404316914658,1.7328851900867,2,0.377969573185876,-0.579887680842255,0.962962962962963,4,0.166666666666667,2,0.131396668007617,1,0.1,0.357142857142857,-0.321428571428571,0.258716352815527,4,2.15946923582613,0,0,1.570796326795,0.932959321845011
"Brazil","P.2",-0.0249323425000782,-0.000810909589291425,0.0666666666666667,0.00532884630272613,1,23,0.0945839476957095,-0.141082838481556,1.57056799755232,1,0.105363082310406,0.150614815124446,0.296296296296296,2,0.144947416552355,8,0.115087024615395,2,1,0.0714285714285714,0,0.123613580816227,2,0.813070366259089,0,0,1.76714586764437,1.20532928427049
"Brazil","P.7",-0.0719559023077694,-0.00181598062953995,0.0169491525423729,0.000605326876513317,0,27,0.340168025708304,0.0755928946018454,1.63128552506524,28,0,-5.48748420072654,0.037037037037037,1,0.297668038408779,0,0.12741567111348,14,1,-0.928571428571429,0.0714285714285714,0.151623664984038,1,0.158410570131791,0,0,1.570796326795,0.352766841475279
"Brazil","Q (B.1.1.7)",-0.0367155023435823,-0.00159914712153518,0.0153846153846154,0.00108249958996228,1,26,0.114703949672879,-0.0788073898831653,1.60676901382891,7,0.0031419001874333,-1.96047425057748,0.111111111111111,2,0.24371284865112,0,0.214340232198073,7,1,-0.214285714285714,0.0357142857142858,0.094027845381186,2,0.419555892320233,0,0,1.570796326795,0.945940911944784
"Brazil","XBB",-0.0102697438489579,-0.00124263745449528,0.0229007633587786,0.00485106128231456,2,12,-0.389152481578823,-0.56314586844972,1.74144195147511,2,0.0830092436551254,0.522158006026036,0.814814814814815,3,0.029585798816568,2,0.0904570992789054,3,0.5,0.321428571428571,0,0.132622820078159,3,2.11814635595313,0,0,1.570796326795,1.14782663941079
"Brazil","XBB.1",-0.0288541277891156,-0.00510204081632653,0.0476190476190476,0.0023221188497518,1,25,0.265973835102593,0.00641375124272187,1.61962984831014,2,0.0031419001874333,-5.18131433247127,0.185185185185185,2,0.197073616826703,0,0.0474693614211362,2,1,-0.0714285714285714,0.0714285714285714,0.132778517814162,2,0.603797414115175,0,0,1.570796326795,0.467538314067707
"Brazil","XBB.1.18",0.0357167275070581,-0.000668713201881912,0.0344827586206897,0.00648659884397873,3,4,-0.42402742346106,-0.664647584300086,1.48914288838984,1,0.104910130467835,1.16685930669348,0.888888888888889,4,0.00640146319158665,6,0.105437193165614,1,1,0.464285714285714,0,0.109184959238232,4,2.1375259168333,0,0,1.96349540849375,1.18213593331531
"Brazil","XBB.1.5",0.309859755600696,-0.000135493757942738,0.105263157894737,0.0389922228419586,3,8,-0.785142236261808,-0.930309841553766,1.9172800107284,1,0.567889280061415,0.184984719431152,0.888888888888889,6,0.111111111111111,3,0.10182260510393,2,0.111111111111111,0.785714285714286,-0.5,0.499155518701412,2,2.0962030369603,0,0,0.39269908169875,0.86221596307532
"Brazil","XDR",0.197566014502501,-0.00144787644787645,0.0212765957446809,0.00307790419611776,1,21,-0.161040805601912,-0.341331229831896,2.07148572521619,4,0.167053421043011,1.20454901122414,0.333333333333333,3,0.12962962962963,5,0.0923908047596784,2,0.25,0.785714285714286,-0.142857142857143,0.334252375696068,3,1.00271826451752,0,0,0.981747704246875,0.94928186383481
"Canada","A",-0.00350571050661505,-0.000722832921695023,0.0333333333333333,0.016313908871325,2,3,0.0384259964789759,-0.143124427950145,1.64944704649978,1,0.26097120071107,0.0908895460321927,0.962962962962963,5,0.0555555555555556,6,0.0962983345693967,4,0.25,-0.107142857142857,0.142857142857143,0.235745880256254,5,2.12750456110927,0,0,1.570796326795,1.13572386523828
"Canada","AE.8",-0.0151176184739153,-0.00714285714285714,0.0666666666666667,0.00386904761904762,1,26,0.191516464186146,-0.0366733654824535,1.61336430755664,2,0.0031419001874333,-3.52058695450823,0.111111111111111,2,0.24371284865112,0,0.171131556188876,2,1,-0.0357142857142857,0.0357142857142858,0.126811787731297,2,0.419555892320233,0,0,1.76714586764437,0.714296537646306
"Canada","AL.1",0.0566941225652519,-0.00714285714285714,0.0666666666666667,0.00876175481438639,2,22,-0.113755514047678,-0.294743148023028,1.7753873220195,5,0.0456195939754449,-1.86419841231627,0.333333333333333,4,0.108481262327416,0,0.102400906430888,1,0.5,0.0714285714285714,-0.0357142857142857,0.078058333158391,3,0.99013315068082,0,0,1.17809724509625,1.0111801821865
"Canada","AW.1",0.428529368830231,-0.00150905432595573,0.184615384615385,0.0288478194194065,4,12,-0.232836776327505,-0.439769610075593,2.93291011834995,4,0.32854809513961,0.501153828483685,0.592592592592593,6,0.0185185185185185,0,0.0451536277701148,2,0.5,0.25,-0.428571428571429,0.453044956345559,5,1.71210891438723,0,0,0.589048622548125,1.05846472797852
"Canada","AY (B.1.617.2)",0.054932233549809,0.000348816578796711,0.0485133020344288,0.0239263835233055,4,0,-1.15801903508778,0.834498013911018,3.95049570310938,1,0.769211718816257,-0.275869729224155,0.962962962962963,7,0.166666666666667,6,0.113514963038607,2,0.0909090909090909,0.714285714285714,-0.642857142857143,0.612138953000789,2,1.82582252155558,0,0,0.39269908169875,0.775251428072483
"Canada","AY.103",0.0179743041211956,-0.000436018149184042,0.0206896551724138,0.0058899658029213,3,5,-0.717286819977349,-0.91148226430467,1.96583827860925,2,0.364554828375792,0.0213689281111943,1,5,0.0740740740740741,4,0.0596370589832092,1,0.142857142857143,-0.678571428571429,0.0714285714285714,0.391989315177027,4,2.06423836224343,0,0,0.981747704246875,0.986297503608333
"Canada","AY.122",0.393345225602431,-0.00129087779690189,0.0465116279069767,0.0137210317915021,2,9,-0.64902066131963,-0.815434352082755,4.76115913470856,2,0.492940281679608,0.19055236751602,0.740740740740741,8,0.166666666666667,2,0.114253388678375,1,0.1,0.5,-0.5,0.58665834867041,4,1.90913143186948,0,0,0.196349540849375,0.817628812986793
"Canada","AY.25.1",0.390797404259224,-0.00133941767661839,0.11340206185567,0.024515506334508,2,11,-0.3979340242094,-0.569188334614986,6.16270315083464,16,0.683629940296137,0.131754446484542,0.666666666666667,9,0.111111111111111,3,0.202483388403638,1,0.111111111111111,0.857142857142857,-0.357142857142857,0.768887695731653,2,1.75766248319104,0,0,0.196349540849375,0.513258966941788
"Canada","AY.25.3",-0.0151933983520084,-0.0014045809440069,0.0144508670520231,0.00789493389760179,3,0,-0.781078098446521,-0.589751656823756,1.82625089334991,4,0.343706395814768,-0.0684129450254798,1,5,0.0462962962962963,7,0.121976130994081,2,0.25,-0.428571428571429,0.0714285714285714,0.316885278420908,6,2.15946923582613,0,0,0.7853981633975,1.03679499312219
"Canada","AY.27",-0.0901813289067166,-0.00125855754291525,0.0518134715025907,0.0059484283950509,2,12,-0.0636916218129046,-0.278798173704436,2.46255144085363,6,0.166299425681552,2.79655094361847,0.592592592592593,2,0.00823045267489712,4,0.0934475362199106,1,0.333333333333333,0.892857142857143,0.178571428571429,0.347551379372813,3,1.88080473884813,0,0,0.7853981633975,0.963692992643412
"Canada","AY.44",0.286812767917866,-0.00159574468085106,0.0526315789473684,0.0123110304136329,2,8,-0.514696949109514,-0.514696949109514,1.95523617212781,1,0.355228728171921,0.809308925952803,0.851851851851852,5,0.111111111111111,3,0.164198232654147,2,0.111111111111111,0.785714285714286,-0.535714285714286,0.541728505624946,3,1.95731920211856,0,0,0.39269908169875,0.84566285689416
"Canada","AY.74",0.0487706464651205,-0.000555694884450046,0.0643086816720257,0.0260783388829737,2,0,-0.897853342232526,-0.897853342232526,3.44810859792722,1,0.416828587274527,0.225765217700468,1,6,0.111111111111111,4,0.0872632942442497,3,0.111111111111111,0.642857142857143,-0.357142857142857,0.457339481555322,4,2.0962030369603,0,0,0.589048622548125,0.943959215037058
"Canada","AY.93",0.0606355917328973,0.00114533643521822,0.169642857142857,0.0511018410023122,2,0,-0.764977587105764,-0.531977852265773,2.20915137815118,3,0.169856877105798,1.82050421979843,0.962962962962963,7,0.166666666666667,6,0.072496075075846,2,0.0909090909090909,0.785714285714286,-0.607142857142857,0.414084409048705,4,2.01545788475906,0,0,0.7853981633975,0.881532429578764
"Canada","B",-0.261373413131038,-0.000285306879511832,0.0740740740740741,0.0221234779283598,1,7,-0.681400127136035,-0.852893201390111,1.98683756022199,1,0.366015956383812,-0.012695071664542,0.851851851851852,7,0.166666666666667,4,0.178635371200458,3,0.1,-0.642857142857143,0.5,0.55264532130775,3,2.15946923582613,0,0,0.196349540849375,0.774478645684635
"Canada","B.1.1",-0.0245968882627792,-0.00800335997822953,0.2,0.0920012381041425,4,0,0.0743158266838318,-0.287090817161307,1.6789065429549,1,0.352377743826126,-0.581181631358126,0.962962962962963,6,0.0740740740740741,5,0.153135871138462,2,0.142857142857143,-0.321428571428571,0.464285714285714,0.34851179742371,4,2.11814635595313,0,0,0.981747704246875,0.939973782495286
"Canada","B.1.1.519",0.0107895679230316,-0.00033023872558718,0.0256410256410256,0.00809295861575397,3,6,-0.817992197734572,-0.817992197734572,1.49015057331148,1,0.266053264805876,-2.21464204370176,1,4,0.0201188843164152,4,0.0932628949876385,1,1,-0.214285714285714,0.0714285714285714,0.0550302330558977,3,2.00609967960293,0,0,1.96349540849375,1.19926167703959
"Canada","B.1.128",-0.2794820764284,-0.000239824598658863,0.0217391304347826,0.00597776632448492,3,13,-0.563189221356158,-0.724121347782511,1.6319664405202,1,0.268527008847923,-1.98279905186159,0.777777777777778,4,0.0187471422039323,5,0.175972926847795,4,1,-0.5,0.428571428571429,0.270610390298007,3,1.92279076928903,0,0,1.76714586764437,0.940343017922232
"Canada","B.1.160",-0.0820749410597259,-0.00714285714285714,0.0666666666666667,0.00238095238095238,0,27,0.340168025708305,0.0755928946018455,1.63128552506524,28,0,-5.48748420072658,0.037037037037037,1,0.297668038408779,0,0.127415671113481,14,1,-0.928571428571429,0.0714285714285714,0.151623664984039,1,0.158410570131791,0,0,1.570796326795,0.352766841475279
"Canada","B.1.2",-0.152711530363303,-0.000204465388195173,0.0202020202020202,0.00649873248415081,3,10,-0.740525800554469,-0.907546180379327,1.51805471946745,1,0.27566033439861,-0.80782862539292,0.851851851851852,4,0.000914494741655235,3,0.146150796815395,1,1,-0.357142857142857,0.392857142857143,0.0627290149275146,4,2.18463946349952,0,0,1.96349540849375,1.22046740692775
"Canada","B.1.350",-0.0785679747558832,0.00355593869127763,0.0459770114942529,0.0278171434558876,2,1,0.747436416315828,0.939109259420678,1.7305056517927,4,0.338266199966606,-0.885171698834245,0.962962962962963,7,0.0205761316872428,5,0.038782292548381,2,0.333333333333333,-0.214285714285714,0.535714285714286,0.223609217997821,4,1.99244034218337,0,0,1.17809724509625,1.06771818938466
"Canada","B.1.36",-0.151800134961554,-0.00153061224489796,0.0142857142857143,0.00198738123752151,1,22,-0.135841731657129,-0.309478283436391,1.60097272449268,2,0.147539173846286,-0.946960453902365,0.37037037037037,3,0.110653863740284,2,0.0769451771449038,3,1,-0.357142857142857,0.25,0.17790302830105,3,1.00854079727819,0,0,1.570796326795,0.921322078443482
"Canada","B.1.36.18",-0.0816426173839877,-0.00883458646616542,0.1,0.00594036461015553,1,25,0.192809203303224,-0.0446618806585928,1.61023345421981,2,0.0031419001874333,-3.96787906218882,0.185185185185185,2,0.197073616826703,3,0.112957257258192,2,1,-0.785714285714286,0.0714285714285714,0.184313056091873,2,0.603797414115175,0,0,1.570796326795,0.685575247191076
"Canada","B.1.36.36",0.309647564212935,-0.00357142857142857,0.133333333333333,0.0303755250597027,3,10,-0.481462422425704,-0.669803777479913,1.7620929693179,1,0.289340593813218,-1.15961049759119,0.740740740740741,4,0.111111111111111,3,0.16799014673652,2,0.111111111111111,0.571428571428571,-0.321428571428571,0.335082918604405,3,2.0962030369603,0,0,1.17809724509625,1.04790706815606
"Canada","B.1.36.37",-0.0712403075316962,-0.00164835164835165,0.0153846153846154,0.000549450549450549,0,27,0.340168025708305,0.0755928946018455,1.63128552506524,28,0,-5.48748420072656,0.037037037037037,1,0.297668038408779,0,0.12741567111348,14,1,-0.928571428571429,0.0714285714285714,0.151623664984039,1,0.158410570131791,0,0,1.570796326795,0.352766841475279
"Canada","B.1.422",0.043863306290968,-0.000771103914109135,0.0588235294117647,0.0237046358496485,5,2,-0.417246526541988,-0.619835063346147,1.63091170143286,1,0.263316214798567,-0.470658845499358,1,5,0.0050297210791038,4,0.0905943809476418,5,1,0.25,-0.214285714285714,0.1638147002669,3,2.14008967494596,0,0,1.17809724509625,1.20025588520086
"Canada","B.1.438.1",-0.0698931999623117,-0.00137362637362637,0.0128205128205128,0.000457875457875458,0,27,0.340168025708305,0.0755928946018455,1.63128552506524,28,0,-5.48748420072656,0.037037037037037,1,0.297668038408779,0,0.12741567111348,14,1,-0.928571428571429,0.0714285714285714,0.151623664984039,1,0.158410570131791,0,0,1.570796326795,0.352766841475279
"Canada","B.1.525",-0.0724478039642199,-0.00194099378881988,0.0181159420289855,0.000646997929606625,0,27,0.340168025708305,0.0755928946018455,1.63128552506524,28,0,-5.48748420072656,0.037037037037037,1,0.297668038408779,0,0.12741567111348,14,1,-0.928571428571429,0.0714285714285714,0.151623664984039,1,0.158410570131791,0,0,1.570796326795,0.352766841475279
"Canada","B.1.564.1",-0.225499303448001,-0.00304347826086956,0.0217391304347826,0.00255773212294951,1,24,-0.0591687596153045,-0.226731740683542,1.73253520998938,1,0.119983083010195,-0.744206163937552,0.222222222222222,3,0.145833333333333,6,0.0986923282792878,5,0.166666666666667,-0.75,0.178571428571429,0.344517569355965,3,0.754462702325955,0,0,1.37444678594563,0.753871471415411
"Canada","BA.1 (BA.1)",0.0622116217065349,0.0183824097463453,0.27944760357433,0.18551173204704,7,0,0.891773907182026,0.71611722230806,5.88578982979538,14,0.568577936420382,0.0490363233154415,1,17,0.0740740740740741,3,0.462847278952366,8,0.111111111111111,0.357142857142857,-0.75,0.808650373690738,4,1.79964851363194,0,0,0.196349540849375,0.408484606704955
"Canada","BA.1.1 (BA.1.1)",0.160849623289513,-0.000412262056696257,0.220146222583266,0.0895574594323703,3,0,-0.901715004777784,-1.05197751315531,7.32133543469293,17,0.76219672853343,0.0377120625987687,0.962962962962963,13,0.166666666666667,3,0.393710909220435,1,0.1,0.678571428571429,-0.571428571428571,0.836604904548105,3,1.6796627233228,0,0,0.196349540849375,0.374461142548095
"Canada","BA.1.15 (BA.1.15)",0.0684002453463054,0.00551905333858202,0.121443442054129,0.0785157036529639,4,0,0.907081726562036,0.749817126916148,6.28076806002518,14,0.74450916325159,0.00261085778209351,0.814814814814815,17,0.0740740740740741,4,0.230277735144703,3,0.111111111111111,0.392857142857143,-0.714285714285714,0.788467296681128,3,1.67286403834734,0,0,0.196349540849375,0.416199627516635
"Canada","BA.1.17 (BA.1.17)",-0.0369149845789262,0.00916562414833175,0.062667860340197,0.0225776288053088,4,0,-0.752455448669397,-0.752455448669397,4.36694121183569,11,0.458469287611191,-0.486527192248822,0.925925925925926,7,0.0625,6,0.0808927081699774,5,0.166666666666667,-0.535714285714286,0.25,0.669071888824636,4,1.97347185431817,0,0,0.39269908169875,0.810338575355334
"Canada","BA.1.18 (BA.1.18)",0.0121208494830864,0.00523497448841232,0.0537848605577689,0.0351783855876194,2,0,0.559170762285736,0.776444672029696,1.95666714186406,2,0.423084636314373,0.521381525063665,1,6,0.0185185185185185,2,0.145575405673876,1,0.25,0,-0.75,0.258103812985844,4,2.06423836224343,0,0,0.7853981633975,0.918400429436735
"Canada","BA.1.20 (BA.1.20)",-0.0130745476438499,0.00731246415986888,0.0618279569892473,0.0370985864305958,4,0,0.0173264994751917,1.54178215061497,3.17347527788387,4,0.374049496751871,-0.125940367060294,0.925925925925926,12,0.0740740740740741,6,0.12528057706645,3,0.125,-0.25,0.392857142857143,0.500528994346804,4,2.01545788475906,0,0,0.39269908169875,0.867994444877223
"Canada","BA.2 (BA.2)",0.06079313607714,0.00243715724196118,0.0660112359550562,0.039722525440942,4,0,0.499651881954423,0.329200878675612,6.58950366405638,12,0.525403942170375,0.119406627774521,1,15,0.166666666666667,2,0.206816770494996,1,0.1,0.571428571428571,-0.714285714285714,0.800531511567631,4,1.96411364916203,0,0,0.196349540849375,0.454763033616534
"Canada","BA.2.3 (BA.2.3)",0.050756395967352,0.00113665102879041,0.040785498489426,0.0207003305860657,3,0,-0.638639214674294,-0.840543648876028,5.74185688040569,2,0.486200873070041,-0.795423010082106,0.925925925925926,8,0.166666666666667,2,0.0841330625942424,1,0.1,0.571428571428571,-0.607142857142857,0.649287680731717,3,2.02547924048309,0,0,0.196349540849375,0.699600219171273
"Canada","BA.4 (BA.4)",0.0384452881999887,-0.000711756373469689,0.0417633410672854,0.0209028525014344,2,0,-0.217554668213473,-0.773516286083725,1.78390480971387,2,0.277391377940527,0.125189728135483,0.962962962962963,5,0.0740740740740741,3,0.145500253126458,1,0.125,0.464285714285714,-0.464285714285714,0.372907208190597,4,2.0128941266464,0,0,1.570796326795,0.969390634560365
"Canada","BA.4.1 (BA.4.1)",0.052307066830336,0.000919283676682158,0.0603248259860789,0.029456315426505,5,0,-1.07560128596412,-0.902680792994169,4.77976394488823,6,0.47270043194856,-0.574680592329736,0.888888888888889,13,0.166666666666667,6,0.19510083772508,5,0.1,0.642857142857143,-0.571428571428571,0.656064074916579,3,1.87037231010914,0,0,0.196349540849375,0.775716050285343
"Canada","BA.4.6 (BA.4.6)",0.140564263587659,0.000587436490535399,0.0401891252955083,0.0106622272650761,4,2,-0.676279453157293,-0.267160199294827,2.37130881447076,3,0.229506625848258,-0.00639100018466571,0.962962962962963,5,0.0246913580246914,4,0.113301602834767,2,0.333333333333333,0.535714285714286,-0.321428571428571,0.343321931357883,4,2.1375259168333,0,0,0.7853981633975,1.11467134493657
"Canada","BA.5 (BA.5)",0.0184382748996125,-0.0027332969108489,0.0207207207207207,0.0106079295052834,4,0,-0.439920513109088,-0.439920513109088,1.67971568963457,2,0.315088404368378,0.32206542024181,0.888888888888889,4,0.0118343195266272,2,0.100372625724245,6,0.5,0.571428571428571,-0.464285714285714,0.141980747194296,5,2.12750456110927,0,0,1.570796326795,1.13654591135454
"Canada","BA.5.1 (BA.5.1)",0.145873347183016,6.49940629004493e-05,0.0782122905027933,0.0332443718636375,4,1,-1.11037547718578,-0.427178989431319,6.67906806495222,17,0.800601607865683,0.0733755759220137,0.851851851851852,9,0.166666666666667,4,0.282183596437671,2,0.0909090909090909,0.785714285714286,-0.571428571428571,0.761386215657544,5,1.77024759702774,0,0,0.196349540849375,0.50083312201801
"Canada","BA.5.1.1 (BA.5.1.1)",0.0599780488719434,0.00072225434553585,0.0576923076923077,0.0165783938720367,4,0,-0.607832369689372,-0.412990437245601,3.82539145154196,6,0.441370521091503,-0.569163615908312,0.925925925925926,6,0.0625,6,0.100208173107202,5,0.166666666666667,0.785714285714286,-0.25,0.633060726689766,3,2.11814635595313,0,0,0.39269908169875,0.793653908551089
"Canada","BA.5.1.30 (BA.5.1.30)",-0.0111826121395946,-0.00300418737116667,0.02,0.00861824810217179,3,0,-0.230667094114871,-0.230667094114871,2.11880284241,5,0.316635228687794,-0.545456151077212,1,4,0.00823045267489712,2,0.0569008974961941,2,0.333333333333333,-0.785714285714286,0.142857142857143,0.133341853101325,3,2.11814635595313,0,0,0.589048622548125,0.998556067611094
"Canada","BA.5.1.7 (BA.5.1.7)",0.371585715404054,-0.00142540386442825,0.0271604938271605,0.00512093643144684,4,14,-0.328820840972272,-0.51450391548886,2.67033895290445,2,0.325619104547767,0.148689990300727,0.592592592592593,5,0.111111111111111,6,0.13154621233084,1,0.125,0.642857142857143,-0.321428571428571,0.475835777489174,3,1.7667150919484,0,0,0.589048622548125,0.862217212858172
"Canada","BA.5.2 (BA.5.2)",0.165188513343624,-0.00039065624662459,0.072289156626506,0.019668187894298,3,2,-0.757184116241609,-0.537170436362352,1.88159045043487,3,0.347276483185885,1.53224443567472,0.962962962962963,6,0.0625,3,0.222980419498581,2,0.166666666666667,0.821428571428571,-0.571428571428571,0.406953736286251,5,1.98605696815486,0,0,0.981747704246875,1.00154038082309
"Canada","BA.5.5 (BA.5.5)",0.0755385353319973,-0.000168884523877958,0.0477326968973747,0.0220904164572231,3,0,-1.07917249343428,0.0861479981756601,5.30073414753249,2,0.428057167000064,0.0964687538786458,1,8,0.166666666666667,6,0.15657662376786,1,0.0909090909090909,0.785714285714286,-0.571428571428571,0.68945004856027,4,1.90597496652153,0,0,0.196349540849375,0.622706326117183
"Canada","BA.5.6 (BA.5.6)",0.0484544224210327,-0.000530316154057023,0.044362292051756,0.0231404286458827,3,0,-0.529601313814095,-0.711060193242849,5.54360017379039,1,0.656633458982549,-0.0832182959986806,1,11,0.0740740740740741,5,0.184492272260783,3,0.111111111111111,0.714285714285714,-0.535714285714286,0.712269065341934,3,2.04742255947593,0,0,0.196349540849375,0.667359152011685
"Canada","BC0 (BA.1.1.10)",0.0285080055981428,0.000346082998288435,0.0522022838499184,0.02784253585514,3,0,-0.991792135258213,-0.0103439862781323,1.7598538941948,1,0.292434242452051,0.38426782898181,0.962962962962963,8,0.166666666666667,4,0.160065377071229,3,0.0909090909090909,0.5,-0.5,0.380076603628094,4,2.14688412198944,0,0,1.37444678594563,0.969350605619362
"Canada","BC6 (BA.1.1.16)",0.0142229354665821,0.00514430670371168,0.0558951965065502,0.0232933519241856,3,0,-0.785301655787339,-0.965789879830809,1.92124132598571,3,0.469193430200263,-0.72744122811222,0.962962962962963,6,0.125,3,0.096794201394945,2,0.166666666666667,0.392857142857143,-0.0714285714285714,0.363050366146127,3,2.0955398863924,0,0,0.981747704246875,1.10560767784503
"Canada","BD (BA.1.17.2)",0.0387899975335582,0.0115786636772508,0.233870967741935,0.139759080519121,4,0,-0.317720105112461,0.724240700071586,4.2207841668839,11,0.415414893839034,-0.00029094238530695,1,15,0.0740740740740741,7,0.197618460445037,6,0.125,0.142857142857143,-0.785714285714286,0.658648912052597,4,1.79964851363194,0,0,0.196349540849375,0.666932811176275
"Canada","BE.1",0.0307626897633794,0.00250174924686701,0.0427215189873418,0.0239034486608904,3,0,-0.043701231299665,-0.250657662705764,1.87642055667441,3,0.406926231928345,0.530215287067097,1,5,0.0329218106995885,4,0.114029205744192,2,0.333333333333333,0.0714285714285714,-0.75,0.301660971360325,4,2.10556124211643,0,0,0.981747704246875,1.09066410548755
"Canada","BE.1.1",0.0367972598720451,0.000338556340283021,0.0316265060240964,0.0152901125154499,2,0,-0.498104849663544,-0.304346309297605,1.7639308375553,1,0.44490422774506,-0.739976736168614,0.925925925925926,9,0.0555555555555556,4,0.138942146767856,3,0.25,0.428571428571429,-0.464285714285714,0.363318937256187,2,2.0962030369603,0,0,1.570796326795,0.918631579216964
"Canada","BF (BA.5.2.1)",0.101916612773424,-0.000805869465512075,0.0828571428571429,0.0263459291030758,5,0,-0.628404898177919,-0.793085096912715,5.30158537911016,11,0.679778883536156,0.0408783222806991,0.925925925925926,9,0.111111111111111,2,0.112938248514455,1,0.125,0.821428571428571,-0.464285714285714,0.745590615446366,3,1.79964851363194,0,0,0.196349540849375,0.538867916621067
"Canada","BF.10",0.0498225996924687,-0.000257349649535075,0.0517647058823529,0.020650276359623,2,0,0.551422068257101,-0.0883794913722332,2.2857050930891,5,0.273613473872101,0.56981634120595,0.962962962962963,8,0.166666666666667,6,0.196330952757759,1,0.0909090909090909,0.428571428571429,-0.464285714285714,0.377900343352506,5,2.08618168123626,0,0,0.7853981633975,0.981570326160196
"Canada","BF.7",0.210981799594354,-0.000225177608496207,0.0378250591016548,0.00694877056307001,2,5,-0.408333638389336,-0.652236876090927,1.65736173064396,1,0.255343496504431,1.03717995006902,0.962962962962963,3,0.0462962962962963,6,0.221169744242378,3,0.25,0.821428571428572,-0.285714285714286,0.266018864475547,4,2.17205434966283,0,0,1.76714586764437,1.06511333547932
"Canada","BG (BA.2.12.1)",0.0827647516100139,-0.00156259728145153,0.0552763819095477,0.0213683513867507,5,0,-0.571122860303744,-0.399234771121645,2.995906220678,3,0.424706146447176,0.348570891452705,1,6,0.0740740740740741,6,0.0584943529250283,1,0.111111111111111,0.642857142857143,-0.571428571428571,0.564260157401227,4,1.85463073092449,0,0,0.196349540849375,0.801960249165892
"Canada","BQ.1",0.0469938580553613,-0.000187739219662764,0.0289608177172061,0.0107783126080339,4,2,0.555885372204447,-0.966120768710915,2.63714353089112,6,0.265869045583375,0.549372828362993,1,6,0.0277777777777778,7,0.170539266481542,3,0.25,0.857142857142857,-0.392857142857143,0.380454286394428,6,2.0248160899152,0,0,0.589048622548125,0.930237834669419
"Canada","BQ.1.1",0.0568704565251622,-6.09424942446116e-05,0.0679245283018868,0.0246479305638332,2,0,-0.82131642207015,-0.619995505165242,1.95049364951668,1,0.550307115171158,0.356484469027407,0.962962962962963,8,0.166666666666667,5,0.030489565453998,4,0.0909090909090909,0.678571428571429,-0.428571428571429,0.513919642109002,3,2.08618168123626,0,0,0.39269908169875,0.789466387223506
"Canada","C76 (B.1.1.176)",-0.00248412732238073,0.0109250004793547,0.143939393939394,0.0563653368716804,2,0,-0.0793166446848127,0.107705766167448,1.53184817792701,2,0.218600783944749,0.583914494683128,0.962962962962963,4,0.00640146319158665,2,0.0887455862896317,3,1,0.428571428571429,0.464285714285714,0.0702939669817067,4,2.1375259168333,0,0,1.76714586764437,1.1826559521592
"Canada","D (B.1.1.25)",-0.229218101201096,-0.00078158843686794,0.0542635658914729,0.0184465811522568,2,7,-0.14254407156144,-1.03469043741243,1.84719363571709,2,0.179855982618343,0.127226996495491,0.888888888888889,6,0.00591715976331361,6,0.141357268573188,2,0.5,0.142857142857143,0.714285714285714,0.173112195462973,5,2.12750456110927,0,0,1.17809724509625,1.15632813853437
"Canada","EG.5.1",0.00943647021639594,-0.00120380402070543,0.02,0.00378488912407275,2,19,-0.295944499953861,-0.461750037094777,1.60445922595906,2,0.0625861614878086,1.2492824746852,0.518518518518518,3,0.0708733424782807,3,0.190307657179302,3,1,0.0714285714285714,-0.0714285714285714,0.137480197628364,3,1.21317947197261,0,0,1.570796326795,1.13643613493286
"Canada","EG.5.1.1",-0.0863775282040448,-0.00162225651199687,0.0309278350515464,0.00968086922682328,3,10,-0.68289456968707,-0.843187342892889,1.60431301974544,3,0.358689282133923,-0.682936811289576,0.851851851851852,4,0.00640146319158665,4,0.121475215075367,3,1,0.321428571428571,0.107142857142857,0.0876741630749027,3,2.1375259168333,0,0,1.37444678594563,1.31063858132461
"Canada","FL.1.5.1",0.249055549855451,-0.000825547680412371,0.0333333333333333,0.00952485317915513,3,14,-0.542012813692397,-0.687914742779637,1.73547489144712,2,0.290497902120888,0.570758416382014,0.740740740740741,4,0.0740740740740741,2,0.162814413317923,1,0.142857142857143,0.428571428571429,-0.25,0.285243570401373,3,1.99244034218337,0,0,1.570796326795,1.02385069650253
"Canada","HK.3",0.24626712687482,-0.00120385232744783,0.0194174757281553,0.00573957401812401,2,15,-0.554784632962217,-0.696609401682295,1.71484129130805,1,0.561449011799068,0.11508913864722,0.666666666666667,5,0.0452674897119342,3,0.163173371256168,4,0.333333333333333,0.428571428571429,-0.357142857142857,0.303281115595331,5,1.90597496652153,0,0,0.981747704246875,1.11639724933197
"Canada","HV.1",0.274488880820119,-0.000129775747508306,0.0326797385620915,0.0124436541208943,3,6,-0.899655823814661,-1.05986474713167,1.79292264913705,2,0.231128135981061,-0.046718974514163,0.851851851851852,4,0.0157790927021696,3,0.174411913527067,2,0.5,0,-0.571428571428571,0.218891185628791,4,2.11814635595313,0,0,1.37444678594563,1.16055900152226
"Canada","JD.1",-0.0687542515810875,-0.00117739403453689,0.010989010989011,0.000392464678178964,0,27,0.340168025708304,0.0755928946018454,1.63128552506524,28,0,-5.48748420072656,0.037037037037037,1,0.297668038408779,0,0.12741567111348,14,1,-0.928571428571429,0.0714285714285714,0.151623664984039,1,0.158410570131791,0,0,1.570796326795,0.352766841475279
"Canada","JF (XBB.1.16.6)",-0.116713573568719,-0.00178261413281069,0.0121457489878543,0.00246704504168994,1,19,-0.317932374513091,-0.472088816398145,1.79957066555311,3,0.090980029928473,0.479049317086643,0.518518518518518,3,0.134122287968442,3,0.299785610462631,1,0.5,-0.285714285714286,0.0714285714285714,0.139452151324353,3,1.24258038857681,0,0,1.37444678594563,1.14214355185018
"Canada","JG.3",0.0957279641845347,-0.00103315698721554,0.0189873417721519,0.00338080925723943,2,10,-0.351800203016662,-0.577151495276449,1.70204052285414,2,0.233097021558207,0.919465692629806,0.777777777777778,3,0.0462962962962963,2,0.133121867874464,1,0.25,0.5,-0.142857142857143,0.265373718069589,3,2.12750456110927,0,0,1.570796326795,0.901511004485223
"Canada","JN.1",0.0772861936082745,0.000563719681154018,0.0944206008583691,0.0217327020835305,3,1,-0.600580442889608,-0.369887992926198,2.76837879180094,2,0.4070608959341,0.801841362095669,0.888888888888889,6,0.111111111111111,2,0.0651027584872543,1,0.111111111111111,0.892857142857143,-0.392857142857143,0.535777114090176,4,1.97669876299873,0,0,0.39269908169875,0.678682587103107
"Canada","JN.1.4",0.193352814056914,-0.00120147997164126,0.0302197802197802,0.0128453644630871,4,3,0.25517671881267,0.0849118253545145,2.81713996107801,2,0.370271592683445,-0.284854391920685,0.925925925925926,6,0.166666666666667,4,0.0342690410704099,1,0.0909090909090909,0.714285714285714,-0.571428571428571,0.561059933082477,4,1.90597496652153,0,0,0.196349540849375,0.880669280821401
"Canada","L.1",0.0807012164928114,0.0123613022487454,0.328671328671329,0.10704217964841,3,0,-0.0679143222822421,0.168823595818518,1.97315708616419,1,0.320730482862644,-1.48360865079911,0.962962962962963,5,0.0625,3,0.0500988894793265,2,0.166666666666667,0.428571428571429,-0.75,0.475004967650844,3,2.01545788475906,0,0,0.589048622548125,0.949482211418872
"Canada","P.1.14",0.117709649286956,-0.000740325466683558,0.238993710691824,0.088500545251457,3,0,-0.769858464799631,-0.929492719160953,7.10986737602844,16,0.750514014051495,0.0781646179354594,0.740740740740741,11,0.166666666666667,6,0.524606529265424,4,0.0909090909090909,0.75,-0.5,0.826107525289074,5,1.6796627233228,0,0,0.196349540849375,0.363346379882807
"Canada","Q (B.1.1.7)",-0.0274042882266064,-0.00126546681664792,0.0184049079754601,0.00218090523079527,4,23,-0.0650453723371553,-0.240883112333672,2.43239298692269,10,0.281948117904853,-1.73813648137665,0.222222222222222,5,0.119341563786008,0,0.133245422434295,2,0.666666666666667,0.214285714285714,-0.0714285714285714,0.384053403497087,2,0.754462702325955,0,0,0.7853981633975,1.03380834615655
"Canada","QB.1.147 (B.1.147)",0.17439257580105,0.00458653227324335,0.414634146341463,0.145704152265401,6,1,-0.908825654592809,-1.08957559843834,6.04482971862395,14,0.71885322268194,0.216903634910852,1,11,0.0740740740740741,5,0.0971308098145457,8,0.111111111111111,0.464285714285714,-0.571428571428571,0.741206950156146,4,1.81646431639944,0,0,0.196349540849375,0.664276044343625
"Canada","XBB",-0.089845536968285,-0.00131205469127396,0.0116959064327485,0.00451587147806007,3,6,-0.277129582290156,-1.08173764459424,1.66139056660035,2,0.196460379070301,-0.0810249733200608,0.962962962962963,5,0.00591715976331361,2,0.105303396182435,1,0.5,-0.25,0.25,0.0994154786818257,4,2.11558259784046,0,0,1.76714586764437,1.00452522130609
"Canada","XBB.1.16",0.0682870230614202,0.000663312417817129,0.0721649484536083,0.0323830310371909,3,0,0.312274870726852,0.116236061327898,4.3591810205296,11,0.309038638904009,-0.00419337032505218,1,6,0.166666666666667,6,0.233666091575023,1,0.0909090909090909,0.535714285714286,-0.714285714285714,0.572947230985683,4,1.87716675715261,0,0,0.196349540849375,0.848506558285526
"Canada","XBB.1.5",0.0812683718227642,-0.00128465593715713,0.058252427184466,0.0222478391234659,2,0,-0.873736276313687,-0.697349245812638,4.7822523667878,1,0.578480291766564,0.904581938687938,0.888888888888889,6,0.166666666666667,2,0.0772342225341607,3,0.0909090909090909,0.714285714285714,-0.571428571428571,0.606357156882952,4,1.81646431639944,0,0,0.196349540849375,0.707612732267725
"Denmark","AY.120.2.1",0.00353779452746657,0.00870472885550544,0.0889830508474576,0.040149998934865,3,0,-0.363568900818483,-0.140219987289939,2.27949841348381,3,0.249131518247494,0.451707149821536,0.962962962962963,6,0.0205761316872428,5,0.139680315191659,1,0.333333333333333,-0.25,-0.0714285714285714,0.276181871228716,4,2.05488015708729,0,0,0.7853981633975,1.11182775637571
"Denmark","AY.121",0.0258604326535186,-6.04967256754534e-05,0.028436018957346,0.012670388597328,4,0,-0.76381528783867,-0.930799674784578,4.29839337762272,1,0.534695194778517,0.165220629989776,1,4,0.111111111111111,5,0.165437387900875,5,0.142857142857143,0.642857142857143,-0.0714285714285714,0.599040112355469,3,2.08618168123626,0,0,0.39269908169875,0.856018305084761
"Denmark","AY.125",0.0492169809585068,0.00028232938725165,0.05,0.0199868121764743,3,0,-0.82638349793693,-1.02202189455344,5.40817212677853,1,0.48742594635366,-0.173227849836043,0.888888888888889,10,0.0740740740740741,3,0.139351528855013,2,0.111111111111111,0.642857142857143,-0.357142857142857,0.622662285017019,3,1.89338985268483,0,0,0.196349540849375,0.788204188753518
"Denmark","AY.126",0.0469754854440922,0.0023614392722222,0.0943060498220641,0.0391279436846742,5,0,-0.180722833078919,-0.411550640111596,2.90297980363116,5,0.413481967651012,0.0287297645956189,1,5,0.166666666666667,6,0.0469882690513285,2,0.1,0.5,-0.75,0.518254424028058,4,1.89338985268483,0,0,0.39269908169875,0.90995387323708
"Denmark","AY.127",0.0289500839929364,-0.000757288881335833,0.0156862745098039,0.00762762393864813,4,1,-0.615078936168409,0.540705675241861,1.62121140031826,1,0.242185279726848,-0.629723709717172,1,3,0.0077732053040695,6,0.149744564259554,2,1,0.285714285714286,0,0.140987387958489,3,2.12816771167716,0,0,1.76714586764437,1.06710376475013
"Denmark","AY.129",0.0677975048036679,-0.000457831511808568,0.054421768707483,0.0251731631264909,3,0,-1.24972340465286,-0.140396328252358,4.35868652725093,8,0.603245693331142,0.296464871107084,1,8,0.0740740740740741,8,0.0732578984229938,4,0.142857142857143,0.678571428571429,-0.642857142857143,0.665924137605495,3,1.82582252155558,0,0,0.39269908169875,0.744276222828573
"Denmark","AY.33",0.0602562928116395,0.00208878967169046,0.0502923976608187,0.0233032656182356,2,0,-1.0984672368453,-0.362465598318001,4.72174286470776,5,0.326432451554235,0.674172843638227,0.888888888888889,8,0.166666666666667,7,0.0988496698034459,1,0.0833333333333333,0.785714285714286,-0.571428571428571,0.603545966772348,3,2.01545788475906,0,0,0.196349540849375,0.703663381435557
"Denmark","AY.36",0.0590198949121244,-0.00125936329104125,0.0147569444444444,0.00737550201347473,3,1,0.000823038294050171,0.205278876477475,1.99308452988286,3,0.407932238393735,-0.455951881885178,0.925925925925926,7,0.111111111111111,3,0.175629337230714,2,0.142857142857143,0.5,-0.285714285714286,0.415891891581504,4,2.07425971796746,0,0,0.7853981633975,1.01832457241375
"Denmark","AY.4",-0.0123496926777569,0.00189858481142962,0.0216450216450216,0.0113796401039187,2,0,-0.452139145955215,0.442172882600635,1.78530127162572,5,0.423163723057133,-0.404635207910001,0.925925925925926,4,0.08,5,0.130002242119438,1,0.2,-0.0714285714285714,0.571428571428571,0.262971151692894,3,2.1375259168333,0,0,1.17809724509625,1.05335860713051
"Denmark","AY.4.15",0.200009848694852,-0.000698226504678118,0.0526315789473684,0.0100686439975015,4,7,-0.421805642131116,-0.652794729182029,2.04636327548174,2,0.208772127625722,-1.16600152646754,0.888888888888889,4,0.0277777777777778,4,0.0580205161608172,1,0.25,-0.214285714285714,-0.464285714285714,0.279926264700274,3,2.17205434966283,0,0,0.981747704246875,1.15347528949438
"Denmark","AY.4.2",-0.0244966142360213,0.00112455174148623,0.0269749518304432,0.0129610929245733,2,0,0.265451540462654,0.446842730377749,1.72651924872347,2,0.27789141414762,-0.844307261774681,0.962962962962963,5,0.0157790927021696,4,0.0764398912901506,4,0.5,0.142857142857143,0.714285714285714,0.173015976883695,4,2.15011103066999,0,0,1.570796326795,1.17951865982253
"Denmark","AY.4.5",-0.149217825823098,-0.00114441943106266,0.0246305418719212,0.00825296125743453,4,3,-0.957296965239453,-0.753677609176056,1.80127875878454,1,0.345826409032832,-1.10390783738571,0.962962962962963,7,0.0205761316872428,4,0.04603103974248,2,0.333333333333333,0.0357142857142858,0.5,0.290603609231023,4,2.11814635595313,0,0,0.7853981633975,1.05460601555249
"Denmark","AY.4.6",0.0680645427867212,0.00297017803453625,0.156583629893238,0.0851624057059844,8,0,0.680932390977308,0.507929487577961,5.12498313383794,10,0.645726630292809,-0.0646012325866717,0.962962962962963,18,0.0740740740740741,8,0.232080385543455,6,0.142857142857143,0.357142857142857,-0.714285714285714,0.770788970302067,4,1.67286403834734,0,0,0.196349540849375,0.616970100967
"Denmark","AY.42",0.060864672717059,0.00897177512515738,0.0640732265446224,0.0339298296563427,4,1,-0.112246468508103,0.0776946672811032,2.60984395770586,4,0.3705289645975,-0.00084128446722416,0.962962962962963,12,0.0205761316872428,8,0.0887492596943352,1,0.666666666666667,-0.214285714285714,0.160714285714286,0.315453170804242,5,1.88080473884813,0,0,0.7853981633975,1.0445980373473
"Denmark","AY.43",0.0587810577849761,0.014335488908307,0.269372693726937,0.17183429355779,4,0,0.338806720213782,0.157952888285802,4.65201177674293,9,0.6743446217392,0.148374233846106,0.962962962962963,18,0.0740740740740741,5,0.219385395573779,6,0.142857142857143,0.357142857142857,-0.732142857142857,0.732960264269018,3,1.66540644073597,0,0,0.39269908169875,0.500918383900799
"Denmark","AY.43.6",0.0132211888457458,0.00578448657842136,0.105121293800539,0.0540036625560668,5,0,0.0564417133159498,-0.568343060245087,3.07672261101998,5,0.291929805315585,-0.0831838754514926,1,12,0.0462962962962963,0,0.144054693459538,3,0.25,0.214285714285714,-0.25,0.469328901742107,4,1.84842899111631,0,0,0.589048622548125,0.933668575987308
"Denmark","AY.46",0.000166585175593989,0.00275120601015767,0.0438871473354232,0.0263432352808594,3,0,0.614417318649448,0.408261858043499,1.76559017931539,1,0.225614787441344,-0.504053704444641,0.962962962962963,6,0.0625,4,0.095502941224919,3,0.166666666666667,0.142857142857143,-0.285714285714286,0.319971206545891,5,2.15011103066999,0,0,0.981747704246875,0.973668873181406
"Denmark","AY.46.6",0.0297338985861283,-0.000511581415409753,0.033175355450237,0.0112161071728773,4,0,-0.0466425159753906,-0.28512361949385,1.81139806765517,1,0.386302253901155,0.627601015830629,0.962962962962963,6,0.0246913580246914,6,0.0749971076913429,2,0.333333333333333,0.571428571428571,-0.321428571428571,0.309178093317104,4,1.99607832387889,0,0,0.7853981633975,1.07968306485034
"Denmark","AY.7.1",0.0616107425575143,0.0140368760121107,0.340358271865121,0.21888775038825,5,0,0.299593722327665,0.139778691778143,4.52583466258271,8,0.657133763101485,0.103449093202613,0.925925925925926,19,0.0625,0,0.265001604784725,5,0.166666666666667,0,-0.75,0.790028342932921,5,1.82159183262477,0,0,0.39269908169875,0.586978014016247
"Denmark","AY.80",-0.0328093681084072,-0.00115964075693917,0.052434456928839,0.0189082199893603,3,1,-0.266803369128014,-0.486913583382138,1.72413757890752,3,0.325310977628525,-0.567372396903877,1,4,0.037037037037037,6,0.126673817197453,1,0.333333333333333,-0.214285714285714,0.0714285714285714,0.0761821378903598,4,2.14008967494596,0,0,1.17809724509625,1.24930448030572
"Denmark","AY.9.2",0.0739434417468651,-0.000980747733660058,0.0809768637532134,0.0302301340714109,4,0,-0.767650438206911,-0.767650438206911,6.0867079140657,10,0.564220909402103,0.0765503806350574,0.962962962962963,9,0.111111111111111,7,0.231846823076597,2,0.111111111111111,0.75,-0.321428571428571,0.755532417445083,3,1.63923243281233,0,0,0.196349540849375,0.551398618169091
"Denmark","AY.98.1",0.00653946350620512,0.00262441922346869,0.0375722543352601,0.0219080330470209,4,0,0.0644576738179431,-0.638027211904574,1.84435680974723,2,0.620703856814176,0.345393050037531,0.962962962962963,7,0.0625,8,0.0809059376580382,1,0.166666666666667,0.0714285714285714,-0.428571428571429,0.354051169186268,3,2.05488015708729,0,0,0.981747704246875,0.961443850420983
"Denmark","BA.1.1 (BA.1.1)",0.0746804880277803,0.00409378142517968,0.195945945945946,0.0839306962145955,2,0,-0.658217822259782,0.303788236144649,6.24256011391554,15,0.650008971497701,0.119601569893391,0.888888888888889,10,0.166666666666667,4,0.216068443709225,1,0.0909090909090909,0.821428571428571,-0.696428571428571,0.789655027815083,3,1.6796627233228,0,0,0.196349540849375,0.407097205669058
"Denmark","BA.2 (BA.2)",0.128064367834425,0.00320491484010703,0.304174950298211,0.113460425228815,6,0,-0.863061069891403,-1.0324016265086,6.89442908997596,19,0.903571264984825,0.0387185834729985,0.740740740740741,11,0.166666666666667,4,0.79396063119491,3,0.0909090909090909,0.75,-0.571428571428571,0.846180923359344,3,1.50773575224935,0,0,0.196349540849375,0.21654505964554
"Denmark","BA.2.9 (BA.2.9)",0.0897045560641131,0.00240734272901001,0.152785755313038,0.061777147402435,4,0,-0.952192240981008,-0.600648744746866,5.6728779158788,14,0.868105318305984,0.0775664149855178,0.925925925925926,8,0.166666666666667,6,0.345123900968209,7,0.0833333333333333,0.857142857142857,-0.642857142857143,0.800397486880386,3,1.77024759702774,0,0,0.196349540849375,0.338284569422558
"Denmark","BA.4 (BA.4)",0.0288272899424299,0.000501714087270825,0.0506172839506173,0.0282524369622711,2,0,-0.0455687911242986,0.147735424482401,1.75823612310897,1,0.484654048750624,1.42076068677084,0.962962962962963,5,0.111111111111111,4,0.136918447670952,3,0.142857142857143,0.571428571428571,-0.285714285714286,0.379491932265918,4,2.14008967494596,0,0,1.17809724509625,1.00799453288531
"Denmark","BA.4.1 (BA.4.1)",0.0666725275866264,-0.000757699771150712,0.0702479338842975,0.0189622353722189,4,0,-0.619187317754748,-0.832617711489047,2.27214405799018,4,0.304572078476616,0.167757126533653,0.925925925925926,6,0.0740740740740741,6,0.0810771673767238,1,0.125,0.607142857142857,-0.535714285714286,0.387384470823773,4,2.0128941266464,0,0,0.7853981633975,1.06097501200934
"Denmark","BA.4.6 (BA.4.6)",0.144620836786302,-0.00101837339232297,0.0203703703703704,0.00605277101362053,3,4,0.0119722908575795,0.0119722908575795,1.91760842368996,3,0.220992245818542,-0.546172279085458,1,6,0.04,3,0.0891132749026785,2,0.2,0.785714285714286,-0.392857142857143,0.31815802718577,3,2.06936587846876,0,0,0.7853981633975,0.986429645777312
"Denmark","BA.5 (BA.5)",0.0834490965985464,-0.002170768328027,0.043557168784029,0.0244595008166806,5,2,0.530432952655394,0.147312295256933,2.07483818734204,2,0.490851652719935,0.285197434602386,0.925925925925926,7,0.0740740740740741,6,0.123332781062553,1,0.125,0.642857142857143,-0.321428571428571,0.389880634042547,3,2.08618168123626,0,0,0.7853981633975,0.969354848022609
"Denmark","BA.5.1 (BA.5.1)",0.199357609037654,0.00251610135797583,0.293269230769231,0.102377834072182,4,1,-0.850464326991361,-1.02117747455883,7.16948547015035,17,0.90569281132472,0.0577938605299958,0.814814814814815,11,0.166666666666667,6,0.324430325284458,2,0.1,0.714285714285714,-0.535714285714286,0.870930681785439,2,1.50773575224935,0,0,0.196349540849375,0.299609101388782
"Denmark","BA.5.1.34 (BA.5.1.34)",-0.160473871081783,-0.00161876574893471,0.0174825174825175,0.00560918220529906,2,3,-0.859346822583838,-0.664788204959096,1.77401413283399,2,0.308032632438618,0.00545669920604522,1,4,0.0185185185185185,4,0.0764028213515434,1,0.25,-0.357142857142857,0.571428571428571,0.220777063568612,3,2.06936587846876,0,0,0.981747704246875,0.915300535157716
"Denmark","BA.5.11 (BA.5.11)",0.0386895818700147,-0.00064009083113629,0.0194647201946472,0.00711751127406074,3,2,-1.05231093666174,-0.854256571461531,1.79605063046539,3,0.265864644654002,0.00708679048166211,0.888888888888889,4,0.0329218106995885,4,0.102282683355063,1,0.333333333333333,0.5,-0.0714285714285714,0.234916344486035,3,2.08874543934893,0,0,1.17809724509625,1.12683504137666
"Denmark","BA.5.2 (BA.5.2)",0.156978134943558,0.00108385306040045,0.0808823529411765,0.029045050803905,4,1,-0.592509244478064,-0.406305556776645,5.96636418697557,13,0.648277927955784,0.0412354364053809,0.925925925925926,9,0.166666666666667,6,0.364908314761818,7,0.1,0.892857142857143,-0.571428571428571,0.788283691046803,3,1.81646431639944,0,0,0.196349540849375,0.365312993817204
"Denmark","BD (BA.1.17.2)",0.0924488386580694,0.000623317602510034,0.107317073170732,0.0489707150970114,3,0,-1.10859299009342,-1.27649113845552,6.06775247093306,15,0.78332766360515,0.0359390834914016,0.888888888888889,14,0.166666666666667,7,0.21983553646164,5,0.1,0.678571428571429,-0.642857142857143,0.74722824342774,3,1.6796627233228,0,0,0.196349540849375,0.504090107188435
"Denmark","BE.1",0.145213328388306,-0.00133791876620343,0.0255754475703325,0.0121293311550575,3,2,0.101208197348793,0.297781247122634,2.84849889426373,4,0.20336831249512,0.438426969165446,1,8,0.111111111111111,4,0.123067761827466,1,0.111111111111111,0.714285714285714,-0.571428571428571,0.539346797707565,3,1.85778719627244,0,0,0.39269908169875,0.789267199810699
"Denmark","BE.1.1",0.127413067451304,0.00252056716092097,0.0833333333333333,0.0465344786736472,4,1,0.444039461124537,0.600848276447418,6.77539671628911,1,0.763629618514359,0.277550845280603,0.925925925925926,13,0.166666666666667,5,0.120633969564872,4,0.1,0.553571428571429,-0.678571428571429,0.785751762644299,4,1.97347185431817,0,0,0.196349540849375,0.50757108871571
"Denmark","BF (BA.5.2.1)",0.136296354935429,-0.00193181638395801,0.12,0.0487157380007657,4,1,-1.10425122779608,-0.923797075774451,6.25434710796692,1,0.534006538419551,0.0644262562333967,0.925925925925926,9,0.166666666666667,4,0.145045560938642,3,0.1,0.714285714285714,-0.607142857142857,0.755662048155631,2,1.98092945192953,0,0,0.196349540849375,0.505601752838794
"Denmark","BF.5",0.034984979537593,0.000660561794850856,0.0513698630136986,0.024696560824589,3,0,-0.432859912189793,-0.203272379813247,2.6110160866487,2,0.375858093914716,0.804801320356088,0.925925925925926,7,0.0740740740740741,3,0.152394553981857,5,0.111111111111111,0.785714285714286,-0.642857142857143,0.481980841123506,5,1.92279076928903,0,0,0.589048622548125,0.800269144621949
"Denmark","BF.7",0.067450553251848,0.00035283303496582,0.0297202797202797,0.013055336882304,2,0,-0.744260980774789,-0.744260980774789,4.99759110228757,1,0.548879891329591,0.53803015711368,1,6,0.166666666666667,4,0.0664868974129813,3,0.0909090909090909,0.785714285714286,-0.571428571428571,0.671792797257057,4,2.02547924048309,0,0,0.196349540849375,0.684040808760933
"Denmark","BG (BA.2.12.1)",0.0927916641938807,-3.4686640537653e-05,0.103515625,0.0326035615383571,3,0,-0.737873597971793,-0.937598299778613,5.78438418847751,2,0.415057029997519,0.139098259441571,0.888888888888889,8,0.166666666666667,3,0.159952175838967,1,0.1,0.857142857142857,-0.571428571428571,0.718292501453475,3,1.60362977639994,0,0,0.196349540849375,0.499670971532051
"Denmark","BN.1",0.058732086434399,-0.00116832571132316,0.0432098765432099,0.0161669152773786,2,0,-0.8800618114238,-1.07209151541203,2.4924885363433,2,0.408359121909274,0.344044746765823,0.925925925925926,8,0.111111111111111,3,0.110209360819938,1,0.111111111111111,0.553571428571429,-0.5,0.52144041278191,4,2.14008967494596,0,0,0.196349540849375,0.921234109577969
"Denmark","BN.1.2",0.06190190485176,0.0017829852571996,0.0325732899022801,0.013810387084722,5,2,-0.562484916502366,-0.33563785165604,2.14090088521128,3,0.44594661492801,1.18823888340497,1,5,0.037037037037037,0,0.0453973664843199,3,0.333333333333333,0.142857142857143,-0.285714285714286,0.42748226589888,4,2.1375259168333,0,0,0.7853981633975,1.0681812755957
"Denmark","BN.1.3.1",0.0756726942042476,-0.000512351722794879,0.0335051546391753,0.0151593160881973,3,0,-0.979427494462272,-1.1314747984153,6.42907293734717,1,0.675642847714373,-0.303711919548469,1,8,0.166666666666667,4,0.136995385578911,2,0.0909090909090909,0.642857142857143,-0.357142857142857,0.598568366137379,3,2.0248160899152,0,0,0.196349540849375,0.760832454834996
"Denmark","BN.1.4.4",0.105104619888812,-0.00150903654146653,0.0408653846153846,0.0131749608106474,3,2,-0.902310103548011,-0.293735017453139,5.31023622659587,1,0.377698670865747,-0.52495740413469,1,12,0.166666666666667,5,0.111671512158448,4,0.1,0.571428571428571,-0.464285714285714,0.56154385358689,3,1.94473408828186,0,0,0.196349540849375,0.801162487998993
"Denmark","BQ.1",0.0761619127278718,0.000706657865031172,0.0597222222222222,0.0209713666953505,4,0,-0.828008611988236,-0.640011161558112,4.97342549628139,1,0.535309165324097,0.423528523772255,1,8,0.111111111111111,4,0.0783938753614339,3,0.111111111111111,0.821428571428571,-0.464285714285714,0.657805432799247,2,1.67286403834734,0,0,0.196349540849375,0.617188897056874
"Denmark","BQ.1.1",0.0784393581955214,7.57919090000158e-05,0.06070826306914,0.0310830501114333,5,0,-1.15385531517223,-0.998734308545714,7.13514984798422,8,0.694652236446197,0.051873021131608,0.925925925925926,9,0.166666666666667,2,0.153299042299505,1,0.1,0.714285714285714,-0.571428571428571,0.817352538802317,5,1.73464494061535,0,0,0.196349540849375,0.416458210998666
"Denmark","BQ.1.1.20",0.0866901887052637,0.00377575971669349,0.105769230769231,0.0459145045519217,5,0,-0.382355178247015,-0.913681259460212,5.05004890464591,8,0.599779205317934,0.0966392869920641,0.888888888888889,7,0.166666666666667,3,0.142136535413709,1,0.1,0.892857142857143,-0.75,0.766066707408094,4,1.78598917621238,0,0,0.196349540849375,0.454556328873872
"Denmark","BQ.1.18",-0.0189657974354091,-0.000670842386380394,0.0238805970149254,0.0118043240047353,2,2,-0.641153306994772,-0.476167901600658,1.7930059838833,2,0.493940900429394,-0.717352551112522,1,8,0.08,2,0.0803787252891727,1,0.2,0.642857142857143,-0.285714285714286,0.342874093655707,3,2.11814635595313,0,0,1.37444678594563,1.01676433690523
"Denmark","CH.1.1",0.0679039374228731,-0.000519448152579273,0.0539419087136929,0.0173897567659308,4,0,-0.814237339507955,-1.0256469175265,2.83017741023783,2,0.238182374788988,-0.0275643307714901,0.925925925925926,6,0.111111111111111,2,0.0629486249443813,1,0.125,0.785714285714286,-0.464285714285714,0.587555671940052,3,1.96411364916203,0,0,0.196349540849375,0.724387768584884
"Denmark","CH.1.1.12",0.13612003514121,-0.000321650412946633,0.119047619047619,0.0294360609388927,2,2,-0.6148213520604,-0.6148213520604,3.73706899985618,1,0.506564065040034,1.5166654245177,0.962962962962963,4,0.0740740740740741,3,0.071181255149697,2,0.111111111111111,0.785714285714286,-0.357142857142857,0.553102128733646,3,2.05488015708729,0,0,0.196349540849375,0.841706896224039
"Denmark","DH (BA.5.1.22)",0.231685398891866,-0.0018241217676039,0.0278787878787879,0.0122523240080012,3,4,-0.47049525463627,-0.30184147472946,4.88249465972222,10,0.483538508876119,0.156383614986295,0.851851851851852,4,0.166666666666667,3,0.0795710344921215,2,0.1,0.785714285714286,-0.571428571428571,0.655693730458672,2,1.98092945192953,0,0,0.196349540849375,0.730267001683527
"Denmark","DS.3",0.0228955029918961,0.000178092113087972,0.03,0.0208219935335649,3,0,0.846585016677231,0.846585016677231,2.19070987296658,3,0.411636989770607,-0.315893590872165,1,8,0.166666666666667,4,0.10234382877455,1,0.1,0.5,-0.464285714285714,0.448440318967242,4,2.1375259168333,0,0,0.7853981633975,0.969457716326909
"Denmark","XAY.2",0.0386154188373088,0.000738914243914734,0.0611111111111111,0.0158583079397751,3,0,-0.423712017711962,-0.686463785708527,1.95685218296622,4,0.102174613582359,0.962592457101716,0.962962962962963,5,0.0625,6,0.214865496918062,3,0.166666666666667,0.5,-0.428571428571429,0.268668986926342,4,1.98605696815486,0,0,0.981747704246875,1.10879116599087
"Denmark","XBB.1",0.0324301422960381,0.000673915702551248,0.046875,0.0218696687576461,2,0,-0.413738773513122,0.163645637502719,1.96739444442803,2,0.372507073361828,0.267761611586017,1,5,0.111111111111111,5,0.162399754635933,1,0.142857142857143,0.178571428571429,-0.607142857142857,0.413001872159825,6,2.14008967494596,0,0,0.981747704246875,1.0264476542559
"Denmark","XBF",-0.0199928154634027,-0.000282322709148105,0.0252525252525253,0.0121351549970133,3,2,0.849232343024241,1.04272530641582,1.60234191728693,1,0.366493688615018,-1.28827161939878,1,5,0.00137174211248285,6,0.0779897031357118,4,1,0.178571428571429,-0.0714285714285714,0.205828133591009,4,2.18463946349952,0,0,1.76714586764437,1.14403555984733
"France","A",-0.0101853049041409,-0.00974025974025974,0.0909090909090909,0.0134728229782345,2,15,-0.199241712333741,-0.40591947238537,1.56620687767039,2,0.0977232740096173,-3.23504435513643,0.740740740740741,3,0.031092821216278,2,0.0277437207593873,3,1,-0.464285714285714,0.0714285714285714,0.151572285165931,2,1.73464494061535,0,0,1.96349540849375,0.762630420691538
"France","A.27",0.143293014721536,-0.00148809523809524,0.03125,0.00457760697063866,1,16,-0.194911361930829,-0.404568212801523,1.67807313165139,2,0.140102872476802,2.12349379175163,0.62962962962963,3,0.0355029585798817,3,0.0541645447437163,2,0.5,0.321428571428571,-0.0714285714285714,0.132104004270139,3,1.74425098539243,0,0,1.570796326795,1.16802566420135
"France","AY (B.1.617.2)",-0.100802803920495,-0.00523357786580419,0.0945945945945946,0.0187874755200474,2,7,-0.397682153642702,-0.599325149629169,1.55408981946508,1,0.299908786503565,-2.12242731511967,0.962962962962963,4,0.0160036579789666,6,0.137831648755275,3,1,-0.428571428571429,0.321428571428571,0.146773298498367,4,2.04742255947593,0,0,1.96349540849375,0.99542472893139
"France","AY.122",0.0218718882187851,-0.00181598062953995,0.0285714285714286,0.00253833222150846,1,23,0.0479520195257854,-0.166918117728334,1.59648369313484,1,0.11640203411114,2.32574677363323,0.296296296296296,2,0.144947416552355,7,0.0663733809066491,2,1,0.857142857142857,0.0714285714285714,0.244424012680031,2,0.813070366259089,0,0,1.570796326795,0.905422964185029
"France","AY.125",0.0449470924168895,-0.00140977443609023,0.0555555555555556,0.00252799441668353,1,25,0.283240001977703,0.0233681952056931,1.60242426585763,1,0.0031419001874333,-0.0690844745871889,0.185185185185185,2,0.197073616826703,0,0.159798768656808,1,1,-0.0714285714285714,0,0.116396997017655,2,0.603797414115175,0,0,1.570796326795,1.22094997869379
"France","AY.126",0.0831876734430833,-0.000794364881263355,0.024024024024024,0.00345636737897254,2,17,-0.179699980195034,-0.384503590243401,1.73808031302297,2,0.136499459594413,-0.138418552063641,0.592592592592593,3,0.0729783037475345,4,0.144442562690911,2,0.5,0.107142857142857,-0.0714285714285714,0.178856301481883,3,1.6007604218885,0,0,1.37444678594563,1.00604590068081
"France","AY.33",0.232759272314814,-0.000198554299384403,0.0217983651226158,0.00775979725443717,2,5,-0.875692250923997,-0.362552634822217,3.55880550042834,7,0.541901281764324,-0.474286840640866,0.851851851851852,6,0.111111111111111,7,0.0740363618373441,4,0.142857142857143,0.714285714285714,-0.357142857142857,0.537076328290375,3,1.91533317167766,0,0,0.39269908169875,0.804041461215334
"France","AY.34",0.0297064782047974,0.00173559482224932,0.0401069518716577,0.0248238979576484,5,0,0.452507810362851,0.252164342035817,1.87199778633286,1,0.357964245057397,0.246322369136281,1,6,0.0740740740740741,5,0.097738224687077,2,0.125,0.285714285714286,-0.571428571428571,0.458382096351853,4,2.02547924048309,0,0,0.7853981633975,0.920083921781109
"France","AY.4",0.289112444065126,0.000217355341519005,0.123188405797101,0.0381727869258391,3,8,-0.695480510617739,-0.861171144880971,3.27436047725938,3,0.510361077658851,-0.42796131456853,0.888888888888889,5,0.0740740740740741,5,0.167832975930709,2,0.125,0.607142857142857,-0.5,0.509703083747335,3,2.08618168123626,0,0,0.196349540849375,0.937269700935778
"France","AY.42",-0.000452187396803378,-0.00255102040816327,0.0238095238095238,0.00131760838792712,1,25,0.215790801089971,-0.0257997025536525,1.61433997944419,1,0.00153887205766124,-4.17797464842762,0.185185185185185,2,0.197073616826703,0,0.0953996936941385,1,1,0,0,0.155560701565656,2,0.603797414115175,0,0,1.76714586764437,0.608868941551609
"France","AY.43",-0.0333088829528758,-0.00108225108225108,0.0101010101010101,0.00111869681418554,1,24,-0.0366355090498557,-0.207017620075161,1.57187380403359,1,0.119983083010195,-1.46554179146422,0.259259259259259,2,0.157750342935528,7,0.144992880970605,1,1,-0.214285714285714,0.0357142857142858,0.0524424923531571,2,0.749330948168636,0,0,1.76714586764437,1.02469337008075
"France","AY.5",0.141543885732262,-0.00234405107286463,0.0555555555555556,0.0118413082792427,1,12,-0.42157382396837,-0.607874248339059,1.58065264727369,1,0.389070688166853,0.552594627700121,0.814814814814815,4,0.0050297210791038,3,0.131338716117784,2,1,0.571428571428571,-0.0714285714285714,0.281354470708521,3,2.11814635595313,0,0,2.15984494934313,1.09238490518665
"France","AY.9.2",0.16775379706451,-0.00120490367798749,0.0538243626062323,0.0239641939454983,3,2,0.204154472275398,0.390527122670927,5.47242044905527,1,0.514643418863743,0.141720043617915,0.925925925925926,7,0.166666666666667,6,0.159358000636905,5,0.0909090909090909,0.571428571428571,-0.642857142857143,0.641592716432805,4,1.87716675715261,0,0,0.196349540849375,0.727363107661465
"France","AY.98.1",-0.0712403075316962,-0.00164835164835165,0.0153846153846154,0.000549450549450549,0,27,0.340168025708305,0.0755928946018455,1.63128552506524,28,0,-5.48748420072656,0.037037037037037,1,0.297668038408779,0,0.12741567111348,14,1,-0.928571428571429,0.0714285714285714,0.151623664984039,1,0.158410570131791,0,0,1.570796326795,0.352766841475279
"France","B",-0.111617208202484,0.00227032227032227,0.148148148148148,0.0263046898307962,2,11,-0.288704108297455,-0.474828756944807,1.61924725516128,1,0.18717834964934,-0.541576582940359,0.851851851851852,4,0.0173754000914495,4,0.226178950376623,3,1,-0.642857142857143,0.25,0.303604616956555,2,1.97669876299873,0,0,1.570796326795,0.997133669990435
"France","B.1.1",0.30522622512735,-0.0168425324675325,0.228915662650602,0.0854959513075371,3,5,0.101123126328472,-0.470890160360504,1.94445234137232,2,0.54707569509612,-1.00795141739016,0.962962962962963,7,0.0740740740740741,5,0.0392166478662621,1,0.125,0.357142857142857,-0.571428571428571,0.410960267045283,3,2.04742255947593,0,0,0.7853981633975,0.808932635025794
"France","B.1.13",-0.066056956586452,-0.00256501503422686,0.0344827586206897,0.00548483336753662,1,18,-0.222467752157059,-0.410807678182318,1.71478904069098,2,0.171024283778887,0.627478749464926,0.592592592592593,3,0.173333333333333,3,0.098362349842608,1,0.2,-0.785714285714286,0.0357142857142858,0.275108012605839,3,1.4712347922029,0,0,1.37444678594563,0.853407799618451
"France","B.1.159",-0.292224926164981,0.00207517635517655,0.0481927710843374,0.00567230754320605,2,18,-0.0829920182101987,-0.317427694382692,1.61654408211609,1,0.0749489983818071,1.38926702227496,0.555555555555556,4,0.0516689529035208,4,0.09976939386193,3,1,-0.285714285714286,0.357142857142857,0.188493008520634,3,1.47327776275243,0,0,1.37444678594563,1.22466786265566
"France","B.1.160",-0.0772037713858915,-0.00369458128078818,0.0344827586206897,0.00123152709359606,0,27,0.340168025708305,0.0755928946018455,1.63128552506524,28,0,-5.48748420072656,0.037037037037037,1,0.297668038408779,0,0.12741567111348,14,1,-0.928571428571429,0.0714285714285714,0.151623664984039,1,0.158410570131791,0,0,1.570796326795,0.352766841475279
"France","B.1.160.30",0.367299032546017,-0.00824175824175824,0.0769230769230769,0.0162506135881551,2,17,-0.372160946064918,-0.539412300657228,2.42351620610878,6,0.474825298721116,-0.915792681717744,0.444444444444444,7,0.0625,7,0.0696077623400655,4,0.166666666666667,0.535714285714286,-0.285714285714286,0.376876978494316,3,1.39063200300642,0,0,0.589048622548125,0.770097190148034
"France","B.1.208",0.00209644311464476,-0.00669642857142857,0.0625,0.00557085307965834,1,22,0.0474732927625103,-0.170968454434416,1.5961560722673,1,0.0150931356499027,-2.32548850545635,0.37037037037037,2,0.116140832190215,2,0.0588565581906811,1,1,-0.535714285714286,0.0357142857142858,0.195287343405608,2,0.915873681808156,0,0,1.570796326795,0.633108711630421
"France","B.1.212",-0.0293551126359234,-0.00669642857142857,0.0625,0.0043032224404562,2,23,0.153092466947052,-0.0926541294548742,1.6190403494227,3,0.0205980635564427,-4.4090178738206,0.296296296296296,3,0.140832190214906,7,0.0820614736531516,3,1,-0.642857142857143,0,0.0958905268951219,2,0.896379276572986,0,0,1.570796326795,0.65833069893152
"France","B.1.273",0.364404742577719,-0.00369458128078818,0.0486111111111111,0.0175999827870131,3,11,-0.730460218471026,-0.869830814806935,2.2941089394393,2,0.248700233802582,-0.455591718737238,0.703703703703704,4,0.111111111111111,3,0.0375824624821777,1,0.125,0.571428571428571,-0.428571428571429,0.47003645208289,4,2.04634833589307,0,0,0.589048622548125,0.89178359631988
"France","B.1.351",0.136113612621062,0.00311184939091916,0.133333333333333,0.0197932697163238,2,13,-0.194514226336697,-0.395253278864488,1.51119886319287,1,0.0942201599570597,0.0713176437212218,0.814814814814815,2,0.00914494741655235,4,0.109741395499255,1,1,-0.392857142857143,-0.142857142857143,0.0301928846566616,4,2.05488015708729,0,0,1.76714586764437,1.31367394984093
"France","B.1.351.2",0.0521767412725026,0.0034781939442288,0.0737704918032787,0.0171321363251421,4,3,-0.60372868336835,-0.14717343966143,2.10810383357737,3,0.0645422058991593,-0.889298224989924,0.925925925925926,3,0.0118343195266272,8,0.128573879271107,1,0.5,-0.678571428571429,-0.178571428571429,0.125934408961669,4,2.15946923582613,0,0,0.981747704246875,1.27261558080793
"France","B.1.356",-0.0051271194163414,0.00201587035022996,0.0886075949367089,0.0355872548473693,2,0,-0.170896771871397,-0.359867535555726,1.9616932144821,2,0.256876933322452,-0.617755888974765,0.962962962962963,4,0.125,4,0.0264292940868351,1,0.166666666666667,0.178571428571429,0.178571428571429,0.373232093876561,6,2.10556124211643,0,0,0.981747704246875,1.12436385426009
"France","B.1.387",0.0363688560069519,-0.0019815668202765,0.0645161290322581,0.00921535944852224,2,16,-0.180289926824857,-0.390721816862755,1.53537549297099,1,0.156013285462703,-0.589750978708834,0.666666666666667,3,0.0283493369913123,4,0.091744507511491,1,1,-0.642857142857143,-0.107142857142857,0.066565844351541,3,1.81587160916416,0,0,1.570796326795,1.2204880491959
"France","B.1.529",-0.133949575292624,-0.00405952380952381,0.121212121212121,0.00736868686868687,1,23,0.200006063354139,-0.0550494903387056,1.59793684707203,1,0.166299425681552,-0.0102495400025486,0.222222222222222,3,0.161408321902149,8,0.139830161719044,2,1,0.357142857142857,0.0714285714285714,0.171860525566159,2,0.852019419362702,0,0,1.76714586764437,1.20393774115917
"France","B.1.93",-0.0764154253522806,0.000267719991222295,0.0476190476190476,0.00622192166370474,2,20,-0.113715969898909,-0.299160610265279,1.77975645103001,3,0.0462302753850488,-2.31602739537413,0.481481481481481,3,0.0276134122287968,4,0.0569133342710994,1,0.5,-0.642857142857143,0.107142857142857,0.177020562771536,3,1.17987970477202,0,0,1.17809724509625,1.12220614502128
"France","B.40",-0.406578374464345,-0.00443447493940104,0.0344827586206897,0.00783327853553069,2,16,-0.414286296479553,-0.577179405391686,3.30698283336566,3,0.43207926848336,-0.0986881617658373,0.592592592592593,4,0.166666666666667,5,0.0530849038950242,2,0.0909090909090909,-0.75,0.464285714285714,0.503353254841539,3,1.74477177295557,0,0,0.39269908169875,0.840902515929983
"France","BA.1 (BA.1)",-0.0704846042095297,-0.00148809523809524,0.0138888888888889,0.000496031746031746,0,27,0.340168025708305,0.0755928946018454,1.63128552506524,28,0,-5.48748420072656,0.037037037037037,1,0.297668038408779,0,0.12741567111348,14,1,-0.928571428571429,0.0714285714285714,0.151623664984039,1,0.158410570131791,0,0,1.570796326795,0.352766841475279
"France","BA.1.1 (BA.1.1)",-0.071831719167061,-0.00178571428571429,0.0166666666666667,0.000595238095238095,0,27,0.340168025708305,0.0755928946018455,1.63128552506524,28,0,-5.48748420072658,0.037037037037037,1,0.297668038408779,0,0.127415671113481,14,1,-0.928571428571429,0.0714285714285714,0.151623664984039,1,0.158410570131791,0,0,1.570796326795,0.352766841475279
"France","BA.1.17 (BA.1.17)",0.0416952930815296,-0.000362058962227019,0.0644736842105263,0.032846599383058,3,0,-0.212259840499525,0.647649059459151,2.93610294591965,4,0.405696757715352,0.350620447198486,0.925925925925926,10,0.0740740740740741,4,0.0880931535279154,3,0.142857142857143,0.321428571428571,-0.607142857142857,0.468956172676341,5,1.87716675715261,0,0,0.589048622548125,0.930193796890184
"France","BA.1.18 (BA.1.18)",-0.068131697312287,-0.00108225108225108,0.0101010101010101,0.000360750360750361,0,27,0.340168025708305,0.0755928946018455,1.63128552506524,28,0,-5.48748420072657,0.037037037037037,1,0.297668038408779,0,0.12741567111348,14,1,-0.928571428571429,0.0714285714285714,0.151623664984039,1,0.158410570131791,0,0,1.570796326795,0.352766841475279
"France","BA.2 (BA.2)",-0.0444147823965917,-0.00595238095238095,0.0555555555555556,0.00223214285714286,1,26,0.31554250850473,0.0518054864709259,1.62782690974971,6,0,-5.43550021258857,0.111111111111111,2,0.24371284865112,0,0.0913015041183303,6,1,-0.178571428571429,0.0357142857142858,0.139204597231861,2,0.419555892320233,0,0,1.570796326795,0.384459472092217
"France","BA.2.9 (BA.2.9)",0.189027323549934,-0.00125877138464676,0.0728744939271255,0.0222137859495413,3,2,-0.728660413601704,-0.90653647409312,5.95371844872257,14,0.614965775316868,0.316576229178492,0.925925925925926,10,0.166666666666667,8,0.148434343167647,2,0.0909090909090909,0.946428571428571,-0.428571428571429,0.648401129735834,4,1.89338985268483,0,0,0.196349540849375,0.590355681298511
"France","BA.2.9.3 (BA.2.9.3)",0.310950721126137,-0.000770185008798686,0.0182186234817814,0.00636274583532274,3,7,-0.772480460061124,-0.927445134762969,2.30127311156637,3,0.361819311490316,-0.417577045424996,0.777777777777778,4,0.111111111111111,5,0.133058109232483,2,0.125,0.642857142857143,-0.535714285714286,0.455993243119669,3,1.96411364916203,0,0,1.17809724509625,0.93622219063807
"France","BA.4 (BA.4)",0.261033027530207,-0.00121076058182109,0.0384615384615385,0.00787597771451164,3,9,-0.390857282055025,-0.577378739044383,1.96704184587782,2,0.272842441634399,-0.74629750783869,0.777777777777778,4,0.111111111111111,3,0.0685646967824668,1,0.111111111111111,0.714285714285714,-0.321428571428571,0.448592446802142,3,1.97669876299873,0,0,1.17809724509625,0.956511106474089
"France","BA.4.1 (BA.4.1)",0.0636663460254262,0.00101266168713985,0.0791788856304985,0.0238054503319929,2,0,-0.789602884672457,-1.00568180923977,1.89416778777747,2,0.195771722711334,1.17665670288137,0.962962962962963,6,0.00591715976331361,2,0.0943243869296576,1,0.5,0.571428571428571,-0.464285714285714,0.292660917926129,3,2.10556124211643,0,0,1.17809724509625,1.08886897789567
"France","BA.4.6 (BA.4.6)",0.0536543986032697,-0.000843971760393716,0.021505376344086,0.00558804032370207,3,7,-0.635071105178834,-0.0391104170026503,1.50272667634168,1,0.258566208431205,0.599780078362299,0.851851851851852,4,0.0324645633287609,6,0.0922469399886606,2,1,0.25,-0.5,0.112110809457114,5,1.88080473884813,0,0,2.3561944901925,1.15968735278374
"France","BA.5 (BA.5)",0.182617991984696,-0.0013165775225395,0.0243055555555556,0.00905050329820753,3,6,-0.813706418635359,-0.96308513983453,2.69618606678858,6,0.322684994152163,-0.177441870057658,0.925925925925926,7,0.0555555555555556,7,0.110303815532615,3,0.25,0.607142857142857,-0.214285714285714,0.415199919482433,3,2.08940858991682,0,0,0.589048622548125,1.02259277646114
"France","BA.5.1 (BA.5.1)",0.128927656306706,0.0060658015314875,0.354066985645933,0.122633259886437,3,0,-0.73526991117054,-0.887926302673471,5.12168187940795,2,0.542320022589394,0.429621697450829,0.851851851851852,7,0.0740740740740741,6,0.122587935378292,1,0.111111111111111,0.714285714285714,-0.5,0.637210874409721,4,1.89338985268483,0,0,0.196349540849375,0.774109244782007
"France","BA.5.1.17 (BA.5.1.17)",0.10072278743659,0.00199915266705695,0.0645161290322581,0.0274757186346872,2,1,-0.437397172434669,-0.263652623348101,1.92935522560517,2,0.457900231730074,0.673730127155134,0.962962962962963,6,0.00591715976331361,6,0.0706760298686332,3,0.5,0.142857142857143,-0.5,0.203696724425685,4,2.13073146978983,0,0,0.981747704246875,1.17201049827339
"France","BA.5.1.30 (BA.5.1.30)",-0.0689491974190702,-0.000675304508478856,0.0186335403726708,0.00877243237626641,2,5,-0.118754538171937,-1.33418493084131,1.69277067260486,4,0.525592562322249,-1.78177170105174,0.925925925925926,6,0.0236686390532544,6,0.0876890504035813,4,0.5,-0.357142857142857,0.0357142857142858,0.0618305294068885,3,2.15946923582613,0,0,1.17809724509625,1.23949787228015
"France","BA.5.2 (BA.5.2)",0.123642400023515,-0.000598148984849399,0.0471698113207547,0.0151407191437835,2,2,-0.483052067098173,0.115855736678505,1.84588366300076,2,0.324154656107087,0.520867717999476,0.962962962962963,4,0.111111111111111,2,0.102087202870608,1,0.111111111111111,0.607142857142857,-0.392857142857143,0.369112024004226,4,2.11814635595313,0,0,1.17809724509625,0.976656222131196
"France","BA.5.2.2 (BA.5.2.2)",0.0524038454015258,-0.000366124573971523,0.0548780487804878,0.021656938651221,3,2,-0.46670599219764,0.273020466804893,1.58931727999258,1,0.180971522492848,1.0878417517755,1,6,0.00228623685413809,3,0.0891637328997455,2,1,0,-0.214285714285714,0.236985900257183,4,2.17205434966283,0,0,1.96349540849375,1.10892726327386
"France","BC (BA.1.1.1)",-0.0786020743398646,-0.00446428571428571,0.0416666666666667,0.00148809523809524,0,27,0.340168025708305,0.0755928946018454,1.63128552506524,28,0,-5.48748420072656,0.037037037037037,1,0.297668038408779,0,0.12741567111348,14,1,-0.928571428571429,0.0714285714285714,0.151623664984039,1,0.158410570131791,0,0,1.570796326795,0.352766841475279
"France","BD (BA.1.17.2)",0.0482043393143467,-0.000285044896635151,0.0632530120481928,0.0260390566562863,3,0,0.55516822948664,0.766057520431323,1.88071501551981,5,0.351485671699223,2.23253045678476,0.962962962962963,5,0.0740740740740741,6,0.0573300135953248,4,0.125,0.571428571428571,-0.607142857142857,0.390394083174199,3,2.01545788475906,0,0,0.981747704246875,0.974578090460425
"France","BE.1.1",0.0772096437351571,-0.00171637490189156,0.0421686746987952,0.0159688197501168,3,3,-0.306894128363359,-0.501898212454781,2.17779703379699,3,0.352882180962592,-0.161839162679692,0.962962962962963,6,0.0246913580246914,6,0.157996465365008,2,0.333333333333333,0.5,-0.285714285714286,0.30531568665253,4,1.97669876299873,0,0,0.981747704246875,1.15523275654117
"France","BF (BA.5.2.1)",-0.0901926919619532,-0.0214285714285714,0.2,0.00714285714285714,0,27,0.340168025708304,0.0755928946018454,1.63128552506524,28,0,-5.48748420072656,0.037037037037037,1,0.297668038408779,0,0.12741567111348,14,1,-0.928571428571429,0.0714285714285714,0.151623664984039,1,0.158410570131791,0,0,1.570796326795,0.352766841475279
"France","BF.5",0.175247079811777,-0.00192599751394075,0.0191780821917808,0.007695646498848,3,7,-0.902069052597927,-1.05177862905195,1.53883997804707,1,0.269831168874302,-0.145492716996285,0.851851851851852,4,0.0105166895290352,4,0.0875721556699802,1,1,0.285714285714286,-0.357142857142857,0.144449266200332,3,2.08618168123626,0,0,1.96349540849375,1.19338842832693
"France","BF.7",-0.0671621773461563,-0.00379158909470427,0.0297619047619048,0.00508054613206878,2,10,-0.326377716187164,-0.557175739288353,1.79516825029054,3,0.0788694451447677,-1.58441251593955,0.777777777777778,5,0.0329218106995885,6,0.0670968865469714,1,0.333333333333333,0.285714285714286,0.0357142857142858,0.178725315210397,4,1.9421703301692,0,0,1.17809724509625,0.859604251793908
"France","BG (BA.2.12.1)",0.115351049065883,-0.00110955715064576,0.076555023923445,0.0270201583797895,4,1,-0.95504883881317,-0.766267311398473,4.46979617320184,9,0.334915179413718,0.0494317867387111,1,6,0.166666666666667,6,0.0927580988088866,4,0.0909090909090909,0.535714285714286,-0.5,0.547868457598678,3,2.05678076463207,0,0,0.196349540849375,0.878689929800226
"France","BN.1",-0.0266228585111377,0.000181957598275061,0.032967032967033,0.00972668279195428,4,7,-0.641967147523334,-0.806538062032353,1.71544455620144,3,0.289881411667244,0.160062181181842,0.925925925925926,4,0.0236686390532544,4,0.145704268761556,1,0.5,0.25,-0.0714285714285714,0.116179195826659,4,2.15946923582613,0,0,1.37444678594563,1.25475037005921
"France","BQ.1",-0.0146216134694988,-0.0013462325962326,0.0132450331125828,0.00174992420103136,1,21,-0.109019292375991,-0.278729357413059,1.56549009008241,1,0.131269311672876,-0.548541868347885,0.444444444444444,2,0.0877914951989026,4,0.142596453169673,2,1,0.428571428571429,0,0.110030492724419,2,1.09515170326092,0,0,1.570796326795,1.07969601159657
"France","BQ.1.1",-0.076249034452857,-0.00324675324675325,0.0303030303030303,0.00108225108225108,0,27,0.340168025708304,0.0755928946018454,1.63128552506524,28,0,-5.48748420072655,0.037037037037037,1,0.297668038408779,0,0.12741567111348,14,1,-0.928571428571429,0.0714285714285714,0.151623664984038,1,0.158410570131791,0,0,1.570796326795,0.352766841475279
"France","BQ.1.1.18",0.224235456120183,0.000597858709660984,0.0679611650485437,0.0192355016741417,4,6,-0.685307872049983,-0.872512949984408,1.83660726140127,4,0.348870742077828,0.248900539828914,0.962962962962963,5,0.0625,0,0.105276110386507,3,0.166666666666667,0.5,-0.428571428571429,0.244102016408391,3,2.1375259168333,0,0,1.17809724509625,1.09727866420032
"France","BQ.1.1.4",0.178191025293517,-0.0016200219218122,0.026578073089701,0.00562275092120209,2,13,-0.426387298145134,-0.617496375698391,1.64192749541466,2,0.189873259089244,-1.91584676637898,0.740740740740741,6,0.0740740740740741,5,0.0376829494017416,1,0.142857142857143,0.535714285714286,-0.214285714285714,0.199308059343996,3,2.00758921413273,0,0,1.570796326795,1.11092806855325
"France","BV (BA.5.2.20)",0.214106008202826,0.000954301204400912,0.0196078431372549,0.00874350194555089,2,5,-1.08671590430711,-0.615485429819273,1.93386162591728,2,0.381367041525059,0.808263384165221,1,7,0.111111111111111,2,0.0974127745545875,1,0.125,0.678571428571429,-0.571428571428571,0.429826812797373,3,1.96411364916203,0,0,0.7853981633975,0.885005792520703
"France","D4 (B.1.1.254)",0.0054244747073494,-0.00222649186256781,0.025,0.00397252229144104,1,22,-0.176086340669958,-0.32556314459803,1.57154101424896,2,0.0569863977623071,-0.495022062666603,0.37037037037037,3,0.110653863740284,5,0.109470657613681,3,1,-0.0714285714285714,0.0357142857142858,0.0316213586993791,3,1.00854079727819,0,0,1.570796326795,1.17089807393163
"France","DH (BA.5.1.22)",0.198812942191968,-0.00144250914802889,0.025,0.00813488059469203,3,8,-0.712533305122907,-0.87059639384969,2.25270681519501,4,0.469693466407355,-0.459978706885042,0.851851851851852,5,0.0625,4,0.0435607171807691,3,0.166666666666667,0.285714285714286,-0.428571428571429,0.424822797845251,3,1.9715712467734,0,0,0.981747704246875,0.991218917173406
"France","EG.1",0.110028997738887,-0.00238095238095238,0.0454545454545455,0.00401790456588113,2,22,0.0512969219658724,-0.169694297961899,1.7118606468993,2,0.0360473719784375,0.987658703651047,0.333333333333333,3,0.104536489151874,2,0.156853076429359,4,0.5,0.571428571428571,-0.0714285714285714,0.199318405319439,3,0.99013315068082,0,0,1.570796326795,1.07517468031845
"France","EG.5.1",-0.110933213888537,-0.000318003913894325,0.0166666666666667,0.00108447488584475,1,26,0.145463815412989,-0.0627490968448189,1.60952662324021,5,0.0031419001874333,-2.67454062351227,0.111111111111111,2,0.24371284865112,5,0.19734170549155,14,1,-0.714285714285714,0.107142857142857,0.124907274263346,2,0.419555892320233,0,0,1.76714586764437,0.853164322351116
"France","EG.5.1.1",0.000121075156642265,-0.00693215339233038,0.0769230769230769,0.00672621042587484,1,23,0.0491262188459034,-0.146451392359665,1.58383424612623,1,0.00641769637461885,-1.44291223035903,0.333333333333333,2,0.125743026977595,8,0.183199564892752,1,1,-0.321428571428571,0,0.118601514620791,2,0.865501360493921,0,0,1.76714586764437,1.02206704033899
"France","FL (XBB.1.9.1)",0.232303911799602,-0.00181399245915375,0.131578947368421,0.0139938323217175,3,15,-0.0318103813459037,-0.282162594753427,1.79118205318204,2,0.0171011288768808,1.78761907892907,0.666666666666667,4,0.029585798816568,2,0.0398097863457688,1,1,0.892857142857143,-0.25,0.274433017166157,3,1.84460937520046,0,0,1.37444678594563,0.922469269786755
"France","FL.1.5",-0.0686735022907647,-0.00116459627329193,0.0108695652173913,0.000388198757763975,0,27,0.340168025708304,0.0755928946018454,1.63128552506524,28,0,-5.48748420072655,0.037037037037037,1,0.297668038408779,0,0.12741567111348,14,1,-0.928571428571429,0.0714285714285714,0.151623664984038,1,0.158410570131791,0,0,1.570796326795,0.352766841475279
"France","GS.4.1",-0.0736360341513528,-0.00227963525835866,0.0212765957446809,0.000759878419452888,0,27,0.340168025708305,0.0755928946018455,1.63128552506524,28,0,-5.48748420072656,0.037037037037037,1,0.297668038408779,0,0.12741567111348,14,1,-0.928571428571429,0.0714285714285714,0.151623664984039,1,0.158410570131791,0,0,1.570796326795,0.352766841475279
"France","HK.3",-0.069988537929652,-0.00139146567717996,0.012987012987013,0.000463821892393321,0,27,0.340168025708304,0.0755928946018454,1.63128552506524,28,0,-5.48748420072655,0.037037037037037,1,0.297668038408779,0,0.12741567111348,14,1,-0.928571428571429,0.0714285714285714,0.151623664984038,1,0.158410570131791,0,0,1.570796326795,0.352766841475279
"France","JD.1",-0.0693456484403436,-0.00127551020408163,0.0119047619047619,0.000425170068027211,0,27,0.340168025708305,0.0755928946018455,1.63128552506524,28,0,-5.48748420072656,0.037037037037037,1,0.297668038408779,0,0.12741567111348,14,1,-0.928571428571429,0.0714285714285714,0.151623664984039,1,0.158410570131791,0,0,1.570796326795,0.352766841475279
"France","JG.3",-0.0755041980052443,-0.00293542074363992,0.0273972602739726,0.000978473581213307,0,27,0.340168025708304,0.0755928946018454,1.63128552506524,28,0,-5.48748420072654,0.037037037037037,1,0.297668038408779,0,0.12741567111348,14,1,-0.928571428571429,0.0714285714285714,0.151623664984038,1,0.158410570131791,0,0,1.570796326795,0.352766841475279
"France","JN.1",-0.147855767841454,-0.00907981769783012,0.0760869565217391,0.00318121319674115,0,26,0.305403497157184,0.042983229615837,1.75709631758314,26,0,-3.08066586837973,0.0740740740740741,2,0.26232741617357,0,0.0783157404686096,14,1,-0.892857142857143,0.107142857142857,0.200909286772438,2,0.315396287422662,0,0,1.17809724509625,0.411476906300629
"France","JN.1.1",-0.069988537929652,-0.00139146567717996,0.012987012987013,0.000463821892393321,0,27,0.340168025708304,0.0755928946018454,1.63128552506524,28,0,-5.48748420072655,0.037037037037037,1,0.297668038408779,0,0.12741567111348,14,1,-0.928571428571429,0.0714285714285714,0.151623664984038,1,0.158410570131791,0,0,1.570796326795,0.352766841475279
"France","Q (B.1.1.7)",-0.070695505819666,-0.0017744122965642,0.0307692307692308,0.00244383780776186,1,25,0.0831613470412562,-0.11892917716117,1.58986163854549,4,0.00983931869343383,-1.31169898662736,0.185185185185185,2,0.197073616826703,4,0.188888133181436,5,1,-0.142857142857143,0.0714285714285714,0.0776253520754746,2,0.603797414115175,0,0,1.76714586764437,1.05313800313192
"France","QB.1.147 (B.1.147)",0.221257821033586,-0.0038265306122449,0.0634920634920635,0.0104318963382495,2,14,-0.270335012397069,-0.480541124265794,1.55906100014347,1,0.11122421998038,0.600520072774994,0.666666666666667,5,0.0315500685871056,4,0.0769427788129835,1,1,-0.0714285714285714,-0.321428571428571,0.130178453190246,2,1.83525117004432,0,0,1.96349540849375,1.08296003002781
"France","QB.1.177.81 (B.1.177.81)",-0.163246097249499,-0.00538853949648552,0.0909090909090909,0.0115051161849839,2,18,-0.113345652286921,-0.326752162299908,1.64837145774308,1,0.115383074816966,2.54234562257307,0.592592592592593,3,0.0666666666666667,3,0.0413695145208049,2,0.2,0.107142857142857,0.178571428571429,0.183275851249399,3,1.41625257491034,0,0,1.570796326795,0.899545041541887
"France","XBB",-0.0369618588865934,-0.00310825201741103,0.029126213592233,0.00200396255467914,1,20,0.15704500951574,-0.0946515826415539,1.60350108033208,2,0.00983931869343383,-4.68411754924028,0.518518518518518,3,0.0722450845907636,0,0.083283004278194,2,1,-0.214285714285714,0.107142857142857,0.0849250358154969,3,1.15819725468005,0,0,1.76714586764437,0.595368853674773
"France","XBB.1",0.102032602940027,-0.00174199623352166,0.0185185185185185,0.00182025071478361,1,20,0.00740838230610302,-0.209660175435321,1.69140071812558,2,0.11640203411114,-2.60623087946813,0.444444444444444,3,0.12962962962963,4,0.0778740941188355,1,0.25,0.714285714285714,0,0.165855183147518,3,1.16587549973812,0,0,1.37444678594563,0.749220714248957
"France","XBB.1.16",-0.0741233861311186,-0.00243506493506494,0.0227272727272727,0.000811688311688312,0,27,0.340168025708304,0.0755928946018454,1.63128552506524,28,0,-5.48748420072654,0.037037037037037,1,0.297668038408779,0,0.12741567111348,14,1,-0.928571428571429,0.0714285714285714,0.151623664984038,1,0.158410570131791,0,0,1.570796326795,0.352766841475279
"France","XBB.1.5",0.0554123085138613,-0.00139581263557643,0.0139968895800933,0.00288653229592078,2,16,-0.329399806848318,-0.484445486732669,1.49496726806588,1,0.24461935391536,-0.703881547343564,0.740740740740741,3,0.0297210791037952,7,0.129134083924179,4,1,0.0714285714285714,-0.142857142857143,0.0666682030294345,3,1.70375448948134,0,0,2.3561944901925,1.10032004086802
"Germany","A",-0.321962487439673,0.00781366085241474,0.365384615384615,0.0613145355874728,3,9,-0.307911716884638,-0.534957785651936,1.99027990637083,3,0.271726901759894,-2.94942837466412,0.814814814814815,6,0.04,6,0.0605361231481998,2,0.2,-0.0357142857142857,0.357142857142857,0.414953666679012,2,2.07682347608013,0,0,0.7853981633975,1.09169573869455
"Germany","AK (B.1.1.232)",0.0120750778138456,-0.00206043956043956,0.0714285714285714,0.00479062862603235,1,25,0.149103921921353,-0.0772830991750504,1.58241917758392,2,0.00983931869343383,-0.0670895491794731,0.185185185185185,2,0.197073616826703,8,0.203356797905141,2,1,0.535714285714286,0,0.0721513146701382,2,0.603797414115175,0,0,1.570796326795,1.21277978900701
"Germany","AP (B.1.1.70)",0.218825997016344,-0.00280524580966407,0.333333333333333,0.0453511817097973,2,21,-0.122364930432652,-0.292063818563484,1.79042651275168,2,0.0704201427661075,0.71853678338077,0.37037037037037,3,0.0666666666666667,5,0.158589460484661,1,0.2,0.785714285714286,-0.107142857142857,0.357045880739478,2,1.04986367715119,0,0,1.570796326795,0.94114245640868
"Germany","AS (B.1.1.317)",-0.196051930719029,-0.00657894736842105,0.125,0.0105371602082128,1,24,0.0672543043453171,-0.146894300098612,1.57265800616812,2,0.0205980635564429,-0.733085962942452,0.259259259259259,2,0.157750342935528,3,0.0983191951146521,4,1,-0.642857142857143,0.178571428571429,0.146473072499945,2,0.749330948168636,0,0,1.76714586764437,1.05557133159153
"Germany","AY (B.1.617.2)",-0.0894884332441679,-0.0194805194805195,0.181818181818182,0.00649350649350649,0,27,0.340168025708304,0.0755928946018454,1.63128552506524,28,0,-5.48748420072654,0.037037037037037,1,0.297668038408779,0,0.12741567111348,14,1,-0.928571428571429,0.0714285714285714,0.151623664984038,1,0.158410570131791,0,0,1.570796326795,0.352766841475279
"Germany","AY.121",-0.0890959983280425,-0.0184729064039409,0.172413793103448,0.0061576354679803,0,27,0.340168025708305,0.0755928946018455,1.63128552506524,28,0,-5.48748420072656,0.037037037037037,1,0.297668038408779,0,0.12741567111348,14,1,-0.928571428571429,0.0714285714285714,0.151623664984039,1,0.158410570131791,0,0,1.570796326795,0.352766841475279
"Germany","AY.122",-0.0890959983280425,-0.0184729064039409,0.172413793103448,0.0061576354679803,0,27,0.340168025708305,0.0755928946018455,1.63128552506524,28,0,-5.48748420072656,0.037037037037037,1,0.297668038408779,0,0.12741567111348,14,1,-0.928571428571429,0.0714285714285714,0.151623664984039,1,0.158410570131791,0,0,1.570796326795,0.352766841475279
"Germany","AY.125",-0.0792450007711623,-0.00487012987012987,0.0454545454545455,0.00162337662337662,0,27,0.340168025708304,0.0755928946018454,1.63128552506524,28,0,-5.48748420072654,0.037037037037037,1,0.297668038408779,0,0.12741567111348,14,1,-0.928571428571429,0.0714285714285714,0.151623664984038,1,0.158410570131791,0,0,1.570796326795,0.352766841475279
"Germany","AY.126",-0.292243141545808,-0.00916199813258636,0.0714285714285714,0.00874412264905962,1,23,-0.0784248816571066,-0.253342071827116,3.02014496759887,8,0.276443189998313,-1.43825913606838,0.222222222222222,4,0.0740740740740741,8,0.0864051244861032,3,0.25,-0.785714285714286,0.214285714285714,0.430730519942828,2,0.754462702325955,0,0,0.589048622548125,0.873945882742952
"Germany","AY.129",-0.0772037713858915,-0.00369458128078818,0.0344827586206897,0.00123152709359606,0,27,0.340168025708305,0.0755928946018455,1.63128552506524,28,0,-5.48748420072656,0.037037037037037,1,0.297668038408779,0,0.12741567111348,14,1,-0.928571428571429,0.0714285714285714,0.151623664984039,1,0.158410570131791,0,0,1.570796326795,0.352766841475279
"Germany","AY.33",-0.0713548630977095,-0.00167410714285714,0.015625,0.000558035714285714,0,27,0.340168025708304,0.0755928946018454,1.63128552506524,28,0,-5.48748420072655,0.037037037037037,1,0.297668038408779,0,0.12741567111348,14,1,-0.928571428571429,0.0714285714285714,0.151623664984038,1,0.158410570131791,0,0,1.570796326795,0.352766841475279
"Germany","AY.4",-0.0823254414416204,-0.00738916256157636,0.0689655172413793,0.00246305418719212,0,27,0.340168025708305,0.0755928946018455,1.63128552506524,28,0,-5.48748420072656,0.037037037037037,1,0.297668038408779,0,0.12741567111348,14,1,-0.928571428571429,0.0714285714285714,0.151623664984039,1,0.158410570131791,0,0,1.570796326795,0.352766841475279
"Germany","AY.42",-0.168901339656752,-0.00816993464052287,0.0555555555555556,0.00488257254656248,1,24,0.0499894818412758,-0.15634510599488,1.96222907347523,9,0.168048279942953,-2.53658666387928,0.222222222222222,2,0.234567901234568,0,0.04051946103934,1,0.333333333333333,-0.857142857142857,0.178571428571429,0.236601136255453,2,0.754462702325955,0,0,0.981747704246875,0.728205283904574
"Germany","AY.43",-0.0772037713858915,-0.00369458128078818,0.0344827586206897,0.00123152709359606,0,27,0.340168025708305,0.0755928946018455,1.63128552506524,28,0,-5.48748420072656,0.037037037037037,1,0.297668038408779,0,0.12741567111348,14,1,-0.928571428571429,0.0714285714285714,0.151623664984039,1,0.158410570131791,0,0,1.570796326795,0.352766841475279
"Germany","AY.46.6",-0.0822409941818219,-0.00730519480519481,0.0681818181818182,0.00243506493506494,0,27,0.340168025708305,0.0755928946018455,1.63128552506524,28,0,-5.48748420072658,0.037037037037037,1,0.297668038408779,0,0.127415671113481,14,1,-0.928571428571429,0.0714285714285714,0.151623664984039,1,0.158410570131791,0,0,1.570796326795,0.352766841475279
"Germany","AY.9.2",-0.0923164172471488,-0.00420168067226891,0.0392156862745098,0.00251663165266106,1,26,0.1510081592406,-0.059744661132574,1.60994269031258,10,0.0031419001874333,-2.77361647623327,0.111111111111111,2,0.24371284865112,0,0.194593578369418,14,1,-0.535714285714286,0.107142857142857,0.0969922393718992,2,0.419555892320233,0,0,1.76714586764437,0.840084796426843
"Germany","AY.98.1",0.0858272473140572,0.00223878929513829,0.05,0.0259107756024973,4,1,-0.0760281838185632,0.132662583726412,1.82964537527249,1,0.348282489651276,0.503738127339137,0.962962962962963,7,0.0462962962962963,6,0.102964515951779,2,0.25,0.607142857142857,-0.428571428571429,0.333503212991223,4,2.1375259168333,0,0,0.7853981633975,0.984755891136268
"Germany","B",-0.322493038070196,0.00386439187688909,0.12280701754386,0.0431856325074152,3,5,-0.203621647597248,-0.400721512435242,1.75900849671423,2,0.203287017113097,0.471894192421281,0.888888888888889,7,0.0416666666666667,2,0.134404428401967,1,0.166666666666667,-0.392857142857143,0.857142857142857,0.265678705391895,3,2.09876679507296,0,0,1.37444678594563,0.996264527958827
"Germany","B.1.1",0.020689623054599,-0.0161570819407397,0.333333333333333,0.179370375200277,2,0,-0.0120479699252212,-0.245426108941614,1.94681867731044,2,0.19260932231032,-0.254429487053121,1,4,0.029585798816568,3,0.13544214077913,1,0.5,0.464285714285714,-0.428571428571429,0.252111023805151,3,2.17205434966283,0,0,0.981747704246875,1.1469001503106
"Germany","B.1.160",-0.0707990619531032,-0.0015527950310559,0.0144927536231884,0.0005175983436853,0,27,0.340168025708304,0.0755928946018454,1.63128552506524,28,0,-5.48748420072656,0.037037037037037,1,0.297668038408779,0,0.12741567111348,14,1,-0.928571428571429,0.0714285714285714,0.151623664984039,1,0.158410570131791,0,0,1.570796326795,0.352766841475279
"Germany","B.1.221",-0.0698931999623117,-0.00137362637362637,0.0128205128205128,0.000457875457875458,0,27,0.340168025708305,0.0755928946018455,1.63128552506524,28,0,-5.48748420072656,0.037037037037037,1,0.297668038408779,0,0.12741567111348,14,1,-0.928571428571429,0.0714285714285714,0.151623664984039,1,0.158410570131791,0,0,1.570796326795,0.352766841475279
"Germany","B.1.329",-0.0493027335646951,-0.00055727854235317,0.0416666666666667,0.00462436169738172,1,23,-0.0412778738539113,-0.229166237847358,1.5422615376402,1,0.131269311672876,-0.0944991269080652,0.333333333333333,2,0.125743026977595,5,0.161429782374906,1,1,0.214285714285714,0,0.0635911679800667,2,0.865501360493921,0,0,1.96349540849375,1.24673248423585
"Germany","B.1.351",0.0325970828690123,-0.00130662020905923,0.0384615384615385,0.00423828682564293,1,23,-0.0371366670318778,-0.219260260569064,1.89626357189265,1,0.0779502977836496,-0.151213517697645,0.259259259259259,4,0.0699588477366255,6,0.143785491756242,2,0.333333333333333,0.5,0,0.214373912204142,2,0.852019419362702,0,0,0.7853981633975,1.15335920718588
"Germany","BA.1 (BA.1)",0.0984166753660577,-0.00173196196135513,0.107883817427386,0.028480446900732,3,0,-0.547858200522304,-0.755321153731011,5.87312200292135,16,0.504352093841415,0.350370558892311,0.888888888888889,8,0.111111111111111,3,0.176402215140958,2,0.111111111111111,0.75,-0.428571428571429,0.724405146849931,2,1.63923243281233,0,0,0.196349540849375,0.463642376260815
"Germany","BA.1.1 (BA.1.1)",0.116994054964091,0.00667441939753949,0.297910182303246,0.13424330601844,4,0,-1.02038207515347,-1.17388490777533,7.45264250292934,18,0.796823703797257,0.0233849113321489,0.888888888888889,10,0.166666666666667,6,0.810980657787914,5,0.1,0.678571428571429,-0.642857142857143,0.856689998683608,3,1.77024759702774,0,0,0.196349540849375,0.258155659146929
"Germany","BA.1.15 (BA.1.15)",0.0561530341241844,0.000477214055943261,0.0491894913359419,0.0256960054325628,2,0,-0.23324119498668,-0.403746993590854,6.16547565806225,1,0.547691198763532,0.322585050299019,1,13,0.0740740740740741,4,0.0820046077082574,10,0.111111111111111,0.428571428571429,-0.607142857142857,0.659079346817774,4,1.95475544400589,0,0,0.196349540849375,0.709350238504451
"Germany","BA.1.17 (BA.1.17)",0.115528150161711,-0.00119506349373555,0.0455271565495208,0.0157218955112752,3,0,-0.784375130941429,-0.958959439997669,6.1245165517284,19,0.658868939660933,0.112437747252101,0.888888888888889,11,0.166666666666667,3,0.322017124490787,2,0.1,0.857142857142857,-0.535714285714286,0.802012427308504,3,1.70995622928953,0,0,0.196349540849375,0.416798751171162
"Germany","BA.1.18 (BA.1.18)",0.0984401287641851,0.00104552851957477,0.110154905335628,0.0335933148485205,6,0,-0.815129594352169,-1.02584378142152,5.2403975192524,6,0.508555348303547,0.0427978478654536,0.888888888888889,5,0.0740740740740741,4,0.19994806129458,1,0.111111111111111,0.821428571428571,-0.607142857142857,0.688400501857137,3,1.78706339979524,0,0,0.196349540849375,0.50350765308028
"Germany","BA.2 (BA.2)",0.0870735684379216,0.00279316972454164,0.138095238095238,0.0667750718487077,6,0,-0.977779791591878,-0.136904783301026,7.09325195058688,18,0.797507959226851,0.0243491330666102,0.888888888888889,11,0.166666666666667,4,0.391860803096824,2,0.1,0.785714285714286,-0.571428571428571,0.838658884270927,3,1.77024759702774,0,0,0.196349540849375,0.298616221013622
"Germany","BA.2.9 (BA.2.9)",0.0445879308768294,-0.00225619300122022,0.0365394948952176,0.0195912838481097,4,0,-0.630303401210232,-0.808275405822595,4.30312347527099,2,0.388234193302945,0.138422114872283,0.962962962962963,6,0.111111111111111,2,0.160454736712896,1,0.111111111111111,0.821428571428571,-0.571428571428571,0.570463038323634,4,2.04742255947593,0,0,0.196349540849375,0.586382721112206
"Germany","BA.4 (BA.4)",0.0550816769156359,0.00153355414139284,0.056140350877193,0.025981981522738,5,0,-0.370335363887189,-0.570425639929498,5.25864290940643,14,0.581797408152998,-0.271256573779298,1,7,0.166666666666667,7,0.147689573924088,2,0.0909090909090909,0.785714285714286,-0.75,0.716044600597815,3,1.85778719627244,0,0,0.196349540849375,0.592418017286757
"Germany","BA.4.1 (BA.4.1)",0.066422410166449,0.000736256943479661,0.0613718411552347,0.0241787021833201,2,0,-0.189353949228917,-0.830862191287739,5.40864972566007,2,0.372318453209954,0.324507407924821,0.851851851851852,11,0.166666666666667,5,0.112212649063912,4,0.0909090909090909,0.714285714285714,-0.678571428571429,0.655363346450968,3,1.77024759702774,0,0,0.196349540849375,0.656318652911799
"Germany","BA.5 (BA.5)",0.0951395676597285,0.00195241162471909,0.060077519379845,0.0246139796521105,5,1,0.432610788643382,0.193060218320758,2.86381585652498,3,0.295665662527089,0.358077664090643,0.962962962962963,8,0.166666666666667,8,0.0464861698977159,2,0.0909090909090909,0.5,-0.571428571428571,0.435849299242194,4,1.82582252155558,0,0,0.589048622548125,0.974817293399673
"Germany","BA.5.1 (BA.5.1)",0.11196007265488,6.35074534670308e-05,0.111784140969163,0.0412200579702009,8,0,-0.814295808186666,-0.814295808186666,6.41764871125125,19,0.999692966871516,0.037237498201475,0.962962962962963,9,0.166666666666667,8,0.489264329350896,1,0.1,0.785714285714286,-0.5,0.838834286333838,3,1.60362977639994,0,0,0.196349540849375,0.342482999474816
"Germany","BA.5.1.3 (BA.5.1.3)",0.0427200934532844,0.00134080738463233,0.0467980295566502,0.0300179455211594,4,0,1.16989201990108,0.990861720746119,4.43901428112644,8,0.478025160336403,0.0323676109369294,1,11,0.0740740740740741,2,0.111966504487992,1,0.142857142857143,0.428571428571429,-0.75,0.67066285419821,3,1.82582252155558,0,0,0.39269908169875,0.686761836454675
"Germany","BA.5.2 (BA.5.2)",0.0863372662512396,0.00136225013031658,0.0626262626262626,0.0272045249249035,3,0,-0.946795917135769,-0.946795917135769,5.92448506546333,12,0.65217129948453,0.0354095046427252,0.814814814814815,11,0.166666666666667,5,0.344337851452212,3,0.1,0.857142857142857,-0.607142857142857,0.784671554280086,3,1.77024759702774,0,0,0.196349540849375,0.413306350118857
"Germany","BA.5.3 (BA.5.3)",0.0707342167489447,-0.000139201750525657,0.0634361233480176,0.0255943036125954,4,0,-0.980400619578883,-1.17520957355843,6.89231854265936,15,0.642448762431475,-0.0960708839390994,0.925925925925926,12,0.166666666666667,4,0.161942205782365,2,0.1,0.714285714285714,-0.535714285714286,0.789635860436011,3,1.87657404991733,0,0,0.196349540849375,0.502827520858233
"Germany","BA.5.9 (BA.5.9)",0.0116373892180155,-8.47578230710448e-05,0.0150279089738085,0.00972132096864712,3,0,-0.573025918976085,-0.393705759791832,1.60331636623751,1,0.226303443800311,-0.392242113689386,1,3,0.000914494741655235,4,0.140699184717985,3,1,0.392857142857143,-0.25,0.148317828447999,3,2.18463946349952,0,0,1.37444678594563,1.06781473241691
"Germany","BC (BA.1.1.1)",0.0811922491750387,0.00428366014332023,0.104838709677419,0.0556316024854389,6,0,0.690819311059949,0.526108847332964,5.93910744227155,6,0.72673078185459,-0.0577553141265144,0.851851851851852,15,0.166666666666667,6,0.215025230444591,5,0.0909090909090909,0.535714285714286,-0.714285714285714,0.757995897060238,3,1.79964851363194,0,0,0.196349540849375,0.498999825275401
"Germany","BD (BA.1.17.2)",0.0601755009861951,0.00219376133768179,0.0710227272727273,0.0406187736489654,4,0,-1.19865041317811,1.16357290423231,6.38997727252852,11,0.599463388333342,0.168446432039533,0.888888888888889,9,0.166666666666667,7,0.235596621714236,3,0.1,0.660714285714286,-0.607142857142857,0.788081045668525,3,1.6796627233228,0,0,0.196349540849375,0.536551434486706
"Germany","BE.1",0.0345124849773156,0.000527760911999837,0.0197687430063409,0.0106139430600153,2,0,0.0345644199568735,-0.0318240038909251,1.83992168488973,2,0.386691769912902,1.19768300259668,0.962962962962963,3,0.0216962524654832,3,0.13970262718661,1,0.5,0.75,-0.535714285714286,0.291241890882144,4,2.11814635595313,0,0,1.17809724509625,1.07705612031622
"Germany","BE.1.1",-0.068517627944722,-0.00114028419390679,0.0106426524764634,0.000380094731302263,0,27,0.340168025708304,0.0755928946018454,1.63128552506524,28,0,-5.48748420072655,0.037037037037037,1,0.297668038408779,0,0.12741567111348,14,1,-0.928571428571429,0.0714285714285714,0.151623664984038,1,0.158410570131791,0,0,1.570796326795,0.352766841475279
"Germany","BE.1.1.2",0.0608527977870403,-0.00103065230953724,0.0276967930029155,0.0141262983443802,2,0,0.830175777375602,0.647180054682112,4.81751391348783,1,0.545528870776703,0.415427905787373,0.888888888888889,6,0.166666666666667,4,0.135766367099238,3,0.0909090909090909,0.75,-0.607142857142857,0.621992811799189,4,2.07682347608013,0,0,0.196349540849375,0.698166919709015
"Germany","BF (BA.5.2.1)",0.0688739932186996,0.000673130893160398,0.0678787878787879,0.0292908446311866,3,0,-1.0323838957875,-0.0643863932910298,7.15398516758955,9,0.457973384421629,0.341981967784098,0.962962962962963,7,0.166666666666667,5,0.156121137111353,2,0.0909090909090909,0.714285714285714,-0.678571428571429,0.727357679569642,4,1.77024759702774,0,0,0.196349540849375,0.570373292109711
"Germany","BF.5",0.02580427694832,-0.000124216797059568,0.0280442804428044,0.0138547341655778,5,0,-0.141911995456648,-0.379446175384264,3.48004901004221,1,0.403613516471284,-0.14994645831428,0.962962962962963,5,0.0625,6,0.0949783335339446,5,0.166666666666667,0.75,-0.642857142857143,0.5434470351726,3,1.97413500488606,0,0,0.39269908169875,0.84840015844626
"Germany","BF.7",0.0275917629548834,-9.27945470489843e-05,0.0254652301665034,0.0108723962720774,4,0,-0.403496553757934,-0.189067644454909,1.69420274662433,1,0.3287366839948,-1.70551041725868,0.888888888888889,3,0.04,6,0.134838085512135,5,0.2,0.714285714285714,-0.285714285714286,0.267206299253015,3,1.94729784639453,0,0,1.570796326795,1.02784208860584
"Germany","BF.7.5",0.0239748774990174,-0.0025438206051496,0.0241286863270777,0.014903763583346,2,1,0.317306752480728,0.510030162066621,1.9627977840105,4,0.273424853720227,-0.59642132462623,0.962962962962963,6,0.0625,4,0.0881910504446997,3,0.166666666666667,0.642857142857143,-0.357142857142857,0.32574820975774,3,1.89338985268483,0,0,0.7853981633975,1.07461005478587
"Germany","BG (BA.2.12.1)",0.0689608569203361,0.000440832888671918,0.0596892886345053,0.0280311980393892,3,0,-0.756728422259188,-0.90597595014389,6.46204498356619,17,0.539702573059936,0.20393722757476,0.814814814814815,5,0.166666666666667,5,0.20255847383166,3,0.1,0.75,-0.571428571428571,0.806616156195321,4,1.60362977639994,0,0,0.196349540849375,0.476980382040409
"Germany","BN.1",0.0129415007935817,-0.000526455662178478,0.0219619326500732,0.0126168985129351,4,0,0.0255117284976276,-0.184195740832015,1.6915159378181,1,0.163895327860889,-1.62753692577883,0.925925925925926,4,0.0555555555555556,6,0.062273113465143,2,0.25,0.714285714285714,-0.214285714285714,0.201062278995561,3,2.05678076463207,0,0,1.17809724509625,0.995231328959504
"Germany","BN.1.3",0.101354661227202,-0.000614881646472717,0.0107913669064748,0.00402414095753126,3,2,-1.11297479114345,-0.909061345856749,1.79307901000707,3,0.1705647300102,-1.11377881654679,1,7,0.0205761316872428,3,0.10305002455377,2,0.333333333333333,0.5,-0.392857142857143,0.231763550742666,3,2.0668021203561,0,0,1.17809724509625,0.928822945115221
"Germany","BQ.1",0.0346613665114383,0.000774777266256369,0.027536231884058,0.01731961332002,3,0,-0.313587103057167,-0.523835701132871,3.02560562635187,4,0.373732146645447,0.265397581857444,0.962962962962963,5,0.0740740740740741,4,0.257038024720896,3,0.125,0.607142857142857,-0.714285714285714,0.505133498741208,3,1.98415636061009,0,0,0.39269908169875,0.766938960047685
"Germany","BQ.1.1",0.108641462090589,5.62523646302529e-05,0.0335120643431635,0.017200653635919,4,1,1.24355792916104,1.08278039641973,7.16679458689819,15,0.866747114138442,0.0697766586316228,0.925925925925926,8,0.0740740740740741,5,0.236281436616571,2,0.111111111111111,0.642857142857143,-0.607142857142857,0.800951254460586,3,1.60362977639994,0,0,0.196349540849375,0.544299094397171
"Germany","CH.1.1",0.0529666689614544,0.000739955097490602,0.0427807486631016,0.0171454160599235,3,0,-0.355697961499425,-0.578671337349495,2.29462752235074,2,0.65458659845604,0.317023050276281,1,7,0.166666666666667,2,0.0703259835156294,1,0.0909090909090909,0.607142857142857,-0.428571428571429,0.497338803229483,3,2.11814635595313,0,0,0.39269908169875,0.888562378553853
"Germany","DH (BA.5.1.22)",0.0581787352439371,0.000786594437973843,0.0298396120850429,0.0147571997146192,4,0,-0.44878793774195,-0.630156840563636,5.66691665279311,12,0.430219494986893,0.0971827980589234,0.962962962962963,11,0.166666666666667,4,0.110739687061967,2,0.0909090909090909,0.785714285714286,-0.678571428571429,0.728753531369821,3,1.81646431639944,0,0,0.196349540849375,0.600066126398124
"Germany","EG.5.1",-0.11789065171788,-0.00102115626309175,0.032258064516129,0.00196376204440721,1,26,0.17226708919187,-0.04789168039774,1.61165487830828,5,0.0031419001874333,-3.16179851423709,0.111111111111111,2,0.24371284865112,5,0.183128558941886,14,1,-0.714285714285714,0.107142857142857,0.128420681842283,2,0.419555892320233,0,0,1.76714586764437,0.787926673698556
"Germany","Q (B.1.1.7)",-0.140680361084661,-0.00466186474589836,0.125,0.00809477900749341,1,23,0.174534875999217,-0.0730901527679351,1.60224035382589,3,0.00983931869343383,-0.102329996639201,0.259259259259259,3,0.161408321902149,5,0.125398251334083,6,1,-0.392857142857143,0.142857142857143,0.0876942201479447,3,0.852019419362702,0,0,1.570796326795,1.21789599039014
"Germany","QB.1.177.62 (B.1.177.62)",0.0296538853069117,-0.0056390977443609,0.0526315789473684,0.0048119066138252,1,25,0.0313939366226313,-0.151687256020703,1.58803469650962,2,0.00983931869343374,-1.81826601510395,0.185185185185185,2,0.197073616826703,3,0.148619759043096,2,1,0.571428571428571,0,0.104053746794547,2,0.603797414115175,0,0,1.76714586764437,0.982141847725311
"Germany","QB.1.177.81 (B.1.177.81)",-0.150971222777578,-0.00632080435814366,0.0869565217391304,0.0159736672195354,2,19,-0.270004863774316,-0.431303539713331,1.68565587461221,1,0.271800054451448,-0.557571942070377,0.518518518518518,4,0.0699588477366255,5,0.127924600624257,4,0.333333333333333,-0.0714285714285714,0.142857142857143,0.177587779958407,2,1.24258038857681,0,0,1.17809724509625,1.07450989566722
"Germany","QB.1.177.86 (B.1.177.86)",-0.0110771216116147,-0.00403174128503076,0.117647058823529,0.027570427554533,2,15,-0.442595290541992,-0.607314229864643,1.60621466696644,1,0.271222011998309,1.10196524510868,0.740740740740741,6,0.0123456790123457,6,0.163993189785556,1,1,0.392857142857143,-0.142857142857143,0.221994527738132,3,1.89977322671334,0,0,1.76714586764437,1.13850218337467
"Germany","XBB.1",-0.0520838782275904,-2.57883540039322e-05,0.0119521912350598,0.00678196435130401,4,1,0.508868155623338,0.700784302521006,1.51345679046341,1,0.406743545827676,0.290945413279923,0.962962962962963,5,0.0118884316415181,5,0.0787109447058228,2,1,0,-0.107142857142857,0.0351551051692386,3,2.07682347608013,0,0,1.96349540849375,1.2016930566726
"Germany","XBB.1.5",0.0786281591864885,0.00237242863608439,0.113438045375218,0.0458231135184402,2,0,-0.309127182402095,-0.107923868674436,6.44639809937414,3,0.58002711608598,0.287341897238935,1,6,0.166666666666667,4,0.176709217170423,1,0.0909090909090909,0.821428571428571,-0.642857142857143,0.627051117968666,3,1.92279076928903,0,0,0.196349540849375,0.63046726053141
"Germany","XBB.1.9",-0.026502993718189,0.000267369089957443,0.0220588235294118,0.0106452328947425,2,2,0.0598369644578522,-0.111949297451508,1.93130019688946,3,0.261769390479151,-0.207024948790577,1,7,0.0699588477366255,5,0.151654122376894,3,0.333333333333333,0.678571428571429,-0.214285714285714,0.304329340832552,4,2.06423836224343,0,0,0.7853981633975,1.13915571636755
"India","A",-0.0758909194800935,-0.0176767676767677,0.305555555555556,0.0473602820792709,3,12,-0.246061109600155,-0.469764062868655,1.8484898671438,2,0.205489858835015,-2.69604654936674,0.814814814814815,4,0.0266666666666667,3,0.0480416216323754,1,0.2,-0.214285714285714,0.392857142857143,0.318776795568012,3,1.99351456576623,0,0,1.17809724509625,1.06584480146247
"India","AE (B.1.1.306)",0.0359886268985148,-0.00172683766952869,0.390243902439024,0.154140857003784,3,0,-0.261629700835421,-0.0616690641411558,1.8549343073847,4,0.361392427974777,-0.177028175926469,1,4,0.00823045267489712,4,0.14009174649628,2,0.333333333333333,0.535714285714286,-0.267857142857143,0.203932366375883,3,2.15946923582613,0,0,0.981747704246875,1.15062698892397
"India","AM (B.1.1.216)",0.0365169380165433,-0.000528665413533836,0.0989010989010989,0.018448067196866,1,20,-0.261496786685244,-0.412597794993966,1.76666886370981,3,0.178800578262952,0.395102045587252,0.444444444444444,4,0.0729783037475345,5,0.0803599281695175,1,0.5,0.285714285714286,-0.107142857142857,0.161718180783528,3,1.16587549973812,0,0,1.17809724509625,1.29754089400026
"India","AY (B.1.617.2)",-0.115892691750299,-0.0113520408163265,0.1,0.00520124716553288,1,25,0.245299726706978,-0.0102872301217929,1.6163487884851,1,0.0031419001874333,-4.94700425543815,0.185185185185185,2,0.197073616826703,0,0.108224810824741,2,1,-0.785714285714286,0.0714285714285714,0.181483578577252,2,0.603797414115175,0,0,1.570796326795,0.525687242281949
"India","AY.106",-0.0644518740906599,-0.000855741570675457,0.0166666666666667,0.00407070280314135,1,13,-0.499158786934908,-0.672186824853285,1.52160903628244,1,0.183162088506768,1.54771830124416,0.888888888888889,3,0.0228623685413809,7,0.151727881842794,1,1,0.214285714285714,0.142857142857143,0.0798519266712979,3,1.89977322671334,0,0,2.15984494934313,1.1038739725222
"India","AY.112",-0.142657884538645,-0.00551245406288281,0.043010752688172,0.00244025744229909,1,26,0.200565962691478,-0.0312270934598017,1.61421983850301,1,0.163023629494366,-3.69000952910327,0.111111111111111,2,0.24371284865112,0,0.130373617061298,14,1,-0.857142857142857,0.107142857142857,0.261046317625429,2,0.419555892320233,0,0,1.96349540849375,0.53813949737195
"India","AY.112.2",-0.0714712228787314,-0.00170068027210884,0.0158730158730159,0.000566893424036281,0,27,0.340168025708305,0.0755928946018454,1.63128552506524,28,0,-5.48748420072657,0.037037037037037,1,0.297668038408779,0,0.12741567111348,14,1,-0.928571428571429,0.0714285714285714,0.151623664984039,1,0.158410570131791,0,0,1.570796326795,0.352766841475279
"India","AY.120",-0.0687542515810875,-0.00117739403453689,0.010989010989011,0.000392464678178964,0,27,0.340168025708304,0.0755928946018454,1.63128552506524,28,0,-5.48748420072656,0.037037037037037,1,0.297668038408779,0,0.12741567111348,14,1,-0.928571428571429,0.0714285714285714,0.151623664984039,1,0.158410570131791,0,0,1.570796326795,0.352766841475279
"India","AY.122",-0.0795887373400519,-0.00510204081632653,0.0476190476190476,0.00170068027210884,0,27,0.340168025708305,0.0755928946018455,1.63128552506524,28,0,-5.48748420072656,0.037037037037037,1,0.297668038408779,0,0.12741567111348,14,1,-0.928571428571429,0.0714285714285714,0.151623664984039,1,0.158410570131791,0,0,1.570796326795,0.352766841475279
"India","AY.127",-0.0353562401938201,-0.00115207373271889,0.0714285714285714,0.00452891439399902,1,24,0.179145147499869,-0.0656207711467081,1.58354321051815,2,0.00983931869343383,0.0248182103982387,0.222222222222222,2,0.181069958847737,0,0.122925636726622,2,1,-0.214285714285714,0.0357142857142858,0.100318983154118,2,0.683738905848754,0,0,1.76714586764437,1.25099794953613
"India","B",0.0333571062040084,-0.00903299916457811,0.111111111111111,0.0125091736344791,1,18,-0.055817806253639,-0.2776239976422,1.57653917575492,1,0.0462302753850488,-3.19025549186345,0.518518518518518,3,0.0557841792409694,5,0.0776921950547699,2,1,-0.428571428571429,-0.107142857142857,0.143062038689008,4,1.44387684614823,0,0,1.570796326795,0.846652039211835
"India","B.1.1",-0.0128065170894661,-0.0101339390583577,0.333333333333333,0.086197392663132,2,2,-0.679129029458246,-0.679129029458246,1.51184073524405,1,0.210218192105837,-0.800480105009661,0.925925925925926,3,0.00685871056241426,4,0.0918039279747195,1,1,0.0714285714285714,0.0357142857142858,0.106073310654078,4,2.12750456110927,0,0,1.96349540849375,1.19594549928599
"India","B.1.1.354",-0.072082208466029,-0.00184729064039409,0.0172413793103448,0.00061576354679803,0,27,0.340168025708305,0.0755928946018455,1.63128552506524,28,0,-5.48748420072656,0.037037037037037,1,0.297668038408779,0,0.12741567111348,14,1,-0.928571428571429,0.0714285714285714,0.151623664984039,1,0.158410570131791,0,0,1.570796326795,0.352766841475279
"India","B.1.1.46",0.0513031136868811,-0.00249169435215947,0.09375,0.0067348744522175,1,23,0.137614859759915,-0.106718087082863,1.57279519895405,2,0.0281282185739846,-0.0286676050715244,0.296296296296296,2,0.144947416552355,6,0.119747019160026,3,1,0.0357142857142858,0,0.0590044624206726,2,0.813070366259089,0,0,1.76714586764437,1.2555481510917
"India","B.1.1.526",-0.166499227615287,0.000168948698360461,0.0392156862745098,0.00312799945152886,2,25,0.0835139184383903,-0.122835806601606,1.764321061044,4,0.00983931869343383,-2.82327694292059,0.148148148148148,3,0.167652859960552,5,0.14648756873558,1,0.5,-0.571428571428571,0.142857142857143,0.193645067986363,2,0.57351607609728,0,0,1.17809724509625,0.859230240570212
"India","B.1.1.529",-0.0756061154102969,-0.00297619047619048,0.0277777777777778,0.000992063492063492,0,27,0.340168025708305,0.0755928946018454,1.63128552506524,28,0,-5.48748420072656,0.037037037037037,1,0.297668038408779,0,0.12741567111348,14,1,-0.928571428571429,0.0714285714285714,0.151623664984039,1,0.158410570131791,0,0,1.570796326795,0.352766841475279
"India","B.1.143",-0.15846387190025,-0.0267857142857143,0.238095238095238,0.00914115646258503,0,26,0.325983039311428,0.0614170943630226,1.68208901900065,26,0,-4.3449489447444,0.0740740740740741,2,0.26232741617357,0,0.107364205207075,14,1,-0.892857142857143,0.107142857142857,0.173690944479972,2,0.315396287422662,0,0,1.37444678594563,0.379031691633132
"India","B.1.210",0.205675870578787,-0.00140261178467159,0.236842105263158,0.0738317560668817,2,6,-0.704401609198037,-0.870742711514066,1.8432720012723,2,0.373191328791421,1.50910490186675,1,5,0.0277777777777778,5,0.114002320050568,1,0.25,0.357142857142857,-0.428571428571429,0.291370655692732,4,2.0128941266464,0,0,1.17809724509625,1.07083656394532
"India","B.1.247",-0.163012805365545,-0.0177054605626034,0.162162162162162,0.0078323221180364,1,26,0.261071973126615,0.0085878938528491,1.88405624098028,26,0,-3.47366004226104,0.0740740740740741,2,0.26232741617357,0,0.139749288927266,14,0.5,-0.892857142857143,0.107142857142857,0.239196910763229,2,0.315396287422662,0,0,1.17809724509625,0.554825574561193
"India","B.1.36",0.289624849175386,-0.00204081632653061,0.463636363636364,0.0525835592071492,3,8,-0.0683237466778306,-0.322968171188336,1.59308319623032,2,0.0263793643125836,0.608914754053121,0.666666666666667,3,0.0077732053040695,3,0.146053942156834,2,1,-0.0357142857142857,-0.232142857142857,0.114566282740059,3,2.11814635595313,0,0,1.570796326795,1.25609341835415
"India","B.1.36.29",-0.390545826031942,0.00973639455782313,0.35,0.0436726963512678,3,22,-0.0862313427639123,-0.260231265884462,1.92080041378152,2,0.1753100901264,-0.178031095883883,0.296296296296296,4,0.145833333333333,2,0.099895270829199,1,0.166666666666667,-0.607142857142857,0.25,0.416024040191029,3,0.928343951289851,0,0,0.7853981633975,0.99102695765869
"India","B.1.36.8",-0.0222261160949199,-0.00154802054718997,0.232558139534884,0.0526749615061348,4,9,-0.484949761294107,-0.67662597157964,1.65486598679806,3,0.219605803623908,0.26278063085909,0.888888888888889,4,0.0157790927021696,3,0.0930553949241527,3,0.5,-0.0357142857142857,0.107142857142857,0.108754209289506,3,2.11814635595313,0,0,1.570796326795,1.12063350675647
"India","B.1.560",-0.279653670900714,-0.0096945212062958,0.125,0.0102127821745542,2,21,0.0904322829171605,-0.156680939944375,1.69326137170182,4,0.0963612197243045,-2.10499021005775,0.37037037037037,3,0.0576131687242798,5,0.0803413309610902,2,0.333333333333333,-0.357142857142857,0.285714285714286,0.161129927910016,3,1.06244879098789,0,0,1.37444678594563,0.676904127422146
"India","B.1.617",-0.0908020726931944,-0.00144787644787645,0.142857142857143,0.00737485894935972,1,23,0.253500606017741,-0.00851017648079383,1.58876621535645,1,0.00641769637461904,-0.0045111023029131,0.333333333333333,2,0.125743026977595,7,0.162200885613514,1,1,0.0357142857142858,0.142857142857143,0.084445115663785,2,0.865501360493921,0,0,1.76714586764437,1.24793167309204
"India","B.1.617.1",-0.112098529612625,0.000257170175762613,0.0169491525423729,0.00313362549288388,2,20,-0.267731790939216,-0.425436478206203,1.61489356537932,1,0.213734323330835,-0.286541167479761,0.444444444444444,4,0.0859625057155921,5,0.128157419151904,1,1,-0.142857142857143,0.0357142857142858,0.118985573725722,3,1.16587549973812,0,0,1.570796326795,1.18622619243712
"India","BA.1 (BA.1)",0.32374040613809,-0.00319452116114363,0.0830769230769231,0.0172727559056151,2,7,-0.409056024437665,-0.598586837605759,3.5037648274133,3,0.378364929538347,0.681806171735205,0.666666666666667,6,0.111111111111111,3,0.108079211715773,2,0.142857142857143,0.928571428571429,-0.428571428571429,0.592857351704112,3,1.70375448948134,0,0,0.39269908169875,0.643104647472247
"India","BA.1.1 (BA.1.1)",-0.0698931999623117,-0.00137362637362637,0.0128205128205128,0.000457875457875458,0,27,0.340168025708305,0.0755928946018455,1.63128552506524,28,0,-5.48748420072656,0.037037037037037,1,0.297668038408779,0,0.12741567111348,14,1,-0.928571428571429,0.0714285714285714,0.151623664984039,1,0.158410570131791,0,0,1.570796326795,0.352766841475279
"India","BA.1.1.7 (BA.1.1.7)",-0.0087319784337857,-0.00656959150266277,0.0927152317880795,0.0322904649231083,4,0,-0.645600769433748,-0.428254059456558,1.66189143784997,1,0.113646365135686,-0.628677706907112,0.962962962962963,4,0.0246913580246914,7,0.11943205637377,2,0.333333333333333,-0.428571428571429,0.25,0.159800780793916,3,2.08940858991682,0,0,1.570796326795,0.942882463938088
"India","BA.1.18 (BA.1.18)",0.222012191391897,-0.00254636404057656,0.0747126436781609,0.0256355947218294,3,4,-0.1811675961947,-0.251187995047008,4.25885587423432,10,0.50340166463902,0.181268780703972,0.962962962962963,11,0.111111111111111,5,0.0299063216949891,2,0.111111111111111,0.553571428571429,-0.535714285714286,0.608110734143006,3,1.76553115381737,0,0,0.196349540849375,0.853704458846008
"India","BA.2 (BA.2)",-0.115518060081633,-0.00281954887218045,0.0833333333333333,0.00391604010025063,1,26,0.27036068069782,0.015339613089238,1.6035113575607,6,0.0031419001874333,-0.154755947894857,0.111111111111111,2,0.24371284865112,6,0.158049239153241,14,1,-0.678571428571429,0.107142857142857,0.0914002606933826,2,0.419555892320233,0,0,1.76714586764437,1.2069667182033
"India","BA.2.10 (BA.2.10)",0.368667204343922,-0.00310321117517914,0.242375601926164,0.0294027412728232,5,13,-0.0891846475781974,-0.29843367780264,3.57275096323492,9,0.431071102348777,0.136008550635787,0.703703703703704,4,0.111111111111111,0,0.329447372569161,4,0.714285714285714,0.928571428571429,-0.178571428571429,0.588678853947339,2,1.67178981476448,0,0,0.39269908169875,0.543855965131625
"India","BA.2.38 (BA.2.38)",-0.170635427691893,0.00167456746478119,0.075,0.0126169278970046,2,16,-0.245642966558388,-0.425665265706516,1.5752031603475,1,0.149568616270982,0.0664866091032623,0.703703703703704,3,0.0256058527663466,8,0.0662983259577682,2,1,-0.357142857142857,0.142857142857143,0.0964166379644678,3,1.78068002576673,0,0,1.570796326795,1.17884427481762
"India","BA.2.38.1 (BA.2.38.1)",0.328702516450105,-0.00123152709359606,0.0349462365591398,0.0122437512720836,4,8,-0.802108533944109,-0.962299788449935,2.51042396520094,4,0.512339186423179,0.204507861518968,0.851851851851852,7,0.166666666666667,6,0.171723755559921,3,0.1,0.678571428571429,-0.5,0.419280535565691,4,2.00609967960293,0,0,0.7853981633975,0.906504880922608
"India","BA.2.38.2 (BA.2.38.2)",-0.1234924214028,-0.000665559952941475,0.0235294117647059,0.00360408198663514,2,20,-0.194458488366751,-0.377311361790397,1.70012064511591,2,0.128497146157998,-0.281333358354106,0.407407407407407,3,0.0788954635108481,5,0.0833648295577529,3,0.5,0.428571428571429,0.107142857142857,0.14966338151316,3,1.11999941004878,0,0,1.37444678594563,1.22260788646616
"India","BA.2.38.4 (BA.2.38.4)",0.380935549981122,-0.000465562484128552,0.023598820058997,0.00682775168322074,3,11,-0.656381530107227,-0.829728457588977,1.85037623737585,1,0.295894796414053,-0.111838710881608,0.703703703703704,7,0.166666666666667,5,0.216503843693536,2,0.1,0.464285714285714,-0.428571428571429,0.373646037727652,2,1.8420456170878,0,0,0.981747704246875,0.858599910923369
"India","BA.2.74 (BA.2.74)",0.409529794714613,0.00106143856143856,0.159509202453988,0.0487780371822868,2,6,-0.598271093644323,-0.743623098180619,6.27013181908945,18,0.57487189929962,0.0584098642640467,0.740740740740741,9,0.111111111111111,4,0.198786288743152,6,0.111111111111111,0.714285714285714,-0.392857142857143,0.845409444727322,3,1.82582252155558,0,0,0.196349540849375,0.525299205439336
"India","BA.2.75 (BA.2.75)",-0.0837237628677655,-0.00892857142857143,0.0833333333333333,0.00297619047619048,0,27,0.340168025708305,0.0755928946018454,1.63128552506524,28,0,-5.48748420072656,0.037037037037037,1,0.297668038408779,0,0.12741567111348,14,1,-0.928571428571429,0.0714285714285714,0.151623664984039,1,0.158410570131791,0,0,1.570796326795,0.352766841475279
"India","BA.2.76 (BA.2.76)",-0.0837237628677655,-0.00892857142857143,0.0833333333333333,0.00297619047619048,0,27,0.340168025708305,0.0755928946018454,1.63128552506524,28,0,-5.48748420072656,0.037037037037037,1,0.297668038408779,0,0.12741567111348,14,1,-0.928571428571429,0.0714285714285714,0.151623664984039,1,0.158410570131791,0,0,1.570796326795,0.352766841475279
"India","BA.5.2 (BA.5.2)",-0.0756061154102969,-0.00297619047619048,0.0277777777777778,0.000992063492063492,0,27,0.340168025708305,0.0755928946018454,1.63128552506524,28,0,-5.48748420072656,0.037037037037037,1,0.297668038408779,0,0.12741567111348,14,1,-0.928571428571429,0.0714285714285714,0.151623664984039,1,0.158410570131791,0,0,1.570796326795,0.352766841475279
"India","BF (BA.5.2.1)",0.100856817710391,-0.00232919254658385,0.0240963855421687,0.00341898339012221,2,22,-0.139868685340522,-0.306824994391157,1.63885865338143,6,0.139188465077329,-1.95111510786322,0.333333333333333,3,0.104536489151874,7,0.101755061996892,6,0.5,0.285714285714286,-0.0357142857142857,0.112815481259476,2,0.958168475963955,0,0,1.570796326795,1.04844201398235
"India","BF.3",0.258308185104957,-0.00247252747252747,0.036144578313253,0.00763740182914721,1,18,-0.334717210832212,-0.48508237184699,1.82120259165474,5,0.388922880958596,1.40590350929254,0.518518518518518,5,0.0740740740740741,5,0.0935433155534582,4,0.111111111111111,0.607142857142857,-0.178571428571429,0.277887428305713,6,1.43537221712824,0,0,0.981747704246875,1.06684780483545
"India","BJ (BA.2.10.1)",-0.00239363579276559,0.00787663550640327,0.0615916955017301,0.0266074603560467,4,0,-0.20126007347843,-0.404015491155622,1.90022831295909,3,0.27318218942719,-0.231351095940131,1,5,0.00591715976331361,5,0.159438046205361,1,0.5,-0.535714285714286,0.178571428571429,0.128310590887709,4,2.15946923582613,0,0,0.981747704246875,1.23384400289848
"India","BL (BA.2.75.1)",0.178918195218197,-0.00148808722420714,0.0426136363636364,0.0115326827112803,3,3,-0.651726376861913,-0.651726376861913,3.36030334169255,10,0.372502672432455,-0.166503735214034,0.888888888888889,5,0.111111111111111,5,0.10835251877402,2,0.125,0.875,-0.285714285714286,0.558032403270695,3,1.99351456576623,0,0,0.39269908169875,0.660388244096132
"India","BL.1",0.115139145456904,-0.000938792919989257,0.0887573964497041,0.0254158809851162,3,1,-0.332142547273748,-0.909097714526028,4.3727298539629,1,0.477817343639093,0.346260744457736,1,4,0.166666666666667,4,0.127669375946918,3,0.1,0.857142857142857,-0.5,0.590700824089954,4,2.07682347608013,0,0,0.39269908169875,0.656350464173446
"India","BM (BA.2.75.3)",0.0594803347304669,-0.00143728258294566,0.054140127388535,0.025735723490343,3,0,-0.965801077612517,-0.802805834395063,5.23227868142288,2,0.365020016987157,-0.187071727461565,1,6,0.166666666666667,7,0.104330394902901,1,0.0909090909090909,0.571428571428571,-0.535714285714286,0.621913913783863,3,1.97669876299873,0,0,0.196349540849375,0.761352145651856
"India","BM.1",-0.0756061154102969,-0.00297619047619048,0.0277777777777778,0.000992063492063492,0,27,0.340168025708305,0.0755928946018454,1.63128552506524,28,0,-5.48748420072656,0.037037037037037,1,0.297668038408779,0,0.12741567111348,14,1,-0.928571428571429,0.0714285714285714,0.151623664984039,1,0.158410570131791,0,0,1.570796326795,0.352766841475279
"India","BM.1.1.3",0.129609385644465,-0.00230973890241434,0.12,0.0399920837303567,3,4,-0.826191691677952,-0.412979020734576,1.85368246201472,1,0.438463959482712,0.0489112098329468,0.925925925925926,4,0.0740740740740741,3,0.0814605833366241,2,0.142857142857143,0.571428571428571,-0.464285714285714,0.505631020691757,3,2.1375259168333,0,0,0.196349540849375,0.93445304250013
"India","BN (BA.2.75.5)",-0.0719559023077694,-0.00181598062953995,0.0169491525423729,0.000605326876513317,0,27,0.340168025708304,0.0755928946018454,1.63128552506524,28,0,-5.48748420072654,0.037037037037037,1,0.297668038408779,0,0.12741567111348,14,1,-0.928571428571429,0.0714285714285714,0.151623664984038,1,0.158410570131791,0,0,1.570796326795,0.352766841475279
"India","BQ.1",-0.142436393971603,-0.00257464096749811,0.0238095238095238,0.00278548553924494,1,23,-0.0619112288374557,-0.244106043633853,1.66463725212464,2,0.173302096899422,1.60220841088991,0.259259259259259,2,0.167652859960552,4,0.0843459103473829,1,0.5,-0.357142857142857,0.142857142857143,0.195199450522888,2,0.832639858482534,0,0,1.37444678594563,1.00328593496983
"India","CA (BA.2.75.2)",-0.0756061154102969,-0.00297619047619048,0.0277777777777778,0.000992063492063492,0,27,0.340168025708305,0.0755928946018454,1.63128552506524,28,0,-5.48748420072656,0.037037037037037,1,0.297668038408779,0,0.12741567111348,14,1,-0.928571428571429,0.0714285714285714,0.151623664984039,1,0.158410570131791,0,0,1.570796326795,0.352766841475279
"India","FU (XBB.1.16.1)",0.0662274357258848,-0.00923645320197044,0.25,0.0155788177339901,1,25,0.181017917152848,-0.0591561820760942,1.58645207451137,1,0.164626657624138,-0.16831031810793,0.185185185185185,2,0.197073616826703,0,0.13410214010165,3,1,0.785714285714286,0,0.185014479802135,2,0.603797414115175,0,0,1.76714586764437,1.13739799292581
"India","FU1 (XBB.1.16.11)",0.182034445771497,-0.000826628233991748,0.0759493670886076,0.0185397023146098,4,4,-0.591518816775646,-0.386281530873817,2.17142911894249,4,0.354186340988971,-0.463422214090184,0.962962962962963,6,0.0555555555555556,6,0.097158685837506,2,0.25,0.571428571428571,-0.571428571428571,0.275902505761725,3,2.0962030369603,0,0,0.589048622548125,1.11001679813217
"India","GJ.1.1",0.186118912705373,0.00203030366028932,0.0869565217391304,0.0277774417287821,5,2,-0.801478078151806,-0.618859603805252,1.92014604415951,2,0.448366314828894,-0.0709040795519081,0.962962962962963,4,0.166666666666667,5,0.144738247851326,1,0.0909090909090909,0.714285714285714,-0.607142857142857,0.416177424805336,3,1.97347185431817,0,0,0.7853981633975,0.945214539427889
"India","GY (XBB.1.16.2)",-0.0858494702999081,-0.0119047619047619,0.111111111111111,0.00396825396825397,0,27,0.340168025708305,0.0755928946018454,1.63128552506524,28,0,-5.48748420072656,0.037037037037037,1,0.297668038408779,0,0.12741567111348,14,1,-0.928571428571429,0.0714285714285714,0.151623664984039,1,0.158410570131791,0,0,1.570796326795,0.352766841475279
"India","GZ (XBB.2.3.4)",0.264398532473683,-0.00420918367346939,0.0490196078431373,0.0158541065679552,2,7,-0.751910137003727,-0.92018008509123,1.79929325132255,2,0.203016114792968,-0.0961294709519657,0.851851851851852,5,0.0177514792899408,8,0.123759198946084,2,0.5,-0.392857142857143,-0.357142857142857,0.104526765295231,5,2.0542170065194,0,0,1.37444678594563,1.06443104150431
"India","HH (XBB.2.3.2)",0.0156287123873393,-0.00369458128078818,0.333333333333333,0.0211720032840723,2,24,0.1784674832194,-0.0661158018002674,1.63328592021872,2,0.0150931356499024,-0.114533377084774,0.222222222222222,3,0.167652859960552,0,0.15704920098739,12,0.5,0.142857142857143,-0.0357142857142857,0.0922020517081015,2,0.754462702325955,0,0,1.570796326795,1.22386944601147
"India","Q (B.1.1.7)",-0.0750146889980849,-0.00274725274725275,0.0256410256410256,0.000915750915750916,0,27,0.340168025708305,0.0755928946018455,1.63128552506524,28,0,-5.48748420072656,0.037037037037037,1,0.297668038408779,0,0.12741567111348,14,1,-0.928571428571429,0.0714285714285714,0.151623664984039,1,0.158410570131791,0,0,1.570796326795,0.352766841475279
"India","XBB",0.179435482326131,-0.00131331563813316,0.144230769230769,0.0452129446854408,2,2,-0.722460618811741,-0.553247402966876,4.60925385330411,1,0.495303505526309,0.210079289730883,0.925925925925926,7,0.166666666666667,6,0.0482581047660219,3,0.1,0.785714285714286,-0.464285714285714,0.5740074394265,3,1.92279076928903,0,0,0.196349540849375,0.715991140207936
"India","XBB.1",0.0998825075398505,0.00375167778155981,0.221238938053097,0.0636072170078171,3,1,-0.796493373397154,-1.00888637194803,1.986454284207,1,0.343086491217983,0.63489195491539,0.925925925925926,7,0.166666666666667,4,0.0546170509001962,3,0.1,0.785714285714286,-0.5,0.522044383135619,3,2.0122309760785,0,0,0.39269908169875,0.816957893534098
"India","XBB.1.16",-0.135932907636433,-0.0132389162561576,0.206896551724138,0.0173097974822113,1,24,0.071311705784148,-0.146954081960046,1.6518590869594,5,0.0205980635564427,-3.08093988433927,0.185185185185185,3,0.104536489151874,6,0.134502286393706,7,0.5,-0.464285714285714,0.107142857142857,0.0911161612322756,2,0.754462702325955,0,0,1.570796326795,0.839578286806235
"India","XBB.1.5",-0.00305929710348408,-0.00595238095238095,0.142857142857143,0.0106575963718821,1,25,0.108277961168421,-0.104894274881908,1.58039122245695,3,0.00983931869343383,-0.168808670589117,0.185185185185185,2,0.197073616826703,8,0.192118556201516,3,1,0.142857142857143,0,0.0519519591580938,2,0.603797414115175,0,0,1.570796326795,1.2316111965586
"India","XBB.2",0.269736352267831,-0.00019232416840993,0.151785714285714,0.0384632268536449,4,6,-0.530278714215174,-0.703115142193808,2.85720545762226,3,0.289951275222822,1.11290660163896,0.925925925925926,6,0.0740740740740741,6,0.0641201313767423,2,0.111111111111111,0.714285714285714,-0.392857142857143,0.536968660160199,4,2.0836179231236,0,0,0.39269908169875,0.859969499727701
"India","XBB.2.3",0.235910235101132,-0.0133928571428571,0.2,0.0304494156760937,2,18,-0.178199901466461,-0.348735658670712,1.73981615186108,1,0.0858694511881023,-0.194254470423325,0.555555555555556,3,0.0277777777777778,0,0.149528442707745,4,0.25,0.785714285714286,-0.25,0.295699741907326,4,1.48263596790857,0,0,0.981747704246875,0.9248431264725
"Italy","AY (B.1.617.2)",-0.0858494702999081,-0.0119047619047619,0.111111111111111,0.00396825396825397,0,27,0.340168025708305,0.0755928946018454,1.63128552506524,28,0,-5.48748420072656,0.037037037037037,1,0.297668038408779,0,0.12741567111348,14,1,-0.928571428571429,0.0714285714285714,0.151623664984039,1,0.158410570131791,0,0,1.570796326795,0.352766841475279
"Italy","AY.122",-0.0549447793020272,-0.0156947544642857,0.146484375,0.00534080282055483,1,26,0.336409565948392,0.0716873958744105,1.63075162663708,20,0,-5.4966383776348,0.111111111111111,1,0.24371284865112,0,0.119681028938551,14,1,-0.928571428571429,0.0357142857142858,0.149625259195091,2,0.419555892320233,0,0,1.570796326795,0.353923046913237
"Italy","AY.125",0.0473407195856907,0.0027141894133516,0.106267029972752,0.0432129089087171,3,0,-0.312102427002173,-0.131143680599028,2.17967935031392,2,0.439395280134716,0.534139179632711,0.962962962962963,7,0.0462962962962963,0,0.0303608350948022,1,0.25,0.25,-0.642857142857143,0.377089051306601,5,2.05488015708729,0,0,0.589048622548125,1.0190575930587
"Italy","AY.4",-0.104740125734504,-0.00232919254658385,0.029126213592233,0.00181661942953627,1,26,0.162480606184713,-0.0534152199149195,1.60446320914553,7,0.0031419001874333,-1.23974788604687,0.111111111111111,2,0.24371284865112,7,0.141682556083567,14,1,-0.642857142857143,0.107142857142857,0.0732082930575027,2,0.419555892320233,0,0,1.570796326795,1.04017398512934
"Italy","AY.42",-0.0780820321220912,-0.00416088765603329,0.0388349514563107,0.0013869625520111,0,27,0.340168025708304,0.0755928946018454,1.63128552506524,28,0,-5.48748420072654,0.037037037037037,1,0.297668038408779,0,0.12741567111348,14,1,-0.928571428571429,0.0714285714285714,0.151623664984038,1,0.158410570131791,0,0,1.570796326795,0.352766841475279
"Italy","AY.43",-0.0636229527049758,-0.00232919254658385,0.0679611650485437,0.00469167721964261,1,25,0.138750446647827,-0.085291227337632,1.58187364661128,6,0.00983931869343383,-0.109057794026172,0.185185185185185,2,0.197073616826703,7,0.201494259393678,6,1,0.107142857142857,0.0714285714285714,0.0407457233571853,2,0.603797414115175,0,0,1.570796326795,1.24251546029386
"Italy","AY.46.6",0.0837999282622366,-0.00240421408175237,0.0385756676557863,0.0122336240689536,3,5,-0.43615894000028,-0.249978154914953,1.71494924948182,1,0.394936234408721,-1.55361196967975,0.888888888888889,4,0.0329218106995885,5,0.0490574561733624,2,0.333333333333333,0.464285714285714,-0.214285714285714,0.197094256755504,3,2.17205434966283,0,0,0.981747704246875,1.11187240179194
"Italy","AY.61",0.391216180220386,-0.000195042060597037,0.158878504672897,0.0556857606155444,3,6,-0.826688289698284,-0.991700722271478,6.01094031731341,14,0.683928093857125,0.0559999067696719,0.851851851851852,13,0.0740740740740741,0,0.259102075451722,10,0.111111111111111,0.428571428571429,-0.571428571428571,0.753770128344736,4,1.65604823557983,0,0,0.196349540849375,0.640535231234568
"Italy","AY.7.2",0.0251975047106303,0.00187098258070611,0.114754098360656,0.042095024052652,4,0,-0.868304148037967,-0.2466754723265,1.61376380430837,1,0.194040679169417,1.80985718782248,1,3,0.00228623685413809,4,0.122585790411644,3,1,0.821428571428571,-0.178571428571429,0.19402046294446,3,2.17205434966283,0,0,1.570796326795,1.03088663828712
"Italy","AY.9.2",-0.0722251285531904,-0.00188337053571429,0.017578125,0.000627790178571429,0,27,0.340168025708304,0.0755928946018454,1.63128552506524,28,0,-5.48748420072654,0.037037037037037,1,0.297668038408779,0,0.12741567111348,14,1,-0.928571428571429,0.0714285714285714,0.151623664984038,1,0.158410570131791,0,0,1.570796326795,0.352766841475279
"Italy","AY.98.1",-0.0773466955777894,-0.00376674107142857,0.03515625,0.00125558035714286,0,27,0.340168025708304,0.0755928946018454,1.63128552506524,28,0,-5.48748420072654,0.037037037037037,1,0.297668038408779,0,0.12741567111348,14,1,-0.928571428571429,0.0714285714285714,0.151623664984038,1,0.158410570131791,0,0,1.570796326795,0.352766841475279
"Italy","B.1",0.00245019936314576,-0.00396825396825397,0.0625,0.00924893435977532,2,21,-0.171667747863177,-0.350551860589345,1.62979185746414,2,0.0844563677044739,-0.157403122516286,0.407407407407407,3,0.0973936899862826,2,0.0639411024658337,3,1,0.214285714285714,0,0.0462295469252696,3,1.09805609105594,0,0,1.76714586764437,1.17002775901368
"Italy","B.1.1.372",-0.00692022322701164,-0.0046583850931677,0.0555555555555556,0.00436748679923604,1,25,0.087449159439627,-0.11701235045586,1.58917177749138,1,0.00641769637461904,-1.21393356842248,0.185185185185185,2,0.197073616826703,0,0.102615419214503,1,1,0,0.0714285714285714,0.142159689499816,2,0.603797414115175,0,0,1.96349540849375,0.98983341243561
"Italy","B.1.1.61",-0.315402516919537,-0.000834116541353386,0.0526315789473684,0.0098780959752322,1,21,-0.252893601014968,-0.39710127287256,1.69171739967433,1,0.193605179410812,0.431032696979817,0.407407407407407,3,0.0833333333333333,6,0.0791121151848739,3,0.1,-0.5,0.285714285714286,0.273131013940827,3,1.09805609105594,0,0,1.570796326795,0.929702388446181
"Italy","B.1.258.14",0.116687155293064,-0.0357142857142857,0.333333333333333,0.0320566519154937,2,21,0.0176114297289126,-0.212300139996836,1.62410138089878,3,0.0325504372988757,-3.72384150195683,0.407407407407407,3,0.101508916323731,7,0.0511326205754779,4,1,0.535714285714286,-0.0714285714285714,0.104005188620604,2,1.05673321118294,0,0,1.570796326795,0.787093037305881
"Italy","BA.1 (BA.1)",-0.0870342583547328,-0.0139751552795031,0.130434782608696,0.0046583850931677,0,27,0.340168025708305,0.0755928946018455,1.63128552506524,28,0,-5.48748420072657,0.037037037037037,1,0.297668038408779,0,0.12741567111348,14,1,-0.928571428571429,0.0714285714285714,0.151623664984039,1,0.158410570131791,0,0,1.570796326795,0.352766841475279
"Italy","BA.1.1 (BA.1.1)",-0.0789165468603741,-0.0046583850931677,0.0434782608695652,0.0015527950310559,0,27,0.340168025708304,0.0755928946018454,1.63128552506524,28,0,-5.48748420072655,0.037037037037037,1,0.297668038408779,0,0.12741567111348,14,1,-0.928571428571429,0.0714285714285714,0.151623664984038,1,0.158410570131791,0,0,1.570796326795,0.352766841475279
"Italy","BA.1.15 (BA.1.15)",0.139035709588628,0.000442582679887792,0.116483516483516,0.0390256198697339,4,1,-0.140075328905784,0.0598536905401514,1.93080277476377,4,0.449447950536945,0.0150497443997534,0.962962962962963,7,0.0625,6,0.137413962857521,3,0.166666666666667,0.607142857142857,-0.642857142857143,0.398471699360679,4,1.86035095438511,0,0,0.7853981633975,0.963959290717618
"Italy","BA.1.17 (BA.1.17)",0.0851214746312886,0.00382346854180176,0.125,0.0539516163788929,3,0,-0.492704931842827,0.913979466120214,5.39820175587533,3,0.424279262931638,-0.152385512052285,0.925925925925926,10,0.166666666666667,7,0.174910548923406,1,0.0833333333333333,0.607142857142857,-0.678571428571429,0.560493658599107,3,1.98605696815486,0,0,0.196349540849375,0.760677617988358
"Italy","BA.1.21 (BA.1.21)",-0.0710163911551397,-0.00159914712153518,0.0149253731343284,0.000533049040511727,0,27,0.340168025708304,0.0755928946018454,1.63128552506524,28,0,-5.48748420072654,0.037037037037037,1,0.297668038408779,0,0.12741567111348,14,1,-0.928571428571429,0.0714285714285714,0.151623664984038,1,0.158410570131791,0,0,1.570796326795,0.352766841475279
"Italy","BA.1.21.1 (BA.1.21.1)",-0.0840382390827262,-0.00931677018633541,0.0869565217391304,0.0031055900621118,0,27,0.340168025708304,0.0755928946018454,1.63128552506524,28,0,-5.48748420072655,0.037037037037037,1,0.297668038408779,0,0.12741567111348,14,1,-0.928571428571429,0.0714285714285714,0.151623664984038,1,0.158410570131791,0,0,1.570796326795,0.352766841475279
"Italy","BA.2 (BA.2)",-0.084366696687971,-0.00974025974025975,0.0909090909090909,0.00324675324675325,0,27,0.340168025708304,0.0755928946018454,1.63128552506524,28,0,-5.48748420072654,0.037037037037037,1,0.297668038408779,0,0.12741567111348,14,1,-0.928571428571429,0.0714285714285714,0.151623664984038,1,0.158410570131791,0,0,1.570796326795,0.352766841475279
"Italy","BA.2.3.15 (BA.2.3.15)",-0.00234679914592788,0.000938504657163172,0.08,0.0156797370327946,3,7,-0.39910733248395,-0.606982852585563,1.97100803444096,3,0.205802386683631,1.49152529769781,0.925925925925926,4,0.0246913580246914,4,0.156458272108559,1,0.333333333333333,0.535714285714286,-0.214285714285714,0.19764191300736,4,2.04742255947593,0,0,0.981747704246875,1.2359287785949
"Italy","BA.2.52 (BA.2.52)",0.152864481414058,0.000885542247787146,0.0394088669950739,0.0109957050942547,2,9,-0.655662322866909,-0.838791836836976,1.6598925819154,1,0.32127130071667,0.756993367904023,0.925925925925926,4,0.0123456790123457,6,0.146542616751935,3,0.333333333333333,0.5,-0.214285714285714,0.184937767308301,4,2.17205434966283,0,0,1.37444678594563,1.13222196559981
"Italy","BA.2.9 (BA.2.9)",-0.0850709517112333,-0.0107142857142857,0.1,0.00357142857142857,0,27,0.340168025708304,0.0755928946018454,1.63128552506524,28,0,-5.48748420072656,0.037037037037037,1,0.297668038408779,0,0.12741567111348,14,1,-0.928571428571429,0.0714285714285714,0.151623664984039,1,0.158410570131791,0,0,1.570796326795,0.352766841475279
"Italy","BA.4 (BA.4)",-0.148181556444803,-0.0109243697478992,0.235294117647059,0.015546218487395,1,26,0.139364164326199,-0.0660146041545151,1.60908349200741,4,0.0031419001874333,-2.56680489536795,0.111111111111111,2,0.24371284865112,4,0.20020322931583,14,1,-0.75,0.107142857142857,0.159215615074719,2,0.419555892320233,0,0,1.37444678594563,0.867304917936788
"Italy","BA.4.1 (BA.4.1)",0.0996996295683488,-0.00118567315824229,0.0289855072463768,0.00327415716205318,2,20,-0.053657900029642,-0.26069661065936,1.91876863116323,2,0.0181138532675829,0.82749387092393,0.481481481481481,2,0.140039447731755,3,0.199222245868737,2,0.5,0.964285714285714,-0.0714285714285714,0.304467412934452,2,1.13109922728765,0,0,1.17809724509625,0.931332766525411
"Italy","BA.5 (BA.5)",-0.28867154912457,-0.0136363636363636,0.1,0.0136363636363636,2,24,-0.106763368654907,-0.253563000555404,2.29672439903054,2,0.0282161668816019,-0.937348573084967,0.185185185185185,3,0.173333333333333,2,0.16735440980387,1,0.2,-0.785714285714286,0.178571428571429,0.48373895861567,2,0.674521210592376,0,0,0.39269908169875,0.632914271393873
"Italy","BA.5.1 (BA.5.1)",-0.416160714266399,0.000840336134453787,0.2,0.0244106733602532,1,22,-0.0844142619235447,-0.275800599175912,3.80086213018007,22,0.462517107213514,-1.72209482958288,0.222222222222222,6,0.145833333333333,0,0.128126334753893,14,0.166666666666667,-0.714285714285714,0.25,0.60084307713946,2,0.629830912139056,0,0,0.39269908169875,0.836864126327237
"Italy","BA.5.2 (BA.5.2)",-0.427542335801063,-0.0284568372803667,0.235294117647059,0.0303885190439812,1,22,-0.106862447277071,-0.290152372757871,4.27039492977268,1,0.482642035819843,-0.438012608473583,0.222222222222222,6,0.145833333333333,4,0.132787757359251,3,0.166666666666667,-0.785714285714286,0.25,0.660146635395826,3,0.629830912139056,0,0,0.39269908169875,0.428845126911587
"Italy","BC (BA.1.1.1)",0.0857911846326151,-0.00156958930795649,0.100740740740741,0.0289282777723555,2,1,-0.7292981574257,-0.534460873985777,1.54590270694405,1,0.369844709167907,0.640032828275602,0.888888888888889,3,0.00685871056241427,4,0.0696312206482458,5,1,0.285714285714286,-0.357142857142857,0.148426491560551,3,2.1375259168333,0,0,2.15984494934313,1.14258049862846
"Italy","BC1 (BA.1.1.11)",-0.0737949396089942,-0.00232919254658385,0.0217391304347826,0.00077639751552795,0,27,0.340168025708304,0.0755928946018454,1.63128552506524,28,0,-5.48748420072655,0.037037037037037,1,0.297668038408779,0,0.12741567111348,14,1,-0.928571428571429,0.0714285714285714,0.151623664984038,1,0.158410570131791,0,0,1.570796326795,0.352766841475279
"Italy","BD (BA.1.17.2)",-0.135713445264653,0.00210736468500444,0.130434782608696,0.00550872522922212,1,26,0.3026894392855,0.0406952435545766,1.60503828237703,3,0.00153887205766124,-0.0324095577985051,0.111111111111111,2,0.24371284865112,3,0.160739684290287,14,1,-0.785714285714286,0.107142857142857,0.141003537045394,2,0.419555892320233,0,0,1.570796326795,1.23669750164497
"Italy","BE.1",-0.144935695508027,-0.00714285714285715,0.1,0.00714285714285714,1,26,0.108940955880384,-0.0817057169102883,1.60710259475882,3,0.0031419001874333,-2.05311801466878,0.111111111111111,2,0.24371284865112,3,0.212360999473274,14,1,-0.785714285714286,0.107142857142857,0.196981597481956,2,0.419555892320233,0,0,1.570796326795,0.933974138992988
"Italy","BE.1.1",0.328553901169545,-0.00186576722739305,0.087719298245614,0.0215510422137317,3,8,-0.585868981950484,-0.786947172655344,2.9167152700884,2,0.452346369455267,0.184792732671494,0.851851851851852,9,0.111111111111111,4,0.0583516384735872,1,0.111111111111111,0.607142857142857,-0.392857142857143,0.55534807066083,4,1.871446533692,0,0,0.196349540849375,0.858765764498243
"Italy","BE.1.1.1",0.0156577390903031,-0.00148809523809524,0.0186915887850467,0.00189976177069953,1,24,-0.0058945023653813,-0.185906269888298,1.59367106100482,6,0.0150931356499027,0.456929941436518,0.222222222222222,2,0.181069958847737,6,0.169456975069595,8,1,0.5,0.0357142857142858,0.0826630488098723,2,0.683738905848754,0,0,1.570796326795,1.09398103098181
"Italy","BF (BA.5.2.1)",-0.235691201771979,-0.0373376623376623,0.272727272727273,0.0204545454545455,1,25,0.105549308474036,-0.105549308474036,2.10237565413331,2,0.00481466824484712,-2.73443617126744,0.148148148148148,2,0.167652859960552,0,0.0856960774729767,1,0.5,-0.892857142857143,0.142857142857143,0.343126217967556,2,0.57351607609728,0,0,0.981747704246875,0.507331179535573
"Italy","BF.7",-0.0458040094945013,0.000594877016624059,0.0327868852459016,0.00620504838426097,2,15,-0.320577184127565,-0.500164245399434,1.47115388121332,1,0.238527994219187,-0.0670645120133424,0.777777777777778,3,0.0242341106538637,4,0.0897003067428246,1,1,0.571428571428571,0.142857142857143,0.0490121436019208,2,1.82159183262477,0,0,1.96349540849375,1.21386130810062
"Italy","BG (BA.2.12.1)",0.206822742927998,-8.42954827590913e-05,0.0652173913043478,0.0201447963089897,2,5,-0.763610949480094,-0.946391926773953,3.61065092507178,1,0.452891320326823,-0.286736457829709,1,9,0.111111111111111,4,0.0688570657152982,3,0.125,0.714285714285714,-0.571428571428571,0.529211671141285,3,2.11814635595313,0,0,0.39269908169875,0.91327100386528
"Italy","BK (BA.5.1.10)",-0.262298588308384,0.00408708938120703,0.142857142857143,0.0140210629706428,1,24,0.0071853430972742,-0.186744844827094,2.46649984771225,4,0.119983083010195,1.16557501071665,0.185185185185185,4,0.145833333333333,4,0.139004942605891,2,0.166666666666667,-0.678571428571429,0.178571428571429,0.403396470370326,2,0.674521210592376,0,0,0.589048622548125,1.03792575759714
"Italy","BN.1",0.100584490716076,-0.00114497406793522,0.0204081632653061,0.00600757914472814,3,14,-0.568772164869844,-0.715082843544348,1.52013165506205,1,0.292622862603925,0.125073062573465,0.703703703703704,4,0.0233196159122085,4,0.122557539933834,3,1,0.142857142857143,-0.25,0.0805525450299757,2,1.9295852163325,0,0,1.96349540849375,1.18162249902048
"Italy","BQ.1",0.147086460974214,-0.00014823133491835,0.05,0.013156785345756,5,8,-0.61132645729441,-0.0492240805175523,1.6835660500823,3,0.181269676053836,0.815952781260956,0.851851851851852,7,0.00986193293885602,5,0.0373046660213678,1,0.5,0.214285714285714,-0.214285714285714,0.0802117490643152,3,2.11814635595313,0,0,1.37444678594563,1.27812769455875
"Italy","BQ.1.1",-0.150597228927792,-0.0029567382508559,0.0253623188405797,0.00222198207308467,1,24,0.0473553526206327,-0.143741270198755,1.58822859115595,1,0.112980411792325,-1.86611281682045,0.259259259259259,2,0.157750342935528,4,0.210966328940432,3,1,-0.857142857142857,0.107142857142857,0.293372804185338,2,0.749330948168636,0,0,2.15984494934313,0.574799446545768
"Italy","BQ.1.1.18",0.235513579762566,-0.00149032626543871,0.0416666666666667,0.00718050450860304,4,13,-0.325666974508313,-0.55078620757331,1.69705227269337,1,0.0995960646785246,-2.06863538846559,0.740740740740741,6,0.0133333333333333,5,0.137256136043036,4,0.2,0.5,-0.357142857142857,0.271019066658731,2,1.96983387262265,0,0,1.37444678594563,1.07331379565195
"Italy","BQ.1.1.47",-0.122492551452841,-0.00170502983802217,0.0147058823529412,0.000654609669954938,1,26,0.287566817208455,0.0284347785672539,1.62408159000035,1,0.163023629494366,-5.15572278546629,0.111111111111111,2,0.24371284865112,0,0.0769473903692166,14,1,-0.857142857142857,0.107142857142857,0.210198096974036,2,0.419555892320233,0,0,1.570796326795,0.439574311528733
"Italy","C (B.1.1.1)",0.0787510669682929,-0.00137527538487923,0.242424242424242,0.0297482205632189,2,13,-0.103923988917049,-0.332716454302735,1.90195828990045,2,0.0360473719784375,2.37941801500834,0.740740740740741,3,0.0335305719921105,3,0.109098319004899,2,0.5,0.75,0.142857142857143,0.245075814932529,5,2.06936587846876,0,0,1.37444678594563,1.20485821050197
"Italy","C.18",-0.0877064586863384,-0.0153061224489796,0.142857142857143,0.00510204081632653,0,27,0.340168025708304,0.0755928946018454,1.63128552506524,28,0,-5.48748420072655,0.037037037037037,1,0.297668038408779,0,0.12741567111348,14,1,-0.928571428571429,0.0714285714285714,0.151623664984038,1,0.158410570131791,0,0,1.570796326795,0.352766841475279
"Italy","C61 (B.1.1.161)",-0.274117535724426,-0.00387624807987712,0.133333333333333,0.0222694252432156,2,21,-0.200304539836824,-0.349739394847146,1.60656882586407,2,0.169693544877311,-1.31025470736908,0.407407407407407,3,0.0973936899862826,4,0.137969883150732,2,1,-0.25,0.214285714285714,0.0942320790231161,3,1.09805609105594,0,0,1.570796326795,1.16922194647097
"Italy","CH.1",-0.0536324848527343,-0.00192685321551301,0.0206185567010309,0.0041381324157878,1,18,-0.315354945448376,-0.471937246848992,1.47822900779905,1,0.219523427745172,-0.191966531054758,0.62962962962963,4,0.0420667581161408,6,0.132089004851507,3,1,-0.214285714285714,0.0714285714285714,0.0909135271710869,2,1.48901934193707,0,0,2.15984494934313,1.0925164594294
"Italy","EG.1",0.044136271839385,0.000265709469073277,0.214285714285714,0.0217743618553802,2,8,-0.00837217325184203,-0.267783219120202,1.57073398504429,1,0.0281282185739846,1.07484586441277,0.925925925925926,2,0.00685871056241426,3,0.184432768043987,1,1,0.142857142857143,0.0714285714285714,0.100695987093203,3,2.12750456110927,0,0,1.570796326795,1.26415057729794
"Italy","EG.5.1",-0.00815310647203144,-0.00669642857142857,0.25,0.0140625,1,24,0.224047536312831,-0.0320067909018331,1.58776396008062,1,0.00983931869343383,-0.0777217566291281,0.259259259259259,2,0.157750342935528,4,0.160413940937372,1,1,0.214285714285714,-0.0357142857142857,0.128695906723252,2,0.749330948168636,0,0,1.76714586764437,1.17790659862174
"Italy","EG.5.1.1",-0.0706927486216627,-0.00153061224489796,0.0142857142857143,0.000510204081632653,0,27,0.340168025708305,0.0755928946018455,1.63128552506524,28,0,-5.48748420072657,0.037037037037037,1,0.297668038408779,0,0.12741567111348,14,1,-0.928571428571429,0.0714285714285714,0.151623664984039,1,0.158410570131791,0,0,1.570796326795,0.352766841475279
"Italy","EG.5.1.3",0.111557331536209,-0.0178571428571429,0.166666666666667,0.0143621551184576,1,23,0.059155899230972,-0.1547574687918,1.69571752013174,7,0.00983931869343383,-2.03015916794606,0.259259259259259,2,0.108481262327416,7,0.0468243272544074,1,0.5,0,-0.0714285714285714,0.1992195639196,2,0.832639858482534,0,0,1.17809724509625,0.727357538623327
"Italy","FL (XBB.1.9.1)",0.221764901945454,-0.00315126050420168,0.0294117647058824,0.00476267001862248,2,20,-0.209997979119128,-0.37954047234476,1.70194589596729,2,0.0516572684450914,-1.03747134045351,0.444444444444444,3,0.0907297830374753,2,0.0637216558309585,1,0.5,0.571428571428571,-0.178571428571429,0.232983289449,3,1.16587549973812,0,0,1.76714586764437,0.868703289091644
"Italy","FL.1",-0.00518996299109625,-0.00227828233951215,0.0344827586206897,0.00758143486411422,2,16,-0.393185479367523,-0.557201912941471,1.68431163228982,3,0.129737282969522,0.737798793819514,0.592592592592593,4,0.0670611439842209,6,0.194651373107676,4,0.5,0.392857142857143,0.0357142857142858,0.0892414088777672,3,1.72420827394437,0,0,1.37444678594563,1.20439019024537
"Italy","HK.3",-0.0772037713858915,-0.00369458128078818,0.0344827586206897,0.00123152709359606,0,27,0.340168025708305,0.0755928946018455,1.63128552506524,28,0,-5.48748420072656,0.037037037037037,1,0.297668038408779,0,0.12741567111348,14,1,-0.928571428571429,0.0714285714285714,0.151623664984039,1,0.158410570131791,0,0,1.570796326795,0.352766841475279
"Italy","HV.1",0.0995986459654179,-0.00428571428571429,0.0666666666666667,0.0132331537935996,2,18,-0.315859715088839,-0.476198979692646,1.84184657527495,2,0.16952234282725,-1.2142080402003,0.518518518518518,3,0.029585798816568,2,0.109017229089768,1,0.5,0,0.0357142857142858,0.327795995622608,2,1.34270510165821,0,0,0.981747704246875,1.04610972226723
"Italy","JG.3",0.134767676608651,-0.0002996621989757,0.0645161290322581,0.0112393147199845,2,17,-0.263070075738362,-0.440318613768164,1.612180742277,1,0.305682796093313,0.0052379795683349,0.555555555555556,3,0.0521262002743484,4,0.137751585498214,3,1,0.214285714285714,-0.142857142857143,0.0848235734737179,2,1.58532443910263,0,0,1.37444678594563,1.22395319302314
"Italy","JN.1",-0.0689184471744226,-0.00120385232744783,0.0112359550561798,0.000401284109149278,0,27,0.340168025708304,0.0755928946018454,1.63128552506524,28,0,-5.48748420072654,0.037037037037037,1,0.297668038408779,0,0.12741567111348,14,1,-0.928571428571429,0.0714285714285714,0.151623664984038,1,0.158410570131791,0,0,1.570796326795,0.352766841475279
"Italy","P.1.1",0.0771268521208595,-0.00351648351648352,0.0909090909090909,0.0145950636205902,3,13,-0.252807207498772,-0.461581082623884,1.52805364404508,1,0.240841449846933,-0.732544150933064,0.666666666666667,4,0.0228623685413809,4,0.0992780840687529,3,1,0.714285714285714,-0.0357142857142857,0.163604903507677,2,1.91169518998214,0,0,1.96349540849375,1.13824827270979
"Italy","Q (B.1.1.7)",-0.142243624566866,-0.0075731420387704,0.105263157894737,0.0117571155026548,2,20,-0.0523836236871493,-0.276386992887948,1.55996347141525,2,0.0597820501668972,-3.4851985849478,0.518518518518518,3,0.0722450845907636,4,0.125157356919671,3,1,-0.285714285714286,0.178571428571429,0.0738015368279947,2,1.15819725468005,0,0,1.570796326795,0.871214620312461
"Italy","Q.2",-0.000413091704139641,-0.00129206091213405,0.0434782608695652,0.00845097543979084,2,18,-0.311661821854486,-0.476785155523941,1.96270077366146,3,0.211425268632462,-0.594842968301103,0.481481481481481,5,0.0493827160493827,4,0.0601695208544973,1,0.333333333333333,-0.357142857142857,0.0357142857142858,0.227914907029844,5,1.30194773684625,0,0,1.17809724509625,1.03586511870487
"Italy","QB.1.177.75 (B.1.177.75)",-0.132299346638237,-0.00430128948130976,0.333333333333333,0.0326234929708561,1,20,0.0100567726832885,-0.226070794745894,1.58176003510466,1,0.0765105303222416,-0.0313242716602847,0.444444444444444,4,0.0859625057155921,4,0.111611794565339,3,1,0.0714285714285714,0.0714285714285714,0.21349849218128,2,1.16587549973812,0,0,1.76714586764437,1.18505267797805
"Italy","XBB",-0.00829935070946466,-0.00197897340754484,0.0306748466257669,0.00481130472086601,2,19,-0.201617325574217,-0.378945843780202,1.53134427704979,1,0.210177450139938,-1.45999134287167,0.592592592592593,3,0.0640146319158665,6,0.0625697221861604,1,1,-0.428571428571429,0,0.0997402417151729,2,1.19829051868552,0,0,1.96349540849375,1.07588285784475
"Italy","XBB.1",0.170751156202871,-0.000652794710242849,0.0441176470588235,0.0100989200768185,3,12,-0.483483030275765,-0.671012052233235,1.81728000853682,3,0.168022234205972,-0.352458495039169,0.777777777777778,5,0.029585798816568,5,0.174134676797717,1,0.5,0.607142857142857,-0.285714285714286,0.162433492080139,3,2.13329522790249,0,0,1.17809724509625,1.17857269818635
"Italy","XBB.1.16",-0.0843969778080923,-0.00170068027210884,0.0158730158730159,0.0010189729900399,1,26,0.15087566418132,-0.0598168668597658,1.60993260008446,10,0.0031419001874333,-2.77123684041365,0.111111111111111,2,0.24371284865112,0,0.194660973713307,14,1,-0.535714285714286,0.107142857142857,0.096973610736941,2,0.419555892320233,0,0,1.76714586764437,0.840399880732823
"Italy","XBB.1.33",-0.0185279632899061,-0.00684808662919261,0.0952380952380952,0.0125793809515918,2,14,-0.143715726628434,-0.36768712417788,1.77007595012409,4,0.0462302753850488,-2.04091699421218,0.777777777777778,3,0.0138067061143984,6,0.10798468785352,1,0.5,-0.285714285714286,0,0.209153733513356,3,1.94473408828186,0,0,1.17809724509625,0.957278342729943
"Italy","XBB.1.5",-0.0694341350743106,-0.00129087779690189,0.0120481927710843,0.000430292598967298,0,27,0.340168025708305,0.0755928946018455,1.63128552506524,28,0,-5.48748420072656,0.037037037037037,1,0.297668038408779,0,0.12741567111348,14,1,-0.928571428571429,0.0714285714285714,0.151623664984039,1,0.158410570131791,0,0,1.570796326795,0.352766841475279
"Italy","XBF",0.0211084887536305,-0.000863678804855276,0.0196078431372549,0.00228537141918929,1,20,-0.0710809324759433,-0.285775809533154,1.53198348285715,1,0.156013285462703,-0.632241692538585,0.481481481481481,3,0.0722450845907636,5,0.0949632578033713,5,1,-0.142857142857143,0,0.0331191042761213,3,1.15819725468005,0,0,1.96349540849375,1.12447126042754
"Japan","AV (B.1.1.482)",-0.18123338115218,-0.00219398259022868,0.333333333333333,0.0250982961547638,2,14,0.130203535480738,-0.133311841271444,1.65314600302444,2,0.00641769637461904,-2.26480986576403,0.740740740740741,3,0.0236686390532544,6,0.225975950364378,2,0.5,0.428571428571429,0.357142857142857,0.0935747532430087,3,2.00609967960293,0,0,1.570796326795,1.27294785352881
"Japan","AY.29",0.167504239633,0.00122326642200249,0.181384248210024,0.0735672003104156,3,1,-0.970707054087826,-1.1295333746075,6.51267348037103,17,0.602441569511855,0.0956971757686522,0.851851851851852,7,0.166666666666667,3,0.236348554184926,1,0.1,0.75,-0.553571428571429,0.789303217933997,4,1.77024759702774,0,0,0.196349540849375,0.539147552528137
"Japan","AY.29.1",0.0299335197462338,0.00322711382686553,0.0613718411552347,0.0383889148286401,3,0,0.00343385823389497,0.193537341423755,2.74448121137265,4,0.401730233495052,0.0803842030115067,1,6,0.0185185185185185,7,0.168750245441128,3,0.25,0.571428571428571,-0.642857142857143,0.447815450206907,3,2.00609967960293,0,0,0.7853981633975,0.891883797579502
"Japan","AY.29.2",0.0737291356948598,0.00113242954481284,0.155555555555556,0.0236636645665382,3,1,-0.271384502009293,-0.531712569392463,1.83730000379518,2,0.0836941060288334,1.21519431013281,0.925925925925926,3,0.0277777777777778,4,0.0731049282203503,1,0.25,0.75,-0.285714285714286,0.288751084135269,4,2.11814635595313,0,0,1.17809724509625,0.976697419419011
"Japan","B.1",-0.236742922488268,-0.00627077560770974,0.333333333333333,0.110969862194325,3,2,-0.790777533444312,-0.960538157093565,6.79476065780335,18,0.711156228965741,-0.144635751217474,1,10,0.166666666666667,6,0.310205122257436,1,0.1,-0.678571428571429,0.571428571428571,0.793359001024403,4,1.77024759702774,0,0,0.196349540849375,0.392902717271261
"Japan","B.1.1.214",0.0103520619900153,-0.0178571428571429,0.2,0.0141156462585034,1,25,0.121803135112802,-0.0851917881424802,1.60318986621185,9,0.0031419001874333,-1.51310164906369,0.148148148148148,2,0.22450845907636,0,0.137792108394091,9,1,-0.321428571428571,0,0.138937356578404,2,0.522171840500247,0,0,1.570796326795,1.01059811762423
"Japan","B.1.1.48",0.0470501250833501,-0.00445534589824286,0.257575757575758,0.0991871987416723,3,0,-0.166149893268147,-0.375363006369509,2.87842339818879,4,0.415492447459961,1.44557424536027,0.925925925925926,9,0.0740740740740741,5,0.0382802971034231,3,0.125,0.464285714285714,-0.571428571428571,0.382853171412432,6,1.92535452740169,0,0,0.589048622548125,1.0182090411414
"Japan","B.6",-0.292000607949586,-0.0156307357972483,0.173913043478261,0.010015331808538,1,22,0.220294404286168,-0.0394141975732394,1.74234277306734,7,0,-2.64854727819238,0.333333333333333,3,0.12962962962963,4,0.124706348783087,5,0.25,-0.857142857142857,0.25,0.261781420730601,3,0.99013315068082,0,0,1.37444678594563,0.393314082937983
"Japan","BA.1 (BA.1)",0.113767078821466,-0.00178450933840046,0.13953488372093,0.0626015835322516,3,2,-0.20785606280102,-0.20785606280102,1.7203346867,4,0.310585463223425,0.630816686981998,1,5,0.0205761316872428,8,0.139454337137605,2,0.333333333333333,-0.285714285714286,-0.571428571428571,0.124855021391636,3,2.07425971796746,0,0,1.17809724509625,1.14978899875709
"Japan","BA.1.1 (BA.1.1)",0.243072655773307,-0.0280708874458874,0.333333333333333,0.091584273288572,7,4,-0.708341947989937,-0.10033291969422,1.79404983253291,2,0.320711286317209,-1.27760346635008,0.925925925925926,7,0.111111111111111,5,0.0383695129221801,4,0.142857142857143,0.678571428571429,-0.464285714285714,0.331068941630392,3,1.92279076928903,0,0,1.17809724509625,0.715699597115131
"Japan","BA.1.1.2 (BA.1.1.2)",-0.0689184471744226,-0.00120385232744783,0.0112359550561798,0.000401284109149278,0,27,0.340168025708304,0.0755928946018454,1.63128552506524,28,0,-5.48748420072654,0.037037037037037,1,0.297668038408779,0,0.12741567111348,14,1,-0.928571428571429,0.0714285714285714,0.151623664984038,1,0.158410570131791,0,0,1.570796326795,0.352766841475279
"Japan","BA.1.15 (BA.1.15)",0.203425883637354,0.0112796469939327,0.162162162162162,0.0585802015151568,2,3,-0.262950201900225,-0.0482779655729489,1.81724892595196,5,0.434497435262412,0.0114921172867059,1,4,0.0740740740740741,7,0.113581449533106,3,0.25,-0.321428571428571,-0.642857142857143,0.283918011187375,3,2.14008967494596,0,0,0.7853981633975,1.07215905748639
"Japan","BA.2 (BA.2)",0.202522579439255,-0.0010074026113742,0.0238095238095238,0.00634553756241218,4,4,-0.642769215347502,-0.8357784235796,1.66414920655535,2,0.195922037767381,-1.70268348719698,0.925925925925926,6,0.04,3,0.16228684696513,1,0.2,0.535714285714286,-0.428571428571429,0.243498982324522,3,2.09876679507296,0,0,1.76714586764437,1.04435932817511
"Japan","BA.2.10 (BA.2.10)",-0.0220069575593163,-0.0013907486730802,0.0255102040816327,0.00860682374990171,3,0,-0.00504453297555629,-0.586257778277592,1.52837616796811,1,0.324806540492059,-2.97133514563873,1,4,0.00365797896662094,6,0.148819669742827,1,1,-0.357142857142857,0.285714285714286,0.0776557233536272,3,2.15946923582613,0,0,1.76714586764437,1.01080266760033
"Japan","BA.2.24 (BA.2.24)",0.151488004986523,-0.000475848364390366,0.088538091969801,0.0327107422838558,4,2,-0.982385240783348,0.658241889144977,6.46879983850755,1,0.545717490928577,0.142963881369146,0.962962962962963,8,0.166666666666667,6,0.145038579794083,3,0.1,0.75,-0.571428571428571,0.685245564050519,3,1.65604823557983,0,0,0.196349540849375,0.633380360631361
"Japan","BA.2.29 (BA.2.29)",0.0595333643976862,0.000574092164886734,0.0465444287729196,0.0190012685508302,1,0,-0.253503393261353,0.295195335852295,1.81587029297903,1,0.353924568145542,1.07883030538197,0.962962962962963,5,0.111111111111111,4,0.111243822424747,2,0.125,0.714285714285714,-0.535714285714286,0.42719402767957,4,2.12750456110927,0,0,0.981747704246875,0.983315292938494
"Japan","BA.2.3 (BA.2.3)",0.0117886980719294,-0.000958032908776721,0.0184331797235023,0.00702405051307328,3,1,0.0806865096705797,-0.132259924144585,1.76024230867921,2,0.397952329426626,-0.740864793505324,0.962962962962963,4,0.0118343195266272,2,0.0240940181711541,4,0.5,-0.678571428571429,0.214285714285714,0.196891494020379,5,2.04742255947593,0,0,1.570796326795,0.816939322074444
"Japan","BA.2.3.1 (BA.2.3.1)",0.0774420434891415,0.000137023438773517,0.0895196506550218,0.0299182223857959,3,0,-0.861814817482952,-0.660341586709265,4.71682318482364,2,0.495486191626978,0.0335536337384152,1,4,0.0740740740740741,6,0.063114302880353,1,0.125,0.785714285714286,-0.571428571428571,0.688757243618244,3,1.92279076928903,0,0,0.39269908169875,0.656310918185137
"Japan","BA.2.3.13 (BA.2.3.13)",0.131882071127503,0.0027279063413399,0.0698924731182796,0.0249295487563819,2,1,-1.01062666800256,-0.813764877680114,4.64283216022065,4,0.475362796142482,0.314161734144042,0.925925925925926,7,0.166666666666667,4,0.0533397782027236,3,0.0833333333333333,0.714285714285714,-0.464285714285714,0.575846570760308,3,1.89338985268483,0,0,0.196349540849375,0.745787320419884
"Japan","BA.5 (BA.5)",0.215351534295081,-0.00205256058776263,0.0319634703196347,0.00674963308217065,4,7,-0.47799382522962,-0.692982728878466,1.98840395891161,2,0.231555019496599,-1.53149537382969,0.888888888888889,5,0.0740740740740741,5,0.013076978306959,1,0.142857142857143,0.535714285714286,-0.392857142857143,0.37763044945763,3,2.1081250002291,0,0,0.981747704246875,0.938816393082028
"Japan","BA.5.1 (BA.5.1)",0.179219297717027,-0.00228138834961925,0.0577617328519856,0.0156704023772876,4,3,-0.611283102882845,-0.789714241665973,6.07395501932778,3,0.546906183494637,0.193695642177082,0.925925925925926,6,0.111111111111111,3,0.197569049632355,1,0.111111111111111,0.785714285714286,-0.321428571428571,0.716219828165215,4,1.94473408828186,0,0,0.196349540849375,0.588214308731159
"Japan","BA.5.2 (BA.5.2)",-0.0724746234326554,-0.00194805194805195,0.0181818181818182,0.000649350649350649,0,27,0.340168025708305,0.0755928946018454,1.63128552506524,28,0,-5.48748420072656,0.037037037037037,1,0.297668038408779,0,0.12741567111348,14,1,-0.928571428571429,0.0714285714285714,0.151623664984039,1,0.158410570131791,0,0,1.570796326795,0.352766841475279
"Japan","BC.1",-0.0711649121852593,-0.00163161711385062,0.0152284263959391,0.000543872371283539,0,27,0.340168025708304,0.0755928946018454,1.63128552506524,28,0,-5.48748420072655,0.037037037037037,1,0.297668038408779,0,0.12741567111348,14,1,-0.928571428571429,0.0714285714285714,0.151623664984038,1,0.158410570131791,0,0,1.570796326795,0.352766841475279
"Japan","BE.1.1",0.0396999484201507,3.90440205457565e-05,0.0475260416666667,0.0195808152418323,3,0,-0.722888755388347,-0.927126206396555,2.05401130996501,2,0.217870359152618,0.331822863546474,0.962962962962963,3,0.111111111111111,6,0.0252161362538528,1,0.111111111111111,0.642857142857143,-0.607142857142857,0.390730681724117,4,2.05488015708729,0,0,0.7853981633975,0.92989365440677
"Japan","BF (BA.5.2.1)",0.112013454114096,-6.36277866402323e-05,0.136363636363636,0.0377276199166072,5,0,-0.626457662126118,-0.814761073807836,4.70856971054554,11,0.54749443592119,0.00672098418927669,0.851851851851852,9,0.111111111111111,5,0.259276977075543,2,0.111111111111111,0.892857142857143,-0.428571428571429,0.736039589525769,4,1.92535452740169,0,0,0.196349540849375,0.533389469350438
"Japan","BF.11",-0.0405155074674324,-0.000670912052998703,0.0268817204301075,0.00624804123835245,3,1,0.388102246937081,-0.186244040698898,1.62426830020978,4,0.0939527209742683,-0.657438502770958,0.888888888888889,3,0.0050297210791038,7,0.109878603747702,4,1,-0.642857142857143,0.0714285714285714,0.0708453273510438,5,2.15011103066999,0,0,1.570796326795,1.21449090237972
"Japan","BF.21",0.00751516545584815,0.00147402592228379,0.0356524749048114,0.0263604409601922,3,0,0.23908246603028,0.00693293399823891,2.04334593069535,2,0.193109358517413,1.41309044495084,1,8,0.04,2,0.104308693319438,1,0.2,-0.107142857142857,-0.678571428571429,0.36179205732314,3,2.11814635595313,0,0,0.7853981633975,0.923261347296973
"Japan","BF.5",-0.0705360931456279,-0.0014985014985015,0.013986013986014,0.0004995004995005,0,27,0.340168025708304,0.0755928946018454,1.63128552506524,28,0,-5.48748420072655,0.037037037037037,1,0.297668038408779,0,0.12741567111348,14,1,-0.928571428571429,0.0714285714285714,0.151623664984038,1,0.158410570131791,0,0,1.570796326795,0.352766841475279
"Japan","BF.7",0.0271914901446416,-0.000483904084799966,0.0245901639344262,0.00981511580968364,2,2,0.448546391922347,0.670925017454756,1.94882196670334,2,0.217052972839101,-0.220858778154492,1,12,0.0740740740740741,5,0.0972045598802068,1,0.142857142857143,0.428571428571429,-0.5,0.356987337628886,4,2.1375259168333,0,0,0.7853981633975,0.937449177041715
"Japan","BF.7.15",0.0351631486502881,-0.000651875364754082,0.0178571428571429,0.00822601263499698,3,0,-0.987139114225142,0.279088800039819,2.70198314054092,3,0.499954285176203,-0.588972865669323,1,9,0.111111111111111,3,0.168985584790777,2,0.142857142857143,0.607142857142857,-0.428571428571429,0.446398284292941,3,2.03483744563923,0,0,0.589048622548125,0.946147160240593
"Japan","BF.7.4.1",0.0519273720789655,0.00012242351092358,0.0186567164179104,0.00683343643286956,3,2,-0.264041578221909,-0.463251508555393,1.73487304524075,3,0.21601058565615,-0.234977965356173,0.888888888888889,5,0.0452674897119342,5,0.114258988664656,1,0.333333333333333,0.107142857142857,-0.285714285714286,0.0942440049787941,4,2.15011103066999,0,0,0.981747704246875,1.2338108152778
"Japan","BF2 (BA.5.2.12)",0.0294551283037362,0.00145536473335787,0.0402366863905325,0.0246507540067546,4,0,0.287729247891809,0.0694660490345087,2.70983244110282,6,0.39331625739775,-0.244246668211705,1,7,0.0625,7,0.107067255148931,2,0.166666666666667,0.535714285714286,-0.75,0.43929666566378,4,2.0962030369603,0,0,0.589048622548125,0.88763218637361
"Japan","BG (BA.2.12.1)",0.0780593835935506,-0.000826287644208465,0.065173116089613,0.0123380640842724,4,0,-0.350058387959398,-0.581555051882514,1.82135973950188,2,0.197737319152505,-1.20319575027741,0.962962962962963,4,0.04,6,0.123429406913934,1,0.2,0.5,-0.375,0.254003143183807,3,2.0962030369603,0,0,0.981747704246875,1.1127237968262
"Japan","BN.1.2",0.0188566707782661,0.00147705539759661,0.0282485875706215,0.0152083441146527,3,0,-0.616407218105925,-0.423368603198104,1.67693581031835,3,0.29362293501811,0.0926503329924482,0.962962962962963,4,0.00823045267489712,6,0.100823049879917,1,0.333333333333333,0.357142857142857,-0.464285714285714,0.130649664738571,4,2.15946923582613,0,0,1.570796326795,1.17274189829886
"Japan","BN.1.3",0.0276280146178293,-0.000673953875454964,0.0163934426229508,0.0071922081303595,2,0,-0.434375797828691,-0.657533835341218,1.87841591054365,3,0.463224960117917,1.13456056207338,1,4,0.04,0,0.0826291654907468,2,0.2,0.678571428571429,-0.5,0.247508050706335,5,2.17205434966283,0,0,0.981747704246875,1.09069469918733
"Japan","BQ.1",0.00885678445006618,-0.0014456568612955,0.0400516795865633,0.0102246191104813,3,3,-0.701017884410679,-0.475299062882286,1.58635566155581,1,0.407316734726323,-2.44840077189131,0.925925925925926,6,0.00914494741655235,6,0.142531165582084,3,1,0.678571428571429,-0.160714285714286,0.250017196058553,3,2.10878815079699,0,0,1.76714586764437,1.04689295553085
"Japan","BQ.1.1",0.146655137586697,-0.00136173866136457,0.0198019801980198,0.00779650315518855,3,3,-0.591252693571027,-0.438650409831941,4.41733412313831,9,0.571594031438287,0.0541003390752879,0.962962962962963,8,0.111111111111111,7,0.129046820129436,6,0.142857142857143,0.785714285714286,-0.428571428571429,0.676379435060827,5,1.91533317167766,0,0,0.196349540849375,0.619024241681761
"Japan","CP (BA.5.2.6)",-0.0272088504482096,0.00125311372497007,0.0210772833723653,0.00739208913201152,4,1,-0.236085370311366,-0.468848915498045,1.72745102809565,2,0.260186185442176,0.431653273566291,1,4,0.0177514792899408,4,0.200327910816733,2,0.5,0.0357142857142858,0,0.0648968607255802,3,2.00179854733951,0,0,1.17809724509625,1.13765390299804
"Japan","ED.1",0.0320631412429271,3.10062238264651e-05,0.037914691943128,0.0168892579507917,3,0,0.00849852427268358,0.246675066733749,1.85165469963594,2,0.254172800695366,0.558017183402983,1,4,0.0625,2,0.0411836158253962,1,0.166666666666667,0.464285714285714,-0.571428571428571,0.389892040195523,3,2.0668021203561,0,0,1.37444678594563,0.959691613043937
"Japan","EG.5.1",0.0116084645380504,-0.000780313492694927,0.0217391304347826,0.00537178405514347,3,14,-0.452847649512896,-0.606770588930007,1.64943838988339,1,0.261471236918163,-0.0354460106154266,0.703703703703704,3,0.0666666666666667,3,0.0938019127405891,3,0.2,0.535714285714286,0.0357142857142858,0.278609584331373,3,1.92212761872113,0,0,1.570796326795,1.06684217134243
"Japan","EG.5.1.1",0.193389256350777,-0.00124584717607973,0.0606060606060606,0.00558176831740285,1,18,0.0387573879807893,-0.20651699130926,1.58555661663069,1,0.173302096899422,1.05410770886142,0.555555555555556,3,0.0516689529035208,5,0.12513574637579,2,1,-0.0714285714285714,-0.25,0.146142722377727,3,1.47327776275243,0,0,1.96349540849375,1.20477717160581
"Japan","GK.1.1",0.269298434288521,-0.0018781887755102,0.0465116279069767,0.013153286265593,2,7,0.0671444111864825,-0.908545306376988,3.83892937248278,1,0.455311020227707,-0.192349889319072,0.888888888888889,9,0.0416666666666667,4,0.180343150752355,3,0.166666666666667,0.464285714285714,-0.464285714285714,0.504553660349599,2,2.17205434966283,0,0,0.39269908169875,0.879178991320555
"Japan","HK.3",0.101093883326355,-0.00227983146925745,0.0757575757575758,0.0201518427704109,3,1,-0.74153622202978,-0.0714908265681123,1.83899505725475,2,0.212342214996838,0.0409761612884294,0.962962962962963,5,0.0462962962962963,8,0.110671867109935,1,0.25,0.678571428571429,-0.5,0.240865339051203,4,2.1081250002291,0,0,0.981747704246875,1.08863036635651
"Japan","JN.1",-0.0250553499339939,-0.000721868410830212,0.0240963855421687,0.00485457538745795,2,13,-0.396776537132026,-0.592300615358327,2.11069609895707,4,0.15483320913971,1.13903680561312,0.703703703703704,6,0.0329218106995885,6,0.118679671058504,1,0.333333333333333,0.107142857142857,0.285714285714286,0.283369211987262,5,1.97347185431817,0,0,0.981747704246875,1.17483259407328
"Japan","P3 (B.1.1.283)",-0.226247302292063,-0.00629928681446624,0.0638297872340425,0.0145182254089618,3,8,-0.505531407803504,-0.703853372996697,2.72237755478985,5,0.311516783875429,-0.344524555864556,0.740740740740741,4,0.166666666666667,3,0.0480853452733674,2,0.0833333333333333,-0.821428571428571,0.392857142857143,0.434154038872106,6,2.07425971796746,0,0,0.589048622548125,0.795795646116313
"Japan","P5 (B.1.1.285)",-0.115390866469264,0.0142022698281571,0.136986301369863,0.0345245653998859,2,3,-0.661089537352245,-0.443667823866161,1.84744150386963,3,0.357202436006876,0.669432557728405,1,5,0.037037037037037,4,0.0987894587944003,2,0.333333333333333,-0.321428571428571,0.428571428571429,0.251714224196272,4,2.15946923582613,0,0,0.981747704246875,1.15617443086842
"Japan","Q (B.1.1.7)",-0.0538254500133747,-0.00206043956043956,0.046875,0.00341134049773756,1,25,0.118977637036188,-0.0995325384624066,1.58124714341261,5,0.00983931869343383,-0.213455498870811,0.185185185185185,2,0.197073616826703,7,0.19711652301546,5,1,-0.357142857142857,0.0714285714285714,0.0471254295354325,2,0.603797414115175,0,0,1.76714586764437,1.22190398592725
"Japan","R.1",-0.112760741543299,-0.00198208469419665,0.0177514792899408,0.00324218547918432,2,17,-0.294210916424358,-0.472211779084766,1.70572197467762,2,0.170597821591784,-1.54657698851183,0.555555555555556,3,0.029585798816568,6,0.110588339649755,2,0.5,-0.0714285714285714,0.142857142857143,0.132195132575089,2,1.5753030833786,0,0,1.37444678594563,1.07029140041519
"Japan","XBB.1",0.0320528617508763,-0.00119792040971072,0.0161943319838057,0.00421695369377734,3,3,-0.719596987569121,-0.943914611470309,1.57180942065539,1,0.269140979393503,-1.5772207770669,1,3,0.0077732053040695,3,0.111966249303171,2,1,-0.178571428571429,-0.142857142857143,0.167147221657891,4,2.11814635595313,0,0,1.76714586764437,0.982795894420318
"Japan","XBB.1.16",0.225314999160316,-0.00155489898188232,0.0981308411214953,0.0278401718192207,2,4,-0.684259272277243,-0.870498278335358,5.35724283283984,1,0.4278280331131,0.28729648666836,0.962962962962963,5,0.166666666666667,6,0.185652246507898,5,0.1,0.642857142857143,-0.428571428571429,0.540005327074667,3,1.9709080962055,0,0,0.196349540849375,0.747905175146144
"Japan","XBB.1.5",0.0834934982651181,7.36038728672173e-05,0.0784313725490196,0.0208028598299909,3,0,-0.510141652249227,-0.705395623929393,2.7367763835312,2,0.280021103177984,0.469162728653946,0.962962962962963,5,0.111111111111111,2,0.0761913043705751,1,0.111111111111111,0.857142857142857,-0.428571428571429,0.56917818397222,3,2.0248160899152,0,0,0.39269908169875,0.718963590629514
"South Korea","AY (B.1.617.2)",-0.00581967625411713,-0.00821326329504656,0.205882352941176,0.0464976954769673,2,7,-0.446792085563788,-0.624307566786082,1.66296687266963,4,0.198356111955893,0.924916782027811,1,4,0.00591715976331361,7,0.115769730675332,1,0.5,0.214285714285714,-0.0714285714285714,0.109893900837031,4,2.10878815079699,0,0,1.37444678594563,1.07645792405921
"South Korea","AY.122",0.0780102665947143,-0.00148809523809524,0.1,0.00626984126984127,1,24,0.182916152616956,-0.0622693285504531,1.70834775558525,6,0.00983931869343383,2.40051066833662,0.185185185185185,3,0.167652859960552,7,0.177663309952994,1,0.5,0.714285714285714,-0.0357142857142857,0.109140197062796,3,0.674521210592376,0,0,1.37444678594563,1.23102065233547
"South Korea","AY.122.5",0.119974333904118,0.000810174528153743,0.0588235294117647,0.0202400131629807,3,9,-0.764244222203377,-0.920800171390279,1.68531356726907,3,0.482789874324784,1.14678361573757,0.814814814814815,4,0.00986193293885602,6,0.160049398238348,1,0.5,0.285714285714286,-0.142857142857143,0.0483597157937541,4,2.10556124211643,0,0,0.981747704246875,1.3342748916225
"South Korea","AY.69",0.182483123586751,-0.00281954887218045,0.0263157894736842,0.00443266297196738,1,22,-0.202733202246801,-0.350840791809165,1.89756055465154,8,0.1753100901264,-0.180516007576052,0.296296296296296,2,0.106666666666667,8,0.0637696497236825,3,0.2,0.785714285714286,-0.107142857142857,0.347702430822975,2,0.928343951289851,0,0,0.981747704246875,0.776077697364859
"South Korea","B.1",-0.00472162089433395,-0.00784850230414747,0.0666666666666667,0.0119899311047098,2,18,-0.276600320866865,-0.449802512921624,1.56401642055576,1,0.103777945252642,-2.03235665463163,0.592592592592593,3,0.0544124371284865,5,0.120877072735155,2,1,-0.178571428571429,-0.0357142857142857,0.125272055434523,3,1.41625257491034,0,0,1.96349540849375,1.02750068725823
"South Korea","B.1.429",-0.187601494745047,-0.00482984757178305,0.125,0.0163062601418705,2,19,-0.123210043728226,-0.325524847393478,1.87716830898711,2,0.131650930315945,1.17988939518364,0.518518518518518,3,0.0236686390532544,4,0.0732376347940245,2,0.5,-0.392857142857143,0.142857142857143,0.19688186174038,3,1.24258038857681,0,0,1.17809724509625,1.21622306406205
"South Korea","B.1.466",-0.086163611899273,-0.00419071076706545,0.0625,0.00791363797213551,2,22,-0.0976822608538402,-0.281169936827244,1.67406539775534,1,0.139188465077329,-2.2739169301379,0.333333333333333,3,0.119341563786008,4,0.0955172743149498,3,0.333333333333333,-0.464285714285714,0.107142857142857,0.182985583132228,2,0.99013315068082,0,0,1.37444678594563,1.04436121772855
"South Korea","B.1.619.1",-0.0789165468603741,-0.0046583850931677,0.0434782608695652,0.0015527950310559,0,27,0.340168025708304,0.0755928946018454,1.63128552506524,28,0,-5.48748420072655,0.037037037037037,1,0.297668038408779,0,0.12741567111348,14,1,-0.928571428571429,0.0714285714285714,0.151623664984038,1,0.158410570131791,0,0,1.570796326795,0.352766841475279
"South Korea","B.1.620",0.33954311239122,-0.00140765765765766,0.0574712643678161,0.0163083765619549,2,15,-0.515703405462009,-0.656018834030669,2.50194043716776,3,0.280053742134449,0.0276961902854397,0.555555555555556,4,0.166666666666667,3,0.220844201391848,2,0.1,0.821428571428571,-0.285714285714286,0.380112867303724,3,1.73935714589373,0,0,0.589048622548125,0.949526440034319
"South Korea","BA.1 (BA.1)",-0.0800340605025439,-0.00673318851714635,0.1,0.0248864209577098,2,6,-0.627951529136233,-0.83886573441101,1.99346354782234,1,0.214614076392781,-0.443472477159587,0.888888888888889,6,0.0740740740740741,4,0.192094854268559,5,0.142857142857143,-0.785714285714286,0.142857142857143,0.467162603848388,3,2.07682347608013,0,0,0.589048622548125,0.866915013212579
"South Korea","BA.1.1 (BA.1.1)",0.276394662513295,-0.00108258835820541,0.236111111111111,0.0642326894283595,2,4,-0.534294039836241,-0.689572052941178,4.44779625332906,8,0.58104126524184,0.171487560023741,0.925925925925926,4,0.166666666666667,8,0.173688352532068,5,0.0833333333333333,0.857142857142857,-0.428571428571429,0.650787464259784,4,1.99351456576623,0,0,0.196349540849375,0.56719316677628
"South Korea","BA.1.1.5 (BA.1.1.5)",0.313211275678914,-0.000168072306762467,0.0972222222222222,0.0256965614540763,2,9,-0.559079254420047,-0.729211260270631,3.69346821216913,7,0.589020215133135,0.41674239655223,0.777777777777778,6,0.166666666666667,7,0.124142354529207,3,0.0833333333333333,0.857142857142857,-0.357142857142857,0.539361729398433,5,1.92535452740169,0,0,0.39269908169875,0.684877960069238
"South Korea","BA.2 (BA.2)",-0.404456379969093,-0.0121877197358483,0.111111111111111,0.0104945247549082,2,15,0.0275998897357307,-0.221080151934861,1.98338641437328,4,0.103614228049005,-1.04058270259137,0.62962962962963,4,0.0740740740740741,5,0.0869318806316214,3,0.5,-0.892857142857143,0.321428571428571,0.322436099519589,4,1.79815897910213,0,0,0.981747704246875,0.55174711801363
"South Korea","BA.2.10 (BA.2.10)",0.214428326296872,-0.0023538961038961,0.0615384615384615,0.0110127248717476,3,16,-0.267591286552787,-0.43704556861674,1.96167543370872,2,0.16244053655261,-0.837163817783592,0.62962962962963,4,0.0591715976331361,6,0.0274092114921905,2,0.5,0.5,-0.25,0.25152775533396,2,1.73679338778107,0,0,0.981747704246875,1.14584555698646
"South Korea","BA.2.3 (BA.2.3)",0.27301286126273,-0.00011622037187665,0.0476190476190476,0.0161737569790133,2,10,-0.720367070348508,-0.870663416522236,1.97400017591552,3,0.411319639664183,0.113204084006193,0.814814814814815,5,0.111111111111111,6,0.170241895731369,2,0.125,0.678571428571429,-0.321428571428571,0.341069139258064,4,2.12750456110927,0,0,0.981747704246875,1.0537044717893
"South Korea","BA.2.3.12 (BA.2.3.12)",0.0676783886626345,-0.00191375288022285,0.0458015267175573,0.0170976467110345,5,5,-0.237487088249738,-1.04748558723633,1.96134458945713,5,0.234906040049487,-0.129296635883733,0.925925925925926,5,0.0617283950617284,8,0.0597884539608068,2,0.333333333333333,0.571428571428571,-0.0714285714285714,0.277942676717586,4,2.05488015708729,0,0,0.7853981633975,1.09607786110858
"South Korea","BA.2.3.14 (BA.2.3.14)",0.106925513972715,7.8708469934137e-05,0.0451127819548872,0.00924118268361261,4,13,-0.387392954599295,-0.572136366813835,1.74041980827421,2,0.207753608837174,1.41354433839494,0.814814814814815,5,0.111111111111111,2,0.0422397499822607,1,0.111111111111111,0.642857142857143,-0.0714285714285714,0.31632859540375,3,1.96154989104937,0,0,1.570796326795,1.02164772347309
"South Korea","BA.2.68 (BA.2.68)",0.00603543800788236,-0.00109089662805973,0.05,0.0142770264071967,2,8,-0.630872788100059,-0.800882217956445,1.71513804604801,2,0.229163557622806,1.22815033037006,0.962962962962963,4,0.00591715976331361,2,0.0997250509669572,4,0.5,0.321428571428571,-0.142857142857143,0.209036673532323,4,1.92791828551436,0,0,1.570796326795,1.16748017312201
"South Korea","BA.5 (BA.5)",0.401681622462594,-0.00120385232744783,0.0224719101123595,0.005564457869036,2,15,-0.455031247803423,-0.609155437042372,2.70494370503716,2,0.490126615643408,0.630748773687996,0.444444444444444,4,0.111111111111111,4,0.0639226100386043,1,0.142857142857143,0.785714285714286,-0.357142857142857,0.512088828083276,3,1.60878448479951,0,0,0.39269908169875,0.823745209357763
"South Korea","BA.5.1 (BA.5.1)",0.190038250008954,-0.000865222566871742,0.0674157303370786,0.0237739391396824,4,2,-0.948808805265941,-0.76103501576638,2.62674026035238,3,0.519894994560031,-1.1287105424507,0.962962962962963,9,0.111111111111111,5,0.0904274934387513,1,0.111111111111111,0.607142857142857,-0.5,0.493068026635934,3,2.08618168123626,0,0,0.39269908169875,0.858025485065207
"South Korea","BA.5.2 (BA.5.2)",0.127468828230221,-0.000328595388783538,0.112244897959184,0.0347882218616757,4,1,-0.817869582296849,-1.01266403920343,3.36381999262587,3,0.488005069303512,0.229485349886601,0.962962962962963,6,0.0740740740740741,3,0.0788868417419456,2,0.142857142857143,0.75,-0.5,0.55079135244645,4,1.95475544400589,0,0,0.39269908169875,0.862730020987437
"South Korea","BA.5.5 (BA.5.5)",0.224973187994202,-0.000198249306413468,0.0663265306122449,0.0172038466919867,3,4,-0.692731277162772,-0.910050455420429,1.88370327746825,1,0.450913479474338,0.470464846449742,0.925925925925926,4,0.04,3,0.0913844685344762,2,0.2,0.892857142857143,-0.5,0.433254328835571,2,2.17205434966283,0,0,0.7853981633975,0.935472234948548
"South Korea","BF (BA.5.2.1)",0.26153901661765,-0.0018796992481203,0.0197628458498024,0.0041626149269966,2,15,-0.374129879938385,-0.543223063226696,1.71871005501401,2,0.0975112903126236,0.233035648944997,0.62962962962963,3,0.0355029585798817,2,0.085984107229667,1,0.5,0.535714285714286,-0.285714285714286,0.263694835579414,3,1.71485006878823,0,0,1.76714586764437,0.855188167819604
"South Korea","BF.5",0.104852199298254,-0.000720613611567865,0.0306122448979592,0.00714356480089273,2,9,-0.501283275447966,-0.689231917916008,3.76932149062906,8,0.525983065120227,0.35387330089457,0.888888888888889,8,0.04,0,0.121715275722887,4,0.2,0.357142857142857,-0.285714285714286,0.594774843881611,4,2.01545788475906,0,0,0.39269908169875,0.872402299704943
"South Korea","BF9 (BA.5.2.19)",0.0299920332478729,0.000378300025405677,0.0600522193211488,0.0119463086556252,2,7,-0.453056573776624,-0.682030278416023,1.71374422019923,2,0.290029250172185,0.0506942583258778,0.888888888888889,4,0.0277777777777778,7,0.104018946226358,1,0.25,0.571428571428571,0.0714285714285714,0.206913041588991,4,2.1375259168333,0,0,1.570796326795,1.15657963500779
"South Korea","BG (BA.2.12.1)",0.178586389881338,-0.00290640700518957,0.0350877192982456,0.00854638576287481,2,6,-0.533371970063658,-0.719122670567573,1.65267519686704,1,0.213922943482708,-0.422057168278247,0.962962962962963,4,0.0462962962962963,4,0.132510141985879,3,0.25,0.321428571428571,-0.321428571428571,0.262162258948666,3,2.17205434966283,0,0,1.37444678594563,1.00483889002266
"South Korea","BN.1",0.0726199111635607,-0.00146511627906977,0.016,0.00197226843931923,1,18,-0.0990417071777918,-0.311881038621328,1.52499341714726,1,0.191292145111501,-2.85320152229422,0.666666666666667,2,0.0667581161408322,6,0.0449317763493993,1,1,-0.214285714285714,-0.107142857142857,0.075214570141466,2,1.21488965394912,0,0,1.96349540849375,0.886145721551914
"South Korea","BN.1.2",0.0395567493052648,-0.000736060638536258,0.014336917562724,0.00332087153327778,4,16,-0.420476110170037,-0.580194103178859,1.83167508664107,3,0.251583589192999,-2.10333943519801,0.592592592592593,5,0.0177514792899408,3,0.0717870523576984,1,0.5,0.535714285714286,0.0357142857142858,0.179589259446547,3,1.7667150919484,0,0,1.17809724509625,1.13685287836044
"South Korea","BN.1.2.5",0.109038474823672,-0.00220956494977615,0.0205479452054795,0.00579369176297942,2,12,-0.56137877472195,-0.715637899198506,1.7607279090803,2,0.253415392574218,-0.65664678986846,0.740740740740741,3,0.0374753451676529,6,0.0838251223145083,2,0.5,0.5,-0.178571428571429,0.192012401490293,3,2.0976925714901,0,0,1.17809724509625,1.05779683463171
"South Korea","BN.1.3",0.138940157406666,-0.000781136937211283,0.0507246376811594,0.0124141447795702,6,5,-0.565821970202017,-0.37035505747618,1.93610159930883,3,0.25052362658149,-1.89576056803382,0.925925925925926,4,0.029585798816568,0,0.11371134254513,1,0.5,0.428571428571429,-0.142857142857143,0.172371318069905,3,1.95475544400589,0,0,1.17809724509625,1.2012365717649
"South Korea","BN.1.3.5",0.110830446269796,-0.00122340425531915,0.0155038759689922,0.00347991990257219,2,14,-0.456704221425252,-0.640186135220489,1.55837749670622,1,0.129572172297413,-1.8098980934831,0.777777777777778,3,0.0150891632373114,7,0.134700691924488,1,1,0.285714285714286,-0.178571428571429,0.0980706236667135,3,1.93471273255783,0,0,1.76714586764437,1.14696430030971
"South Korea","BQ.1",0.26014157034742,-0.000402912601822338,0.0508474576271186,0.012078698761247,4,7,-0.512541651179615,-0.698855742051739,4.52680494827725,1,0.413441186004079,0.191573157339207,0.888888888888889,4,0.111111111111111,4,0.0826303307455158,3,0.125,0.821428571428571,-0.357142857142857,0.542172474154818,2,2.15946923582613,0,0,0.39269908169875,0.753957686253725
"South Korea","CH.1.1",0.165055080969122,-0.000598416592641484,0.0196078431372549,0.00806333011932268,3,3,-0.71637035018231,-0.71637035018231,1.87769507873573,3,0.33042942244089,-0.166086846355981,1,4,0.111111111111111,3,0.12639833880133,1,0.111111111111111,0.660714285714286,-0.464285714285714,0.401865621940768,4,2.12750456110927,0,0,1.17809724509625,0.919746029236488
"South Korea","CJ.1.3",0.154179468947204,-0.00174216027874565,0.016260162601626,0.00260467922724349,2,16,-0.237665985778602,-0.435103086375279,1.55376123477561,1,0.119710330686321,-1.27944958191348,0.703703703703704,4,0.0228623685413809,6,0.037381987344784,1,1,0.285714285714286,-0.214285714285714,0.117768227313171,3,1.7587367067739,0,0,1.76714586764437,0.868186930949462
"South Korea","EG.1",0.0920109749300762,-0.000596886799412503,0.0183673469387755,0.00481499246279129,3,14,-0.522792623997021,-0.683999514854698,1.67953051316097,2,0.310085427016332,1.16794274851632,0.703703703703704,4,0.0138067061143984,3,0.118425740418715,2,0.5,0.5,0,0.155243221261959,4,2.00543652903503,0,0,1.37444678594563,1.19988206187391
"South Korea","EG.1.6",0.162278656855404,-0.001429884295008,0.0202020202020202,0.00488964780866333,3,10,-0.55868594013382,-0.755354312377582,1.76666617164223,2,0.284718052190416,-2.2356621547046,0.777777777777778,5,0.0256410256410256,8,0.0863461910888569,2,0.5,0.0714285714285714,-0.392857142857143,0.152353402008873,3,1.98605696815486,0,0,1.17809724509625,0.957403832652168
"South Korea","EG.5.1",0.185675133186587,0.000275244206089139,0.0416666666666667,0.0118423091865992,3,5,-0.729478716016092,-0.531482610662442,1.97676915661685,4,0.333482289432789,0.66740533721708,1,4,0.166666666666667,4,0.117193550020749,3,0.1,0.821428571428571,-0.285714285714286,0.387448068342032,3,2.05488015708729,0,0,0.7853981633975,0.929059926515768
"South Korea","EG.5.1.1",0.23546971002145,-0.000973718836325936,0.0614035087719298,0.0157338764724173,3,6,-0.675166696187875,-0.891237439630333,2.71431128955774,5,0.301330591332842,-0.330547116859546,0.925925925925926,7,0.0555555555555556,6,0.0922297629645441,3,0.25,0.714285714285714,-0.571428571428571,0.424513926637528,3,2.15946923582613,0,0,0.7853981633975,0.985766166463721
"South Korea","FL.10",-0.0346835887005815,-0.00238095238095238,0.0222222222222222,0.00130385487528345,1,26,0.187128033461884,-0.0392737848006422,1.61296135154763,6,0.0031419001874333,-3.43847565691087,0.111111111111111,2,0.24371284865112,0,0.16808801549251,6,1,-0.178571428571429,0.0357142857142858,0.0943335083833872,2,0.419555892320233,0,0,1.76714586764437,0.749573006997048
"South Korea","HF.1",0.19411892999635,-0.000453420580127548,0.0283687943262411,0.00830394994537989,2,7,-0.333173868142712,-0.872207382377674,1.82355908014154,2,0.2317784872442,0.90760117143203,0.925925925925926,4,0.08,6,0.0319791043306029,1,0.2,0.892857142857143,-0.285714285714286,0.349350070616855,3,2.17205434966283,0,0,1.17809724509625,0.9580000079344
"South Korea","HG (XBB.2.3.8)",0.103069797787679,-0.0010721459961443,0.0548780487804878,0.0164226918951948,3,5,0.00299600426418734,-0.198875078562969,1.90260464592799,2,0.408546208939316,-0.135107887617487,0.925925925925926,4,0.111111111111111,2,0.103114327567056,1,0.125,0.892857142857143,-0.392857142857143,0.355047046055405,3,2.09876679507296,0,0,1.17809724509625,0.949986958930239
"South Korea","HK.3",0.233318458859548,-0.000526449459353346,0.0638297872340425,0.0129830597413648,3,7,-0.449900379360862,-0.667451083761098,1.91413483141862,2,0.197815294101867,-0.626587310397148,0.888888888888889,7,0.0625,7,0.110176581282839,5,0.166666666666667,0.75,-0.285714285714286,0.482835505254502,3,2.11814635595313,0,0,0.39269908169875,0.933405273175023
"South Korea","JN.1",0.0905937164231637,0.00145156042438771,0.0845070422535211,0.0162934468856494,3,8,-0.379533578108635,-0.58401089880553,1.67549019109376,3,0.252744556965601,1.328531178407,0.925925925925926,4,0.0452674897119342,7,0.131641361598211,1,0.333333333333333,0.607142857142857,-0.178571428571429,0.154980057579784,3,2.11491944727257,0,0,1.37444678594563,1.20249207034786
"South Korea","Q (B.1.1.7)",-0.035316152950593,-0.0211434852027574,0.25,0.0950633768266631,2,1,-0.676151823895744,-0.488596021515307,1.8470664507084,2,0.284447149870287,0.670879250078283,0.962962962962963,4,0.00788954635108481,3,0.0920957962143367,2,0.5,-0.357142857142857,0.321428571428571,0.175183267519542,4,2.1375259168333,0,0,1.17809724509625,1.13585040220384
"South Korea","XBB",0.0638637962641175,-0.00247747789697615,0.0330578512396694,0.0074640134019822,5,7,-0.498758887840645,-0.697015164508659,1.73161604916787,2,0.134130690705361,-0.332661536862296,0.925925925925926,4,0.00591715976331361,2,0.119584188150909,3,0.5,0.178571428571429,-0.178571428571429,0.275504273864956,3,2.07682347608013,0,0,1.76714586764437,1.01705423703194
"South Korea","XBB.1.16",0.113634912892761,-0.00211109391328407,0.0737327188940092,0.0272393048965632,3,1,-0.950318733807772,-0.773963484538083,2.56190729834484,3,0.402607510005893,-0.37824360724991,0.925925925925926,5,0.166666666666667,3,0.0493841388878718,2,0.1,0.714285714285714,-0.392857142857143,0.484822500488213,4,2.08618168123626,0,0,0.39269908169875,0.884937870060824
"South Korea","XBB.1.5",0.00831933265945358,-0.0009140334534183,0.010752688172043,0.00316911095840009,2,13,-0.560533766623037,-0.704461636919794,1.52365082378194,1,0.249132505033725,-1.88888244663436,0.851851851851852,3,0.0146319158664838,4,0.191087853781085,1,1,-0.178571428571429,0,0.00592434584091063,3,1.96411364916203,0,0,1.570796326795,1.24549390289119
"South Korea","XBB.1.9",0.153148271266068,-0.00112679955703212,0.0125,0.00253249070704148,2,18,-0.308886889518813,-0.459417653515229,1.64590321115034,2,0.20436130178807,-0.728007163632357,0.555555555555556,3,0.0670611439842209,0,0.111088343478236,3,0.5,0.464285714285714,-0.178571428571429,0.199376667345417,2,1.47327776275243,0,0,1.570796326795,0.953079716313886
"Spain","A.5",-0.00202425928689911,-0.00343906529202585,0.142857142857143,0.0858302789457717,3,0,-0.155849958533763,0.0827599625147357,1.51839775809285,1,0.369954242577021,-2.34881723678064,1,6,0.00411522633744856,3,0.136348514328522,1,1,-0.0714285714285714,0.428571428571429,0.129031454666196,4,2.15946923582613,0,0,1.76714586764437,1.24015264065937
"Spain","AY (B.1.617.2)",-0.0171096554492387,-0.00231720304361076,0.0648464163822526,0.0209751541242465,3,4,-0.769244035156823,-0.597122037913921,1.65185272790552,1,0.215321929297184,1.46092388680458,0.888888888888889,3,0.111111111111111,4,0.0804450439917336,3,0.142857142857143,0.857142857142857,-0.214285714285714,0.235569421005175,3,2.18463946349952,0,0,1.37444678594563,1.02703179601282
"Spain","AY.122",-0.0680944759274625,-0.00107681263460158,0.0100502512562814,0.000358937544867193,0,27,0.340168025708304,0.0755928946018454,1.63128552506524,28,0,-5.48748420072655,0.037037037037037,1,0.297668038408779,0,0.12741567111348,14,1,-0.928571428571429,0.0714285714285714,0.151623664984038,1,0.158410570131791,0,0,1.570796326795,0.352766841475279
"Spain","AY.124",0.0345569024790097,-0.000923123410854007,0.0891364902506964,0.0258707387695403,1,1,-0.731080800448373,-0.538931152060486,3.26315424724965,1,0.287406134503364,0.188394532234349,0.925925925925926,6,0.037037037037037,7,0.0817512935299467,2,0.333333333333333,-0.214285714285714,0.0714285714285714,0.449421533246026,5,2.1375259168333,0,0,0.589048622548125,1.04876078493896
"Spain","AY.125",0.038747011597375,-0.000756855773410202,0.0382081686429512,0.0184765865716533,2,0,-0.62950008596209,-0.232783534495333,1.78521595006063,1,0.50150110949562,0.228735984761014,0.962962962962963,4,0.0617283950617284,6,0.112655415733628,2,0.333333333333333,0.607142857142857,-0.464285714285714,0.297436174674889,3,2.15946923582613,0,0,0.981747704246875,1.1027898968314
"Spain","AY.127",-0.132333115534724,-0.00305781175346393,0.0256410256410256,0.00107103041885651,0,26,0.305658540653242,0.0431997404123249,1.75615663455852,26,0,-3.09391108564607,0.0740740740740741,2,0.26232741617357,0,0.0786843945591321,14,1,-0.892857142857143,0.107142857142857,0.200601355834411,2,0.315396287422662,0,0,1.17809724509625,0.411108562198202
"Spain","AY.33",0.188063197346777,-0.000766231802129667,0.0584415584415584,0.0112715463358935,2,3,-0.469257373579622,-0.721903025886517,1.84647962769555,1,0.168591022175246,1.8429979574382,0.888888888888889,7,0.166666666666667,6,0.0599711088925528,5,0.1,0.75,-0.5,0.409606741463886,3,2.01545788475906,0,0,0.981747704246875,0.792474423793806
"Spain","AY.4",-0.0157254172801522,-0.0038265306122449,0.0357142857142857,0.00192486085343228,1,26,0.220737675521984,-0.0186538880722804,1.61624521221556,2,0.0031419001874333,-4.06492696419197,0.111111111111111,2,0.24371284865112,0,0.111354920223507,2,1,-0.0357142857142857,0.0357142857142858,0.130175527891906,2,0.419555892320233,0,0,1.76714586764437,0.638483011141702
"Spain","AY.42",-0.0746451686484198,-0.00261324041811847,0.024390243902439,0.000871080139372822,0,27,0.340168025708305,0.0755928946018455,1.63128552506524,28,0,-5.48748420072656,0.037037037037037,1,0.297668038408779,0,0.12741567111348,14,1,-0.928571428571429,0.0714285714285714,0.151623664984039,1,0.158410570131791,0,0,1.570796326795,0.352766841475279
"Spain","AY.43",-0.074293252029652,-0.00249169435215947,0.0232558139534884,0.000830564784053156,0,27,0.340168025708304,0.0755928946018454,1.63128552506524,28,0,-5.48748420072655,0.037037037037037,1,0.297668038408779,0,0.12741567111348,14,1,-0.928571428571429,0.0714285714285714,0.151623664984038,1,0.158410570131791,0,0,1.570796326795,0.352766841475279
"Spain","AY.5",0.0189936053373143,-0.000780527876447048,0.027027027027027,0.00557068355453188,2,16,-0.337414819270624,-0.496399831913411,2.03865993047047,4,0.206481315006134,-0.492793694527996,0.592592592592593,3,0.0329218106995885,0,0.0692104076122134,2,0.333333333333333,0.75,0.107142857142857,0.357814993675054,2,1.7667150919484,0,0,0.7853981633975,1.02866058267199
"Spain","AY.53",0.235191753994709,-0.000392502044829801,0.0522088353413655,0.0119336706731733,2,7,-0.561050951589322,-0.77923019772766,1.82145946274514,3,0.171451135997741,1.36759030806805,0.814814814814815,4,0.0740740740740741,6,0.102824324026199,2,0.111111111111111,0.464285714285714,-0.5,0.292444377185143,4,2.14008967494596,0,0,0.981747704246875,1.10468396998393
"Spain","AY.9.2",0.0843334861504477,-0.000515934529609396,0.0836501901140684,0.0345101202696816,3,0,0.402757626594218,0.2026724987384,5.43051887721037,11,0.472438659105132,0.204546590678394,1,8,0.166666666666667,6,0.228669942396156,2,0.0909090909090909,0.678571428571429,-0.642857142857143,0.673168033365008,4,1.89338985268483,0,0,0.196349540849375,0.636904787464027
"Spain","AY.98.1",0.0438215163330387,-0.00172005644359128,0.051063829787234,0.0248738653152949,4,0,0.279075310411677,0.473038154168644,3.55504456671909,4,0.397525445911088,1.12396304901269,1,8,0.104166666666667,0,0.0853574081746429,3,0.166666666666667,0.535714285714286,-0.5,0.487258187276613,4,1.96154989104937,0,0,0.39269908169875,0.917100675444571
"Spain","B.1",0.0112638416000377,-0.000619099210648507,0.0327868852459016,0.00840814172758035,3,13,-0.517278857636969,-0.682598257915226,1.76059895354026,3,0.334097793100202,0.413847594052732,0.703703703703704,4,0.0329218106995885,6,0.152719472372977,1,0.333333333333333,0.392857142857143,-0.0714285714285714,0.106037715020538,4,1.99285141519834,0,0,0.981747704246875,1.23929851087252
"Spain","B.1.1",0.415241837937217,-0.00941306755260244,0.158878504672897,0.0583588886796933,3,7,-0.878804665014468,-1.04317923290093,3.87041245750147,5,0.642021878915937,-0.690661154677503,0.777777777777778,7,0.166666666666667,6,0.158989898242255,2,0.1,0.785714285714286,-0.535714285714286,0.614386245546894,2,1.89977322671334,0,0,0.196349540849375,0.692479960834639
"Spain","B.1.160",0.10998815584999,0.00178571428571428,0.1,0.0133675522989271,2,20,-0.125657154360898,-0.312227611486289,1.64319073731592,4,0.0942201599570595,-1.01152277036238,0.407407407407407,3,0.0907297830374753,0,0.0904296323861032,4,0.5,-0.142857142857143,-0.107142857142857,0.099750379788663,3,1.11999941004878,0,0,1.37444678594563,1.19640499561555
"Spain","B.1.182",0.16552643828401,-0.00123152709359606,0.370967741935484,0.0178933323755314,2,21,0.273026612038832,0.00931329773776118,1.70993296927699,3,0.00153887205766124,2.28439492109703,0.37037037037037,3,0.0729783037475345,4,0.211518124731731,1,0.5,0.678571428571429,-0.125,0.150839290990517,3,1.04986367715119,0,0,1.37444678594563,1.24649284933434
"Spain","B.1.223",-0.341243706914526,-0.00255957062476325,0.0560747663551402,0.0139992435613192,4,11,-0.511364475549301,-0.68221433197566,1.90259230650694,2,0.266405462508027,-1.0005476247872,0.740740740740741,4,0.00788954635108481,3,0.0788099351025224,2,0.5,0,0.482142857142857,0.23130539808338,3,2.04634833589307,0,0,1.17809724509625,1.16933652218472
"Spain","B.1.258",-0.0517395076838597,-0.00232919254658385,0.1,0.00434782608695652,1,26,0.294531915808216,0.0339844518240249,1.60453711626149,10,0.0031419001874333,-0.0538410200000393,0.111111111111111,2,0.24371284865112,0,0.160162493419708,10,1,-0.321428571428571,0.0357142857142858,0.12277670882618,2,0.419555892320233,0,0,1.570796326795,1.2305521342605
"Spain","B.1.351.5",0.0983323804894817,-0.000311713600210817,0.0161725067385445,0.00409451019861677,2,11,-0.546771339168726,-0.725248060698288,1.53046938022317,1,0.27792779486518,-1.09355961766985,0.888888888888889,2,0.00685871056241426,3,0.15940473977045,2,1,-0.0714285714285714,-0.0714285714285714,0.189064322766256,3,2.11814635595313,0,0,2.15984494934313,1.05434974374368
"Spain","B.1.356",0.0512285667975857,-0.0138644977044942,0.119047619047619,0.0348952688681694,2,6,-0.722874535499053,-0.910031113773483,1.87082690738143,3,0.335603835772685,-0.531940136410368,0.888888888888889,5,0.0236686390532544,4,0.0742217912160404,1,0.5,0.107142857142857,-0.392857142857143,0.151482125236092,3,2.08618168123626,0,0,1.17809724509625,1.0623455674503
"Spain","B.1.575.1",-0.0669336823388756,-0.0025733977801647,0.0357142857142857,0.00617850861903617,1,20,-0.233458862252307,-0.393366044938589,1.51901551611221,1,0.0499863604222885,-0.999642357072961,0.518518518518518,3,0.0722450845907636,5,0.118196337489993,4,1,-0.142857142857143,0.107142857142857,0.0102871984089707,3,1.15819725468005,0,0,1.76714586764437,1.14146177377942
"Spain","B.1.600",-0.0858494702999081,-0.0119047619047619,0.111111111111111,0.00396825396825397,0,27,0.340168025708305,0.0755928946018454,1.63128552506524,28,0,-5.48748420072656,0.037037037037037,1,0.297668038408779,0,0.12741567111348,14,1,-0.928571428571429,0.0714285714285714,0.151623664984039,1,0.158410570131791,0,0,1.570796326795,0.352766841475279
"Spain","BA.1 (BA.1)",-0.0693321286902658,-0.00127317837555498,0.0118829981718464,0.000424392791851658,0,27,0.340168025708305,0.0755928946018455,1.63128552506524,28,0,-5.48748420072657,0.037037037037037,1,0.297668038408779,0,0.12741567111348,14,1,-0.928571428571429,0.0714285714285714,0.151623664984039,1,0.158410570131791,0,0,1.570796326795,0.352766841475279
"Spain","BA.1.1 (BA.1.1)",-0.0710163911551397,-0.00159914712153518,0.0149253731343284,0.000533049040511727,0,27,0.340168025708304,0.0755928946018454,1.63128552506524,28,0,-5.48748420072654,0.037037037037037,1,0.297668038408779,0,0.12741567111348,14,1,-0.928571428571429,0.0714285714285714,0.151623664984038,1,0.158410570131791,0,0,1.570796326795,0.352766841475279
"Spain","BA.1.17 (BA.1.17)",-0.0737949396089942,-0.00232919254658385,0.0217391304347826,0.00077639751552795,0,27,0.340168025708304,0.0755928946018454,1.63128552506524,28,0,-5.48748420072655,0.037037037037037,1,0.297668038408779,0,0.12741567111348,14,1,-0.928571428571429,0.0714285714285714,0.151623664984038,1,0.158410570131791,0,0,1.570796326795,0.352766841475279
"Spain","BA.1.18 (BA.1.18)",-0.0774630594635253,-0.0038265306122449,0.0357142857142857,0.00127551020408163,0,27,0.340168025708304,0.0755928946018454,1.63128552506524,28,0,-5.48748420072655,0.037037037037037,1,0.297668038408779,0,0.12741567111348,14,1,-0.928571428571429,0.0714285714285714,0.151623664984038,1,0.158410570131791,0,0,1.570796326795,0.352766841475279
"Spain","BA.2 (BA.2)",-0.0797159640135285,-0.00519065030033952,0.0484460694698355,0.00173021676677984,0,27,0.340168025708305,0.0755928946018455,1.63128552506524,28,0,-5.48748420072658,0.037037037037037,1,0.297668038408779,0,0.127415671113481,14,1,-0.928571428571429,0.0714285714285714,0.151623664984039,1,0.158410570131791,0,0,1.570796326795,0.352766841475279
"Spain","BA.2.3 (BA.2.3)",-0.0774630594635253,-0.0038265306122449,0.0357142857142857,0.00127551020408163,0,27,0.340168025708304,0.0755928946018454,1.63128552506524,28,0,-5.48748420072655,0.037037037037037,1,0.297668038408779,0,0.12741567111348,14,1,-0.928571428571429,0.0714285714285714,0.151623664984038,1,0.158410570131791,0,0,1.570796326795,0.352766841475279
"Spain","BA.2.56 (BA.2.56)",-0.0939672507583129,-0.0357142857142857,0.333333333333333,0.0119047619047619,0,27,0.340168025708305,0.0755928946018454,1.63128552506524,28,0,-5.48748420072656,0.037037037037037,1,0.297668038408779,0,0.12741567111348,14,1,-0.928571428571429,0.0714285714285714,0.151623664984039,1,0.158410570131791,0,0,1.570796326795,0.352766841475279
"Spain","BA.2.9 (BA.2.9)",-0.0677455229798307,-0.00232486695465588,0.0188976377952756,0.000960339102708924,1,24,0.255909489498962,-0.00425601726802488,1.78897910218273,9,0,-2.51118959634788,0.222222222222222,2,0.140039447731755,0,0.022972198033495,1,1,-0.892857142857143,0.0357142857142858,0.217472436855271,2,0.754462702325955,0,0,1.17809724509625,0.461952862778736
"Spain","BA.4 (BA.4)",0.156751978488305,-0.00096657318541564,0.059375,0.0088624476396572,2,5,-0.253934614602734,0.00380278106231047,1.66146180368176,1,0.111144383066547,-0.422308495317667,0.851851851851852,4,0.111111111111111,4,0.179230238953992,3,0.111111111111111,0.678571428571429,-0.357142857142857,0.27043096345607,4,2.15946923582613,0,0,1.570796326795,1.07585256739687
"Spain","BA.4.1 (BA.4.1)",0.0102712580129945,-0.0012294823019771,0.0250569476082005,0.00951234061762754,3,1,-0.331308056728544,-0.539340690764145,1.63775399559501,2,0.233290463967889,1.40885745359578,0.925925925925926,3,0.00591715976331361,3,0.184064364956325,2,0.5,0.446428571428571,-0.107142857142857,0.155451951954686,4,2.06423836224343,0,0,1.570796326795,1.15352780167543
"Spain","BA.5 (BA.5)",-0.0609765679351296,0.00157158805644901,0.0555555555555556,0.0167323710179661,3,2,-0.00538589518063448,0.222313178782153,3.33259751454224,3,0.447337458052017,-0.68320121721494,1,7,0.0740740740740741,3,0.145793420499681,2,0.142857142857143,-0.714285714285714,0.142857142857143,0.521678998939777,4,1.97669876299873,0,0,0.39269908169875,0.927143618320829
"Spain","BA.5.1 (BA.5.1)",-0.0403312677277882,-0.0032058492688414,0.0299212598425197,0.00114745590576012,1,26,0.326229026505748,0.0616509975112293,1.62931425212718,5,0,-5.48766451573637,0.111111111111111,2,0.24371284865112,0,0.103194652719338,5,1,-0.142857142857143,0.0357142857142858,0.143278555162301,2,0.419555892320233,0,0,1.570796326795,0.364574206894345
"Spain","BA.5.1.3 (BA.5.1.3)",0.116773475640336,-0.000209289245099241,0.0576923076923077,0.0170075616549743,2,2,-0.779692253964619,-0.579563578815454,1.72043895945503,1,0.208881661034836,-0.522523772795219,0.925925925925926,3,0.111111111111111,6,0.130720066361363,2,0.125,0.607142857142857,-0.357142857142857,0.2864239868566,4,2.15946923582613,0,0,1.17809724509625,1.09163625627987
"Spain","BA.5.1.30 (BA.5.1.30)",0.0354291010050175,-0.00202142968773486,0.0290697674418605,0.0134507507594365,5,0,-0.434313744125309,-0.434313744125309,2.56175215143775,4,0.28375849351132,-0.477691776814563,0.962962962962963,7,0.0277777777777778,6,0.0475809935539005,3,0.25,0.392857142857143,-0.357142857142857,0.363570198938055,4,1.87824098073547,0,0,0.7853981633975,1.02204206894372
"Spain","BA.5.2 (BA.5.2)",0.153511213958688,-0.000470237149276477,0.0600600600600601,0.0222042100989693,3,3,-0.94955273500004,-1.12559136856397,4.77050126075324,7,0.504163473689541,0.215289860297244,0.851851851851852,6,0.166666666666667,8,0.0473915944755354,3,0.1,0.75,-0.5,0.692555059363152,3,1.92535452740169,0,0,0.196349540849375,0.642632830523405
"Spain","BC (BA.1.1.1)",-0.0795887373400519,-0.00510204081632653,0.0476190476190476,0.00170068027210884,0,27,0.340168025708305,0.0755928946018455,1.63128552506524,28,0,-5.48748420072656,0.037037037037037,1,0.297668038408779,0,0.12741567111348,14,1,-0.928571428571429,0.0714285714285714,0.151623664984039,1,0.158410570131791,0,0,1.570796326795,0.352766841475279
"Spain","BC4 (BA.1.1.14)",0.0233830922883198,0.004008821197261,0.0853658536585366,0.0278694334451625,3,1,-0.857387531513272,-1.04668095130213,1.98813908380506,4,0.454549211177186,1.23109980838049,0.962962962962963,5,0.0277777777777778,5,0.100745902006485,2,0.25,0.5,0,0.388384040103289,4,2.11814635595313,0,0,0.981747704246875,1.08921650032017
"Spain","BD (BA.1.17.2)",0.0350664996619935,0.000193705334560305,0.0426829268292683,0.015913745078516,3,1,-0.341644110899815,-0.576172806526077,1.77617252362954,2,0.257375982743313,-0.445160399165879,0.962962962962963,7,0.0416666666666667,3,0.0815852749096654,1,0.166666666666667,0.571428571428571,-0.357142857142857,0.302165345226197,3,2.07682347608013,0,0,1.37444678594563,1.08309670790229
"Spain","BE.1",0.116397947918175,-0.00202533935207284,0.031496062992126,0.0121101227848675,3,2,-0.688941247181161,-0.502232657451805,1.88606011994769,2,0.317209950708274,1.08953919674098,0.925925925925926,4,0.0625,3,0.0784187888874131,1,0.166666666666667,0.642857142857143,-0.428571428571429,0.339996492430984,3,2.10556124211643,0,0,1.37444678594563,0.956542536497507
"Spain","BE.1.1",0.118605761567571,-0.00290642176304982,0.046875,0.02058247123395,4,3,0.22744496675399,0.0407308617444018,1.79116570057957,4,0.407932238393736,-1.2743285035037,1,6,0.00823045267489712,6,0.0505345471567408,1,0.333333333333333,0.357142857142857,-0.428571428571429,0.170775661462399,4,2.07359656739957,0,0,0.981747704246875,1.01917536388338
"Spain","BF (BA.5.2.1)",0.065545065408209,-0.000197708161591376,0.052,0.0176650768034448,4,0,-0.827982937978854,-0.487531984797531,3.67737842809392,7,0.4121370259777,0.1032488469123,0.888888888888889,6,0.0625,4,0.168107724889214,3,0.166666666666667,0.821428571428571,-0.5,0.628334878730853,4,1.97669876299873,0,0,0.39269908169875,0.709280989583326
"Spain","BF.1",0.0450313859717157,-0.00199828652310219,0.0251396648044693,0.00507289116314788,2,10,-0.445388771308409,-0.66417059974717,1.63443626390072,2,0.104365179596279,1.31629090653131,0.888888888888889,4,0.0236686390532544,4,0.190567870191862,3,0.5,-0.0714285714285714,-0.0357142857142857,0.185644683341995,4,2.15011103066999,0,0,1.570796326795,1.09548189120425
"Spain","BG (BA.2.12.1)",0.0594415604886911,-0.00137479009394714,0.0140845070422535,0.00175088052135132,2,18,-0.108357821227749,-0.331201513546172,1.62269769810523,3,0.044697930455842,-2.79734867146953,0.518518518518518,5,0.0626428898033836,4,0.051192269598158,5,1,0.214285714285714,-0.107142857142857,0.117004833776759,4,1.43537221712824,0,0,1.37444678594563,0.904965985876577
"Spain","BQ.1",0.301395468644336,-0.00261324041811847,0.0638297872340425,0.0119374201558235,2,16,-0.32190826016576,-0.506871374866493,1.88512042945349,1,0.420463897648939,-1.30306194915347,0.62962962962963,5,0.0740740740740741,6,0.105817040846738,2,0.125,0.571428571428571,-0.285714285714286,0.314981839220793,2,1.65671138614773,0,0,0.981747704246875,1.02996046317139
"Spain","BQ.1.1",-0.0682067074469853,-0.0010932944606414,0.0102040816326531,0.000364431486880466,0,27,0.340168025708305,0.0755928946018455,1.63128552506524,28,0,-5.48748420072656,0.037037037037037,1,0.297668038408779,0,0.12741567111348,14,1,-0.928571428571429,0.0714285714285714,0.151623664984039,1,0.158410570131791,0,0,1.570796326795,0.352766841475279
"Spain","BQ.1.1.15",-0.0703894411829437,-0.0014690519717942,0.0137111517367459,0.000489683990598067,0,27,0.340168025708304,0.0755928946018454,1.63128552506524,28,0,-5.48748420072654,0.037037037037037,1,0.297668038408779,0,0.12741567111348,14,1,-0.928571428571429,0.0714285714285714,0.151623664984038,1,0.158410570131791,0,0,1.570796326795,0.352766841475279
"Spain","C (B.1.1.1)",-0.285356462520974,-0.00301612259610061,0.025974025974026,0.00231687098445109,1,23,0.0472204088069956,-0.171383140353261,2.47305086985958,2,0.129555305007202,-0.736787006500906,0.222222222222222,3,0.145833333333333,2,0.0478593787433632,1,0.166666666666667,-0.857142857142857,0.214285714285714,0.472383852223625,3,0.754462702325955,0,0,0.589048622548125,0.586883325534379
"Spain","DE (BA.5.1.23)",-0.0774630594635253,-0.0038265306122449,0.0357142857142857,0.00127551020408163,0,27,0.340168025708304,0.0755928946018454,1.63128552506524,28,0,-5.48748420072655,0.037037037037037,1,0.297668038408779,0,0.12741567111348,14,1,-0.928571428571429,0.0714285714285714,0.151623664984038,1,0.158410570131791,0,0,1.570796326795,0.352766841475279
"Spain","DH (BA.5.1.22)",0.100502225653733,-0.000794143690679347,0.0330097087378641,0.0158376466298111,2,1,0.0772812080179225,0.268453313645989,2.72892042314757,2,0.35479744372701,0.63349607748598,0.962962962962963,5,0.0416666666666667,8,0.114959135021989,1,0.166666666666667,0.678571428571429,-0.607142857142857,0.562237964728093,4,1.89977322671334,0,0,0.39269908169875,0.830177998381632
"Spain","DV.7.1",0.295165982976046,-7.74866159481545e-05,0.0392156862745098,0.00731077784027452,2,15,-0.310947408498985,-0.490842116288494,2.68937048788835,3,0.4457815042559,-0.141724714139748,0.592592592592593,9,0.111111111111111,4,0.0774766708527414,2,0.125,0.785714285714286,-0.285714285714286,0.438906472285113,4,1.89082609457216,0,0,0.589048622548125,1.05199027825876
"Spain","EF.1",0.0537750245664677,-0.000874229764753745,0.0645161290322581,0.0131592242433807,2,5,-0.481022414400569,-0.712354423524989,1.5729731891884,1,0.251450814215963,0.879821230033958,0.851851851851852,3,0.00228623685413809,5,0.106615040405203,4,1,0.571428571428571,-0.178571428571429,0.235229186855614,4,2.17205434966283,0,0,1.96349540849375,1.07382838645062
"Spain","EG (XBB.1.9.2)",0.115047773953805,-0.00112921728705295,0.087719298245614,0.020044631659942,3,5,-0.571996295179324,-0.126893476485572,1.5866184295432,1,0.167701469956406,0.662249859053149,0.962962962962963,3,0.00365797896662094,0,0.223124822821698,1,1,0.178571428571429,-0.285714285714286,0.157626321491971,3,2.15946923582613,0,0,1.76714586764437,1.18415148140455
"Spain","EG.1",-0.151265376994575,0.000766515816816133,0.0754716981132075,0.0139853719362791,2,10,-0.370655909151296,-0.587906240349339,1.58260442339578,1,0.279549304997983,1.00839356542506,0.814814814814815,3,0.0050297210791038,6,0.0753805385951968,4,1,-0.285714285714286,0.25,0.20250539066589,3,2.15011103066999,0,0,1.76714586764437,1.13859876059534
"Spain","EG.5.1",-0.0801220618725331,-0.00167410714285714,0.015625,0.00097781389465777,1,25,0.179401585861304,-0.0603124892185315,1.60582225385175,2,0.00983931869343383,-4.08137807781439,0.185185185185185,2,0.197073616826703,2,0.0678150696350649,3,1,-0.714285714285714,0.0714285714285714,0.156020390447452,2,0.603797414115175,0,0,1.76714586764437,0.491870770806448
"Spain","EG.5.1.1",0.0835156023303895,0.000161478732907306,0.0571428571428571,0.0118607400404662,2,15,-0.398093019044603,-0.583144199039058,1.48189976176073,1,0.235480762069966,0.390851749509638,0.740740740740741,3,0.0329218106995885,4,0.138996316638169,2,1,0.285714285714286,-0.0714285714285714,0.119697018319255,2,1.78235119451686,0,0,2.3561944901925,1.14713529731602
"Spain","EG.5.1.3",0.224625636211574,-9.44822373393792e-05,0.0864197530864197,0.0247315903132789,3,10,-0.631980767805234,-0.801703977134215,1.78245515754203,3,0.267094118866994,0.635155931353576,0.888888888888889,3,0.0740740740740741,4,0.042594907836171,1,0.125,0.535714285714286,-0.285714285714286,0.290258929337541,3,2.15011103066999,0,0,1.37444678594563,1.09116635142506
"Spain","FL (XBB.1.9.1)",-0.0725496368509228,-0.00196793002915452,0.0183673469387755,0.00065597667638484,0,27,0.340168025708305,0.0755928946018455,1.63128552506524,28,0,-5.48748420072656,0.037037037037037,1,0.297668038408779,0,0.12741567111348,14,1,-0.928571428571429,0.0714285714285714,0.151623664984039,1,0.158410570131791,0,0,1.570796326795,0.352766841475279
"Spain","FL.1",0.0106657365114617,-0.00110014648061059,0.0275229357798165,0.00629346793098279,2,17,-0.400273678507495,-0.555825278763721,1.5271253332973,1,0.265175988295035,-1.32006360863366,0.666666666666667,3,0.0315500685871056,4,0.163733254810349,1,1,-0.214285714285714,0,0.0997271822680037,2,1.65820092067753,0,0,1.96349540849375,1.04845807333814
"Spain","FU1 (XBB.1.16.11)",-0.0706927486216627,-0.00153061224489796,0.0142857142857143,0.000510204081632653,0,27,0.340168025708305,0.0755928946018455,1.63128552506524,28,0,-5.48748420072657,0.037037037037037,1,0.297668038408779,0,0.12741567111348,14,1,-0.928571428571429,0.0714285714285714,0.151623664984039,1,0.158410570131791,0,0,1.570796326795,0.352766841475279
"Spain","HK.3",0.128929421287428,-0.000351441820394671,0.03125,0.0136744168071141,3,3,-0.470476744957203,-0.299495435869132,2.10042905108978,3,0.251064444435515,-0.804571335968071,0.962962962962963,4,0.0246913580246914,3,0.0734840538268404,1,0.333333333333333,0.428571428571429,-0.357142857142857,0.287890251526731,3,1.96411364916203,0,0,1.17809724509625,1.09639689546301
"Spain","JD.1.1",0.0635843434138963,-0.00062794348508634,0.0666666666666667,0.00749179342483873,1,17,-0.0550895244328096,-0.277639267597328,1.51357506504426,1,0.127414245239957,-0.0365904291454701,0.62962962962963,2,0.0461819844535894,4,0.100360500781826,1,1,-0.357142857142857,-0.0714285714285714,0.0598685906036332,2,1.55443822590061,0,0,1.96349540849375,1.2140261892159
"Spain","JG.3",-0.0709069274665735,-0.00157563025210084,0.0147058823529412,0.000525210084033613,0,27,0.340168025708304,0.0755928946018454,1.63128552506524,28,0,-5.48748420072656,0.037037037037037,1,0.297668038408779,0,0.12741567111348,14,1,-0.928571428571429,0.0714285714285714,0.151623664984039,1,0.158410570131791,0,0,1.570796326795,0.352766841475279
"Spain","JK7 (XBB.1.5.37)",0.155986966364471,-0.00338345864661654,0.0315789473684211,0.00595729002609886,1,19,-0.276343225155253,-0.432209533073389,1.52484240806067,1,0.265064921764089,-0.710560814043435,0.592592592592593,3,0.0640146319158665,5,0.120708288766942,1,1,0.142857142857143,-0.214285714285714,0.154420351253618,3,1.19829051868552,0,0,2.15984494934313,0.998813958581815
"Spain","JN.1",-0.0703894411829437,-0.0014690519717942,0.0137111517367459,0.000489683990598067,0,27,0.340168025708304,0.0755928946018454,1.63128552506524,28,0,-5.48748420072654,0.037037037037037,1,0.297668038408779,0,0.12741567111348,14,1,-0.928571428571429,0.0714285714285714,0.151623664984038,1,0.158410570131791,0,0,1.570796326795,0.352766841475279
"Spain","P.1",-0.0626444645760246,-0.00249422123525728,0.0197368421052632,0.00182664460406423,2,22,0.0326214242814462,-0.186314111450458,1.90116081426433,3,0.00983931869343383,-0.30171761121594,0.296296296296296,3,0.167652859960552,8,0.117073771446378,1,1,-0.857142857142857,0.0357142857142858,0.274039501867601,2,0.928343951289851,0,0,1.17809724509625,0.749965652880515
"Spain","QB.1.157 (B.1.157)",0.276047948937642,-0.00187057633973711,0.046875,0.017712922849338,3,10,-0.790074563841535,-0.932237876343724,1.726300904915,3,0.170862883571188,-0.133378793036708,0.851851851851852,4,0.0246913580246914,4,0.14516087973872,1,0.333333333333333,0.285714285714286,-0.428571428571429,0.22711081501045,3,2.14008967494596,0,0,1.37444678594563,1.17671251284992
"Spain","QB.1.177 (B.1.177)",-0.0558787024479604,-0.00595238095238095,0.0555555555555556,0.00256623482726424,1,25,0.281482408555003,0.0199194481407884,1.6222281413498,1,0,-5.3021859583328,0.185185185185185,2,0.197073616826703,0,0.0579334212900714,1,1,-0.321428571428571,0,0.161367981527642,2,0.603797414115175,0,0,1.570796326795,0.426684788214288
"Spain","QB.1.177.32 (B.1.177.32)",0.0564390741632709,-0.0200513445415485,0.388888888888889,0.0551680166045049,2,10,-0.197919562547938,-0.434322642962404,1.62227334354309,2,0.101565714526531,1.93355583376055,0.851851851851852,4,0.00640146319158665,3,0.0956073299953722,2,1,0.321428571428571,-0.0357142857142857,0.122222374632723,4,2.1375259168333,0,0,1.570796326795,1.18066791466484
"Spain","XBB",-0.049050198137024,-0.00123391748003549,0.0144927536231884,0.00209472272161255,1,21,-0.154996542301617,-0.329009702916411,1.52373985024924,1,0.20436130178807,-1.56125020525456,0.481481481481481,2,0.083676268861454,7,0.125220490908452,1,1,-0.357142857142857,0.142857142857143,0.0320706375133752,2,1.02477277439806,0,0,1.96349540849375,1.04108606359195
"Spain","XBB.1.16",-0.0733281226008856,-0.0021865889212828,0.0204081632653061,0.000728862973760933,0,27,0.340168025708305,0.0755928946018455,1.63128552506524,28,0,-5.48748420072656,0.037037037037037,1,0.297668038408779,0,0.12741567111348,14,1,-0.928571428571429,0.0714285714285714,0.151623664984039,1,0.158410570131791,0,0,1.570796326795,0.352766841475279
"Spain","XBB.1.5",-0.0821499574633056,-0.00721574344023324,0.0673469387755102,0.00240524781341108,0,27,0.340168025708305,0.0755928946018454,1.63128552506524,28,0,-5.48748420072656,0.037037037037037,1,0.297668038408779,0,0.12741567111348,14,1,-0.928571428571429,0.0714285714285714,0.151623664984039,1,0.158410570131791,0,0,1.570796326795,0.352766841475279
"Spain","XBB.2.3",0.329773247472061,-0.000328504043126685,0.036036036036036,0.00850735077084946,3,14,-0.4542144086671,-0.621108074271881,2.44879750452563,3,0.449917540077683,0.0576959285861675,0.666666666666667,6,0.0740740740740741,4,0.151269583018339,2,0.142857142857143,0.571428571428571,-0.321428571428571,0.417567528760278,4,1.86721584476119,0,0,0.7853981633975,1.0830109581626
"Sweden","A.15",-0.16207498349137,-0.0155895691609977,0.111111111111111,0.00651927437641723,1,26,0.187128033461884,-0.0392737848006422,2.16386355916936,26,0,-3.28183955737957,0.0740740740740741,2,0.26232741617357,0,0.147292355851763,14,0.5,-0.892857142857143,0.107142857142857,0.284749534323796,2,0.315396287422662,0,0,0.7853981633975,0.569731413953925
"Sweden","AY (B.1.617.2)",-0.000347789749372194,-0.00152890419381005,0.0240963855421687,0.00353963941317601,4,9,-0.214171112721926,-0.442522695963042,1.60043767925693,1,0.181849220332124,2.72260617509569,0.888888888888889,3,0.00228623685413809,4,0.0580455703507415,2,1,0.285714285714286,-0.142857142857143,0.245153772433831,3,2.17205434966283,0,0,1.570796326795,0.984948564845018
"Sweden","AY.122",-0.0850709517112333,-0.0107142857142857,0.1,0.00357142857142857,0,27,0.340168025708304,0.0755928946018454,1.63128552506524,28,0,-5.48748420072656,0.037037037037037,1,0.297668038408779,0,0.12741567111348,14,1,-0.928571428571429,0.0714285714285714,0.151623664984039,1,0.158410570131791,0,0,1.570796326795,0.352766841475279
"Sweden","AY.126",0.172699379858506,-0.0015939112525268,0.037037037037037,0.0102558123071805,3,6,-0.731286444447864,-0.937973213294511,1.96599138673304,2,0.274297729301695,-0.695750149878582,0.888888888888889,5,0.111111111111111,4,0.0725320661741007,1,0.142857142857143,0.571428571428571,-0.535714285714286,0.340760313717283,4,2.04742255947593,0,0,1.17809724509625,1.05682500330023
"Sweden","AY.127",0.0340060114232133,-0.00201578088612152,0.018018018018018,0.00484592783956164,2,6,-0.603034062131508,-0.781500368424135,1.56878680983412,3,0.0887485798505074,0.0312816220293,0.851851851851852,2,0.00502972107910379,6,0.0616250148060532,3,1,-0.428571428571429,-0.25,0.0333160660696283,3,2.14008967494596,0,0,1.76714586764437,1.19320579015494
"Sweden","AY.33",0.104167327054217,-0.0034536945165682,0.0545454545454545,0.00772094835088766,3,12,-0.178625805822799,-0.39357491720713,1.84305599249823,2,0.140929165751648,1.9138775148684,0.666666666666667,4,0.0374753451676529,4,0.0682264780091133,1,0.5,0.5,-0.142857142857143,0.261797325446831,4,2.08510745765341,0,0,1.17809724509625,1.03657929565156
"Sweden","AY.4",-0.0453717506312767,0.000537779297177793,0.0290909090909091,0.00684132915949169,2,10,-0.484538148289388,-0.663770106341871,1.68175105796631,1,0.122098646328815,-0.266674160797584,0.851851851851852,5,0.0462962962962963,5,0.0987147793382165,4,0.25,0.75,0.0714285714285714,0.227275667961842,3,2.05488015708729,0,0,1.570796326795,1.05382450375087
"Sweden","AY.43",0.0731928551303583,0.0141919374849083,0.267123287671233,0.146270478414544,3,0,0.671950604078023,0.844692255721277,4.92486886529774,5,0.48446542859875,-0.0415088829533519,1,10,0.166666666666667,6,0.174368236951545,4,0.1,0.642857142857143,-0.75,0.747435485935828,3,1.89595361079749,0,0,0.196349540849375,0.560315810232579
"Sweden","AY.46.6",-0.0707990619531032,-0.0015527950310559,0.0144927536231884,0.0005175983436853,0,27,0.340168025708304,0.0755928946018454,1.63128552506524,28,0,-5.48748420072656,0.037037037037037,1,0.297668038408779,0,0.12741567111348,14,1,-0.928571428571429,0.0714285714285714,0.151623664984039,1,0.158410570131791,0,0,1.570796326795,0.352766841475279
"Sweden","AY.5",0.297419262599651,-0.00108377109781604,0.0412147505422994,0.018102262406421,3,5,-0.124805914321081,-1.23863153485666,3.25724267007251,1,0.47648273694636,-0.218566004357044,0.888888888888889,4,0.04,3,0.120011171641146,2,0.2,0.392857142857143,-0.678571428571429,0.509242627300193,4,2.04742255947593,0,0,0.39269908169875,0.894787498346874
"Sweden","AY.75",0.126613993622449,0.000507489239529879,0.325842696629214,0.120617415123804,5,0,-0.86423029880574,-1.03203226722227,3.84737760527079,6,0.541750966708277,0.572940548490159,0.851851851851852,6,0.166666666666667,6,0.155313095252449,4,0.1,0.678571428571429,-0.607142857142857,0.592193867722466,3,1.85099274922897,0,0,0.39269908169875,0.829647319761997
"Sweden","AY.9.2",0.189949321526764,-0.000145163656701932,0.25,0.0935664678316598,4,2,-0.278189389213072,-1.21465382517696,7.15008477535588,14,0.647084834460351,-0.0714310466370891,0.962962962962963,9,0.166666666666667,7,0.240066206530871,3,0.1,0.607142857142857,-0.642857142857143,0.723767911211665,3,1.50773575224935,0,0,0.196349540849375,0.63083148887429
"Sweden","B.1",-0.0807277596052176,-0.00595238095238095,0.0555555555555556,0.00198412698412698,0,27,0.340168025708305,0.0755928946018454,1.63128552506524,28,0,-5.48748420072656,0.037037037037037,1,0.297668038408779,0,0.12741567111348,14,1,-0.928571428571429,0.0714285714285714,0.151623664984039,1,0.158410570131791,0,0,1.570796326795,0.352766841475279
"Sweden","B.1.1.261",0.0929032863538501,0.00103966114747786,0.333333333333333,0.0319918816583237,2,20,0.0174977201153541,-0.199900098995159,1.68770151729737,1,0.173302096899422,-1.94859371008265,0.407407407407407,3,0.0493827160493827,5,0.160793678543629,2,0.333333333333333,0.642857142857143,0.0357142857142858,0.228019863041911,2,1.14393218074529,0,0,1.17809724509625,1.15352235510508
"Sweden","B.1.1.438",-0.174331564539414,-0.000388402216232406,0.0476190476190476,0.00846802125946331,2,20,-0.246468500705631,-0.404809385017125,1.59264115071359,2,0.105356635767397,-1.00144687016807,0.444444444444444,4,0.0859625057155921,4,0.128903208291934,2,1,0.0357142857142858,0.25,0.0509938721291776,3,1.16587549973812,0,0,1.570796326795,1.18645593587821
"Sweden","B.1.1.458",-0.0889081641226368,-0.0119047619047619,0.111111111111111,0.00651927437641723,1,26,0.187128033461884,-0.0392737848006422,1.61296135154763,12,0.0031419001874333,-3.43847565691086,0.111111111111111,2,0.24371284865112,7,0.16808801549251,14,1,-0.464285714285714,0.107142857142857,0.135587562102225,2,0.419555892320233,0,0,1.570796326795,0.749573006997048
"Sweden","B.1.1.90",-0.11075801998352,-0.0267857142857143,0.25,0.0173611111111111,1,25,0.138586973436717,-0.0881917103688196,1.59993699013383,7,0.00983931869343383,-3.45567518179865,0.185185185185185,2,0.197073616826703,7,0.147642125895896,8,1,-0.357142857142857,0.0714285714285714,0.0973153840783176,2,0.603797414115175,0,0,1.570796326795,0.776461471179188
"Sweden","B.1.160",-0.0551630073211229,-0.0178571428571429,0.25,0.0208333333333333,1,25,0.0665299143859116,-0.133059828771823,1.58202798624215,1,0.112980411792325,-0.698018773884974,0.185185185185185,2,0.197073616826703,0,0.184803001553735,2,1,0.142857142857143,0,0.219238865885199,2,0.603797414115175,0,0,1.76714586764437,1.05519790700646
"Sweden","B.1.221",-0.0918415285480521,-0.0267857142857143,0.25,0.00892857142857143,0,27,0.340168025708304,0.0755928946018454,1.63128552506524,28,0,-5.48748420072655,0.037037037037037,1,0.297668038408779,0,0.12741567111348,14,1,-0.928571428571429,0.0714285714285714,0.151623664984038,1,0.158410570131791,0,0,1.570796326795,0.352766841475279
"Sweden","B.1.258.17",0.0458646078946474,0.000909666192058217,0.0476190476190476,0.00721946831089294,2,18,-0.196165142970799,-0.386215107053512,1.53040597864299,2,0.223012558766537,-0.435553557560063,0.555555555555556,4,0.0516689529035208,5,0.102676666232867,2,1,0.0357142857142858,-0.0714285714285714,0.00562393321873695,3,1.47327776275243,0,0,1.96349540849375,1.24947717442357
"Sweden","B.1.555",-0.217559649697774,-0.00680443548387096,0.19047619047619,0.0227631515069328,2,16,-0.0903581128674321,-0.321967839145871,1.66706227244223,4,0.0987407645256159,-1.3043084804376,0.518518518518518,5,0.0205761316872428,4,0.173185961136774,2,0.333333333333333,-0.25,0.357142857142857,0.202080975899219,3,1.6420833017615,0,0,1.37444678594563,1.12568900979862
"Sweden","BA.1 (BA.1)",0.116613158037903,0.00626121289745122,0.336244541484716,0.152221455133612,4,0,-1.12316663609444,-1.28613636284559,6.82359067546498,16,0.762587231331409,-0.00194534152350796,0.851851851851852,12,0.166666666666667,6,0.202968181917837,3,0.1,0.642857142857143,-0.607142857142857,0.743085619512146,3,1.67286403834734,0,0,0.196349540849375,0.541386193075653
"Sweden","BA.1.1 (BA.1.1)",0.0973087658798611,0.00860387570683592,0.271186440677966,0.127930836956499,7,0,-0.5309345027759,-0.362107220276781,6.31004557750266,21,0.802332651407601,0.0216261533615562,1,11,0.166666666666667,0,0.469537428284411,5,0.0909090909090909,0.75,-0.714285714285714,0.878345927336257,3,1.50773575224935,0,0,0.196349540849375,0.333138055496285
"Sweden","BA.1.13 (BA.1.13)",0.00943972205864873,0.00547836649492423,0.0671834625322997,0.0376911640275683,4,0,0.449424359388054,0.967958816101836,1.71389121355878,3,0.340001644437897,-0.907551998036066,1,4,0.0329218106995885,4,0.0748394883013227,1,0.333333333333333,-0.0714285714285714,-0.142857142857143,0.115924417083664,4,2.00543652903503,0,0,1.17809724509625,1.21750082865794
"Sweden","BA.1.15 (BA.1.15)",0.202443280398604,-0.000181468210290878,0.0766423357664233,0.0239553551848487,5,2,-0.837494663749478,-0.640493042972974,5.32212937980548,10,0.343389045708344,-0.0446309018961722,0.962962962962963,8,0.166666666666667,7,0.0865825165696774,5,0.1,0.857142857142857,-0.535714285714286,0.665753990163281,4,1.96411364916203,0,0,0.196349540849375,0.670327990537143
"Sweden","BA.1.17 (BA.1.17)",0.0402864755984677,0.00064639240108475,0.0693069306930693,0.0359068172964499,4,0,0.130180857467587,-0.0676365216657413,2.36636623825642,5,0.400876466463976,0.159966977995084,1,8,0.08,7,0.110254076842173,2,0.2,0.142857142857143,-0.714285714285714,0.412814164303553,5,2.14008967494596,0,0,0.589048622548125,0.978138504917424
"Sweden","BA.1.18 (BA.1.18)",0.0663441043392194,0.00400302984429372,0.0875912408759124,0.0454652189422571,3,0,-1.10748787340092,-0.334703445863394,4.60882620308329,8,0.407689574100698,0.2037559711507,0.962962962962963,9,0.0740740740740741,8,0.159765634424984,4,0.125,0.571428571428571,-0.678571428571429,0.627400231583549,3,1.96411364916203,0,0,0.196349540849375,0.763604684695166
"Sweden","BA.2 (BA.2)",0.145370370492333,-0.00099153578936412,0.218861209964413,0.0794652522927135,5,1,-0.945149273131883,-0.765521247441244,5.87630326387728,18,0.76925250046319,-0.00479890081998082,0.925925925925926,10,0.166666666666667,3,0.28508937739399,2,0.1,0.821428571428571,-0.571428571428571,0.788259201907795,3,1.85463073092449,0,0,0.196349540849375,0.489255013677162
"Sweden","BA.2.65 (BA.2.65)",0.0768173712339087,-0.000347816877431721,0.0225988700564972,0.0100114717669987,4,1,0.238371178543455,0.0292456758528734,1.64987672742906,1,0.310154178778514,-0.0578925755585006,0.925925925925926,5,0.0625,3,0.160562942110263,2,0.166666666666667,0.428571428571429,-0.357142857142857,0.204720965602689,4,2.1375259168333,0,0,1.570796326795,1.11129875707581
"Sweden","BA.2.9 (BA.2.9)",0.075347404991853,0.00270948146711826,0.145790554414784,0.0465186832828092,4,0,-0.734174998846661,-0.531532595304492,2.84376899834202,2,0.329273100919452,0.165172708698358,0.925925925925926,8,0.166666666666667,7,0.117404682604898,1,0.1,0.821428571428571,-0.464285714285714,0.535578273254775,4,1.89338985268483,0,0,0.39269908169875,0.768156290958068
"Sweden","BA.4 (BA.4)",0.0841393728920133,-0.000655958585966032,0.09375,0.0228192227338803,2,11,-0.494818327903487,-0.667343059006194,1.67512741221847,2,0.238027926715411,-0.871669581515877,0.851851851851852,3,0.0276134122287968,3,0.0895328351214913,2,0.5,0.0714285714285714,-0.321428571428571,0.177090527579756,3,2.15267478878266,0,0,1.37444678594563,1.18356102204494
"Sweden","BA.4.1 (BA.4.1)",0.0677935017872516,-0.000657396515234625,0.0810810810810811,0.0161921388732003,2,10,-0.38337459989793,-0.575632818118581,1.62827929027618,2,0.130852401515592,-0.426909296674835,0.851851851851852,4,0.0077732053040695,4,0.0677873964596483,4,1,0.892857142857143,-0.0714285714285714,0.269014485072482,3,2.1081250002291,0,0,1.570796326795,1.07161261263064
"Sweden","BA.5 (BA.5)",0.28390083018168,-0.000882227891156463,0.0705882352941176,0.0226759646474173,4,8,-0.783967131825984,-0.961140584848014,2.303939711024,4,0.278116415017054,0.250787582013115,0.851851851851852,7,0.0555555555555556,7,0.120374772601793,3,0.25,0.392857142857143,-0.392857142857143,0.354820043719509,4,2.07682347608013,0,0,0.7853981633975,1.01329431220135
"Sweden","BA.5.1 (BA.5.1)",0.303398988631629,-0.00178483764639876,0.10126582278481,0.0192857528632434,4,14,-0.307071655786635,-0.476824274702042,2.63857225962397,2,0.391663188805196,-0.00622740838621363,0.62962962962963,6,0.111111111111111,4,0.0543191552366621,1,0.142857142857143,0.714285714285714,-0.25,0.562413236941102,3,1.68014423967037,0,0,0.39269908169875,0.894126662313859
"Sweden","BA.5.1.24 (BA.5.1.24)",0.180377510442413,0.000125050020008004,0.05,0.0190033604109713,2,7,0.400315316831644,-1.10170835742605,1.71465328809393,1,0.34154406782794,0.373865280964182,0.925925925925926,8,0.0246913580246914,4,0.128405954133814,2,0.333333333333333,0.321428571428571,-0.392857142857143,0.23174610871793,5,2.17205434966283,0,0,1.37444678594563,1.15221034749136
"Sweden","BA.5.1.30 (BA.5.1.30)",0.313776079682109,-0.00127551020408163,0.0927835051546392,0.0121680219680351,2,15,-0.147089448203845,-0.383231770949071,1.6720156963782,1,0.238322018379297,2.1039856504939,0.62962962962963,4,0.0833333333333333,4,0.140735457843694,2,0.166666666666667,0.464285714285714,-0.285714285714286,0.270373929046883,3,1.83948185897513,0,0,1.37444678594563,1.13097770907043
"Sweden","BA.5.1.5 (BA.5.1.5)",0.224130926586847,-0.00124673929722265,0.0377358490566038,0.00410658383762148,1,17,-0.0419344984756815,-0.27953794894674,1.55564774536325,1,0.234158938619984,-0.159846901221794,0.592592592592593,2,0.0411522633744856,3,0.112252956898191,2,1,0.428571428571429,-0.142857142857143,0.210365479657573,2,1.6714842183657,0,0,1.96349540849375,1.11160048969883
"Sweden","BA.5.2 (BA.5.2)",0.297467313894645,-0.00128527020564323,0.037037037037037,0.00923302689034208,2,14,-0.469328762227794,-0.626513883828052,1.96175967324676,1,0.320074465460142,0.631367881975277,0.62962962962963,5,0.0666666666666667,3,0.0643556469480229,2,0.2,0.714285714285714,-0.321428571428571,0.408234672207518,3,1.8882623364595,0,0,0.589048622548125,0.956372906239275
"Sweden","BC (BA.1.1.1)",0.0479546782080825,0.000169128985595665,0.0448275862068966,0.0218378882055121,2,1,-0.896352314633055,-0.656881710920548,1.52307873833057,1,0.255869940070829,-0.332333377953892,1,3,0.00228623685413809,4,0.130658772246314,2,1,-0.0714285714285714,-0.357142857142857,0.0511224323731061,5,2.17205434966283,0,0,1.96349540849375,1.21861632780237
"Sweden","BD (BA.1.17.2)",0.15825787424861,0.00206300297784545,0.15,0.0542635236299516,3,2,0.178046763921176,-0.0547356347619309,3.317850395659,3,0.454379699575703,0.533015632458658,0.888888888888889,6,0.0740740740740741,5,0.0637287452395905,2,0.111111111111111,0.410714285714286,-0.75,0.504233523775994,4,2.0248160899152,0,0,0.39269908169875,0.915547436189677
"Sweden","BE.1",0.391046320527327,-0.0027533427163969,0.0512820512820513,0.0134523202406388,3,12,-0.547495553034941,-0.71614227793123,1.99153126826505,2,0.528943582875137,-0.663598916656412,0.703703703703704,6,0.111111111111111,3,0.0841125303591197,1,0.111111111111111,0.428571428571429,-0.357142857142857,0.465715353756952,2,1.8294605032511,0,0,0.589048622548125,0.865235676390653
"Sweden","BE.1.1",0.16955963675447,0.000206626668447354,0.132530120481928,0.0434640118528821,3,2,-0.12558090637458,0.099025865199539,2.06864189191579,3,0.272304912916349,1.0464134185029,0.962962962962963,5,0.166666666666667,3,0.0654032820733526,1,0.0909090909090909,0.785714285714286,-0.607142857142857,0.346746302846549,4,2.0962030369603,0,0,0.7853981633975,0.998407431349911
"Sweden","BF (BA.5.2.1)",-0.107296832886481,0.00146191669551716,0.0512820512820513,0.0109477091282706,2,13,-0.40031175972757,-0.576691122908061,1.83295927965635,3,0.22364107960639,1.53508064767056,0.740740740740741,5,0.00591715976331361,3,0.051616843562792,1,0.5,0.785714285714286,0.142857142857143,0.202729044233378,4,2.06572789677324,0,0,1.17809724509625,1.15403294411454
"Sweden","BF.26",0.0931176880361342,-0.00226199859446291,0.0631067961165049,0.0198461188210404,3,1,-0.924656400104803,-0.709103354442441,4.7134697626693,1,0.474545409828965,-1.1829915450384,0.888888888888889,5,0.111111111111111,4,0.106845547460082,3,0.125,0.392857142857143,-0.392857142857143,0.552980725261909,4,1.75617294866123,0,0,0.196349540849375,0.839442124719467
"Sweden","BF.5",0.112392641892874,-0.000432541437627683,0.0238095238095238,0.00750583174944121,4,8,-0.739298434427814,-0.91103265889643,1.91297496257832,2,0.288225053938713,0.0303515937558065,0.851851851851852,8,0.0177514792899408,5,0.103763377046489,2,0.5,0.428571428571429,-0.178571428571429,0.139968492243092,3,2.13073146978983,0,0,0.981747704246875,1.16326339230791
"Sweden","BF.7",0.148525313577426,-0.00104567969179967,0.0126582278481013,0.00257164448224338,2,18,-0.336271153306776,-0.499256532002344,1.65352820924484,3,0.161192213316719,-1.28374267132512,0.555555555555556,4,0.0414201183431953,4,0.144020488436315,1,0.5,0.410714285714286,-0.178571428571429,0.144695890114157,3,1.48263596790857,0,0,1.37444678594563,1.06098495752484
"Sweden","BG (BA.2.12.1)",0.183162527681878,0.00410429795077887,0.142857142857143,0.0303692729643733,3,5,-0.445018005552986,-0.642654617149519,3.20540895815956,7,0.188744188808666,0.828089155030301,0.962962962962963,3,0.0625,5,0.0695961571599074,6,0.166666666666667,0.928571428571429,-0.142857142857143,0.4544824654225,6,2.11814635595313,0,0,0.589048622548125,0.725486547895991
"Sweden","BN.1",0.140968753207403,0.000513147148998912,0.0404040404040404,0.0116070327139619,2,6,0.0509527498471402,-0.28270137529735,1.64342963291712,1,0.243264438883793,-0.115038178708952,0.888888888888889,5,0.0833333333333333,4,0.104548177241967,3,0.25,0.464285714285714,-0.285714285714286,0.243515416027206,3,2.15946923582613,0,0,1.37444678594563,1.12239246844845
"Sweden","BQ.1",0.286529408200169,-0.000868816677001094,0.0625,0.0141453579643047,2,9,-0.450921502205932,-0.62939722183312,4.01042747369745,7,0.403645074931035,0.25303602251301,0.888888888888889,5,0.166666666666667,3,0.207584227269657,1,0.0909090909090909,0.785714285714286,-0.357142857142857,0.565459395278783,3,1.93537588312572,0,0,0.39269908169875,0.782822821404064
"Sweden","BQ.1.1",0.354879669210558,-0.000720020102574676,0.0490566037735849,0.0124400901919537,2,8,-0.569436862792545,-0.754816773678263,1.93591795266704,1,0.401689719759962,0.110450857370906,0.814814814814815,3,0.111111111111111,6,0.175354399100654,3,0.111111111111111,0.714285714285714,-0.5,0.461159384441807,3,2.00609967960293,0,0,0.7853981633975,0.874979670869181
"Sweden","BQ.1.1.10",0.111351551452264,-0.000594774874930518,0.0149253731343284,0.00357944677025348,1,19,-0.375580767790191,-0.509886620950832,1.54115303285869,1,0.121244137833297,-0.0214412804310088,0.518518518518518,2,0.0708733424782807,4,0.17397564285175,2,1,0.357142857142857,0,0.161134353729687,2,1.21317947197261,0,0,1.76714586764437,1.07696691249732
"Sweden","BV (BA.5.2.20)",0.0287303002763619,-0.000967671591342747,0.0212765957446809,0.00667257285309234,3,9,-0.707329491983185,-0.872894407489914,1.84583998372365,2,0.257991486410725,-0.995371677231235,0.888888888888889,6,0.04,3,0.122303632322079,1,0.2,-0.142857142857143,0.357142857142857,0.340578071409615,4,2.08874543934893,0,0,1.17809724509625,1.08038564658286
"Sweden","BZ (BA.5.2.3)",0.0669565986716671,0.000157646571024335,0.0542635658914729,0.0196519225056551,2,4,-0.253362099959426,0.154255192363673,1.62163768706397,1,0.362784536308774,1.11233775267701,0.962962962962963,4,0.0205761316872428,3,0.132264827173984,4,1,0.678571428571429,-0.178571428571429,0.200434869412604,4,1.95219168589323,0,0,1.17809724509625,1.20246841420347
"Sweden","CH.1",-0.060203922086288,-0.00158349836464971,0.0384615384615385,0.0109085642423877,4,2,0.0741773431779947,-0.152286141853442,1.64578374194052,2,0.241190327116425,2.48108236509543,0.925925925925926,3,0.0118343195266272,4,0.124369516839987,2,0.5,0.571428571428571,-0.0357142857142857,0.114658212734743,3,2.14688412198944,0,0,1.37444678594563,1.2516985614237
"Sweden","CH.1.1.1",0.145286995153832,0.000901631737939559,0.0443037974683544,0.0179883490272343,4,2,0.357118781453387,0.547121534864414,2.72502163785248,3,0.311012346738963,0.0522472739100762,0.925925925925926,8,0.111111111111111,4,0.159805208983228,2,0.142857142857143,0.75,-0.5,0.509294227334123,4,1.96411364916203,0,0,0.39269908169875,0.963598901893583
"Sweden","DE (BA.5.1.23)",0.0891699194469027,0.00935045064370708,0.0963855421686747,0.0257042617642253,3,2,-0.623723855243478,-0.810824117631441,1.73578348353768,2,0.0973467751703104,0.575369921678031,0.962962962962963,5,0.0118343195266272,5,0.0967189477740809,2,0.5,-0.428571428571429,0.0714285714285714,0.126998083471326,3,2.12750456110927,0,0,1.17809724509625,1.19755804852036
"Sweden","DH (BA.5.1.22)",0.281449037658756,-0.00306122448979592,0.0303030303030303,0.00797640049592789,2,15,-0.480729778136278,-0.627993041099417,1.6146718039544,1,0.355040108020047,-0.650811738387657,0.62962962962963,5,0.0379515317786923,2,0.116398297502199,1,1,0.178571428571429,-0.285714285714286,0.163333175202993,3,1.76619430438526,0,0,1.76714586764437,1.00688548695045
"Sweden","EG.1",-0.180575535670253,-0.00113428238428238,0.0416666666666667,0.00785925104122421,2,17,-0.302335474075236,-0.472911284158261,1.728557735028,2,0.140676781912411,-0.329177007150576,0.62962962962963,3,0.0729783037475345,3,0.0842094632293816,2,0.5,-0.642857142857143,0.285714285714286,0.156786560132453,2,1.6466900304237,0,0,1.37444678594563,1.19354619841557
"Sweden","EG.5.1",-0.019248654972071,-0.00266542980828695,0.166666666666667,0.0295095330875839,1,16,-0.288604965357032,-0.475871678188224,1.49521186099575,1,0.137794239106865,0.159722796065408,0.740740740740741,3,0.0201188843164152,4,0.0749283089450215,1,1,0.285714285714286,0.107142857142857,0.039820405874413,3,1.77024759702774,0,0,2.3561944901925,1.15835689741864
"Sweden","EG.5.1.1",0.338795268670706,-0.00446428571428571,0.142857142857143,0.025608424529232,2,19,-0.271778952221513,-0.443228913264634,1.93290725296171,2,0.272869485571929,-1.02223526930128,0.407407407407407,5,0.111111111111111,5,0.141947503581058,4,0.142857142857143,0.714285714285714,-0.214285714285714,0.467083575893597,2,1.17523370489426,0,0,0.589048622548125,0.929281465767595
"Sweden","EG.5.1.3",0.0243066762122681,-0.00446428571428571,0.25,0.0451791410344042,2,17,-0.288512725985009,-0.46723237855416,1.59437769938731,2,0.163430983131078,1.0222262520202,0.592592592592593,4,0.0438957475994513,2,0.0701484848990849,2,1,0,0,0.0523122852856792,4,1.6007604218885,0,0,1.570796326795,1.23252586382467
"Sweden","G2 (B.1.258.22)",0.129666843541021,0.00357142857142856,0.48,0.095160305696259,2,13,-0.321964158621613,-0.485812541129694,1.57945196276788,1,0.271922944065274,-1.72664861756367,0.814814814814815,3,0.00502972107910379,5,0.128607353595995,1,1,0.428571428571429,-0.0714285714285714,0.20034195015169,3,2.0962030369603,0,0,1.96349540849375,1.08477039098479
"Sweden","HK.3",0.214533465567155,-0.00630252100840336,0.105263157894737,0.0127420299368196,2,18,-0.0939741978464871,-0.31719840837462,1.69391937565607,2,0.0569863977623071,-2.53241623425994,0.518518518518518,3,0.0670611439842209,2,0.161356974826633,1,0.5,0.0357142857142858,-0.25,0.219549658413333,2,1.43537221712824,0,0,1.37444678594563,1.07668569076068
"Sweden","HV.1",0.171950050207174,-0.00128539788008226,0.032258064516129,0.00832613140936916,2,15,-0.496604987543737,-0.653649056891277,1.54056340535068,1,0.187095973770604,-0.366858733407033,0.703703703703704,4,0.0256058527663466,0,0.0967437900291232,2,1,0.142857142857143,-0.142857142857143,0.127004112638931,2,1.8294605032511,0,0,1.76714586764437,1.17907528696234
"Sweden","JG.3",0.115999931294642,-0.0018796992481203,0.0789473684210526,0.0075664763896008,2,20,0.0196952620760198,-0.217142453128738,1.62664291028073,2,0.0114074112324338,-2.1633883950553,0.518518518518518,2,0.0722450845907636,6,0.0937806861631111,2,1,0.428571428571429,-0.0357142857142857,0.160167905916913,2,1.15819725468005,0,0,1.76714586764437,1.13278187455398
"Sweden","JN.1",0.209552057087958,-0.0038265306122449,0.0454545454545455,0.00967563996191546,2,16,-0.367307342694354,-0.530028442897848,1.65941226720728,1,0.302074824954804,0.73209795751944,0.62962962962963,4,0.0277777777777778,0,0.100181911192356,2,0.25,-0.107142857142857,-0.214285714285714,0.181802250206225,4,1.72487142451226,0,0,1.570796326795,1.05660382714709
"Sweden","JN.1.4",0.212421016257257,0.00013419804057142,0.1,0.0246208403756907,2,4,-0.586055773847457,-0.586055773847457,1.80558177246808,1,0.295051691981509,2.20392169957265,0.925925925925926,5,0.0740740740740741,5,0.0549823212100905,3,0.111111111111111,0.678571428571429,-0.5,0.403998538393453,3,2.15946923582613,0,0,0.981747704246875,0.946109018019953
"Sweden","JN.2",0.00882625360138691,-0.00412087912087912,0.0571428571428571,0.00691028548171405,2,23,-0.0741418257515378,-0.251260411917341,1.91837727918796,3,0.0360473719784376,-0.0218759648103255,0.259259259259259,3,0.104536489151874,0,0.143340114989433,1,0.5,-0.107142857142857,0.0714285714285714,0.118009912591976,3,0.852019419362702,0,0,0.981747704246875,1.17352325789487
"Sweden","QB.1.177.21 (B.1.177.21)",-0.0223320676233889,-0.0267857142857143,0.25,0.0111607142857143,1,26,0.286685867846556,0.02774379366257,1.62396767113944,2,0.0031419001874333,-5.14439242724727,0.111111111111111,2,0.24371284865112,0,0.05923559581042,2,1,-0.0357142857142857,0.0357142857142858,0.140321797166557,2,0.419555892320233,0,0,1.570796326795,0.454687339274665
"Sweden","QB.1.177.35 (B.1.177.35)",0.183643039923027,0.00156259672726522,0.174846625766871,0.0283786481147722,2,15,-0.2231331800019,-0.402195670417238,1.75615449814631,2,0.237555387070968,0.329338825669573,0.666666666666667,4,0.00394477317554241,3,0.137790515869079,2,0.5,0.571428571428571,-0.0357142857142857,0.220009609627217,3,1.83525117004432,0,0,1.37444678594563,1.20420191418066
"Sweden","QB.1.177.86 (B.1.177.86)",-0.0877064586863384,-0.0153061224489796,0.142857142857143,0.00510204081632653,0,27,0.340168025708304,0.0755928946018454,1.63128552506524,28,0,-5.48748420072655,0.037037037037037,1,0.297668038408779,0,0.12741567111348,14,1,-0.928571428571429,0.0714285714285714,0.151623664984038,1,0.158410570131791,0,0,1.570796326795,0.352766841475279
"Sweden","XBB",0.0171110770807378,-0.00142695136038769,0.015625,0.00273821422111778,2,18,-0.258322821678358,-0.429975678138958,1.60727911709179,1,0.115194033336657,0.656126867396347,0.555555555555556,4,0.0557841792409694,6,0.0559746212135081,1,1,0.178571428571429,0.0357142857142858,0.166527392351984,3,1.44387684614823,0,0,1.76714586764437,1.04484103664181
"Sweden","XBB.1",0.283051597284941,-0.000643670927597406,0.0202020202020202,0.0061241071960348,2,11,-0.64449975616817,-0.803131553644636,2.14995851145175,2,0.414170624009978,0.0961804028239837,0.703703703703704,4,0.0625,3,0.116102939218161,1,0.166666666666667,0.607142857142857,-0.357142857142857,0.376519654370083,3,2.06572789677324,0,0,0.981747704246875,0.987650095290178
"Sweden","XBB.1.16",0.165100579659175,-0.00167410714285714,0.0634920634920635,0.0157557060789029,2,12,-0.510553868404894,-0.682860887808423,1.58634673624616,2,0.191149181088532,0.0199605345241357,0.777777777777778,3,0.00274348422496571,2,0.0967967271268725,5,1,0.214285714285714,-0.428571428571429,0.131345885354021,3,2.13073146978983,0,0,1.96349540849375,1.15834194437255
"Sweden","XBB.1.4.1",0.080563958995439,0.00196155793628923,0.0615384615384615,0.0280006279622612,3,2,-1.00415635872755,0.127254903618736,1.9902836665195,3,0.529797349906213,-0.099085985302118,0.925925925925926,6,0.166666666666667,3,0.070493162737337,2,0.1,0.5,-0.357142857142857,0.368378402276724,4,2.05678076463207,0,0,0.981747704246875,1.02594550007958
"Sweden","XBB.1.5",0.0879952040768385,-0.00285577997271546,0.1,0.0224755800131595,2,3,-0.644284413327973,-0.386066193153692,1.63421386802403,1,0.0991227333766907,0.804247479443495,0.888888888888889,4,0.0462962962962963,6,0.186330245348545,2,0.25,0.714285714285714,-0.107142857142857,0.224123529186566,3,2.11814635595313,0,0,1.76714586764437,1.12262118516136
"Sweden","XBB.1.9",0.0323298978087924,-0.00145493148654653,0.0146520146520147,0.00287965809644023,3,19,-0.297735641283923,-0.451944221532102,1.60436900543153,1,0.222841356716477,-1.17480864314678,0.555555555555556,3,0.0626428898033836,5,0.123976392829781,6,1,0.321428571428571,0,0.125648726848933,2,1.23742568017724,0,0,1.96349540849375,1.0403715481953
"Sweden","XBF",0.191563791197867,0.000877881110684302,0.0297872340425532,0.0130389337619798,2,3,-0.431368585987497,0.351596169066261,1.73945410287,1,0.299063130866272,-0.225158870432547,0.925925925925926,6,0.0740740740740741,4,0.102661717492913,3,0.111111111111111,0.571428571428571,-0.357142857142857,0.397149210067938,4,2.11814635595313,0,0,0.981747704246875,0.934687888673136
"United Kingdom","A",-0.0346736313666785,-0.00118152230961673,0.0215827338129496,0.00921209147179157,5,0,-0.15402541595964,0.076751129181336,1.9298643541163,1,0.311516783875429,-1.82352875414304,0.888888888888889,4,0.0740740740740741,5,0.0682634524204672,3,0.142857142857143,-0.464285714285714,0.678571428571429,0.465656640201569,5,2.01545788475906,0,0,0.7853981633975,0.853006234699743
"United Kingdom","AD.2",0.466693861064591,-0.00150905432595573,0.217054263565891,0.0776136731353149,6,8,-0.762084130931608,-0.91001723503098,5.3516491623027,13,0.692714909328802,0.0506782415921548,0.777777777777778,15,0.111111111111111,0,0.383750921372603,7,0.125,0.285714285714286,-0.535714285714286,0.765594226304185,3,1.84097139350494,0,0,0.196349540849375,0.669990899109923
"United Kingdom","AY (B.1.617.2)",0.0769367207531813,-0.000385536240723878,0.0689655172413793,0.0274034476930849,5,0,-1.0855701514383,-0.0892501320637078,5.74189640066263,2,0.616741733523249,0.374923197297452,0.962962962962963,6,0.166666666666667,7,0.100316336425899,1,0.1,0.785714285714286,-0.642857142857143,0.652947389210844,4,1.65604823557983,0,0,0.196349540849375,0.676451726575795
"United Kingdom","AY.120",0.0674600376519414,-0.000707864628472801,0.0259626604434072,0.0134633289169525,3,0,0.0874566938979913,-0.0796147763658006,5.58056458302519,15,0.675252344916395,0.094223069488068,0.962962962962963,9,0.166666666666667,2,0.231616664303671,1,0.1,0.75,-0.607142857142857,0.80018118507842,3,1.79964851363194,0,0,0.196349540849375,0.488815151634897
"United Kingdom","AY.4",0.137276529626103,0.00255895514424421,0.418655097613883,0.163055517428934,4,0,-0.860452085894008,-1.0139986159695,6.37085303214971,21,0.857698525823336,0.0317246170425373,0.814814814814815,6,0.166666666666667,6,0.607605644907006,4,0.0909090909090909,0.821428571428571,-0.535714285714286,0.838367586433418,2,1.77024759702774,0,0,0.196349540849375,0.298208851069936
"United Kingdom","AY.4.2",0.0205782890487974,-0.000473057287680972,0.0203331170235778,0.012306737780006,2,0,-0.290878524089422,-0.353725807005135,2.27013896375539,5,0.34551059204824,-0.172699315559623,1,5,0.0462962962962963,8,0.0359374440938167,3,0.25,0.857142857142857,-0.642857142857143,0.367088216530713,3,1.99351456576623,0,0,0.7853981633975,0.790659637150544
"United Kingdom","AY.4.2.1",0.0221828864738331,-0.000772507309193404,0.0219107240065324,0.0149220994878711,3,0,-0.0661338636764484,0.126149369696096,2.50251822332742,3,0.412398798821129,0.303070293491206,1,8,0.166666666666667,6,0.061846144881364,2,0.1,0.5,-0.571428571428571,0.471848980126498,4,1.97669876299873,0,0,0.589048622548125,0.921934248791722
"United Kingdom","AY.4.2.2",0.00662065565241125,3.3144258427838e-06,0.0204702627939142,0.0112233810170427,3,0,-0.0924899355431147,0.109735212994425,1.57292865690828,1,0.298214092382523,0.33658769613463,0.962962962962963,4,0.00640146319158665,6,0.0729155967635654,2,1,0.392857142857143,-0.142857142857143,0.0932780061095047,4,2.1375259168333,0,0,1.76714586764437,1.20398583259312
"United Kingdom","AY.43",0.0188472194218459,5.4428283817878e-05,0.0219883040935673,0.0127619093809487,4,0,-0.98242252300298,-0.57472453985977,1.82682673556465,2,0.472589365417614,-0.203753541372247,0.888888888888889,5,0.0532544378698225,4,0.0742875131917956,1,0.5,0.357142857142857,-0.607142857142857,0.311268610577143,4,1.99864208199156,0,0,1.37444678594563,1.09843561459028
"United Kingdom","AY.46",0.0167454416763583,-0.000281847848338494,0.017478813559322,0.0118941247954082,3,0,0.894200168167325,0.683603330710875,1.84871882454247,2,0.377400517304759,0.85228666052529,1,10,0.0740740740740741,2,0.118713773579745,1,0.125,0.785714285714286,-0.428571428571429,0.417817118613309,3,2.17205434966283,0,0,1.17809724509625,0.916471895919212
"United Kingdom","AY.5",0.043503527976284,0.000334534894855499,0.0685023505708529,0.0324548896475701,4,0,-0.994981626237198,-0.541530482648001,5.01218284163405,14,0.493756681206893,0.975436323836405,0.888888888888889,9,0.0740740740740741,7,0.0970129870437201,4,0.111111111111111,0.5,-0.607142857142857,0.595151871928374,4,1.92535452740169,0,0,0.196349540849375,0.813215583012329
"United Kingdom","AY.6",0.0789098475522993,-0.00118531696070862,0.0141065830721003,0.00300709313486181,3,2,-0.472675661062081,-0.68151094714576,1.74376764838459,3,0.217218474767646,-1.40027180589096,0.851851851851852,3,0.0329218106995885,5,0.104681852667978,1,0.333333333333333,0.535714285714286,-0.178571428571429,0.18739551817765,3,1.9715712467734,0,0,0.981747704246875,0.901285716519036
"United Kingdom","AY.9",0.0784102434511238,-0.000306937925598165,0.0559701492537313,0.0252738084099537,6,0,-0.83733074059807,-0.983088402781362,6.26919368577043,17,0.800211105067705,0.0610130531797014,0.925925925925926,7,0.166666666666667,8,0.477499394425661,4,0.1,0.785714285714286,-0.5,0.851627872408594,2,1.73464494061535,0,0,0.196349540849375,0.351751926036014
"United Kingdom","AY.98",0.0282449517807973,-0.000404653514317223,0.0317848410757946,0.0190469007954446,2,0,0.253909800381222,-0.120204203291493,5.79848118855336,1,0.480260641014786,0.0949717470905588,1,13,0.0740740740740741,5,0.0876466641972106,2,0.111111111111111,0.571428571428571,-0.535714285714286,0.694276268341858,4,1.89338985268483,0,0,0.196349540849375,0.757017833724492
"United Kingdom","B.1",0.0275507633244253,-0.00221744811295027,0.0765199161425577,0.043613693922195,2,0,-0.027836911693439,-0.214054380208779,1.81556047649275,2,0.242466249115712,1.03974235075842,1,4,0.0118343195266272,3,0.0732870005564492,2,0.5,0.0357142857142858,-0.5,0.227733228691942,5,2.14008967494596,0,0,1.570796326795,1.08117343825736
"United Kingdom","B.1.1",0.0587942285780954,-0.00196987162612535,0.0740740740740741,0.0282933311972084,6,2,0.473782657006909,0.674469941512064,2.19782470102041,2,0.199480875017579,-1.45150801412018,0.925925925925926,6,0.0177514792899408,5,0.0784052324521309,2,1,-0.714285714285714,-0.142857142857143,0.364681497201278,5,1.76404585721955,0,0,0.981747704246875,0.837147391018852
"United Kingdom","B.1.1.301",0.20187977202453,-0.00240985334332301,0.0662460567823344,0.0354371129692724,3,3,1.11886220940694,0.230069610560545,3.22432540651514,1,0.414988010323495,1.30267349989911,0.925925925925926,12,0.166666666666667,3,0.0656305319122688,2,0.1,0.321428571428571,-0.535714285714286,0.50113450588647,4,2.03483744563923,0,0,0.39269908169875,0.917724791194021
"United Kingdom","B.1.1.369",0.370937454819632,0.000433688958279122,0.0600801068090788,0.0178186100832798,4,8,-0.719763843174547,-0.902834520207904,4.69667715142188,4,0.557909371094306,-0.140322530343414,0.814814814814815,11,0.111111111111111,4,0.219530774120498,3,0.111111111111111,0.642857142857143,-0.464285714285714,0.64890362923242,3,1.88915916375402,0,0,0.196349540849375,0.807799296217548
"United Kingdom","B.1.1.37",0.251767232667337,-0.00127551020408163,0.0422535211267606,0.0111226703895098,3,10,-0.566268670909276,-0.739719019938779,2.81936933182494,4,0.420772261183341,-0.564695220661482,0.740740740740741,4,0.0205761316872428,6,0.0808033396303352,2,0.333333333333333,0.714285714285714,-0.464285714285714,0.381944753943738,2,1.86398893608063,0,0,0.7853981633975,1.02542555285448
"United Kingdom","B.1.1.372",0.133158422004425,0.000419799671764267,0.0398773006134969,0.0183636178562788,4,2,-0.526077038401289,-0.362193206878526,3.85615820649302,4,0.547259914318621,-0.46170141159086,0.962962962962963,8,0.0625,4,0.0455772382931385,3,0.166666666666667,0.142857142857143,-0.535714285714286,0.535063491353672,5,1.89338985268483,0,0,0.39269908169875,0.832845840254145
"United Kingdom","B.1.1.83",-0.0013892073422257,-0.00122100679390219,0.0452261306532663,0.0143176594207692,4,0,-0.825397302987514,-0.596652201479473,1.61964868123673,3,0.187798160535644,1.9361976645094,0.888888888888889,5,0.00502972107910379,4,0.0608166262333212,3,1,-0.107142857142857,0.0714285714285714,0.0258640119119083,3,2.14688412198944,0,0,1.37444678594563,1.26881960855074
"United Kingdom","B.1.13",-0.0120644992713413,0.000368486960716213,0.0388349514563107,0.0181026277339129,2,0,-0.89127777425933,-0.332252069073947,1.58102529134161,2,0.332941471578764,-1.21628398762883,1,3,0.0050297210791038,2,0.081443173808983,5,1,-0.357142857142857,0.107142857142857,0.0860364356363007,3,2.15011103066999,0,0,1.76714586764437,0.970060627423952
"United Kingdom","B.1.142",-0.117538557110071,-0.00122106778905773,0.0161725067385445,0.00678088164894525,3,4,-0.432645538071298,-0.251295286109352,1.64451070106285,2,0.439579499357217,-1.77853996221222,1,3,0.0532544378698225,3,0.117562539825571,2,0.5,0.214285714285714,0.357142857142857,0.0384510216372966,4,2.08874543934893,0,0,1.570796326795,1.26435692191153
"United Kingdom","B.1.222",-0.00850253510593971,0.000217650399471461,0.0360531309297913,0.0156267353860123,3,1,-0.922975812890789,-0.725282514026699,1.98320687570484,2,0.486700909277133,-0.105204829770189,1,7,0.111111111111111,4,0.125307882034864,1,0.111111111111111,0.714285714285714,-0.428571428571429,0.425399221929671,4,1.99351456576623,0,0,0.7853981633975,0.985403042334675
"United Kingdom","B.1.36",-0.0241767059457469,-0.00107142857142857,0.01,0.000549451124305872,1,25,0.226758121458866,-0.0248884075769862,1.61335872363534,5,0.00983931869343383,-4.72170724487622,0.185185185185185,2,0.197073616826703,6,0.0918788690112944,5,1,0.142857142857143,0,0.11476347568823,2,0.603797414115175,0,0,1.76714586764437,0.569465879418676
"United Kingdom","B.1.391",0.148155265156516,0.000812326879292373,0.0390625,0.0194415253356366,2,2,0.00923721956240819,0.210312861202714,3.67944459086829,6,0.45758288162365,0.475214825299782,0.925925925925926,10,0.125,6,0.0758369034776972,5,0.166666666666667,0.535714285714286,-0.678571428571429,0.549093147422277,3,2.10556124211643,0,0,0.39269908169875,0.843065194275873
"United Kingdom","B.1.93",0.126055592105808,-0.000642823249144761,0.0448548812664908,0.0165410075981848,4,1,-1.13369786167374,-0.922790803303022,6.16816123137496,6,0.500812453136653,0.143931611159733,1,10,0.166666666666667,4,0.0394316677301485,5,0.1,0.857142857142857,-0.535714285714286,0.689180829325794,3,1.84097139350494,0,0,0.196349540849375,0.624443042916854
"United Kingdom","B.23",0.0859591774990095,-0.000182699562239513,0.0388349514563107,0.0171081961740294,2,2,-0.150534980079676,0.035145389096488,1.4561823921314,1,0.316019725020382,0.142755258379988,1,3,0.0109739368998628,5,0.175427672925302,4,1,-0.0714285714285714,-0.428571428571429,0.0515775531313744,3,2.08618168123626,0,0,2.3561944901925,1.25273175029243
"United Kingdom","B.28",0.0670770249995461,-0.000363123224509773,0.032967032967033,0.00775456547652548,2,3,-0.579453916233682,-0.793714424844943,1.62546242908715,1,0.312674638518699,-2.49917148211927,0.851851851851852,6,0.0160036579789666,4,0.0485930084247498,3,1,-0.714285714285714,0.357142857142857,0.247129236977569,3,2.04742255947593,0,0,1.76714586764437,0.690747226085831
"United Kingdom","B.3",0.137534153199954,0.00605156017311605,0.0935251798561151,0.0455823628567312,4,2,0.0516317009977508,0.0516317009977508,3.01841487293343,10,0.378520458108637,0.168343294369969,0.925925925925926,13,0.0740740740740741,5,0.10412900407557,5,0.142857142857143,-0.0714285714285714,-0.821428571428571,0.50001861996755,3,1.98605696815486,0,0,0.39269908169875,0.859951534562252
"United Kingdom","B.3.1",0.0585448956648136,0.00599186388497881,0.096045197740113,0.0275570859946436,5,1,-0.793861749018179,-0.581506011889257,2.70315756452905,6,0.163862688904424,-0.449067131659552,0.962962962962963,6,0.0462962962962963,6,0.0371578953753508,3,0.5,-0.392857142857143,-0.642857142857143,0.402224295374575,3,2.05488015708729,0,0,0.589048622548125,1.03937134900395
"United Kingdom","B.39",0.0859328526757383,0.00245063864918586,0.0508474576271186,0.0187812394228425,3,2,-0.313185011158309,-0.538938511951752,1.53155684718178,1,0.261769390479151,-1.82501002518838,0.962962962962963,4,0.00137174211248285,3,0.0928466428090644,1,1,-0.0714285714285714,-0.5,0.0877083830081834,3,2.18463946349952,0,0,1.76714586764437,1.25248878604077
"United Kingdom","B.45",-0.0264013789508733,0.00107823094060676,0.0193905817174515,0.00940140966855087,2,0,0.438813260272579,0.240081927308205,1.99303147771351,2,0.240528921998318,-0.303308230597264,1,7,0.08,2,0.098403762962507,1,0.2,-0.5,0.357142857142857,0.432245996261073,4,1.99351456576623,0,0,0.7853981633975,0.955870809642114
"United Kingdom","BA.1 (BA.1)",-0.0283464877227748,-0.00202922077922078,0.0189393939393939,0.00069998071235695,1,26,0.333809945457597,0.0690537962108828,1.63038315536021,25,0,-5.49875525964071,0.111111111111111,1,0.24371284865112,0,0.118364662825271,14,1,-0.928571428571429,0.0357142857142858,0.152179441582498,1,0.419555892320233,0,0,1.570796326795,0.35621632102921
"United Kingdom","BA.1.1 (BA.1.1)",0.0907013478283694,0.00769527866077522,0.22841897522111,0.116503421798171,8,0,0.0501235760809432,-0.196297946137867,7.08680516881376,20,1.04063148044314,0.00526245322395867,0.814814814814815,13,0.166666666666667,0,1.59651657949198,2,0.0909090909090909,0.75,-0.678571428571429,0.873802437605486,2,1.33116701923013,0,0,0.196349540849375,0.0914515259134123
"United Kingdom","BA.1.15 (BA.1.15)",0.0314225324872781,0.00234386143345576,0.0483122700367941,0.0364094588711983,4,0,0.887883520363623,0.706674511880722,5.10989499692793,11,0.656133422775457,0.0983985223170563,0.925925925925926,12,0.166666666666667,8,0.367645245512904,4,0.1,0.482142857142857,-0.785714285714286,0.695898044431762,3,1.81646431639944,0,0,0.196349540849375,0.484589384873714
"United Kingdom","BA.1.15.1 (BA.1.15.1)",0.0317406928957419,0.00767657764870761,0.0834927575840394,0.0623939368385961,4,0,0.846688359722433,0.656734460974917,4.64209605428935,14,0.540427610136462,0.0262375312238867,0.888888888888889,19,0.0740740740740741,4,0.655699652061557,7,0.25,0.25,-0.821428571428571,0.726110909509304,4,1.75086803614757,0,0,0.196349540849375,0.476591046775605
"United Kingdom","BA.1.16 (BA.1.16)",0.0143314295923965,0.00116533438641813,0.0270474036377344,0.0224222783609991,2,0,0.831276570722939,0.642522476066928,4.930927981812,5,0.416034798435819,0.349918957146079,0.925925925925926,13,0.0740740740740741,5,0.177139081888006,1,0.125,0.178571428571429,-0.857142857142857,0.674102479302323,3,1.86780855199647,0,0,0.196349540849375,0.524310617628038
"United Kingdom","BA.2 (BA.2)",0.106366835448924,0.00380439951519022,0.189460911769804,0.0701582251045301,6,0,-0.76598344690087,-0.929516443872466,6.48852752917794,18,0.990773020515916,0.0447248312439276,0.851851851851852,10,0.166666666666667,4,0.599040584386811,3,0.1,0.821428571428571,-0.571428571428571,0.84542124347556,2,1.6796627233228,0,0,0.196349540849375,0.252451519030372
"United Kingdom","BA.2.10 (BA.2.10)",0.0415972923348756,0.000367715972854079,0.0318906605922551,0.0210907249430259,4,0,1.21051157232466,0.335648078992346,7.08671962105338,19,0.771185426651212,0.0354485519964045,0.962962962962963,10,0.166666666666667,5,0.507031653687321,3,0.0909090909090909,0.714285714285714,-0.714285714285714,0.859618514428068,3,1.60362977639994,0,0,0.196349540849375,0.392459183481833
"United Kingdom","BA.2.18 (BA.2.18)",0.038455298710115,-0.000417613124329895,0.0249915569064505,0.0145750555813347,3,0,-1.07193802477511,-1.23525218010613,6.47013743041812,15,0.50621033421605,0.0308055671147152,1,10,0.166666666666667,3,0.154838678542791,1,0.1,0.642857142857143,-0.392857142857143,0.733857542184375,4,1.90597496652153,0,0,0.196349540849375,0.618676942399195
"United Kingdom","BA.2.23 (BA.2.23)",0.0269885217470718,-0.000591610879773177,0.032442748091603,0.0159226673856758,3,0,-0.351151254158414,-0.537380624701874,1.83995926835811,2,0.412398798821128,0.319155751463975,0.962962962962963,7,0.00591715976331361,3,0.0971182741748399,1,0.5,0.392857142857143,-0.464285714285714,0.253516753732508,4,2.12750456110927,0,0,1.37444678594563,1.14557158185233
"United Kingdom","BA.2.3 (BA.2.3)",0.0477014517811304,0.00115587537256519,0.0444393010068279,0.0291428072356634,5,0,1.12689899121226,0.641503668475649,7.16161710695865,16,0.780665299411229,0.0207858584220615,0.851851851851852,13,0.166666666666667,0,0.796932719587954,1,0.0909090909090909,0.678571428571429,-0.696428571428571,0.833222832057546,3,1.77024759702774,0,0,0.196349540849375,0.263896373011283
"United Kingdom","BA.2.9 (BA.2.9)",0.0566402107035895,0.000634306539847106,0.047262369448254,0.0276182681631509,6,0,-0.837121218173425,0.0944477448267861,7.1247406346201,18,0.958084905491316,0.0168680085156591,0.740740740740741,12,0.166666666666667,5,0.890017491217942,3,0.1,0.75,-0.607142857142857,0.886368899506177,3,1.50773575224935,0,0,0.196349540849375,0.223344814982841
"United Kingdom","BA.4 (BA.4)",0.078138868512428,0.00323872374145737,0.0853994490358127,0.041626268680195,3,0,-1.01793436031537,-1.17248443628749,6.63410522902316,2,0.552846415549892,-0.0022792550607775,0.925925925925926,8,0.166666666666667,4,0.283529414409249,1,0.1,0.714285714285714,-0.571428571428571,0.765290156740222,3,1.77024759702774,0,0,0.196349540849375,0.493310625040447
"United Kingdom","BA.4.1 (BA.4.1)",0.081884337007574,0.000639331837362119,0.0718446601941748,0.0311440464432364,5,0,-0.88812842483586,-0.727698613350184,7.04105396743278,14,0.689252822244968,0.180693484760352,0.962962962962963,7,0.166666666666667,3,0.244017672557796,2,0.1,0.785714285714286,-0.5,0.797898870683482,2,1.77024759702774,0,0,0.196349540849375,0.419551012106156
"United Kingdom","BA.4.6 (BA.4.6)",0.0241676179494848,0.000382572778950901,0.0317647058823529,0.0174743125265729,3,0,-0.475846158673778,-0.257064872972253,2.55876762641603,3,0.414561126807957,-0.116790490712721,1,6,0.0740740740740741,3,0.112175813600943,2,0.142857142857143,0.785714285714286,-0.321428571428571,0.497078028846272,3,2.08618168123626,0,0,0.39269908169875,0.909729609187969
"United Kingdom","BA.5 (BA.5)",0.0463560606895878,0.00213360365597552,0.06,0.0331610495278775,2,0,-0.332415747254892,0.26671018721492,4.83859395422493,1,0.645542411070308,0.28336101116822,0.962962962962963,8,0.0740740740740741,4,0.113016394492486,3,0.111111111111111,0.714285714285714,-0.607142857142857,0.64439192888323,4,1.89338985268483,0,0,0.196349540849375,0.585206266741318
"United Kingdom","BA.5.1 (BA.5.1)",0.165966331351381,0.00207920937573781,0.150644202180377,0.068146380373316,3,1,-1.07447325721982,-0.922007931782952,7.22123190179368,18,0.810581516832793,0.0617094163036341,0.962962962962963,10,0.166666666666667,5,0.347098065153418,7,0.1,0.75,-0.589285714285714,0.849710002515778,3,1.60362977639994,0,0,0.196349540849375,0.302520546789174
"United Kingdom","BA.5.2 (BA.5.2)",0.0689360751974817,0.000134537580141517,0.0767932489451477,0.0415726868490764,3,0,-1.09271282094667,-0.943229763266545,7.14774029835278,9,0.651051358680652,0.0642336131731916,0.777777777777778,8,0.166666666666667,4,0.428632369363053,1,0.0909090909090909,0.714285714285714,-0.607142857142857,0.825326309721404,3,1.50773575224935,0,0,0.196349540849375,0.419502179603974
"United Kingdom","BA.5.3.3 (BA.5.3.3)",0.0464863705469609,-0.0025258301537127,0.0269645608628659,0.0128922704805925,4,1,0.11127137607434,-0.142994148445833,1.74481762400395,2,0.180040201840844,-0.893075717179077,0.962962962962963,5,0.0355029585798817,4,0.137495234623669,2,0.5,0.285714285714286,-0.357142857142857,0.108136241760288,3,2.17205434966283,0,0,1.37444678594563,1.25008036775995
"United Kingdom","BC5 (BA.1.1.15)",0.0243775703037182,2.32714536421611e-05,0.0160971905846621,0.0119032493005571,4,0,0.38895292078049,-0.592006753325025,6.52777176837754,16,0.70895240045759,0.00245086990425504,0.851851851851852,9,0.166666666666667,4,0.313557132374756,2,0.1,0.714285714285714,-0.642857142857143,0.812623948908291,3,1.6796627233228,0,0,0.196349540849375,0.456312050895409
"United Kingdom","BD (BA.1.17.2)",-0.0315952845943106,-0.00108225108225108,0.0101010101010101,0.00037256454722548,1,26,0.334205286267704,0.0694509413024866,1.63043913863188,24,0,-5.49864284032819,0.111111111111111,1,0.24371284865112,0,0.115590488149277,14,1,-0.928571428571429,0.0357142857142858,0.150193231905256,2,0.419555892320233,0,0,1.570796326795,0.355638815321122
"United Kingdom","BE.1",0.0583072471377219,0.0012951712706504,0.0617647058823529,0.0356055653998209,4,0,0.646556614587442,0.473803483944855,4.97924613615272,4,0.566342455741999,0.148534753704693,1,9,0.166666666666667,4,0.157981431690056,3,0.1,0.785714285714286,-0.642857142857143,0.73690356544299,2,1.77024759702774,0,0,0.196349540849375,0.480069019619999
"United Kingdom","BE.1.1",0.045232103500521,0.000711307474976248,0.0421747967479675,0.0230209359268271,5,0,-0.35428025916647,0.189310246584359,5.82932434568416,13,0.595496864113042,-0.0785177639379885,0.925925925925926,14,0.166666666666667,3,0.153646688910379,1,0.0833333333333333,0.714285714285714,-0.642857142857143,0.723238808232889,4,1.95475544400589,0,0,0.196349540849375,0.606316456281161
"United Kingdom","BF (BA.5.2.1)",0.100501116406175,0.00016218128595749,0.0859259259259259,0.0365850550426788,4,0,-1.04511135651313,-0.877962325528796,6.57902423267712,9,0.781092182926767,0.0955815261735594,0.888888888888889,11,0.166666666666667,4,0.224167056609628,3,0.0909090909090909,0.785714285714286,-0.607142857142857,0.80945179237206,3,1.50773575224935,0,0,0.196349540849375,0.424363337483447
"United Kingdom","BF.1",0.0489883058372191,0.000162290549255205,0.048264182895851,0.0253933415167484,2,0,-0.49010014436277,-0.66662577604967,5.79564411810526,2,0.667898419425647,-0.0484199498890704,1,10,0.166666666666667,2,0.134609986901487,1,0.0909090909090909,0.642857142857143,-0.535714285714286,0.607681319077216,3,1.89338985268483,0,0,0.196349540849375,0.742204830970116
"United Kingdom","BF.5",0.025950046158997,0.000311221709779928,0.0236460717009916,0.0129748474286914,2,0,-0.694331699933271,-0.488307194339776,1.97121813973,2,0.326812887283478,0.236461491212308,0.962962962962963,4,0.111111111111111,2,0.0713675928723381,1,0.125,0.785714285714286,-0.357142857142857,0.380253724535766,5,2.07425971796746,0,0,1.17809724509625,0.983071127273615
"United Kingdom","BG (BA.2.12.1)",0.0925773291638009,0.000214530513596786,0.13034188034188,0.0437514632799606,3,0,-0.796503687800702,-0.988882677367865,6.02477268503589,18,0.593023120070995,0.02939892399976,0.888888888888889,10,0.166666666666667,3,0.533665806413296,2,0.1,0.892857142857143,-0.535714285714286,0.760537920900918,3,1.6796627233228,0,0,0.196349540849375,0.360523532939412
"United Kingdom","BN.1",0.0304674842140059,-0.0014171938587986,0.0285006195786865,0.0126328759787411,3,0,-1.03349908950792,-0.840954145412603,2.24734818142257,3,0.317641235153185,0.284005366747636,0.962962962962963,5,0.111111111111111,7,0.131393442888126,2,0.142857142857143,0.642857142857143,-0.285714285714286,0.366177703116447,4,2.07682347608013,0,0,0.7853981633975,0.96069607283431
"United Kingdom","BQ.1",0.159365421584635,-0.00107088667364122,0.0483271375464684,0.0131007527176609,2,3,-0.750435075898504,-0.969751768132745,2.46453941458456,2,0.391194711057854,-0.14835297452437,1,6,0.111111111111111,2,0.168148079056657,1,0.111111111111111,0.821428571428571,-0.464285714285714,0.51305063258623,4,2.09876679507296,0,0,0.39269908169875,0.758386579329737
"United Kingdom","BQ.1.1",0.142617505767115,-0.00302923469371085,0.0757709251101322,0.0286675752422312,4,2,-0.999717794346715,-0.820135508127662,6.26528974823885,16,0.700050117525594,0.0252082986656812,1,9,0.166666666666667,2,0.186885455647188,1,0.1,0.821428571428571,-0.464285714285714,0.746441550536643,3,1.73464494061535,0,0,0.196349540849375,0.500729956082078
"United Kingdom","BQ.1.8",0.0590783052276098,0.00181659201894606,0.0769230769230769,0.0301961857987906,4,0,-0.868141534335991,-0.868141534335991,3.97418410049452,3,0.326932487761328,0.616167250168923,0.962962962962963,9,0.166666666666667,5,0.173616499560622,2,0.1,0.607142857142857,-0.464285714285714,0.552583092381517,3,1.92791828551436,0,0,0.196349540849375,0.752259329918745
"United Kingdom","BZ (BA.5.2.3)",0.0360294953391709,0.000676538336301302,0.0203665987780041,0.0136034358162041,2,0,0.634865842086255,0.459607392089534,3.29875408995071,1,0.69997696483404,0.969560295094063,1,15,0.04,3,0.0470748491648012,2,0.2,0.5,-0.5,0.415007921700545,4,1.73100695891983,0,0,0.589048622548125,0.939691191532305
"United Kingdom","C (B.1.1.1)",0.0203350518123335,0.00522403885018752,0.0522388059701493,0.0238814906982199,3,0,-1.09051976280378,0.425853041058921,1.79872579825886,1,0.406316662312138,0.102199196793643,0.962962962962963,5,0.0277777777777778,7,0.0846195173968254,3,0.25,-0.428571428571429,-0.142857142857143,0.289097947168603,3,2.0668021203561,0,0,0.589048622548125,1.06368599711055
"United Kingdom","CH.1.1",0.0590806204694198,-0.000134820580831752,0.0444444444444444,0.0146437418536021,4,0,0.0167551974046533,-0.174503565972144,1.74788105034405,1,0.247557442687218,0.200172103272791,0.962962962962963,4,0.0740740740740741,5,0.119887913716621,3,0.142857142857143,0.785714285714286,-0.571428571428571,0.296279943456821,4,2.17205434966283,0,0,1.17809724509625,1.01381882352749
"United Kingdom","CH.1.1.1",0.155060834800736,-0.0016364910454643,0.060790273556231,0.0172154762841125,4,2,-0.760802579268643,-0.760802579268643,1.76527573365274,1,0.480756544204348,0.399013872458101,0.888888888888889,6,0.111111111111111,5,0.122317444841303,4,0.142857142857143,0.285714285714286,-0.535714285714286,0.394205780610763,3,1.91848963702561,0,0,1.17809724509625,0.978152694717208
"United Kingdom","DH (BA.5.1.22)",0.02741504356323,0.00148918632468817,0.0302240750390829,0.0161512399831843,3,0,-0.300699245009081,0.275197981562164,1.93281246754153,3,0.384883172750057,-0.983304662100755,1,4,0.0118343195266272,3,0.0704180626638892,1,0.5,0.5,-0.678571428571429,0.345161898876874,3,2.08618168123626,0,0,1.17809724509625,1.15087730062918
"United Kingdom","DV.6",0.0617377774586707,-0.00147752937969425,0.0355987055016181,0.0114341170544894,2,0,-0.890376182600257,-0.195535651777738,2.69273413623108,2,0.343275111369857,0.0525822542482675,1,8,0.111111111111111,3,0.10583036090372,1,0.111111111111111,0.535714285714286,-0.535714285714286,0.544647483939916,3,1.99351456576623,0,0,0.196349540849375,0.866679042596332
"United Kingdom","EG.5.1",-0.0111004848779503,-2.66603920666257e-05,0.0384615384615385,0.00814926433537001,1,17,-0.368447577315612,-0.533108241984792,1.64472888965293,3,0.17704291211194,1.13833655461037,0.555555555555556,4,0.0355029585798817,7,0.160693082219013,4,0.5,0.5,0,0.0655615166802661,3,1.5587743914476,0,0,1.37444678594563,1.29917999639302
"United Kingdom","EG.5.1.1",0.211009092885547,-0.00130662020905923,0.0769230769230769,0.00880055032148912,2,19,-0.063679712351321,-0.284680027745171,1.60123535731522,1,0.229081275454552,2.81949099747259,0.555555555555556,3,0.0695016003657979,4,0.0688934092036172,3,1,0.785714285714286,-0.142857142857143,0.320338657226316,2,1.18244346288468,0,0,1.96349540849375,0.894408410743177
"United Kingdom","EM (XBB.1.5.7)",0.0415841153442254,-6.68009184428486e-05,0.0409165302782324,0.0166666176113635,3,0,-0.174706032426936,-0.401359564963953,2.28607251230357,2,0.240259006464421,0.157741759828885,0.925925925925926,7,0.0740740740740741,4,0.0691082775719491,1,0.111111111111111,0.785714285714286,-0.428571428571429,0.50466332310479,5,2.02547924048309,0,0,0.39269908169875,0.815517456239004
"United Kingdom","FL (XBB.1.9.1)",0.154058599299004,-0.000444863530491893,0.0260869565217391,0.00935902400795728,2,3,-0.997276193031497,-0.226472187164464,4.71353348873981,1,0.358395529502308,-0.299143310441822,1,9,0.111111111111111,4,0.0726491742262284,2,0.111111111111111,0.714285714285714,-0.5,0.582492110359443,4,2.0955398863924,0,0,0.196349540849375,0.80666534188767
"United Kingdom","FL.3",0.188822019137908,-0.00134740290070709,0.0599078341013825,0.0110306826531418,2,4,-0.436447923042587,-0.6958444755017,1.6482382880875,3,0.0316606484648774,2.08383739258656,0.888888888888889,4,0.0123456790123457,5,0.236552726988628,1,0.333333333333333,0.5,-0.5,0.176828751133521,3,2.15946923582613,0,0,1.37444678594563,1.24388000144773
"United Kingdom","HJ8 (XBB.1.5.18)",0.141065560619123,-0.0022183331880804,0.0404761904761905,0.0115414356275296,2,3,-0.789870109192789,-1.00318553164951,1.66406120413482,1,0.208450376589925,0.465681289916799,0.962962962962963,3,0.0462962962962963,5,0.131235895081032,3,0.25,0.428571428571429,-0.5,0.322555518073123,3,2.1249408029966,0,0,1.76714586764437,1.00102750147635
"United Kingdom","JN.1",0.179216404046784,0.0024239388173128,0.0925925925925926,0.0291090978621246,2,2,-0.896442085044355,-0.687362559452181,4.4178662957732,2,0.216437469171688,0.895065514610096,1,6,0.166666666666667,2,0.0282638951458392,1,0.0909090909090909,0.857142857142857,-0.625,0.511921237962828,4,1.85463073092449,0,0,0.39269908169875,0.738134984116852
"United Kingdom","JN.1.4",0.130057102428283,0.00113096775639669,0.0947368421052632,0.0346230389529764,2,2,-0.65613923132229,0.136944019952448,6.02669204468687,2,0.310939194047409,0.529127353781224,0.925925925925926,10,0.166666666666667,3,0.0637720195911243,1,0.1,0.607142857142857,-0.464285714285714,0.624681838927955,4,1.89338985268483,0,0,0.196349540849375,0.705939618060985
"United Kingdom","L (B.1.1.10)",0.0801693259764262,-0.00348835315872772,0.0491803278688525,0.00934579314894818,3,3,-0.49432923772025,-0.219796833092609,1.7901403233486,3,0.0730848239559669,-1.43686422940674,0.962962962962963,4,0.0329218106995885,4,0.24730312058268,1,0.333333333333333,-0.107142857142857,-0.285714285714286,0.192892947567036,4,2.05678076463207,0,0,1.17809724509625,0.862223713054282
"United Kingdom","P9 (B.1.1.289)",7.36825392529434e-05,-0.000365994711284994,0.0247191011235955,0.00997207306297788,2,0,-0.213863623833751,-0.414891807829061,1.89497245262606,4,0.275344517414018,1.79993828160461,1,4,0.0462962962962963,6,0.0836598281575238,2,0.25,0.892857142857143,0.214285714285714,0.246142615119714,5,1.90597496652153,0,0,0.981747704246875,1.04391586927085
"United Kingdom","Q (B.1.1.7)",0.23526619095005,-0.00155624036979969,0.0169491525423729,0.00549555152330311,3,6,-0.902332410255826,0.50606844789555,1.57126140465649,1,0.203258779086005,-2.13486213417709,0.888888888888889,6,0.00365797896662094,2,0.0943496655360988,1,1,-0.0714285714285714,-0.571428571428571,0.117689027622163,3,2.15946923582613,0,0,1.76714586764437,0.899478597027393
"United Kingdom","QB.1.177.4 (B.1.177.4)",-0.0684364186836319,-0.00112781954887218,0.0105263157894737,0.00037593984962406,0,27,0.340168025708305,0.0755928946018455,1.63128552506524,28,0,-5.48748420072656,0.037037037037037,1,0.297668038408779,0,0.12741567111348,14,1,-0.928571428571429,0.0714285714285714,0.151623664984039,1,0.158410570131791,0,0,1.570796326795,0.352766841475279
"United Kingdom","QB.1.177.57 (B.1.177.57)",-0.0735578449196718,-0.00225563909774436,0.0210526315789474,0.00075187969924812,0,27,0.340168025708305,0.0755928946018455,1.63128552506524,28,0,-5.48748420072656,0.037037037037037,1,0.297668038408779,0,0.12741567111348,14,1,-0.928571428571429,0.0714285714285714,0.151623664984039,1,0.158410570131791,0,0,1.570796326795,0.352766841475279
"United Kingdom","QB.1.177.7 (B.1.177.7)",0.0913468168904461,0.00010003093398168,0.307692307692308,0.0466130996979491,3,1,-0.245220147967407,-0.483332295827886,1.80922804142722,3,0.179259196244887,-1.36741441203226,0.925925925925926,3,0.037037037037037,5,0.167705687598651,4,0.333333333333333,0.642857142857143,-0.25,0.226305257435562,2,2.02547924048309,0,0,0.981747704246875,1.15885319648038
"United Kingdom","XBB",0.00668271766542785,0.00112904384118219,0.0363881401617251,0.0130484611578885,2,0,-0.83368865807423,-0.636970852015578,1.64088073750553,2,0.271635365107774,-1.52006353328946,0.925925925925926,6,0.0236686390532544,3,0.144936281189436,3,0.5,-0.214285714285714,0,0.204452956180562,3,2.15946923582613,0,0,1.76714586764437,1.15672666229569
"United Kingdom","XBB.1",0.0600563631032,-0.000206297961120488,0.0491803278688525,0.0158740971588924,2,0,-0.84069736890434,-0.417746141509679,1.80379777110869,1,0.36347319266774,0.77199908365676,1,4,0.0740740740740741,6,0.170800499074496,2,0.111111111111111,0.642857142857143,-0.5,0.380599155424965,4,2.08618168123626,0,0,0.981747704246875,1.04649526001321
"United Kingdom","XBB.1.16",0.058848400207642,0.000445555323590855,0.0758293838862559,0.0350831235835916,3,0,-0.363671490611451,-1.24198022125843,4.76264129500988,4,0.446823891438851,0.0605857519547147,0.925925925925926,6,0.166666666666667,5,0.175558736278892,3,0.1,0.642857142857143,-0.5,0.622789018834883,3,1.82582252155558,0,0,0.196349540849375,0.74515724589047
"United Kingdom","XBB.1.5",0.0624795847851175,0.00153465858124216,0.0724094881398252,0.0354950617711093,4,0,0.213965732619166,0.585214968134037,5.18363476202756,2,0.470969388406643,-0.247390416741096,0.925925925925926,8,0.0740740740740741,3,0.0609548500271539,1,0.111111111111111,0.571428571428571,-0.642857142857143,0.618526214014763,4,1.80900671878807,0,0,0.39269908169875,0.755893930310246
"United States","A",-0.0184154896698151,0.00316427903363994,0.0817307692307692,0.04629627287256,3,0,-0.55865572596579,-0.348044737410673,1.68991619253838,1,0.358391128572935,0.60981960335465,1,3,0.0555555555555556,4,0.123358285107475,2,0.25,-0.464285714285714,0.642857142857143,0.293261277461074,5,2.00609967960293,0,0,1.17809724509625,1.01493038246018
"United States","A.3",0.236260965853439,-7.41035280508963e-05,0.0315789473684211,0.014738194316202,3,4,0.117704816835809,0.294489139299438,1.65867968545235,1,0.533148370459101,-0.181876179879049,0.925925925925926,8,0.00823045267489712,3,0.156731350859715,2,0.333333333333333,0.321428571428571,-0.714285714285714,0.281168011556502,3,2.15946923582613,0,0,1.570796326795,1.06665444443457
"United States","AY (B.1.617.2)",-0.144544581565793,-0.00495465949993305,0.0331564986737401,0.00188524941650688,0,26,0.199702922734201,-0.0317514818265833,2.16314835389776,26,0,-1.01186402100559,0.0740740740740741,2,0.26232741617357,0,0.0428548579152864,14,1,-0.892857142857143,0.107142857142857,0.283137829334959,2,0.315396287422662,0,0,0.7853981633975,0.51700661432786
"United States","AY.100",0.0392484461037189,0.000472333382013311,0.0252849740932642,0.0157764205202544,4,0,-1.04813113566899,-1.20486582964549,6.54959230284693,4,0.529801750835586,0.239605067415069,0.851851851851852,11,0.0740740740740741,6,0.184703185139286,1,0.111111111111111,0.714285714285714,-0.607142857142857,0.706711352679203,3,1.89338985268483,0,0,0.196349540849375,0.530173398426787
"United States","AY.103",0.0720095391931921,0.00119535221873852,0.0585585585585586,0.0302386546192207,3,0,-0.533977971563549,-1.35338696332254,6.96086666145125,18,0.572282687797254,0.0327445783024639,0.888888888888889,10,0.166666666666667,6,0.39970867728913,9,0.1,0.607142857142857,-0.660714285714286,0.836197540047544,3,1.75617294866123,0,0,0.196349540849375,0.453565011230502
"United States","AY.118",0.02717382552781,0.000353480598518385,0.0220197418375095,0.016039473566491,3,0,0.27814153763827,-0.820706439642587,5.89621097350974,6,0.48268034091567,0.300188976603511,0.888888888888889,14,0.166666666666667,3,0.196740990232153,1,0.1,0.714285714285714,-0.642857142857143,0.683198041925223,3,1.89338985268483,0,0,0.196349540849375,0.599971496868187
"United States","AY.119",0.0641572023740776,-0.00110766059021573,0.0162381596752368,0.00714226108363671,4,0,-1.03645832403859,-0.866710349021725,5.85130533992433,10,0.476909620461898,-0.0907024151105839,0.962962962962963,8,0.111111111111111,5,0.160176490104754,1,0.111111111111111,0.785714285714286,-0.464285714285714,0.676150980148292,4,1.92279076928903,0,0,0.196349540849375,0.563264038875153
"United States","AY.122",0.0345383296627838,-0.00142984254138048,0.0214067278287462,0.0133088804021193,6,0,0.0782106614905816,-0.0864764236436661,5.90426296971565,14,0.451959999674819,0.229688538950525,0.888888888888889,8,0.111111111111111,3,0.231674150747935,2,0.111111111111111,0.642857142857143,-0.535714285714286,0.691283638832185,5,1.81902807451211,0,0,0.196349540849375,0.76260452874892
"United States","AY.20",0.014932036971286,0.000879923034592792,0.0225403093122738,0.0166133262029979,3,0,0.0182600368088541,-0.166309582407441,3.33218050213551,4,0.366676374715687,-0.152567866073299,0.814814814814815,5,0.166666666666667,6,0.188620428464942,3,0.1,0.107142857142857,-0.785714285714286,0.498583576186775,3,2.07682347608013,0,0,0.39269908169875,0.884446034060334
"United States","AY.25",0.0593729767530568,-8.38864060878249e-05,0.0401234567901235,0.0231304125247655,4,0,0.0317428460021196,-0.125256357362546,7.05361565124959,17,0.608139137274073,0.0454044323026614,1,10,0.166666666666667,5,0.418040911054312,1,0.1,0.678571428571429,-0.607142857142857,0.865236028427097,4,1.73464494061535,0,0,0.196349540849375,0.355511302639541
"United States","AY.25.1",0.039692604092134,0.000346001033170609,0.0456684195959037,0.0240942986962278,2,0,-0.249083528765665,-0.444136249244836,5.74548449416129,2,0.641517441779471,0.258689799447665,0.851851851851852,7,0.166666666666667,3,0.189509805745359,1,0.0909090909090909,0.678571428571429,-0.642857142857143,0.72878988043639,4,1.81646431639944,0,0,0.196349540849375,0.608216786795037
"United States","AY.26",0.058986618659876,-1.61668426358524e-05,0.0492332526230831,0.0236586316254891,3,0,-1.13759883172839,-0.951046875195152,6.86662145737174,14,0.731551073105967,0.0642246618122819,0.851851851851852,8,0.166666666666667,6,0.179730095963827,5,0.1,0.642857142857143,-0.571428571428571,0.786446819743273,3,1.81646431639944,0,0,0.196349540849375,0.576163606829332
"United States","AY.3",0.0569537447434438,0.00216471789787786,0.07554146856841,0.0365269286971458,3,0,-0.44255327924441,-0.630269292686,5.59556998290775,2,0.633661946959799,-0.103561863655464,0.925925925925926,8,0.166666666666667,2,0.104224611071022,1,0.1,0.678571428571429,-0.571428571428571,0.748567049990952,3,1.60362977639994,0,0,0.196349540849375,0.563588979871097
"United States","AY.39",0.0254029127795814,0.000742657186861431,0.0217917675544794,0.0154403787185983,4,0,0.546198650401742,-0.340263858970667,4.39207361202168,5,0.29081426544108,0.302049675432846,0.962962962962963,6,0.166666666666667,5,0.0865613082308963,4,0.0833333333333333,0.607142857142857,-0.75,0.546805250347675,3,2.11814635595313,0,0,0.39269908169875,0.784689538425128
"United States","AY.44",0.0915635775332095,-0.000437352148778167,0.0923355461677731,0.0411341208097368,4,0,-0.968202290745711,-1.12846005520457,6.99367920807448,19,0.907855139311549,0.0363929750861115,0.851851851851852,12,0.166666666666667,6,0.610834809861401,3,0.1,0.678571428571429,-0.571428571428571,0.893554490883548,5,1.50773575224935,0,0,0.196349540849375,0.375545088206607
"United States","AY.47",0.0553007755821704,0.00131466066640818,0.0443425076452599,0.0221772519696863,4,0,-0.613290361381889,-0.408636523512224,4.22884819775607,1,0.609181524457023,-0.211479855719045,1,6,0.166666666666667,4,0.0662772204830338,3,0.0909090909090909,0.571428571428571,-0.785714285714286,0.619313177918523,3,1.89338985268483,0,0,0.196349540849375,0.717311910789207
"United States","AY.75",0.0404640876207112,0.00141249811413103,0.0386230058774139,0.0203207499718649,3,0,0.418818316415548,0.213234518522809,5.57219959021955,11,0.632041969948828,0.273950594014734,0.925925925925926,11,0.166666666666667,5,0.186312941421293,2,0.1,0.607142857142857,-0.714285714285714,0.63898609373669,5,1.85778719627244,0,0,0.196349540849375,0.733435559529202
"United States","B",-0.0205814813545418,0.000792333640078003,0.0990990990990991,0.0591711526603217,2,0,-0.729604492311676,-0.921765987647698,1.66779799220367,1,0.65321368666748,-0.0632673378116433,1,5,0.125,4,0.181197242661255,3,0.166666666666667,-0.607142857142857,0.178571428571429,0.319010958050966,4,2.10133055318563,0,0,1.17809724509625,0.885383117204633
"United States","B.1.1",0.0941302273073071,-0.0119008810738134,0.0915619389587073,0.0546690815370267,2,2,-0.390795328129604,-0.189504110448226,1.73094449837517,2,0.246969190260665,-1.30797588090184,1,4,0.0236686390532544,2,0.167368627562082,6,0.5,-0.0714285714285714,-0.607142857142857,0.26133547968305,3,2.15946923582613,0,0,1.570796326795,1.11353854288465
"United States","B.1.1.222",0.118335654084095,-0.00111166583591852,0.0157790927021696,0.00573697594547105,4,7,-0.899665325852136,-1.07032744413473,1.61442187716199,1,0.307234442670537,-0.499846019552253,0.888888888888889,4,0.00502972107910379,4,0.115746496799425,4,1,0.107142857142857,-0.214285714285714,0.155969002735397,3,2.14688412198944,0,0,1.570796326795,1.12484413689953
"United States","B.1.1.291",0.133604306765595,-4.81691674619417e-05,0.112554112554113,0.0238202867146154,3,1,-0.438381216554767,-0.634728601572299,3.93406268602102,6,0.498301216583649,1.76486679517502,0.888888888888889,4,0.111111111111111,4,0.058389321411273,3,0.111111111111111,0.857142857142857,-0.285714285714286,0.608415426226945,4,2.10556124211643,0,0,0.39269908169875,0.766225523403276
"United States","B.1.1.519",0.0331987217479747,0.00205584935240396,0.0373475609756098,0.0220048422118197,3,0,-0.55899571899987,-0.365856191072007,2.94440776591077,5,0.452798971089833,0.370963009670918,0.925925925925926,7,0.04,7,0.146198459163754,4,0.2,0.607142857142857,-0.785714285714286,0.429971041281751,4,1.97347185431817,0,0,0.589048622548125,0.769750641628145
"United States","B.1.2",-0.00730789330320817,-0.00191790652503978,0.0577319587628866,0.0114548818658578,2,2,-0.39662205588666,-0.598127104009149,1.78041042721828,1,0.39512527588903,-1.28592272591886,0.925925925925926,3,0.0185185185185185,4,0.123439494302084,3,0.25,-0.642857142857143,0,0.390850594601544,3,1.84842899111631,0,0,0.589048622548125,0.859687434889066
"United States","B.1.206",0.0444559451981253,0.00571196917584278,0.0679347826086956,0.0368893416927501,2,0,0.780610253684269,0.171840976127864,1.77333191598539,1,0.457900231730074,1.21277605094203,0.962962962962963,6,0.08,5,0.139436579748508,4,0.2,0.428571428571429,-0.714285714285714,0.352170124394632,4,2.15011103066999,0,0,0.981747704246875,0.943519698272771
"United States","B.1.234",0.0592363616540939,-0.00135422415943729,0.0185185185185185,0.00746608139045024,2,1,0.395305664756382,0.599425830429863,1.53784268752683,1,0.344206432021861,-2.46723920072223,1,4,0.00914494741655235,5,0.144296673006902,1,1,0.0357142857142858,-0.142857142857143,0.0806480578932839,3,2.10556124211643,0,0,2.15984494934313,1.00516925101688
"United States","B.1.240",0.0405513611253538,0.000969123411772116,0.0483870967741935,0.0271268655609427,2,0,0.0622945542249221,0.249512773810103,1.96093672796645,2,0.501074225980081,-0.436098462468197,1,5,0.0740740740740741,2,0.100279238831597,1,0.111111111111111,0.571428571428571,-0.607142857142857,0.509091162896566,4,2.08618168123626,0,0,0.39269908169875,0.829599119707691
"United States","B.1.243",-0.117670727644959,-0.000954572498185103,0.0295566502463054,0.00970687581251065,2,3,-0.507555268102923,-1.10041994985336,1.82121801815215,4,0.396836789552121,0.715832184035659,1,5,0.0177514792899408,4,0.22738310532053,1,0.5,0,0.214285714285714,0.110680053365945,4,2.15011103066999,0,0,1.17809724509625,1.17530542648102
"United States","B.1.289",0.126771248124837,0.000247899972625022,0.0316831683168317,0.0130799830125918,4,2,-0.407198210958809,-0.22676167796484,1.50890722123494,1,0.353997720837097,-1.86237226583613,1,4,0.0146319158664838,4,0.114171593204045,1,1,0.0357142857142858,-0.321428571428571,0.0616150022454357,2,2.00609967960293,0,0,2.15984494934313,1.20656522727536
"United States","B.1.311",-0.232255579282164,-0.000930013482412138,0.0260416666666667,0.00272377472667592,1,17,-0.0217307596011621,-0.258297257671253,1.54891661110449,1,0.0360473719784375,-0.195783486784185,0.666666666666667,2,0.0274348422496571,8,0.130099829554374,2,1,-0.392857142857143,0.285714285714286,0.0921302049245926,3,1.64245934149289,0,0,1.96349540849375,1.15063687095587
"United States","B.1.320",0.0431816460362364,-0.000492210064329721,0.0698027314112291,0.0177904855505097,3,0,-0.676867625106896,-0.426541669547162,1.65106906367094,1,0.200596414892084,0.59305599968085,0.962962962962963,3,0.0277777777777778,6,0.215643764038586,3,0.25,0.178571428571429,-0.428571428571429,0.307994756464945,5,2.11814635595313,0,0,1.76714586764437,1.07651485780652
"United States","B.1.332",0.126520043295539,-0.000429472118938715,0.0164158686730506,0.00774530180485552,2,2,0.859920052347336,0.29463449116923,2.48013154784703,6,0.38240942870801,0.135040716492282,0.888888888888889,9,0.04,6,0.109459008371111,3,0.2,-0.0357142857142857,-0.571428571428571,0.560139217766915,4,1.99607832387889,0,0,0.39269908169875,0.823399720517957
"United States","B.1.369",0.0420313526017589,-0.000714278049332206,0.0155440414507772,0.00650653040771914,2,1,-0.465942874202609,-0.2694863903402,1.46593543304671,1,0.346941948907337,1.15088519500637,0.925925925925926,3,0.0132601737540009,3,0.148894068556018,1,1,0.285714285714286,0.214285714285714,0.0170212774271225,4,2.07425971796746,0,0,2.3561944901925,1.26684061143895
"United States","B.1.371",0.0129920314196039,0.00314473920503506,0.0771084337349398,0.0269382312725014,2,0,-0.7470182138299,-0.514167072611565,1.69899228929275,1,0.33201015092676,0.578419896613334,1,5,0.0740740740740741,4,0.134900366346096,4,0.25,0.357142857142857,-0.142857142857143,0.340312196716195,3,2.11814635595313,0,0,1.570796326795,1.00789060661345
"United States","B.1.384",0.0643958564168357,-0.00119929375288307,0.0465116279069767,0.011786791611676,3,3,-0.588918520931737,-0.396983375478442,1.79528682302771,2,0.406816698519231,1.30134663080032,0.925925925925926,3,0.0236686390532544,3,0.0916329192126047,1,0.5,0.535714285714286,-0.178571428571429,0.24859374417732,5,1.98605696815486,0,0,1.37444678594563,1.14235907489202
"United States","B.1.426",-0.0907687596945015,-0.0231660231660232,0.216216216216216,0.00772200772200772,0,27,0.340168025708305,0.0755928946018455,1.63128552506524,28,0,-5.48748420072657,0.037037037037037,1,0.297668038408779,0,0.12741567111348,14,1,-0.928571428571429,0.0714285714285714,0.151623664984039,1,0.158410570131791,0,0,1.570796326795,0.352766841475279
"United States","B.1.427",0.0777075653027009,-0.00152975041367898,0.0104166666666667,0.00148883164918521,2,18,-0.151653756995997,-0.328291765016836,1.77037334530742,4,0.0205980635564429,0.34146902712664,0.555555555555556,2,0.0414201183431953,6,0.101823477224938,1,0.5,0.0357142857142858,-0.107142857142857,0.212683387546291,3,1.47327776275243,0,0,1.17809724509625,0.922499807605924
"United States","B.1.429",0.0446133044427821,-0.00178560921106702,0.0526797984425103,0.0157161912721023,5,0,-0.546032768391489,-0.744361847359967,2.85778995171991,5,0.29200295800714,-0.472954432558595,0.888888888888889,5,0.04,2,0.0289706015682412,1,0.2,0.892857142857143,-0.285714285714286,0.506459152752527,3,1.96411364916203,0,0,0.39269908169875,0.80184238751473
"United States","B.1.516",0.0868800041670266,-0.00101333324080029,0.0523076923076923,0.0207681595542543,3,1,-0.386592861983511,-0.585788790302315,1.6795540610136,1,0.196069876272322,0.513538034659929,0.962962962962963,4,0.111111111111111,7,0.130899971601697,3,0.111111111111111,0.357142857142857,-0.464285714285714,0.339933181359125,4,2.11814635595313,0,0,1.76714586764437,1.00512971930816
"United States","B.1.526",0.0712245247003831,0.000125625478793005,0.0652883569096844,0.0253202015203935,3,0,-0.772280744798802,-0.945798914471841,2.81955057156706,3,0.387187673102464,0.399026145480676,0.888888888888889,8,0.166666666666667,6,0.16719347548864,2,0.1,0.678571428571429,-0.5,0.496327102367759,4,1.89338985268483,0,0,0.39269908169875,0.862234479345188
"United States","B.1.595",0.0585850775041741,-0.00430290819666769,0.0494845360824742,0.0188540130824355,4,0,-0.855921501912509,-1.01799481170785,3.97847181228223,14,0.48446542859875,-0.12690237895235,0.888888888888889,9,0.111111111111111,3,0.169673836611409,6,0.142857142857143,0.571428571428571,-0.25,0.621415684336984,3,1.96154989104937,0,0,0.196349540849375,0.802226608528949
"United States","BA.1 (BA.1)",0.0631906404984365,0.00309480290366566,0.16225774508417,0.103631944287119,5,0,0.332494535680971,0.492609384307901,5.95504903492149,14,0.685631886158183,0.0304634840669882,0.851851851851852,18,0.0740740740740741,6,0.652230043337441,8,0.25,0.357142857142857,-0.714285714285714,0.856172989051892,4,1.60362977639994,0,0,0.196349540849375,0.418669834016713
"United States","BA.1.1 (BA.1.1)",0.118105326597487,0.0120367026074043,0.469644568523688,0.239592964988098,14,0,0.621897731843643,-1.35896159865489,7.17250091060413,18,1.0418201730092,0.00715230445064243,0.851851851851852,14,0.166666666666667,0,1.46814653874759,9,0.1,0.75,-0.678571428571429,0.879157461031507,2,1.33116701923013,0,0,0.196349540849375,0.148245086430372
"United States","BA.1.15 (BA.1.15)",0.0864322405855627,0.00925006105268961,0.224106727338539,0.14155699888271,10,0,0.872968250895138,0.720821352870695,6.80508731364559,16,0.897278835227418,0.00872748080082351,0.962962962962963,15,0.166666666666667,6,0.858959233138301,12,0.8,0.5,-0.714285714285714,0.878920170433847,3,1.56802711998756,0,0,0.196349540849375,0.270352797857374
"United States","BA.1.18 (BA.1.18)",0.0377362572568823,0.00213347052936735,0.0602953240360952,0.0334199872376672,4,0,0.161412118945252,0.161412118945252,5.49051255733358,9,0.499298267773701,0.0115011998412566,1,11,0.0740740740740741,3,0.0501862927278395,1,0.125,0.357142857142857,-0.75,0.665539573452923,3,1.67286403834734,0,0,0.196349540849375,0.674255940825017
"United States","BA.1.20 (BA.1.20)",0.0310352213056449,0.00444992610012837,0.0579140596721651,0.0396871728265726,4,0,0.353916523319129,0.161873550753746,4.5872059152268,15,0.444675093858095,0.0370121224472317,0.851851851851852,16,0.0740740740740741,0,0.433318429305255,6,0.375,0.214285714285714,-0.857142857142857,0.675531475770707,5,1.78962715790791,0,0,0.196349540849375,0.532238974318144
"United States","BA.2 (BA.2)",0.0862646986877384,0.000990304229542398,0.140371229698376,0.0550340754750573,3,0,-0.700001761374708,-0.858947737776936,6.26989452928042,20,0.88980530925882,0.0504880647958246,0.888888888888889,7,0.166666666666667,3,0.374063325621179,2,0.1,0.821428571428571,-0.535714285714286,0.842880620273315,3,1.6796627233228,0,0,0.196349540849375,0.280094981191334
"United States","BA.2.3 (BA.2.3)",0.0769524850065965,0.00047318868297584,0.0598159509202454,0.0268656418617506,6,0,-0.894027132522186,-1.0580240218683,6.29611949460982,19,0.914299808503269,0.022251894646926,0.814814814814815,12,0.166666666666667,6,0.959777813700569,4,0.0909090909090909,0.892857142857143,-0.642857142857143,0.821897839161489,4,1.50773575224935,0,0,0.196349540849375,0.258524039941922
"United States","BA.2.9 (BA.2.9)",0.0809983242800742,0.000692176769112629,0.0783365570599613,0.037997911719462,7,0,-0.0835664385796474,-1.2707497190028,6.88425830864884,19,0.848595893367067,0.0271485142516835,0.888888888888889,14,0.166666666666667,3,0.508216873509448,1,0.0909090909090909,0.821428571428571,-0.678571428571429,0.854598452766036,3,1.50773575224935,0,0,0.196349540849375,0.27245792828306
"United States","BA.4 (BA.4)",0.0476531601053517,0.00090537405335404,0.0385474860335196,0.0240257395862788,5,0,0.651166209038892,0.161851992463736,6.74613572959715,18,0.882909919453843,0.0867177444027441,0.962962962962963,9,0.166666666666667,6,0.326770879419344,2,0.1,0.75,-0.714285714285714,0.849003769782647,3,1.6796627233228,0,0,0.196349540849375,0.347006962625351
"United States","BA.4.1 (BA.4.1)",0.0724903138391994,0.00162248845430222,0.0783854166666667,0.036276187088888,3,0,-1.00420661378238,-1.18119367012869,7.18629859323831,19,0.917646428126784,0.016361696364998,0.740740740740741,13,0.166666666666667,0,0.830544437205884,4,0.1,0.75,-0.607142857142857,0.859270233071481,3,1.33116701923013,0,0,0.196349540849375,0.215624096071379
"United States","BA.4.6 (BA.4.6)",0.042887962668515,0.000234070670939795,0.0336886181956604,0.0213646941027777,5,0,1.35274186863308,1.18638834379376,6.85509415605759,19,0.765433814747831,-0.00559506185248315,0.888888888888889,12,0.166666666666667,5,0.354950307460143,1,0.1,0.75,-0.642857142857143,0.854275212510785,2,1.50773575224935,0,0,0.196349540849375,0.336744338393053
"United States","BA.5 (BA.5)",0.0322260380612479,0.000946988172206576,0.0327359370143997,0.017753305009386,3,0,0.487025234085716,0.00652006324470955,5.64178027031488,3,0.49505930811144,0.228688626140695,0.962962962962963,11,0.166666666666667,3,0.105242561998592,1,0.0909090909090909,0.714285714285714,-0.785714285714286,0.672496818420445,4,1.89338985268483,0,0,0.196349540849375,0.684697476117548
"United States","BA.5.1 (BA.5.1)",0.0696166266942036,0.00139447273780775,0.0804340337581812,0.0413539883345438,5,0,-0.449691278273009,-1.2831230247407,7.04784565922217,20,1.0056287979974,0.0113569492034501,0.888888888888889,13,0.166666666666667,0,1.13760092416721,1,0.0909090909090909,0.75,-0.678571428571429,0.867641077669415,2,1.6796627233228,0,0,0.196349540849375,0.141722821984385
"United States","BA.5.1.1 (BA.5.1.1)",0.0394102777530972,0.000511929318223656,0.030146659424226,0.019858613398353,4,0,1.27586670265335,-0.303923947912502,6.95264032119227,17,0.884452342843887,0.0416335591706391,0.962962962962963,12,0.166666666666667,4,0.32478234961342,2,0.1,0.642857142857143,-0.696428571428571,0.800642532982131,3,1.77024759702774,0,0,0.196349540849375,0.426923819980665
"United States","BA.5.2 (BA.5.2)",0.0731039040226008,0.00095599628621392,0.0606352261790183,0.0329592812537158,5,0,-0.243738630678302,-1.32867122283891,7.14011210900449,15,0.93622893334307,0.0132487519019955,0.888888888888889,13,0.166666666666667,3,0.500473037162157,2,0.0909090909090909,0.803571428571429,-0.607142857142857,0.86166573232169,2,1.60362977639994,0,0,0.196349540849375,0.259541771206559
"United States","BA.5.2.9 (BA.5.2.9)",0.0204974093638124,-0.000198173293927039,0.0217496375060416,0.0156007770834817,3,0,-1.03723584659901,-1.20318742913481,4.97916982174677,2,0.380678385166092,0.0957101696779759,0.962962962962963,5,0.0740740740740741,2,0.108859433640244,1,0.111111111111111,0.714285714285714,-0.607142857142857,0.676546902595194,3,1.82582252155558,0,0,0.196349540849375,0.662615428282284
"United States","BA.5.5 (BA.5.5)",0.0766375796495687,0.00075122053648961,0.0718704512372635,0.0313241340396918,3,0,-0.931961137481051,-0.931961137481051,6.61261435272487,20,0.909470715393147,0.0545801957360869,0.851851851851852,11,0.166666666666667,3,0.538863921294105,2,0.1,0.821428571428571,-0.535714285714286,0.850119691502844,2,1.77024759702774,0,0,0.196349540849375,0.258148288379926
"United States","BA.5.6 (BA.5.6)",0.0598660493306533,0.00159858729314302,0.053232577665827,0.0317878116186803,2,0,1.21815739352822,-0.100393883479764,7.10159860761189,19,0.789767931867497,0.0756023907393048,0.888888888888889,12,0.166666666666667,3,0.402353500714463,2,0.0909090909090909,0.75,-0.678571428571429,0.839164515727457,3,1.77024759702774,0,0,0.196349540849375,0.311526418925507
"United States","BC8 (BA.1.1.18)",0.0572297749399856,0.00291424621169762,0.0898360655737705,0.0554068661932493,4,0,0.478671740261897,0.315079608092904,5.84955767486931,13,0.704443525261433,0.0593822502393919,0.925925925925926,13,0.166666666666667,6,0.27059308220823,4,0.1,0.5,-0.642857142857143,0.739121317232853,4,1.60362977639994,0,0,0.196349540849375,0.547118423228352
"United States","BD (BA.1.17.2)",0.0158874028404235,0.000673942904095277,0.0243934426229508,0.0160757689768507,3,0,-0.469228612204312,-0.668419963337639,2.38118197155619,2,0.188756732428507,0.533848506020063,1,6,0.0740740740740741,3,0.118846525401275,1,0.125,0.428571428571429,-0.714285714285714,0.466323397883658,4,2.03483744563923,0,0,0.7853981633975,0.895837184099127
"United States","BE.1",0.037786113410653,0.0011813659503289,0.0316606929510155,0.0213502715035929,2,0,0.598902256626372,-0.556887450221174,6.12595098279759,22,0.694836455668698,0.135059495869022,1,11,0.166666666666667,2,0.297799563198657,1,0.1,0.75,-0.75,0.795221954306062,3,1.77024759702774,0,0,0.196349540849375,0.440840043662337
"United States","BF (BA.5.2.1)",0.0856458557779179,0.00150021570231127,0.10428809325562,0.0482538767416656,11,0,-0.93998075666193,-1.09577288498046,7.1077028536063,19,1.01233083910317,0.00660169864607802,0.888888888888889,11,0.166666666666667,0,1.21837712814887,2,0.1,0.785714285714286,-0.571428571428571,0.878728049956039,2,1.33116701923013,0,0,0.196349540849375,0.126781213944506
"United States","BF.10",0.0351309577856392,0.000575265076186721,0.0235737859500236,0.0154442547613314,3,0,0.704189636047782,-0.158123851618425,6.68051462667726,4,0.658107130610411,0.105686332795819,1,8,0.0740740740740741,4,0.162394946352775,3,0.111111111111111,0.678571428571429,-0.678571428571429,0.716046107812651,2,1.85463073092449,0,0,0.196349540849375,0.538336229623984
"United States","BF.7",0.0467606634419799,0.000710597427850387,0.0386424731182796,0.0193832673089712,4,0,-0.244192439039596,-0.432987472683463,5.67815437663423,13,0.679571066838847,0.114556038307425,0.962962962962963,9,0.166666666666667,3,0.326708587420514,2,0.1,0.821428571428571,-0.678571428571429,0.800297214097809,3,1.65604823557983,0,0,0.196349540849375,0.384417535436168
"United States","BG (BA.2.12.1)",0.102260661894767,0.00147647261596259,0.156294200848656,0.0619882383711555,6,0,-0.861002655524626,-1.02519815695794,6.69585498729198,19,0.970648091909587,0.0138713610971768,0.925925925925926,11,0.166666666666667,8,1.10489713387213,2,0.1,0.821428571428571,-0.571428571428571,0.849111508843307,2,1.50773575224935,0,0,0.196349540849375,0.196140227889827
"United States","BN.1",0.022971565301163,-0.000406369056693362,0.0268726906281491,0.0146925122488848,4,0,-0.125325282563123,0.521246755405744,2.47231285841916,3,0.29596948222744,0.372524993351393,1,11,0.166666666666667,3,0.152296540208362,2,0.1,0.785714285714286,-0.5,0.492822764774104,4,1.97347185431817,0,0,0.39269908169875,0.938932276701195
"United States","BQ.1",0.0640447471175823,0.000788491771171917,0.0495126705653021,0.0262097184209731,4,0,-1.12865811443801,-0.966076918482804,6.6187186261345,19,0.720974769021836,0.0675943249297931,0.777777777777778,9,0.166666666666667,3,0.464534639544717,2,0.1,0.785714285714286,-0.607142857142857,0.845852476675105,3,1.33116701923013,0,0,0.196349540849375,0.375915125066403
"United States","BQ.1.1",0.0731225626168573,0.00223018129185044,0.0940728656878738,0.0441291905575601,4,0,-0.963345463767519,-1.13058874139285,6.91619770776532,16,0.838615984399958,0.0286521544147038,0.925925925925926,10,0.166666666666667,4,0.615654443520988,3,0.0909090909090909,0.75,-0.607142857142857,0.837209039128772,3,1.65604823557983,0,0,0.196349540849375,0.259902253953633
"United States","EG.5.1",0.084995203426175,-0.000512372601807234,0.0449826989619377,0.0195531646137979,4,1,-0.524051162752243,-0.329499704594689,1.98270525992758,1,0.480687524530324,0.296405358521961,0.925925925925926,4,0.0625,4,0.217566162844227,3,0.166666666666667,0.642857142857143,-0.535714285714286,0.51685713753392,4,2.11814635595313,0,0,0.39269908169875,0.80338924948448
"United States","EG.5.1.1",0.164836219664045,-0.00121361570966115,0.020671834625323,0.00838075394314871,3,3,-0.411593087723931,-0.216375339003787,1.90551596538622,2,0.27160146094132,-0.407868589284589,0.925925925925926,7,0.08,2,0.134095817570549,1,0.2,0.678571428571429,-0.535714285714286,0.415436209002307,3,1.99864208199156,0,0,1.17809724509625,0.901932814064344
"United States","FL.1.5.1",0.109280761874036,-0.000998132660184001,0.0486284289276808,0.0222549023825332,2,1,0.157944232770933,-0.0285398841231643,4.11808461334808,7,0.400876466463976,-0.350271375633487,0.962962962962963,8,0.0740740740740741,8,0.0644770165615534,6,0.142857142857143,0.714285714285714,-0.642857142857143,0.629278594178377,3,1.92535452740169,0,0,0.39269908169875,0.812208590971814
"United States","HV.1",0.043683413958087,-0.000953758263543336,0.033596837944664,0.0177472802860614,4,0,-0.31632671516707,-0.476328737795723,4.94248639725229,10,0.506435335085484,0.328508737527414,0.925925925925926,6,0.0740740740740741,2,0.0958480951406294,1,0.111111111111111,0.785714285714286,-0.5,0.699176012991346,4,1.82582252155558,0,0,0.196349540849375,0.661971622042342
"United States","JF (XBB.1.16.6)",0.0373675834282712,0.000582476634498388,0.0338983050847458,0.0129301155539823,4,1,0.554843507112081,0.320853940299119,1.71950205250921,2,0.250673941637537,-0.305846084282493,0.925925925925926,9,0.111111111111111,5,0.126910453220159,1,0.142857142857143,0.357142857142857,-0.357142857142857,0.284341278126961,3,2.15946923582613,0,0,1.37444678594563,1.09911102844379
"United States","JN.1",0.0662916511355119,0.00087412847718472,0.0717054263565891,0.0287954776207344,3,0,-0.955663530938496,-1.15983495766946,6.20407980678114,16,0.543407324436808,-0.261765401245818,0.814814814814815,13,0.166666666666667,4,0.12388640410761,2,0.0909090909090909,0.714285714285714,-0.571428571428571,0.741322224271554,3,1.50773575224935,0,0,0.196349540849375,0.553590144019985
"United States","JN.1.4",0.0751938007619592,-0.000441386324649676,0.0619912335629305,0.0269161135489268,4,0,-0.84856833945787,-1.00837483249437,6.61063522417039,19,0.698430140514623,0.0163829606334301,0.925925925925926,8,0.166666666666667,5,0.247913621450696,1,0.0909090909090909,0.785714285714286,-0.535714285714286,0.799688289539614,3,1.61937135558459,0,0,0.196349540849375,0.404570556360254
"United States","P.1",0.0639971416547106,-0.000414093617348492,0.0479896238651102,0.0258428560192799,4,0,-0.570942764002049,-0.739417322255441,7.04712523729243,19,0.891081231258108,0.0153294148588807,0.962962962962963,11,0.166666666666667,0,0.708926519938701,1,0.0909090909090909,0.75,-0.642857142857143,0.88774317262811,2,1.33116701923013,0,0,0.196349540849375,0.243835318430639
"United States","Q (B.1.1.7)",-0.20564580436643,-8.15227522556797e-05,0.0293398533007335,0.00598582787033225,5,8,-0.377383657358453,-0.558788513587568,1.71496860958736,5,0.215759550441836,0.4175571591132,0.851851851851852,4,0.0118343195266272,7,0.13628507861765,1,0.5,-0.107142857142857,0.428571428571429,0.157019120490277,4,2.10878815079699,0,0,1.17809724509625,1.20960410119267
"United States","XBB",0.0295125377669007,-0.000105251610550529,0.0222098833981122,0.0131780837278451,4,0,-0.558726853080351,-0.742889725476977,3.11999576396664,3,0.361668996434269,0.0110978783864056,1,6,0.166666666666667,0,0.144582256804811,2,0.0833333333333333,0.607142857142857,-0.5,0.494119030141918,4,2.07682347608013,0,0,0.39269908169875,0.929030108701438
"United States","XBB.1.16",0.0503179503096264,0.000498284320085186,0.0410677618069815,0.0246712697333032,3,0,1.27768871915433,1.12079424045582,5.97805642055412,8,0.591292076529078,-0.0258786226179788,0.925925925925926,9,0.166666666666667,2,0.270922930368438,1,0.0909090909090909,0.714285714285714,-0.607142857142857,0.787316501987291,3,1.65604823557983,0,0,0.196349540849375,0.487130249331667
"United States","XBB.1.5",0.0749495997129718,0.00161982667137874,0.0962997012181108,0.0507200275686581,3,0,0.0970537483969973,-0.962230072189227,7.0771954765023,20,0.911017539712563,0.0527304199404481,0.962962962962963,12,0.166666666666667,6,0.489066632360818,3,0.1,0.75,-0.607142857142857,0.879082125757049,3,1.33116701923013,0,0,0.196349540849375,0.30638495024909
